SnapshotDate,ProductID,WarehouseID,StockOnHand,SafetyStock
2024-01-01,PRD001,WH01,637,308
2024-01-08,PRD001,WH01,648,308
2024-01-15,PRD001,WH01,548,308
2024-01-22,PRD001,WH01,513,308
2024-01-29,PRD001,WH01,563,308
2024-02-05,PRD001,WH01,493,308
2024-02-12,PRD001,WH01,455,308
2024-02-19,PRD001,WH01,549,308
2024-02-26,PRD001,WH01,445,308
2024-03-04,PRD001,WH01,456,308
2024-03-11,PRD001,WH01,367,308
2024-03-18,PRD001,WH01,361,308
2024-03-25,PRD001,WH01,269,308
2024-04-01,PRD001,WH01,243,308
2024-04-08,PRD001,WH01,207,308
2024-04-15,PRD001,WH01,264,308
2024-04-22,PRD001,WH01,345,308
2024-04-29,PRD001,WH01,393,308
2024-05-06,PRD001,WH01,309,308
2024-05-13,PRD001,WH01,234,308
2024-05-20,PRD001,WH01,123,308
2024-05-27,PRD001,WH01,222,308
2024-06-03,PRD001,WH01,313,308
2024-06-10,PRD001,WH01,343,308
2024-06-17,PRD001,WH01,350,308
2024-06-24,PRD001,WH01,233,308
2024-07-01,PRD001,WH01,298,308
2024-07-08,PRD001,WH01,361,308
2024-07-15,PRD001,WH01,367,308
2024-07-22,PRD001,WH01,295,308
2024-07-29,PRD001,WH01,200,308
2024-08-05,PRD001,WH01,187,308
2024-08-12,PRD001,WH01,109,308
2024-08-19,PRD001,WH01,202,308
2024-08-26,PRD001,WH01,127,308
2024-09-02,PRD001,WH01,162,308
2024-09-09,PRD001,WH01,178,308
2024-09-16,PRD001,WH01,142,308
2024-09-23,PRD001,WH01,154,308
2024-09-30,PRD001,WH01,181,308
2024-10-07,PRD001,WH01,229,308
2024-10-14,PRD001,WH01,318,308
2024-10-21,PRD001,WH01,260,308
2024-10-28,PRD001,WH01,356,308
2024-11-04,PRD001,WH01,289,308
2024-11-11,PRD001,WH01,212,308
2024-11-18,PRD001,WH01,213,308
2024-11-25,PRD001,WH01,260,308
2024-12-02,PRD001,WH01,271,308
2024-12-09,PRD001,WH01,227,308
2024-12-16,PRD001,WH01,174,308
2024-12-23,PRD001,WH01,207,308
2024-12-30,PRD001,WH01,215,308
2025-01-06,PRD001,WH01,300,308
2025-01-13,PRD001,WH01,233,308
2025-01-20,PRD001,WH01,237,308
2025-01-27,PRD001,WH01,196,308
2025-02-03,PRD001,WH01,109,308
2025-02-10,PRD001,WH01,0,308
2025-02-17,PRD001,WH01,0,308
2025-02-24,PRD001,WH01,0,308
2025-03-03,PRD001,WH01,0,308
2025-03-10,PRD001,WH01,0,308
2025-03-17,PRD001,WH01,96,308
2025-03-24,PRD001,WH01,3,308
2025-03-31,PRD001,WH01,27,308
2025-04-07,PRD001,WH01,0,308
2025-04-14,PRD001,WH01,0,308
2025-04-21,PRD001,WH01,0,308
2025-04-28,PRD001,WH01,48,308
2025-05-05,PRD001,WH01,136,308
2025-05-12,PRD001,WH01,189,308
2025-05-19,PRD001,WH01,200,308
2025-05-26,PRD001,WH01,218,308
2025-06-02,PRD001,WH01,155,308
2025-06-09,PRD001,WH01,73,308
2025-06-16,PRD001,WH01,94,308
2025-06-23,PRD001,WH01,5,308
2025-06-30,PRD001,WH01,7,308
2025-07-07,PRD001,WH01,0,308
2025-07-14,PRD001,WH01,88,308
2025-07-21,PRD001,WH01,78,308
2025-07-28,PRD001,WH01,112,308
2025-08-04,PRD001,WH01,37,308
2025-08-11,PRD001,WH01,130,308
2025-08-18,PRD001,WH01,113,308
2025-08-25,PRD001,WH01,122,308
2025-09-01,PRD001,WH01,64,308
2025-09-08,PRD001,WH01,48,308
2025-09-15,PRD001,WH01,133,308
2025-09-22,PRD001,WH01,57,308
2025-09-29,PRD001,WH01,102,308
2025-10-06,PRD001,WH01,112,308
2025-10-13,PRD001,WH01,91,308
2025-10-20,PRD001,WH01,9,308
2025-10-27,PRD001,WH01,0,308
2025-11-03,PRD001,WH01,94,308
2025-11-10,PRD001,WH01,158,308
2025-11-17,PRD001,WH01,58,308
2025-11-24,PRD001,WH01,6,308
2025-12-01,PRD001,WH01,74,308
2025-12-08,PRD001,WH01,79,308
2025-12-15,PRD001,WH01,161,308
2025-12-22,PRD001,WH01,66,308
2025-12-29,PRD001,WH01,64,308
2024-01-01,PRD002,WH01,380,460
2024-01-08,PRD002,WH01,274,460
2024-01-15,PRD002,WH01,257,460
2024-01-22,PRD002,WH01,222,460
2024-01-29,PRD002,WH01,169,460
2024-02-05,PRD002,WH01,93,460
2024-02-12,PRD002,WH01,125,460
2024-02-19,PRD002,WH01,118,460
2024-02-26,PRD002,WH01,204,460
2024-03-04,PRD002,WH01,117,460
2024-03-11,PRD002,WH01,129,460
2024-03-18,PRD002,WH01,139,460
2024-03-25,PRD002,WH01,101,460
2024-04-01,PRD002,WH01,35,460
2024-04-08,PRD002,WH01,0,460
2024-04-15,PRD002,WH01,0,460
2024-04-22,PRD002,WH01,0,460
2024-04-29,PRD002,WH01,90,460
2024-05-06,PRD002,WH01,41,460
2024-05-13,PRD002,WH01,5,460
2024-05-20,PRD002,WH01,84,460
2024-05-27,PRD002,WH01,31,460
2024-06-03,PRD002,WH01,58,460
2024-06-10,PRD002,WH01,57,460
2024-06-17,PRD002,WH01,100,460
2024-06-24,PRD002,WH01,49,460
2024-07-01,PRD002,WH01,112,460
2024-07-08,PRD002,WH01,74,460
2024-07-15,PRD002,WH01,0,460
2024-07-22,PRD002,WH01,0,460
2024-07-29,PRD002,WH01,0,460
2024-08-05,PRD002,WH01,0,460
2024-08-12,PRD002,WH01,12,460
2024-08-19,PRD002,WH01,48,460
2024-08-26,PRD002,WH01,0,460
2024-09-02,PRD002,WH01,97,460
2024-09-09,PRD002,WH01,162,460
2024-09-16,PRD002,WH01,151,460
2024-09-23,PRD002,WH01,88,460
2024-09-30,PRD002,WH01,147,460
2024-10-07,PRD002,WH01,173,460
2024-10-14,PRD002,WH01,162,460
2024-10-21,PRD002,WH01,59,460
2024-10-28,PRD002,WH01,136,460
2024-11-04,PRD002,WH01,46,460
2024-11-11,PRD002,WH01,0,460
2024-11-18,PRD002,WH01,0,460
2024-11-25,PRD002,WH01,0,460
2024-12-02,PRD002,WH01,0,460
2024-12-09,PRD002,WH01,0,460
2024-12-16,PRD002,WH01,44,460
2024-12-23,PRD002,WH01,99,460
2024-12-30,PRD002,WH01,193,460
2025-01-06,PRD002,WH01,116,460
2025-01-13,PRD002,WH01,39,460
2025-01-20,PRD002,WH01,0,460
2025-01-27,PRD002,WH01,98,460
2025-02-03,PRD002,WH01,14,460
2025-02-10,PRD002,WH01,0,460
2025-02-17,PRD002,WH01,0,460
2025-02-24,PRD002,WH01,0,460
2025-03-03,PRD002,WH01,0,460
2025-03-10,PRD002,WH01,37,460
2025-03-17,PRD002,WH01,4,460
2025-03-24,PRD002,WH01,0,460
2025-03-31,PRD002,WH01,0,460
2025-04-07,PRD002,WH01,22,460
2025-04-14,PRD002,WH01,0,460
2025-04-21,PRD002,WH01,0,460
2025-04-28,PRD002,WH01,0,460
2025-05-05,PRD002,WH01,0,460
2025-05-12,PRD002,WH01,0,460
2025-05-19,PRD002,WH01,0,460
2025-05-26,PRD002,WH01,0,460
2025-06-02,PRD002,WH01,0,460
2025-06-09,PRD002,WH01,0,460
2025-06-16,PRD002,WH01,40,460
2025-06-23,PRD002,WH01,25,460
2025-06-30,PRD002,WH01,35,460
2025-07-07,PRD002,WH01,0,460
2025-07-14,PRD002,WH01,0,460
2025-07-21,PRD002,WH01,0,460
2025-07-28,PRD002,WH01,0,460
2025-08-04,PRD002,WH01,0,460
2025-08-11,PRD002,WH01,63,460
2025-08-18,PRD002,WH01,7,460
2025-08-25,PRD002,WH01,0,460
2025-09-01,PRD002,WH01,0,460
2025-09-08,PRD002,WH01,0,460
2025-09-15,PRD002,WH01,98,460
2025-09-22,PRD002,WH01,58,460
2025-09-29,PRD002,WH01,100,460
2025-10-06,PRD002,WH01,123,460
2025-10-13,PRD002,WH01,53,460
2025-10-20,PRD002,WH01,113,460
2025-10-27,PRD002,WH01,187,460
2025-11-03,PRD002,WH01,142,460
2025-11-10,PRD002,WH01,73,460
2025-11-17,PRD002,WH01,38,460
2025-11-24,PRD002,WH01,129,460
2025-12-01,PRD002,WH01,207,460
2025-12-08,PRD002,WH01,269,460
2025-12-15,PRD002,WH01,313,460
2025-12-22,PRD002,WH01,199,460
2025-12-29,PRD002,WH01,229,460
2024-01-01,PRD003,WH01,631,214
2024-01-08,PRD003,WH01,607,214
2024-01-15,PRD003,WH01,501,214
2024-01-22,PRD003,WH01,566,214
2024-01-29,PRD003,WH01,472,214
2024-02-05,PRD003,WH01,559,214
2024-02-12,PRD003,WH01,517,214
2024-02-19,PRD003,WH01,445,214
2024-02-26,PRD003,WH01,449,214
2024-03-04,PRD003,WH01,519,214
2024-03-11,PRD003,WH01,449,214
2024-03-18,PRD003,WH01,480,214
2024-03-25,PRD003,WH01,416,214
2024-04-01,PRD003,WH01,468,214
2024-04-08,PRD003,WH01,455,214
2024-04-15,PRD003,WH01,384,214
2024-04-22,PRD003,WH01,296,214
2024-04-29,PRD003,WH01,381,214
2024-05-06,PRD003,WH01,335,214
2024-05-13,PRD003,WH01,240,214
2024-05-20,PRD003,WH01,235,214
2024-05-27,PRD003,WH01,318,214
2024-06-03,PRD003,WH01,318,214
2024-06-10,PRD003,WH01,318,214
2024-06-17,PRD003,WH01,298,214
2024-06-24,PRD003,WH01,214,214
2024-07-01,PRD003,WH01,312,214
2024-07-08,PRD003,WH01,271,214
2024-07-15,PRD003,WH01,162,214
2024-07-22,PRD003,WH01,88,214
2024-07-29,PRD003,WH01,0,214
2024-08-05,PRD003,WH01,73,214
2024-08-12,PRD003,WH01,0,214
2024-08-19,PRD003,WH01,0,214
2024-08-26,PRD003,WH01,0,214
2024-09-02,PRD003,WH01,9,214
2024-09-09,PRD003,WH01,0,214
2024-09-16,PRD003,WH01,0,214
2024-09-23,PRD003,WH01,23,214
2024-09-30,PRD003,WH01,100,214
2024-10-07,PRD003,WH01,186,214
2024-10-14,PRD003,WH01,207,214
2024-10-21,PRD003,WH01,277,214
2024-10-28,PRD003,WH01,159,214
2024-11-04,PRD003,WH01,207,214
2024-11-11,PRD003,WH01,94,214
2024-11-18,PRD003,WH01,76,214
2024-11-25,PRD003,WH01,129,214
2024-12-02,PRD003,WH01,45,214
2024-12-09,PRD003,WH01,7,214
2024-12-16,PRD003,WH01,0,214
2024-12-23,PRD003,WH01,0,214
2024-12-30,PRD003,WH01,0,214
2025-01-06,PRD003,WH01,0,214
2025-01-13,PRD003,WH01,44,214
2025-01-20,PRD003,WH01,0,214
2025-01-27,PRD003,WH01,67,214
2025-02-03,PRD003,WH01,44,214
2025-02-10,PRD003,WH01,21,214
2025-02-17,PRD003,WH01,27,214
2025-02-24,PRD003,WH01,14,214
2025-03-03,PRD003,WH01,0,214
2025-03-10,PRD003,WH01,0,214
2025-03-17,PRD003,WH01,2,214
2025-03-24,PRD003,WH01,42,214
2025-03-31,PRD003,WH01,135,214
2025-04-07,PRD003,WH01,207,214
2025-04-14,PRD003,WH01,131,214
2025-04-21,PRD003,WH01,186,214
2025-04-28,PRD003,WH01,129,214
2025-05-05,PRD003,WH01,68,214
2025-05-12,PRD003,WH01,94,214
2025-05-19,PRD003,WH01,160,214
2025-05-26,PRD003,WH01,81,214
2025-06-02,PRD003,WH01,61,214
2025-06-09,PRD003,WH01,0,214
2025-06-16,PRD003,WH01,0,214
2025-06-23,PRD003,WH01,0,214
2025-06-30,PRD003,WH01,4,214
2025-07-07,PRD003,WH01,91,214
2025-07-14,PRD003,WH01,5,214
2025-07-21,PRD003,WH01,0,214
2025-07-28,PRD003,WH01,0,214
2025-08-04,PRD003,WH01,0,214
2025-08-11,PRD003,WH01,14,214
2025-08-18,PRD003,WH01,51,214
2025-08-25,PRD003,WH01,0,214
2025-09-01,PRD003,WH01,0,214
2025-09-08,PRD003,WH01,0,214
2025-09-15,PRD003,WH01,0,214
2025-09-22,PRD003,WH01,0,214
2025-09-29,PRD003,WH01,6,214
2025-10-06,PRD003,WH01,32,214
2025-10-13,PRD003,WH01,0,214
2025-10-20,PRD003,WH01,0,214
2025-10-27,PRD003,WH01,54,214
2025-11-03,PRD003,WH01,84,214
2025-11-10,PRD003,WH01,129,214
2025-11-17,PRD003,WH01,24,214
2025-11-24,PRD003,WH01,0,214
2025-12-01,PRD003,WH01,75,214
2025-12-08,PRD003,WH01,0,214
2025-12-15,PRD003,WH01,0,214
2025-12-22,PRD003,WH01,0,214
2025-12-29,PRD003,WH01,0,214
2024-01-01,PRD004,WH01,781,221
2024-01-08,PRD004,WH01,837,221
2024-01-15,PRD004,WH01,913,221
2024-01-22,PRD004,WH01,945,221
2024-01-29,PRD004,WH01,869,221
2024-02-05,PRD004,WH01,830,221
2024-02-12,PRD004,WH01,811,221
2024-02-19,PRD004,WH01,848,221
2024-02-26,PRD004,WH01,787,221
2024-03-04,PRD004,WH01,698,221
2024-03-11,PRD004,WH01,676,221
2024-03-18,PRD004,WH01,639,221
2024-03-25,PRD004,WH01,549,221
2024-04-01,PRD004,WH01,640,221
2024-04-08,PRD004,WH01,610,221
2024-04-15,PRD004,WH01,667,221
2024-04-22,PRD004,WH01,607,221
2024-04-29,PRD004,WH01,631,221
2024-05-06,PRD004,WH01,689,221
2024-05-13,PRD004,WH01,711,221
2024-05-20,PRD004,WH01,730,221
2024-05-27,PRD004,WH01,620,221
2024-06-03,PRD004,WH01,605,221
2024-06-10,PRD004,WH01,556,221
2024-06-17,PRD004,WH01,502,221
2024-06-24,PRD004,WH01,497,221
2024-07-01,PRD004,WH01,401,221
2024-07-08,PRD004,WH01,318,221
2024-07-15,PRD004,WH01,302,221
2024-07-22,PRD004,WH01,390,221
2024-07-29,PRD004,WH01,365,221
2024-08-05,PRD004,WH01,421,221
2024-08-12,PRD004,WH01,322,221
2024-08-19,PRD004,WH01,396,221
2024-08-26,PRD004,WH01,427,221
2024-09-02,PRD004,WH01,518,221
2024-09-09,PRD004,WH01,587,221
2024-09-16,PRD004,WH01,609,221
2024-09-23,PRD004,WH01,533,221
2024-09-30,PRD004,WH01,521,221
2024-10-07,PRD004,WH01,441,221
2024-10-14,PRD004,WH01,454,221
2024-10-21,PRD004,WH01,383,221
2024-10-28,PRD004,WH01,375,221
2024-11-04,PRD004,WH01,296,221
2024-11-11,PRD004,WH01,369,221
2024-11-18,PRD004,WH01,374,221
2024-11-25,PRD004,WH01,350,221
2024-12-02,PRD004,WH01,307,221
2024-12-09,PRD004,WH01,374,221
2024-12-16,PRD004,WH01,389,221
2024-12-23,PRD004,WH01,350,221
2024-12-30,PRD004,WH01,366,221
2025-01-06,PRD004,WH01,366,221
2025-01-13,PRD004,WH01,430,221
2025-01-20,PRD004,WH01,511,221
2025-01-27,PRD004,WH01,417,221
2025-02-03,PRD004,WH01,398,221
2025-02-10,PRD004,WH01,445,221
2025-02-17,PRD004,WH01,526,221
2025-02-24,PRD004,WH01,616,221
2025-03-03,PRD004,WH01,651,221
2025-03-10,PRD004,WH01,735,221
2025-03-17,PRD004,WH01,831,221
2025-03-24,PRD004,WH01,863,221
2025-03-31,PRD004,WH01,868,221
2025-04-07,PRD004,WH01,885,221
2025-04-14,PRD004,WH01,923,221
2025-04-21,PRD004,WH01,913,221
2025-04-28,PRD004,WH01,925,221
2025-05-05,PRD004,WH01,882,221
2025-05-12,PRD004,WH01,840,221
2025-05-19,PRD004,WH01,875,221
2025-05-26,PRD004,WH01,827,221
2025-06-02,PRD004,WH01,778,221
2025-06-09,PRD004,WH01,765,221
2025-06-16,PRD004,WH01,785,221
2025-06-23,PRD004,WH01,735,221
2025-06-30,PRD004,WH01,810,221
2025-07-07,PRD004,WH01,838,221
2025-07-14,PRD004,WH01,862,221
2025-07-21,PRD004,WH01,794,221
2025-07-28,PRD004,WH01,675,221
2025-08-04,PRD004,WH01,715,221
2025-08-11,PRD004,WH01,756,221
2025-08-18,PRD004,WH01,771,221
2025-08-25,PRD004,WH01,870,221
2025-09-01,PRD004,WH01,950,221
2025-09-08,PRD004,WH01,879,221
2025-09-15,PRD004,WH01,887,221
2025-09-22,PRD004,WH01,883,221
2025-09-29,PRD004,WH01,856,221
2025-10-06,PRD004,WH01,780,221
2025-10-13,PRD004,WH01,691,221
2025-10-20,PRD004,WH01,632,221
2025-10-27,PRD004,WH01,606,221
2025-11-03,PRD004,WH01,553,221
2025-11-10,PRD004,WH01,596,221
2025-11-17,PRD004,WH01,618,221
2025-11-24,PRD004,WH01,617,221
2025-12-01,PRD004,WH01,610,221
2025-12-08,PRD004,WH01,567,221
2025-12-15,PRD004,WH01,623,221
2025-12-22,PRD004,WH01,520,221
2025-12-29,PRD004,WH01,538,221
2024-01-01,PRD005,WH01,457,423
2024-01-08,PRD005,WH01,539,423
2024-01-15,PRD005,WH01,557,423
2024-01-22,PRD005,WH01,655,423
2024-01-29,PRD005,WH01,717,423
2024-02-05,PRD005,WH01,783,423
2024-02-12,PRD005,WH01,730,423
2024-02-19,PRD005,WH01,827,423
2024-02-26,PRD005,WH01,769,423
2024-03-04,PRD005,WH01,772,423
2024-03-11,PRD005,WH01,836,423
2024-03-18,PRD005,WH01,869,423
2024-03-25,PRD005,WH01,891,423
2024-04-01,PRD005,WH01,876,423
2024-04-08,PRD005,WH01,832,423
2024-04-15,PRD005,WH01,797,423
2024-04-22,PRD005,WH01,788,423
2024-04-29,PRD005,WH01,771,423
2024-05-06,PRD005,WH01,735,423
2024-05-13,PRD005,WH01,753,423
2024-05-20,PRD005,WH01,818,423
2024-05-27,PRD005,WH01,763,423
2024-06-03,PRD005,WH01,845,423
2024-06-10,PRD005,WH01,849,423
2024-06-17,PRD005,WH01,818,423
2024-06-24,PRD005,WH01,866,423
2024-07-01,PRD005,WH01,862,423
2024-07-08,PRD005,WH01,884,423
2024-07-15,PRD005,WH01,968,423
2024-07-22,PRD005,WH01,1054,423
2024-07-29,PRD005,WH01,1117,423
2024-08-05,PRD005,WH01,1115,423
2024-08-12,PRD005,WH01,1045,423
2024-08-19,PRD005,WH01,1051,423
2024-08-26,PRD005,WH01,1108,423
2024-09-02,PRD005,WH01,1134,423
2024-09-09,PRD005,WH01,1185,423
2024-09-16,PRD005,WH01,1139,423
2024-09-23,PRD005,WH01,1094,423
2024-09-30,PRD005,WH01,1060,423
2024-10-07,PRD005,WH01,940,423
2024-10-14,PRD005,WH01,913,423
2024-10-21,PRD005,WH01,831,423
2024-10-28,PRD005,WH01,861,423
2024-11-04,PRD005,WH01,957,423
2024-11-11,PRD005,WH01,948,423
2024-11-18,PRD005,WH01,871,423
2024-11-25,PRD005,WH01,771,423
2024-12-02,PRD005,WH01,806,423
2024-12-09,PRD005,WH01,824,423
2024-12-16,PRD005,WH01,855,423
2024-12-23,PRD005,WH01,874,423
2024-12-30,PRD005,WH01,941,423
2025-01-06,PRD005,WH01,887,423
2025-01-13,PRD005,WH01,927,423
2025-01-20,PRD005,WH01,883,423
2025-01-27,PRD005,WH01,956,423
2025-02-03,PRD005,WH01,877,423
2025-02-10,PRD005,WH01,800,423
2025-02-17,PRD005,WH01,736,423
2025-02-24,PRD005,WH01,759,423
2025-03-03,PRD005,WH01,722,423
2025-03-10,PRD005,WH01,816,423
2025-03-17,PRD005,WH01,885,423
2025-03-24,PRD005,WH01,902,423
2025-03-31,PRD005,WH01,972,423
2025-04-07,PRD005,WH01,874,423
2025-04-14,PRD005,WH01,962,423
2025-04-21,PRD005,WH01,1019,423
2025-04-28,PRD005,WH01,970,423
2025-05-05,PRD005,WH01,853,423
2025-05-12,PRD005,WH01,804,423
2025-05-19,PRD005,WH01,803,423
2025-05-26,PRD005,WH01,833,423
2025-06-02,PRD005,WH01,746,423
2025-06-09,PRD005,WH01,679,423
2025-06-16,PRD005,WH01,572,423
2025-06-23,PRD005,WH01,664,423
2025-06-30,PRD005,WH01,547,423
2025-07-07,PRD005,WH01,644,423
2025-07-14,PRD005,WH01,605,423
2025-07-21,PRD005,WH01,530,423
2025-07-28,PRD005,WH01,446,423
2025-08-04,PRD005,WH01,518,423
2025-08-11,PRD005,WH01,587,423
2025-08-18,PRD005,WH01,533,423
2025-08-25,PRD005,WH01,503,423
2025-09-01,PRD005,WH01,441,423
2025-09-08,PRD005,WH01,400,423
2025-09-15,PRD005,WH01,334,423
2025-09-22,PRD005,WH01,377,423
2025-09-29,PRD005,WH01,279,423
2025-10-06,PRD005,WH01,190,423
2025-10-13,PRD005,WH01,275,423
2025-10-20,PRD005,WH01,330,423
2025-10-27,PRD005,WH01,332,423
2025-11-03,PRD005,WH01,250,423
2025-11-10,PRD005,WH01,268,423
2025-11-17,PRD005,WH01,208,423
2025-11-24,PRD005,WH01,218,423
2025-12-01,PRD005,WH01,240,423
2025-12-08,PRD005,WH01,241,423
2025-12-15,PRD005,WH01,128,423
2025-12-22,PRD005,WH01,97,423
2025-12-29,PRD005,WH01,60,423
2024-01-01,PRD006,WH01,606,229
2024-01-08,PRD006,WH01,518,229
2024-01-15,PRD006,WH01,574,229
2024-01-22,PRD006,WH01,598,229
2024-01-29,PRD006,WH01,518,229
2024-02-05,PRD006,WH01,416,229
2024-02-12,PRD006,WH01,499,229
2024-02-19,PRD006,WH01,389,229
2024-02-26,PRD006,WH01,328,229
2024-03-04,PRD006,WH01,228,229
2024-03-11,PRD006,WH01,279,229
2024-03-18,PRD006,WH01,249,229
2024-03-25,PRD006,WH01,279,229
2024-04-01,PRD006,WH01,237,229
2024-04-08,PRD006,WH01,202,229
2024-04-15,PRD006,WH01,94,229
2024-04-22,PRD006,WH01,147,229
2024-04-29,PRD006,WH01,79,229
2024-05-06,PRD006,WH01,143,229
2024-05-13,PRD006,WH01,205,229
2024-05-20,PRD006,WH01,95,229
2024-05-27,PRD006,WH01,55,229
2024-06-03,PRD006,WH01,77,229
2024-06-10,PRD006,WH01,124,229
2024-06-17,PRD006,WH01,101,229
2024-06-24,PRD006,WH01,123,229
2024-07-01,PRD006,WH01,15,229
2024-07-08,PRD006,WH01,51,229
2024-07-15,PRD006,WH01,95,229
2024-07-22,PRD006,WH01,85,229
2024-07-29,PRD006,WH01,159,229
2024-08-05,PRD006,WH01,225,229
2024-08-12,PRD006,WH01,152,229
2024-08-19,PRD006,WH01,217,229
2024-08-26,PRD006,WH01,138,229
2024-09-02,PRD006,WH01,27,229
2024-09-09,PRD006,WH01,50,229
2024-09-16,PRD006,WH01,106,229
2024-09-23,PRD006,WH01,89,229
2024-09-30,PRD006,WH01,61,229
2024-10-07,PRD006,WH01,22,229
2024-10-14,PRD006,WH01,1,229
2024-10-21,PRD006,WH01,62,229
2024-10-28,PRD006,WH01,40,229
2024-11-04,PRD006,WH01,109,229
2024-11-11,PRD006,WH01,104,229
2024-11-18,PRD006,WH01,177,229
2024-11-25,PRD006,WH01,273,229
2024-12-02,PRD006,WH01,241,229
2024-12-09,PRD006,WH01,212,229
2024-12-16,PRD006,WH01,210,229
2024-12-23,PRD006,WH01,190,229
2024-12-30,PRD006,WH01,240,229
2025-01-06,PRD006,WH01,166,229
2025-01-13,PRD006,WH01,64,229
2025-01-20,PRD006,WH01,88,229
2025-01-27,PRD006,WH01,53,229
2025-02-03,PRD006,WH01,142,229
2025-02-10,PRD006,WH01,175,229
2025-02-17,PRD006,WH01,133,229
2025-02-24,PRD006,WH01,201,229
2025-03-03,PRD006,WH01,237,229
2025-03-10,PRD006,WH01,306,229
2025-03-17,PRD006,WH01,256,229
2025-03-24,PRD006,WH01,217,229
2025-03-31,PRD006,WH01,210,229
2025-04-07,PRD006,WH01,292,229
2025-04-14,PRD006,WH01,291,229
2025-04-21,PRD006,WH01,306,229
2025-04-28,PRD006,WH01,237,229
2025-05-05,PRD006,WH01,239,229
2025-05-12,PRD006,WH01,179,229
2025-05-19,PRD006,WH01,161,229
2025-05-26,PRD006,WH01,208,229
2025-06-02,PRD006,WH01,240,229
2025-06-09,PRD006,WH01,197,229
2025-06-16,PRD006,WH01,174,229
2025-06-23,PRD006,WH01,63,229
2025-06-30,PRD006,WH01,22,229
2025-07-07,PRD006,WH01,0,229
2025-07-14,PRD006,WH01,0,229
2025-07-21,PRD006,WH01,65,229
2025-07-28,PRD006,WH01,123,229
2025-08-04,PRD006,WH01,72,229
2025-08-11,PRD006,WH01,87,229
2025-08-18,PRD006,WH01,0,229
2025-08-25,PRD006,WH01,51,229
2025-09-01,PRD006,WH01,52,229
2025-09-08,PRD006,WH01,44,229
2025-09-15,PRD006,WH01,0,229
2025-09-22,PRD006,WH01,70,229
2025-09-29,PRD006,WH01,57,229
2025-10-06,PRD006,WH01,151,229
2025-10-13,PRD006,WH01,161,229
2025-10-20,PRD006,WH01,213,229
2025-10-27,PRD006,WH01,182,229
2025-11-03,PRD006,WH01,166,229
2025-11-10,PRD006,WH01,208,229
2025-11-17,PRD006,WH01,125,229
2025-11-24,PRD006,WH01,198,229
2025-12-01,PRD006,WH01,161,229
2025-12-08,PRD006,WH01,164,229
2025-12-15,PRD006,WH01,253,229
2025-12-22,PRD006,WH01,173,229
2025-12-29,PRD006,WH01,130,229
2024-01-01,PRD007,WH01,472,491
2024-01-08,PRD007,WH01,401,491
2024-01-15,PRD007,WH01,444,491
2024-01-22,PRD007,WH01,370,491
2024-01-29,PRD007,WH01,372,491
2024-02-05,PRD007,WH01,440,491
2024-02-12,PRD007,WH01,401,491
2024-02-19,PRD007,WH01,479,491
2024-02-26,PRD007,WH01,369,491
2024-03-04,PRD007,WH01,391,491
2024-03-11,PRD007,WH01,444,491
2024-03-18,PRD007,WH01,527,491
2024-03-25,PRD007,WH01,530,491
2024-04-01,PRD007,WH01,600,491
2024-04-08,PRD007,WH01,696,491
2024-04-15,PRD007,WH01,641,491
2024-04-22,PRD007,WH01,659,491
2024-04-29,PRD007,WH01,642,491
2024-05-06,PRD007,WH01,554,491
2024-05-13,PRD007,WH01,555,491
2024-05-20,PRD007,WH01,446,491
2024-05-27,PRD007,WH01,457,491
2024-06-03,PRD007,WH01,515,491
2024-06-10,PRD007,WH01,478,491
2024-06-17,PRD007,WH01,458,491
2024-06-24,PRD007,WH01,555,491
2024-07-01,PRD007,WH01,437,491
2024-07-08,PRD007,WH01,377,491
2024-07-15,PRD007,WH01,299,491
2024-07-22,PRD007,WH01,180,491
2024-07-29,PRD007,WH01,131,491
2024-08-05,PRD007,WH01,227,491
2024-08-12,PRD007,WH01,153,491
2024-08-19,PRD007,WH01,120,491
2024-08-26,PRD007,WH01,18,491
2024-09-02,PRD007,WH01,0,491
2024-09-09,PRD007,WH01,73,491
2024-09-16,PRD007,WH01,92,491
2024-09-23,PRD007,WH01,14,491
2024-09-30,PRD007,WH01,0,491
2024-10-07,PRD007,WH01,48,491
2024-10-14,PRD007,WH01,29,491
2024-10-21,PRD007,WH01,99,491
2024-10-28,PRD007,WH01,40,491
2024-11-04,PRD007,WH01,29,491
2024-11-11,PRD007,WH01,0,491
2024-11-18,PRD007,WH01,97,491
2024-11-25,PRD007,WH01,0,491
2024-12-02,PRD007,WH01,0,491
2024-12-09,PRD007,WH01,44,491
2024-12-16,PRD007,WH01,30,491
2024-12-23,PRD007,WH01,0,491
2024-12-30,PRD007,WH01,0,491
2025-01-06,PRD007,WH01,70,491
2025-01-13,PRD007,WH01,0,491
2025-01-20,PRD007,WH01,50,491
2025-01-27,PRD007,WH01,13,491
2025-02-03,PRD007,WH01,0,491
2025-02-10,PRD007,WH01,0,491
2025-02-17,PRD007,WH01,76,491
2025-02-24,PRD007,WH01,0,491
2025-03-03,PRD007,WH01,94,491
2025-03-10,PRD007,WH01,163,491
2025-03-17,PRD007,WH01,193,491
2025-03-24,PRD007,WH01,159,491
2025-03-31,PRD007,WH01,183,491
2025-04-07,PRD007,WH01,231,491
2025-04-14,PRD007,WH01,129,491
2025-04-21,PRD007,WH01,37,491
2025-04-28,PRD007,WH01,38,491
2025-05-05,PRD007,WH01,49,491
2025-05-12,PRD007,WH01,125,491
2025-05-19,PRD007,WH01,206,491
2025-05-26,PRD007,WH01,227,491
2025-06-02,PRD007,WH01,143,491
2025-06-09,PRD007,WH01,192,491
2025-06-16,PRD007,WH01,255,491
2025-06-23,PRD007,WH01,138,491
2025-06-30,PRD007,WH01,23,491
2025-07-07,PRD007,WH01,13,491
2025-07-14,PRD007,WH01,0,491
2025-07-21,PRD007,WH01,94,491
2025-07-28,PRD007,WH01,121,491
2025-08-04,PRD007,WH01,210,491
2025-08-11,PRD007,WH01,231,491
2025-08-18,PRD007,WH01,111,491
2025-08-25,PRD007,WH01,181,491
2025-09-01,PRD007,WH01,165,491
2025-09-08,PRD007,WH01,146,491
2025-09-15,PRD007,WH01,112,491
2025-09-22,PRD007,WH01,133,491
2025-09-29,PRD007,WH01,83,491
2025-10-06,PRD007,WH01,11,491
2025-10-13,PRD007,WH01,24,491
2025-10-20,PRD007,WH01,79,491
2025-10-27,PRD007,WH01,19,491
2025-11-03,PRD007,WH01,49,491
2025-11-10,PRD007,WH01,0,491
2025-11-17,PRD007,WH01,84,491
2025-11-24,PRD007,WH01,148,491
2025-12-01,PRD007,WH01,177,491
2025-12-08,PRD007,WH01,179,491
2025-12-15,PRD007,WH01,204,491
2025-12-22,PRD007,WH01,244,491
2025-12-29,PRD007,WH01,246,491
2024-01-01,PRD008,WH01,572,344
2024-01-08,PRD008,WH01,491,344
2024-01-15,PRD008,WH01,480,344
2024-01-22,PRD008,WH01,452,344
2024-01-29,PRD008,WH01,396,344
2024-02-05,PRD008,WH01,442,344
2024-02-12,PRD008,WH01,383,344
2024-02-19,PRD008,WH01,389,344
2024-02-26,PRD008,WH01,317,344
2024-03-04,PRD008,WH01,413,344
2024-03-11,PRD008,WH01,326,344
2024-03-18,PRD008,WH01,295,344
2024-03-25,PRD008,WH01,299,344
2024-04-01,PRD008,WH01,365,344
2024-04-08,PRD008,WH01,370,344
2024-04-15,PRD008,WH01,328,344
2024-04-22,PRD008,WH01,236,344
2024-04-29,PRD008,WH01,140,344
2024-05-06,PRD008,WH01,79,344
2024-05-13,PRD008,WH01,28,344
2024-05-20,PRD008,WH01,0,344
2024-05-27,PRD008,WH01,0,344
2024-06-03,PRD008,WH01,0,344
2024-06-10,PRD008,WH01,0,344
2024-06-17,PRD008,WH01,50,344
2024-06-24,PRD008,WH01,35,344
2024-07-01,PRD008,WH01,0,344
2024-07-08,PRD008,WH01,57,344
2024-07-15,PRD008,WH01,0,344
2024-07-22,PRD008,WH01,43,344
2024-07-29,PRD008,WH01,135,344
2024-08-05,PRD008,WH01,81,344
2024-08-12,PRD008,WH01,148,344
2024-08-19,PRD008,WH01,44,344
2024-08-26,PRD008,WH01,18,344
2024-09-02,PRD008,WH01,87,344
2024-09-09,PRD008,WH01,55,344
2024-09-16,PRD008,WH01,0,344
2024-09-23,PRD008,WH01,56,344
2024-09-30,PRD008,WH01,23,344
2024-10-07,PRD008,WH01,0,344
2024-10-14,PRD008,WH01,0,344
2024-10-21,PRD008,WH01,0,344
2024-10-28,PRD008,WH01,95,344
2024-11-04,PRD008,WH01,183,344
2024-11-11,PRD008,WH01,131,344
2024-11-18,PRD008,WH01,84,344
2024-11-25,PRD008,WH01,152,344
2024-12-02,PRD008,WH01,110,344
2024-12-09,PRD008,WH01,195,344
2024-12-16,PRD008,WH01,113,344
2024-12-23,PRD008,WH01,200,344
2024-12-30,PRD008,WH01,102,344
2025-01-06,PRD008,WH01,158,344
2025-01-13,PRD008,WH01,229,344
2025-01-20,PRD008,WH01,259,344
2025-01-27,PRD008,WH01,154,344
2025-02-03,PRD008,WH01,194,344
2025-02-10,PRD008,WH01,124,344
2025-02-17,PRD008,WH01,53,344
2025-02-24,PRD008,WH01,12,344
2025-03-03,PRD008,WH01,0,344
2025-03-10,PRD008,WH01,37,344
2025-03-17,PRD008,WH01,14,344
2025-03-24,PRD008,WH01,0,344
2025-03-31,PRD008,WH01,3,344
2025-04-07,PRD008,WH01,69,344
2025-04-14,PRD008,WH01,73,344
2025-04-21,PRD008,WH01,0,344
2025-04-28,PRD008,WH01,0,344
2025-05-05,PRD008,WH01,43,344
2025-05-12,PRD008,WH01,80,344
2025-05-19,PRD008,WH01,141,344
2025-05-26,PRD008,WH01,56,344
2025-06-02,PRD008,WH01,0,344
2025-06-09,PRD008,WH01,40,344
2025-06-16,PRD008,WH01,112,344
2025-06-23,PRD008,WH01,88,344
2025-06-30,PRD008,WH01,97,344
2025-07-07,PRD008,WH01,0,344
2025-07-14,PRD008,WH01,86,344
2025-07-21,PRD008,WH01,36,344
2025-07-28,PRD008,WH01,46,344
2025-08-04,PRD008,WH01,60,344
2025-08-11,PRD008,WH01,112,344
2025-08-18,PRD008,WH01,0,344
2025-08-25,PRD008,WH01,67,344
2025-09-01,PRD008,WH01,59,344
2025-09-08,PRD008,WH01,0,344
2025-09-15,PRD008,WH01,0,344
2025-09-22,PRD008,WH01,66,344
2025-09-29,PRD008,WH01,101,344
2025-10-06,PRD008,WH01,175,344
2025-10-13,PRD008,WH01,218,344
2025-10-20,PRD008,WH01,221,344
2025-10-27,PRD008,WH01,148,344
2025-11-03,PRD008,WH01,51,344
2025-11-10,PRD008,WH01,34,344
2025-11-17,PRD008,WH01,103,344
2025-11-24,PRD008,WH01,132,344
2025-12-01,PRD008,WH01,81,344
2025-12-08,PRD008,WH01,33,344
2025-12-15,PRD008,WH01,12,344
2025-12-22,PRD008,WH01,0,344
2025-12-29,PRD008,WH01,0,344
2024-01-01,PRD009,WH01,191,162
2024-01-08,PRD009,WH01,244,162
2024-01-15,PRD009,WH01,180,162
2024-01-22,PRD009,WH01,74,162
2024-01-29,PRD009,WH01,29,162
2024-02-05,PRD009,WH01,50,162
2024-02-12,PRD009,WH01,0,162
2024-02-19,PRD009,WH01,89,162
2024-02-26,PRD009,WH01,30,162
2024-03-04,PRD009,WH01,0,162
2024-03-11,PRD009,WH01,0,162
2024-03-18,PRD009,WH01,88,162
2024-03-25,PRD009,WH01,11,162
2024-04-01,PRD009,WH01,0,162
2024-04-08,PRD009,WH01,0,162
2024-04-15,PRD009,WH01,0,162
2024-04-22,PRD009,WH01,69,162
2024-04-29,PRD009,WH01,138,162
2024-05-06,PRD009,WH01,124,162
2024-05-13,PRD009,WH01,156,162
2024-05-20,PRD009,WH01,136,162
2024-05-27,PRD009,WH01,133,162
2024-06-03,PRD009,WH01,125,162
2024-06-10,PRD009,WH01,148,162
2024-06-17,PRD009,WH01,163,162
2024-06-24,PRD009,WH01,70,162
2024-07-01,PRD009,WH01,56,162
2024-07-08,PRD009,WH01,6,162
2024-07-15,PRD009,WH01,13,162
2024-07-22,PRD009,WH01,0,162
2024-07-29,PRD009,WH01,65,162
2024-08-05,PRD009,WH01,102,162
2024-08-12,PRD009,WH01,112,162
2024-08-19,PRD009,WH01,164,162
2024-08-26,PRD009,WH01,230,162
2024-09-02,PRD009,WH01,178,162
2024-09-09,PRD009,WH01,156,162
2024-09-16,PRD009,WH01,219,162
2024-09-23,PRD009,WH01,230,162
2024-09-30,PRD009,WH01,134,162
2024-10-07,PRD009,WH01,214,162
2024-10-14,PRD009,WH01,140,162
2024-10-21,PRD009,WH01,137,162
2024-10-28,PRD009,WH01,185,162
2024-11-04,PRD009,WH01,161,162
2024-11-11,PRD009,WH01,45,162
2024-11-18,PRD009,WH01,91,162
2024-11-25,PRD009,WH01,94,162
2024-12-02,PRD009,WH01,43,162
2024-12-09,PRD009,WH01,0,162
2024-12-16,PRD009,WH01,0,162
2024-12-23,PRD009,WH01,0,162
2024-12-30,PRD009,WH01,31,162
2025-01-06,PRD009,WH01,0,162
2025-01-13,PRD009,WH01,0,162
2025-01-20,PRD009,WH01,47,162
2025-01-27,PRD009,WH01,22,162
2025-02-03,PRD009,WH01,44,162
2025-02-10,PRD009,WH01,97,162
2025-02-17,PRD009,WH01,48,162
2025-02-24,PRD009,WH01,86,162
2025-03-03,PRD009,WH01,73,162
2025-03-10,PRD009,WH01,152,162
2025-03-17,PRD009,WH01,198,162
2025-03-24,PRD009,WH01,165,162
2025-03-31,PRD009,WH01,210,162
2025-04-07,PRD009,WH01,91,162
2025-04-14,PRD009,WH01,2,162
2025-04-21,PRD009,WH01,57,162
2025-04-28,PRD009,WH01,0,162
2025-05-05,PRD009,WH01,78,162
2025-05-12,PRD009,WH01,54,162
2025-05-19,PRD009,WH01,20,162
2025-05-26,PRD009,WH01,0,162
2025-06-02,PRD009,WH01,53,162
2025-06-09,PRD009,WH01,0,162
2025-06-16,PRD009,WH01,0,162
2025-06-23,PRD009,WH01,0,162
2025-06-30,PRD009,WH01,0,162
2025-07-07,PRD009,WH01,0,162
2025-07-14,PRD009,WH01,0,162
2025-07-21,PRD009,WH01,0,162
2025-07-28,PRD009,WH01,9,162
2025-08-04,PRD009,WH01,87,162
2025-08-11,PRD009,WH01,6,162
2025-08-18,PRD009,WH01,0,162
2025-08-25,PRD009,WH01,15,162
2025-09-01,PRD009,WH01,41,162
2025-09-08,PRD009,WH01,110,162
2025-09-15,PRD009,WH01,171,162
2025-09-22,PRD009,WH01,87,162
2025-09-29,PRD009,WH01,167,162
2025-10-06,PRD009,WH01,61,162
2025-10-13,PRD009,WH01,0,162
2025-10-20,PRD009,WH01,71,162
2025-10-27,PRD009,WH01,90,162
2025-11-03,PRD009,WH01,36,162
2025-11-10,PRD009,WH01,118,162
2025-11-17,PRD009,WH01,85,162
2025-11-24,PRD009,WH01,0,162
2025-12-01,PRD009,WH01,0,162
2025-12-08,PRD009,WH01,39,162
2025-12-15,PRD009,WH01,52,162
2025-12-22,PRD009,WH01,143,162
2025-12-29,PRD009,WH01,124,162
2024-01-01,PRD010,WH01,614,489
2024-01-08,PRD010,WH01,544,489
2024-01-15,PRD010,WH01,515,489
2024-01-22,PRD010,WH01,480,489
2024-01-29,PRD010,WH01,402,489
2024-02-05,PRD010,WH01,496,489
2024-02-12,PRD010,WH01,408,489
2024-02-19,PRD010,WH01,422,489
2024-02-26,PRD010,WH01,313,489
2024-03-04,PRD010,WH01,211,489
2024-03-11,PRD010,WH01,137,489
2024-03-18,PRD010,WH01,134,489
2024-03-25,PRD010,WH01,77,489
2024-04-01,PRD010,WH01,34,489
2024-04-08,PRD010,WH01,0,489
2024-04-15,PRD010,WH01,78,489
2024-04-22,PRD010,WH01,144,489
2024-04-29,PRD010,WH01,171,489
2024-05-06,PRD010,WH01,231,489
2024-05-13,PRD010,WH01,275,489
2024-05-20,PRD010,WH01,192,489
2024-05-27,PRD010,WH01,171,489
2024-06-03,PRD010,WH01,152,489
2024-06-10,PRD010,WH01,131,489
2024-06-17,PRD010,WH01,159,489
2024-06-24,PRD010,WH01,102,489
2024-07-01,PRD010,WH01,65,489
2024-07-08,PRD010,WH01,49,489
2024-07-15,PRD010,WH01,0,489
2024-07-22,PRD010,WH01,56,489
2024-07-29,PRD010,WH01,36,489
2024-08-05,PRD010,WH01,16,489
2024-08-12,PRD010,WH01,0,489
2024-08-19,PRD010,WH01,0,489
2024-08-26,PRD010,WH01,89,489
2024-09-02,PRD010,WH01,146,489
2024-09-09,PRD010,WH01,152,489
2024-09-16,PRD010,WH01,33,489
2024-09-23,PRD010,WH01,114,489
2024-09-30,PRD010,WH01,42,489
2024-10-07,PRD010,WH01,109,489
2024-10-14,PRD010,WH01,0,489
2024-10-21,PRD010,WH01,0,489
2024-10-28,PRD010,WH01,0,489
2024-11-04,PRD010,WH01,0,489
2024-11-11,PRD010,WH01,59,489
2024-11-18,PRD010,WH01,0,489
2024-11-25,PRD010,WH01,57,489
2024-12-02,PRD010,WH01,133,489
2024-12-09,PRD010,WH01,63,489
2024-12-16,PRD010,WH01,53,489
2024-12-23,PRD010,WH01,141,489
2024-12-30,PRD010,WH01,118,489
2025-01-06,PRD010,WH01,5,489
2025-01-13,PRD010,WH01,0,489
2025-01-20,PRD010,WH01,6,489
2025-01-27,PRD010,WH01,0,489
2025-02-03,PRD010,WH01,84,489
2025-02-10,PRD010,WH01,20,489
2025-02-17,PRD010,WH01,0,489
2025-02-24,PRD010,WH01,0,489
2025-03-03,PRD010,WH01,0,489
2025-03-10,PRD010,WH01,0,489
2025-03-17,PRD010,WH01,0,489
2025-03-24,PRD010,WH01,0,489
2025-03-31,PRD010,WH01,68,489
2025-04-07,PRD010,WH01,0,489
2025-04-14,PRD010,WH01,45,489
2025-04-21,PRD010,WH01,0,489
2025-04-28,PRD010,WH01,57,489
2025-05-05,PRD010,WH01,56,489
2025-05-12,PRD010,WH01,136,489
2025-05-19,PRD010,WH01,53,489
2025-05-26,PRD010,WH01,0,489
2025-06-02,PRD010,WH01,0,489
2025-06-09,PRD010,WH01,81,489
2025-06-16,PRD010,WH01,175,489
2025-06-23,PRD010,WH01,124,489
2025-06-30,PRD010,WH01,144,489
2025-07-07,PRD010,WH01,160,489
2025-07-14,PRD010,WH01,205,489
2025-07-21,PRD010,WH01,116,489
2025-07-28,PRD010,WH01,139,489
2025-08-04,PRD010,WH01,99,489
2025-08-11,PRD010,WH01,74,489
2025-08-18,PRD010,WH01,113,489
2025-08-25,PRD010,WH01,124,489
2025-09-01,PRD010,WH01,186,489
2025-09-08,PRD010,WH01,205,489
2025-09-15,PRD010,WH01,135,489
2025-09-22,PRD010,WH01,42,489
2025-09-29,PRD010,WH01,55,489
2025-10-06,PRD010,WH01,0,489
2025-10-13,PRD010,WH01,0,489
2025-10-20,PRD010,WH01,0,489
2025-10-27,PRD010,WH01,15,489
2025-11-03,PRD010,WH01,0,489
2025-11-10,PRD010,WH01,34,489
2025-11-17,PRD010,WH01,0,489
2025-11-24,PRD010,WH01,0,489
2025-12-01,PRD010,WH01,93,489
2025-12-08,PRD010,WH01,162,489
2025-12-15,PRD010,WH01,165,489
2025-12-22,PRD010,WH01,94,489
2025-12-29,PRD010,WH01,165,489
2024-01-01,PRD011,WH01,648,162
2024-01-08,PRD011,WH01,530,162
2024-01-15,PRD011,WH01,546,162
2024-01-22,PRD011,WH01,643,162
2024-01-29,PRD011,WH01,662,162
2024-02-05,PRD011,WH01,680,162
2024-02-12,PRD011,WH01,763,162
2024-02-19,PRD011,WH01,744,162
2024-02-26,PRD011,WH01,649,162
2024-03-04,PRD011,WH01,713,162
2024-03-11,PRD011,WH01,703,162
2024-03-18,PRD011,WH01,665,162
2024-03-25,PRD011,WH01,624,162
2024-04-01,PRD011,WH01,661,162
2024-04-08,PRD011,WH01,600,162
2024-04-15,PRD011,WH01,612,162
2024-04-22,PRD011,WH01,683,162
2024-04-29,PRD011,WH01,727,162
2024-05-06,PRD011,WH01,743,162
2024-05-13,PRD011,WH01,781,162
2024-05-20,PRD011,WH01,854,162
2024-05-27,PRD011,WH01,813,162
2024-06-03,PRD011,WH01,906,162
2024-06-10,PRD011,WH01,873,162
2024-06-17,PRD011,WH01,858,162
2024-06-24,PRD011,WH01,907,162
2024-07-01,PRD011,WH01,866,162
2024-07-08,PRD011,WH01,893,162
2024-07-15,PRD011,WH01,849,162
2024-07-22,PRD011,WH01,774,162
2024-07-29,PRD011,WH01,844,162
2024-08-05,PRD011,WH01,740,162
2024-08-12,PRD011,WH01,736,162
2024-08-19,PRD011,WH01,764,162
2024-08-26,PRD011,WH01,663,162
2024-09-02,PRD011,WH01,592,162
2024-09-09,PRD011,WH01,558,162
2024-09-16,PRD011,WH01,581,162
2024-09-23,PRD011,WH01,585,162
2024-09-30,PRD011,WH01,679,162
2024-10-07,PRD011,WH01,569,162
2024-10-14,PRD011,WH01,643,162
2024-10-21,PRD011,WH01,708,162
2024-10-28,PRD011,WH01,733,162
2024-11-04,PRD011,WH01,721,162
2024-11-11,PRD011,WH01,819,162
2024-11-18,PRD011,WH01,875,162
2024-11-25,PRD011,WH01,909,162
2024-12-02,PRD011,WH01,942,162
2024-12-09,PRD011,WH01,1041,162
2024-12-16,PRD011,WH01,1028,162
2024-12-23,PRD011,WH01,1004,162
2024-12-30,PRD011,WH01,941,162
2025-01-06,PRD011,WH01,921,162
2025-01-13,PRD011,WH01,883,162
2025-01-20,PRD011,WH01,771,162
2025-01-27,PRD011,WH01,658,162
2025-02-03,PRD011,WH01,621,162
2025-02-10,PRD011,WH01,592,162
2025-02-17,PRD011,WH01,495,162
2025-02-24,PRD011,WH01,587,162
2025-03-03,PRD011,WH01,511,162
2025-03-10,PRD011,WH01,578,162
2025-03-17,PRD011,WH01,467,162
2025-03-24,PRD011,WH01,466,162
2025-03-31,PRD011,WH01,357,162
2025-04-07,PRD011,WH01,295,162
2025-04-14,PRD011,WH01,256,162
2025-04-21,PRD011,WH01,262,162
2025-04-28,PRD011,WH01,245,162
2025-05-05,PRD011,WH01,147,162
2025-05-12,PRD011,WH01,215,162
2025-05-19,PRD011,WH01,260,162
2025-05-26,PRD011,WH01,243,162
2025-06-02,PRD011,WH01,216,162
2025-06-09,PRD011,WH01,150,162
2025-06-16,PRD011,WH01,146,162
2025-06-23,PRD011,WH01,78,162
2025-06-30,PRD011,WH01,96,162
2025-07-07,PRD011,WH01,180,162
2025-07-14,PRD011,WH01,245,162
2025-07-21,PRD011,WH01,163,162
2025-07-28,PRD011,WH01,137,162
2025-08-04,PRD011,WH01,32,162
2025-08-11,PRD011,WH01,69,162
2025-08-18,PRD011,WH01,0,162
2025-08-25,PRD011,WH01,0,162
2025-09-01,PRD011,WH01,0,162
2025-09-08,PRD011,WH01,0,162
2025-09-15,PRD011,WH01,0,162
2025-09-22,PRD011,WH01,0,162
2025-09-29,PRD011,WH01,61,162
2025-10-06,PRD011,WH01,86,162
2025-10-13,PRD011,WH01,143,162
2025-10-20,PRD011,WH01,51,162
2025-10-27,PRD011,WH01,141,162
2025-11-03,PRD011,WH01,152,162
2025-11-10,PRD011,WH01,222,162
2025-11-17,PRD011,WH01,138,162
2025-11-24,PRD011,WH01,53,162
2025-12-01,PRD011,WH01,80,162
2025-12-08,PRD011,WH01,165,162
2025-12-15,PRD011,WH01,63,162
2025-12-22,PRD011,WH01,109,162
2025-12-29,PRD011,WH01,0,162
2024-01-01,PRD012,WH01,377,269
2024-01-08,PRD012,WH01,414,269
2024-01-15,PRD012,WH01,370,269
2024-01-22,PRD012,WH01,346,269
2024-01-29,PRD012,WH01,350,269
2024-02-05,PRD012,WH01,265,269
2024-02-12,PRD012,WH01,244,269
2024-02-19,PRD012,WH01,147,269
2024-02-26,PRD012,WH01,90,269
2024-03-04,PRD012,WH01,66,269
2024-03-11,PRD012,WH01,98,269
2024-03-18,PRD012,WH01,63,269
2024-03-25,PRD012,WH01,81,269
2024-04-01,PRD012,WH01,153,269
2024-04-08,PRD012,WH01,70,269
2024-04-15,PRD012,WH01,41,269
2024-04-22,PRD012,WH01,9,269
2024-04-29,PRD012,WH01,32,269
2024-05-06,PRD012,WH01,86,269
2024-05-13,PRD012,WH01,102,269
2024-05-20,PRD012,WH01,2,269
2024-05-27,PRD012,WH01,23,269
2024-06-03,PRD012,WH01,0,269
2024-06-10,PRD012,WH01,49,269
2024-06-17,PRD012,WH01,0,269
2024-06-24,PRD012,WH01,0,269
2024-07-01,PRD012,WH01,26,269
2024-07-08,PRD012,WH01,0,269
2024-07-15,PRD012,WH01,0,269
2024-07-22,PRD012,WH01,42,269
2024-07-29,PRD012,WH01,4,269
2024-08-05,PRD012,WH01,26,269
2024-08-12,PRD012,WH01,51,269
2024-08-19,PRD012,WH01,80,269
2024-08-26,PRD012,WH01,16,269
2024-09-02,PRD012,WH01,0,269
2024-09-09,PRD012,WH01,0,269
2024-09-16,PRD012,WH01,0,269
2024-09-23,PRD012,WH01,0,269
2024-09-30,PRD012,WH01,9,269
2024-10-07,PRD012,WH01,26,269
2024-10-14,PRD012,WH01,16,269
2024-10-21,PRD012,WH01,109,269
2024-10-28,PRD012,WH01,5,269
2024-11-04,PRD012,WH01,0,269
2024-11-11,PRD012,WH01,0,269
2024-11-18,PRD012,WH01,0,269
2024-11-25,PRD012,WH01,74,269
2024-12-02,PRD012,WH01,119,269
2024-12-09,PRD012,WH01,49,269
2024-12-16,PRD012,WH01,52,269
2024-12-23,PRD012,WH01,0,269
2024-12-30,PRD012,WH01,91,269
2025-01-06,PRD012,WH01,75,269
2025-01-13,PRD012,WH01,13,269
2025-01-20,PRD012,WH01,99,269
2025-01-27,PRD012,WH01,80,269
2025-02-03,PRD012,WH01,0,269
2025-02-10,PRD012,WH01,0,269
2025-02-17,PRD012,WH01,94,269
2025-02-24,PRD012,WH01,94,269
2025-03-03,PRD012,WH01,0,269
2025-03-10,PRD012,WH01,38,269
2025-03-17,PRD012,WH01,0,269
2025-03-24,PRD012,WH01,20,269
2025-03-31,PRD012,WH01,43,269
2025-04-07,PRD012,WH01,0,269
2025-04-14,PRD012,WH01,94,269
2025-04-21,PRD012,WH01,177,269
2025-04-28,PRD012,WH01,92,269
2025-05-05,PRD012,WH01,16,269
2025-05-12,PRD012,WH01,0,269
2025-05-19,PRD012,WH01,0,269
2025-05-26,PRD012,WH01,31,269
2025-06-02,PRD012,WH01,129,269
2025-06-09,PRD012,WH01,155,269
2025-06-16,PRD012,WH01,227,269
2025-06-23,PRD012,WH01,263,269
2025-06-30,PRD012,WH01,235,269
2025-07-07,PRD012,WH01,159,269
2025-07-14,PRD012,WH01,228,269
2025-07-21,PRD012,WH01,150,269
2025-07-28,PRD012,WH01,46,269
2025-08-04,PRD012,WH01,28,269
2025-08-11,PRD012,WH01,95,269
2025-08-18,PRD012,WH01,0,269
2025-08-25,PRD012,WH01,0,269
2025-09-01,PRD012,WH01,0,269
2025-09-08,PRD012,WH01,48,269
2025-09-15,PRD012,WH01,69,269
2025-09-22,PRD012,WH01,60,269
2025-09-29,PRD012,WH01,0,269
2025-10-06,PRD012,WH01,33,269
2025-10-13,PRD012,WH01,0,269
2025-10-20,PRD012,WH01,27,269
2025-10-27,PRD012,WH01,105,269
2025-11-03,PRD012,WH01,14,269
2025-11-10,PRD012,WH01,50,269
2025-11-17,PRD012,WH01,38,269
2025-11-24,PRD012,WH01,0,269
2025-12-01,PRD012,WH01,19,269
2025-12-08,PRD012,WH01,47,269
2025-12-15,PRD012,WH01,128,269
2025-12-22,PRD012,WH01,41,269
2025-12-29,PRD012,WH01,0,269
2024-01-01,PRD013,WH01,657,273
2024-01-08,PRD013,WH01,724,273
2024-01-15,PRD013,WH01,688,273
2024-01-22,PRD013,WH01,688,273
2024-01-29,PRD013,WH01,751,273
2024-02-05,PRD013,WH01,817,273
2024-02-12,PRD013,WH01,880,273
2024-02-19,PRD013,WH01,851,273
2024-02-26,PRD013,WH01,788,273
2024-03-04,PRD013,WH01,740,273
2024-03-11,PRD013,WH01,832,273
2024-03-18,PRD013,WH01,817,273
2024-03-25,PRD013,WH01,770,273
2024-04-01,PRD013,WH01,704,273
2024-04-08,PRD013,WH01,612,273
2024-04-15,PRD013,WH01,699,273
2024-04-22,PRD013,WH01,690,273
2024-04-29,PRD013,WH01,652,273
2024-05-06,PRD013,WH01,649,273
2024-05-13,PRD013,WH01,560,273
2024-05-20,PRD013,WH01,451,273
2024-05-27,PRD013,WH01,482,273
2024-06-03,PRD013,WH01,477,273
2024-06-10,PRD013,WH01,526,273
2024-06-17,PRD013,WH01,598,273
2024-06-24,PRD013,WH01,652,273
2024-07-01,PRD013,WH01,646,273
2024-07-08,PRD013,WH01,696,273
2024-07-15,PRD013,WH01,617,273
2024-07-22,PRD013,WH01,614,273
2024-07-29,PRD013,WH01,667,273
2024-08-05,PRD013,WH01,559,273
2024-08-12,PRD013,WH01,467,273
2024-08-19,PRD013,WH01,476,273
2024-08-26,PRD013,WH01,482,273
2024-09-02,PRD013,WH01,546,273
2024-09-09,PRD013,WH01,617,273
2024-09-16,PRD013,WH01,536,273
2024-09-23,PRD013,WH01,554,273
2024-09-30,PRD013,WH01,484,273
2024-10-07,PRD013,WH01,542,273
2024-10-14,PRD013,WH01,624,273
2024-10-21,PRD013,WH01,636,273
2024-10-28,PRD013,WH01,698,273
2024-11-04,PRD013,WH01,754,273
2024-11-11,PRD013,WH01,828,273
2024-11-18,PRD013,WH01,889,273
2024-11-25,PRD013,WH01,850,273
2024-12-02,PRD013,WH01,823,273
2024-12-09,PRD013,WH01,851,273
2024-12-16,PRD013,WH01,805,273
2024-12-23,PRD013,WH01,889,273
2024-12-30,PRD013,WH01,845,273
2025-01-06,PRD013,WH01,784,273
2025-01-13,PRD013,WH01,730,273
2025-01-20,PRD013,WH01,753,273
2025-01-27,PRD013,WH01,658,273
2025-02-03,PRD013,WH01,743,273
2025-02-10,PRD013,WH01,626,273
2025-02-17,PRD013,WH01,606,273
2025-02-24,PRD013,WH01,575,273
2025-03-03,PRD013,WH01,556,273
2025-03-10,PRD013,WH01,578,273
2025-03-17,PRD013,WH01,606,273
2025-03-24,PRD013,WH01,673,273
2025-03-31,PRD013,WH01,593,273
2025-04-07,PRD013,WH01,677,273
2025-04-14,PRD013,WH01,633,273
2025-04-21,PRD013,WH01,678,273
2025-04-28,PRD013,WH01,615,273
2025-05-05,PRD013,WH01,512,273
2025-05-12,PRD013,WH01,439,273
2025-05-19,PRD013,WH01,382,273
2025-05-26,PRD013,WH01,469,273
2025-06-02,PRD013,WH01,396,273
2025-06-09,PRD013,WH01,350,273
2025-06-16,PRD013,WH01,319,273
2025-06-23,PRD013,WH01,303,273
2025-06-30,PRD013,WH01,247,273
2025-07-07,PRD013,WH01,319,273
2025-07-14,PRD013,WH01,250,273
2025-07-21,PRD013,WH01,305,273
2025-07-28,PRD013,WH01,319,273
2025-08-04,PRD013,WH01,388,273
2025-08-11,PRD013,WH01,409,273
2025-08-18,PRD013,WH01,393,273
2025-08-25,PRD013,WH01,418,273
2025-09-01,PRD013,WH01,438,273
2025-09-08,PRD013,WH01,534,273
2025-09-15,PRD013,WH01,618,273
2025-09-22,PRD013,WH01,597,273
2025-09-29,PRD013,WH01,621,273
2025-10-06,PRD013,WH01,619,273
2025-10-13,PRD013,WH01,663,273
2025-10-20,PRD013,WH01,719,273
2025-10-27,PRD013,WH01,807,273
2025-11-03,PRD013,WH01,824,273
2025-11-10,PRD013,WH01,783,273
2025-11-17,PRD013,WH01,685,273
2025-11-24,PRD013,WH01,707,273
2025-12-01,PRD013,WH01,657,273
2025-12-08,PRD013,WH01,699,273
2025-12-15,PRD013,WH01,788,273
2025-12-22,PRD013,WH01,746,273
2025-12-29,PRD013,WH01,811,273
2024-01-01,PRD014,WH01,425,175
2024-01-08,PRD014,WH01,363,175
2024-01-15,PRD014,WH01,443,175
2024-01-22,PRD014,WH01,523,175
2024-01-29,PRD014,WH01,435,175
2024-02-05,PRD014,WH01,348,175
2024-02-12,PRD014,WH01,250,175
2024-02-19,PRD014,WH01,185,175
2024-02-26,PRD014,WH01,109,175
2024-03-04,PRD014,WH01,84,175
2024-03-11,PRD014,WH01,112,175
2024-03-18,PRD014,WH01,183,175
2024-03-25,PRD014,WH01,276,175
2024-04-01,PRD014,WH01,285,175
2024-04-08,PRD014,WH01,336,175
2024-04-15,PRD014,WH01,224,175
2024-04-22,PRD014,WH01,321,175
2024-04-29,PRD014,WH01,284,175
2024-05-06,PRD014,WH01,332,175
2024-05-13,PRD014,WH01,290,175
2024-05-20,PRD014,WH01,337,175
2024-05-27,PRD014,WH01,274,175
2024-06-03,PRD014,WH01,366,175
2024-06-10,PRD014,WH01,324,175
2024-06-17,PRD014,WH01,325,175
2024-06-24,PRD014,WH01,355,175
2024-07-01,PRD014,WH01,303,175
2024-07-08,PRD014,WH01,216,175
2024-07-15,PRD014,WH01,247,175
2024-07-22,PRD014,WH01,280,175
2024-07-29,PRD014,WH01,231,175
2024-08-05,PRD014,WH01,118,175
2024-08-12,PRD014,WH01,103,175
2024-08-19,PRD014,WH01,102,175
2024-08-26,PRD014,WH01,179,175
2024-09-02,PRD014,WH01,148,175
2024-09-09,PRD014,WH01,61,175
2024-09-16,PRD014,WH01,120,175
2024-09-23,PRD014,WH01,171,175
2024-09-30,PRD014,WH01,141,175
2024-10-07,PRD014,WH01,227,175
2024-10-14,PRD014,WH01,188,175
2024-10-21,PRD014,WH01,195,175
2024-10-28,PRD014,WH01,268,175
2024-11-04,PRD014,WH01,300,175
2024-11-11,PRD014,WH01,355,175
2024-11-18,PRD014,WH01,243,175
2024-11-25,PRD014,WH01,266,175
2024-12-02,PRD014,WH01,342,175
2024-12-09,PRD014,WH01,336,175
2024-12-16,PRD014,WH01,240,175
2024-12-23,PRD014,WH01,291,175
2024-12-30,PRD014,WH01,385,175
2025-01-06,PRD014,WH01,396,175
2025-01-13,PRD014,WH01,370,175
2025-01-20,PRD014,WH01,293,175
2025-01-27,PRD014,WH01,383,175
2025-02-03,PRD014,WH01,462,175
2025-02-10,PRD014,WH01,443,175
2025-02-17,PRD014,WH01,433,175
2025-02-24,PRD014,WH01,476,175
2025-03-03,PRD014,WH01,396,175
2025-03-10,PRD014,WH01,292,175
2025-03-17,PRD014,WH01,296,175
2025-03-24,PRD014,WH01,372,175
2025-03-31,PRD014,WH01,270,175
2025-04-07,PRD014,WH01,293,175
2025-04-14,PRD014,WH01,233,175
2025-04-21,PRD014,WH01,123,175
2025-04-28,PRD014,WH01,132,175
2025-05-05,PRD014,WH01,16,175
2025-05-12,PRD014,WH01,0,175
2025-05-19,PRD014,WH01,0,175
2025-05-26,PRD014,WH01,0,175
2025-06-02,PRD014,WH01,68,175
2025-06-09,PRD014,WH01,26,175
2025-06-16,PRD014,WH01,0,175
2025-06-23,PRD014,WH01,61,175
2025-06-30,PRD014,WH01,0,175
2025-07-07,PRD014,WH01,0,175
2025-07-14,PRD014,WH01,44,175
2025-07-21,PRD014,WH01,118,175
2025-07-28,PRD014,WH01,31,175
2025-08-04,PRD014,WH01,126,175
2025-08-11,PRD014,WH01,199,175
2025-08-18,PRD014,WH01,290,175
2025-08-25,PRD014,WH01,241,175
2025-09-01,PRD014,WH01,229,175
2025-09-08,PRD014,WH01,264,175
2025-09-15,PRD014,WH01,329,175
2025-09-22,PRD014,WH01,409,175
2025-09-29,PRD014,WH01,318,175
2025-10-06,PRD014,WH01,257,175
2025-10-13,PRD014,WH01,318,175
2025-10-20,PRD014,WH01,272,175
2025-10-27,PRD014,WH01,236,175
2025-11-03,PRD014,WH01,295,175
2025-11-10,PRD014,WH01,381,175
2025-11-17,PRD014,WH01,448,175
2025-11-24,PRD014,WH01,376,175
2025-12-01,PRD014,WH01,346,175
2025-12-08,PRD014,WH01,333,175
2025-12-15,PRD014,WH01,385,175
2025-12-22,PRD014,WH01,354,175
2025-12-29,PRD014,WH01,286,175
2024-01-01,PRD015,WH01,606,221
2024-01-08,PRD015,WH01,699,221
2024-01-15,PRD015,WH01,616,221
2024-01-22,PRD015,WH01,566,221
2024-01-29,PRD015,WH01,449,221
2024-02-05,PRD015,WH01,377,221
2024-02-12,PRD015,WH01,451,221
2024-02-19,PRD015,WH01,483,221
2024-02-26,PRD015,WH01,447,221
2024-03-04,PRD015,WH01,390,221
2024-03-11,PRD015,WH01,384,221
2024-03-18,PRD015,WH01,287,221
2024-03-25,PRD015,WH01,231,221
2024-04-01,PRD015,WH01,162,221
2024-04-08,PRD015,WH01,220,221
2024-04-15,PRD015,WH01,213,221
2024-04-22,PRD015,WH01,163,221
2024-04-29,PRD015,WH01,67,221
2024-05-06,PRD015,WH01,143,221
2024-05-13,PRD015,WH01,72,221
2024-05-20,PRD015,WH01,91,221
2024-05-27,PRD015,WH01,0,221
2024-06-03,PRD015,WH01,61,221
2024-06-10,PRD015,WH01,80,221
2024-06-17,PRD015,WH01,115,221
2024-06-24,PRD015,WH01,172,221
2024-07-01,PRD015,WH01,70,221
2024-07-08,PRD015,WH01,131,221
2024-07-15,PRD015,WH01,112,221
2024-07-22,PRD015,WH01,53,221
2024-07-29,PRD015,WH01,47,221
2024-08-05,PRD015,WH01,0,221
2024-08-12,PRD015,WH01,0,221
2024-08-19,PRD015,WH01,0,221
2024-08-26,PRD015,WH01,0,221
2024-09-02,PRD015,WH01,48,221
2024-09-09,PRD015,WH01,7,221
2024-09-16,PRD015,WH01,55,221
2024-09-23,PRD015,WH01,16,221
2024-09-30,PRD015,WH01,67,221
2024-10-07,PRD015,WH01,110,221
2024-10-14,PRD015,WH01,47,221
2024-10-21,PRD015,WH01,65,221
2024-10-28,PRD015,WH01,95,221
2024-11-04,PRD015,WH01,61,221
2024-11-11,PRD015,WH01,0,221
2024-11-18,PRD015,WH01,74,221
2024-11-25,PRD015,WH01,37,221
2024-12-02,PRD015,WH01,131,221
2024-12-09,PRD015,WH01,45,221
2024-12-16,PRD015,WH01,21,221
2024-12-23,PRD015,WH01,94,221
2024-12-30,PRD015,WH01,145,221
2025-01-06,PRD015,WH01,205,221
2025-01-13,PRD015,WH01,121,221
2025-01-20,PRD015,WH01,24,221
2025-01-27,PRD015,WH01,114,221
2025-02-03,PRD015,WH01,210,221
2025-02-10,PRD015,WH01,222,221
2025-02-17,PRD015,WH01,303,221
2025-02-24,PRD015,WH01,339,221
2025-03-03,PRD015,WH01,269,221
2025-03-10,PRD015,WH01,259,221
2025-03-17,PRD015,WH01,210,221
2025-03-24,PRD015,WH01,107,221
2025-03-31,PRD015,WH01,106,221
2025-04-07,PRD015,WH01,106,221
2025-04-14,PRD015,WH01,89,221
2025-04-21,PRD015,WH01,125,221
2025-04-28,PRD015,WH01,81,221
2025-05-05,PRD015,WH01,0,221
2025-05-12,PRD015,WH01,0,221
2025-05-19,PRD015,WH01,0,221
2025-05-26,PRD015,WH01,0,221
2025-06-02,PRD015,WH01,1,221
2025-06-09,PRD015,WH01,0,221
2025-06-16,PRD015,WH01,0,221
2025-06-23,PRD015,WH01,0,221
2025-06-30,PRD015,WH01,0,221
2025-07-07,PRD015,WH01,48,221
2025-07-14,PRD015,WH01,0,221
2025-07-21,PRD015,WH01,0,221
2025-07-28,PRD015,WH01,65,221
2025-08-04,PRD015,WH01,161,221
2025-08-11,PRD015,WH01,186,221
2025-08-18,PRD015,WH01,134,221
2025-08-25,PRD015,WH01,88,221
2025-09-01,PRD015,WH01,13,221
2025-09-08,PRD015,WH01,5,221
2025-09-15,PRD015,WH01,4,221
2025-09-22,PRD015,WH01,0,221
2025-09-29,PRD015,WH01,53,221
2025-10-06,PRD015,WH01,70,221
2025-10-13,PRD015,WH01,31,221
2025-10-20,PRD015,WH01,0,221
2025-10-27,PRD015,WH01,0,221
2025-11-03,PRD015,WH01,0,221
2025-11-10,PRD015,WH01,39,221
2025-11-17,PRD015,WH01,79,221
2025-11-24,PRD015,WH01,130,221
2025-12-01,PRD015,WH01,81,221
2025-12-08,PRD015,WH01,133,221
2025-12-15,PRD015,WH01,155,221
2025-12-22,PRD015,WH01,201,221
2025-12-29,PRD015,WH01,112,221
2024-01-01,PRD016,WH01,369,465
2024-01-08,PRD016,WH01,353,465
2024-01-15,PRD016,WH01,428,465
2024-01-22,PRD016,WH01,449,465
2024-01-29,PRD016,WH01,342,465
2024-02-05,PRD016,WH01,272,465
2024-02-12,PRD016,WH01,193,465
2024-02-19,PRD016,WH01,178,465
2024-02-26,PRD016,WH01,134,465
2024-03-04,PRD016,WH01,63,465
2024-03-11,PRD016,WH01,0,465
2024-03-18,PRD016,WH01,0,465
2024-03-25,PRD016,WH01,91,465
2024-04-01,PRD016,WH01,0,465
2024-04-08,PRD016,WH01,0,465
2024-04-15,PRD016,WH01,18,465
2024-04-22,PRD016,WH01,47,465
2024-04-29,PRD016,WH01,0,465
2024-05-06,PRD016,WH01,43,465
2024-05-13,PRD016,WH01,130,465
2024-05-20,PRD016,WH01,204,465
2024-05-27,PRD016,WH01,97,465
2024-06-03,PRD016,WH01,75,465
2024-06-10,PRD016,WH01,59,465
2024-06-17,PRD016,WH01,21,465
2024-06-24,PRD016,WH01,39,465
2024-07-01,PRD016,WH01,16,465
2024-07-08,PRD016,WH01,19,465
2024-07-15,PRD016,WH01,40,465
2024-07-22,PRD016,WH01,113,465
2024-07-29,PRD016,WH01,101,465
2024-08-05,PRD016,WH01,58,465
2024-08-12,PRD016,WH01,57,465
2024-08-19,PRD016,WH01,0,465
2024-08-26,PRD016,WH01,0,465
2024-09-02,PRD016,WH01,0,465
2024-09-09,PRD016,WH01,0,465
2024-09-16,PRD016,WH01,0,465
2024-09-23,PRD016,WH01,0,465
2024-09-30,PRD016,WH01,96,465
2024-10-07,PRD016,WH01,0,465
2024-10-14,PRD016,WH01,42,465
2024-10-21,PRD016,WH01,91,465
2024-10-28,PRD016,WH01,68,465
2024-11-04,PRD016,WH01,0,465
2024-11-11,PRD016,WH01,0,465
2024-11-18,PRD016,WH01,0,465
2024-11-25,PRD016,WH01,55,465
2024-12-02,PRD016,WH01,31,465
2024-12-09,PRD016,WH01,48,465
2024-12-16,PRD016,WH01,29,465
2024-12-23,PRD016,WH01,81,465
2024-12-30,PRD016,WH01,47,465
2025-01-06,PRD016,WH01,0,465
2025-01-13,PRD016,WH01,0,465
2025-01-20,PRD016,WH01,0,465
2025-01-27,PRD016,WH01,0,465
2025-02-03,PRD016,WH01,0,465
2025-02-10,PRD016,WH01,0,465
2025-02-17,PRD016,WH01,11,465
2025-02-24,PRD016,WH01,0,465
2025-03-03,PRD016,WH01,67,465
2025-03-10,PRD016,WH01,19,465
2025-03-17,PRD016,WH01,0,465
2025-03-24,PRD016,WH01,0,465
2025-03-31,PRD016,WH01,0,465
2025-04-07,PRD016,WH01,6,465
2025-04-14,PRD016,WH01,92,465
2025-04-21,PRD016,WH01,190,465
2025-04-28,PRD016,WH01,188,465
2025-05-05,PRD016,WH01,135,465
2025-05-12,PRD016,WH01,134,465
2025-05-19,PRD016,WH01,39,465
2025-05-26,PRD016,WH01,0,465
2025-06-02,PRD016,WH01,0,465
2025-06-09,PRD016,WH01,0,465
2025-06-16,PRD016,WH01,0,465
2025-06-23,PRD016,WH01,14,465
2025-06-30,PRD016,WH01,19,465
2025-07-07,PRD016,WH01,46,465
2025-07-14,PRD016,WH01,97,465
2025-07-21,PRD016,WH01,97,465
2025-07-28,PRD016,WH01,184,465
2025-08-04,PRD016,WH01,269,465
2025-08-11,PRD016,WH01,244,465
2025-08-18,PRD016,WH01,202,465
2025-08-25,PRD016,WH01,139,465
2025-09-01,PRD016,WH01,68,465
2025-09-08,PRD016,WH01,105,465
2025-09-15,PRD016,WH01,110,465
2025-09-22,PRD016,WH01,165,465
2025-09-29,PRD016,WH01,115,465
2025-10-06,PRD016,WH01,18,465
2025-10-13,PRD016,WH01,106,465
2025-10-20,PRD016,WH01,66,465
2025-10-27,PRD016,WH01,48,465
2025-11-03,PRD016,WH01,0,465
2025-11-10,PRD016,WH01,62,465
2025-11-17,PRD016,WH01,0,465
2025-11-24,PRD016,WH01,57,465
2025-12-01,PRD016,WH01,0,465
2025-12-08,PRD016,WH01,92,465
2025-12-15,PRD016,WH01,96,465
2025-12-22,PRD016,WH01,133,465
2025-12-29,PRD016,WH01,80,465
2024-01-01,PRD017,WH01,508,233
2024-01-08,PRD017,WH01,407,233
2024-01-15,PRD017,WH01,434,233
2024-01-22,PRD017,WH01,350,233
2024-01-29,PRD017,WH01,310,233
2024-02-05,PRD017,WH01,262,233
2024-02-12,PRD017,WH01,292,233
2024-02-19,PRD017,WH01,383,233
2024-02-26,PRD017,WH01,389,233
2024-03-04,PRD017,WH01,277,233
2024-03-11,PRD017,WH01,374,233
2024-03-18,PRD017,WH01,334,233
2024-03-25,PRD017,WH01,425,233
2024-04-01,PRD017,WH01,423,233
2024-04-08,PRD017,WH01,512,233
2024-04-15,PRD017,WH01,604,233
2024-04-22,PRD017,WH01,574,233
2024-04-29,PRD017,WH01,516,233
2024-05-06,PRD017,WH01,421,233
2024-05-13,PRD017,WH01,339,233
2024-05-20,PRD017,WH01,361,233
2024-05-27,PRD017,WH01,430,233
2024-06-03,PRD017,WH01,367,233
2024-06-10,PRD017,WH01,354,233
2024-06-17,PRD017,WH01,264,233
2024-06-24,PRD017,WH01,354,233
2024-07-01,PRD017,WH01,337,233
2024-07-08,PRD017,WH01,325,233
2024-07-15,PRD017,WH01,400,233
2024-07-22,PRD017,WH01,396,233
2024-07-29,PRD017,WH01,312,233
2024-08-05,PRD017,WH01,253,233
2024-08-12,PRD017,WH01,324,233
2024-08-19,PRD017,WH01,250,233
2024-08-26,PRD017,WH01,328,233
2024-09-02,PRD017,WH01,263,233
2024-09-09,PRD017,WH01,159,233
2024-09-16,PRD017,WH01,176,233
2024-09-23,PRD017,WH01,98,233
2024-09-30,PRD017,WH01,166,233
2024-10-07,PRD017,WH01,187,233
2024-10-14,PRD017,WH01,185,233
2024-10-21,PRD017,WH01,274,233
2024-10-28,PRD017,WH01,266,233
2024-11-04,PRD017,WH01,282,233
2024-11-11,PRD017,WH01,369,233
2024-11-18,PRD017,WH01,321,233
2024-11-25,PRD017,WH01,211,233
2024-12-02,PRD017,WH01,245,233
2024-12-09,PRD017,WH01,266,233
2024-12-16,PRD017,WH01,159,233
2024-12-23,PRD017,WH01,67,233
2024-12-30,PRD017,WH01,85,233
2025-01-06,PRD017,WH01,107,233
2025-01-13,PRD017,WH01,158,233
2025-01-20,PRD017,WH01,51,233
2025-01-27,PRD017,WH01,149,233
2025-02-03,PRD017,WH01,155,233
2025-02-10,PRD017,WH01,37,233
2025-02-17,PRD017,WH01,56,233
2025-02-24,PRD017,WH01,0,233
2025-03-03,PRD017,WH01,0,233
2025-03-10,PRD017,WH01,0,233
2025-03-17,PRD017,WH01,0,233
2025-03-24,PRD017,WH01,88,233
2025-03-31,PRD017,WH01,65,233
2025-04-07,PRD017,WH01,31,233
2025-04-14,PRD017,WH01,74,233
2025-04-21,PRD017,WH01,0,233
2025-04-28,PRD017,WH01,0,233
2025-05-05,PRD017,WH01,30,233
2025-05-12,PRD017,WH01,78,233
2025-05-19,PRD017,WH01,165,233
2025-05-26,PRD017,WH01,87,233
2025-06-02,PRD017,WH01,168,233
2025-06-09,PRD017,WH01,104,233
2025-06-16,PRD017,WH01,145,233
2025-06-23,PRD017,WH01,151,233
2025-06-30,PRD017,WH01,191,233
2025-07-07,PRD017,WH01,127,233
2025-07-14,PRD017,WH01,162,233
2025-07-21,PRD017,WH01,92,233
2025-07-28,PRD017,WH01,159,233
2025-08-04,PRD017,WH01,173,233
2025-08-11,PRD017,WH01,182,233
2025-08-18,PRD017,WH01,224,233
2025-08-25,PRD017,WH01,151,233
2025-09-01,PRD017,WH01,37,233
2025-09-08,PRD017,WH01,121,233
2025-09-15,PRD017,WH01,67,233
2025-09-22,PRD017,WH01,163,233
2025-09-29,PRD017,WH01,113,233
2025-10-06,PRD017,WH01,182,233
2025-10-13,PRD017,WH01,244,233
2025-10-20,PRD017,WH01,214,233
2025-10-27,PRD017,WH01,243,233
2025-11-03,PRD017,WH01,278,233
2025-11-10,PRD017,WH01,162,233
2025-11-17,PRD017,WH01,107,233
2025-11-24,PRD017,WH01,34,233
2025-12-01,PRD017,WH01,97,233
2025-12-08,PRD017,WH01,140,233
2025-12-15,PRD017,WH01,43,233
2025-12-22,PRD017,WH01,82,233
2025-12-29,PRD017,WH01,47,233
2024-01-01,PRD018,WH01,519,304
2024-01-08,PRD018,WH01,572,304
2024-01-15,PRD018,WH01,657,304
2024-01-22,PRD018,WH01,591,304
2024-01-29,PRD018,WH01,587,304
2024-02-05,PRD018,WH01,609,304
2024-02-12,PRD018,WH01,612,304
2024-02-19,PRD018,WH01,662,304
2024-02-26,PRD018,WH01,732,304
2024-03-04,PRD018,WH01,673,304
2024-03-11,PRD018,WH01,750,304
2024-03-18,PRD018,WH01,779,304
2024-03-25,PRD018,WH01,874,304
2024-04-01,PRD018,WH01,831,304
2024-04-08,PRD018,WH01,735,304
2024-04-15,PRD018,WH01,833,304
2024-04-22,PRD018,WH01,901,304
2024-04-29,PRD018,WH01,946,304
2024-05-06,PRD018,WH01,1004,304
2024-05-13,PRD018,WH01,961,304
2024-05-20,PRD018,WH01,925,304
2024-05-27,PRD018,WH01,1013,304
2024-06-03,PRD018,WH01,1098,304
2024-06-10,PRD018,WH01,1074,304
2024-06-17,PRD018,WH01,1139,304
2024-06-24,PRD018,WH01,1027,304
2024-07-01,PRD018,WH01,1116,304
2024-07-08,PRD018,WH01,1117,304
2024-07-15,PRD018,WH01,1135,304
2024-07-22,PRD018,WH01,1063,304
2024-07-29,PRD018,WH01,1139,304
2024-08-05,PRD018,WH01,1106,304
2024-08-12,PRD018,WH01,1038,304
2024-08-19,PRD018,WH01,1114,304
2024-08-26,PRD018,WH01,1131,304
2024-09-02,PRD018,WH01,1012,304
2024-09-09,PRD018,WH01,978,304
2024-09-16,PRD018,WH01,889,304
2024-09-23,PRD018,WH01,961,304
2024-09-30,PRD018,WH01,936,304
2024-10-07,PRD018,WH01,961,304
2024-10-14,PRD018,WH01,856,304
2024-10-21,PRD018,WH01,751,304
2024-10-28,PRD018,WH01,795,304
2024-11-04,PRD018,WH01,729,304
2024-11-11,PRD018,WH01,667,304
2024-11-18,PRD018,WH01,601,304
2024-11-25,PRD018,WH01,696,304
2024-12-02,PRD018,WH01,757,304
2024-12-09,PRD018,WH01,719,304
2024-12-16,PRD018,WH01,638,304
2024-12-23,PRD018,WH01,646,304
2024-12-30,PRD018,WH01,536,304
2025-01-06,PRD018,WH01,498,304
2025-01-13,PRD018,WH01,510,304
2025-01-20,PRD018,WH01,410,304
2025-01-27,PRD018,WH01,344,304
2025-02-03,PRD018,WH01,371,304
2025-02-10,PRD018,WH01,372,304
2025-02-17,PRD018,WH01,461,304
2025-02-24,PRD018,WH01,363,304
2025-03-03,PRD018,WH01,453,304
2025-03-10,PRD018,WH01,342,304
2025-03-17,PRD018,WH01,397,304
2025-03-24,PRD018,WH01,377,304
2025-03-31,PRD018,WH01,429,304
2025-04-07,PRD018,WH01,342,304
2025-04-14,PRD018,WH01,410,304
2025-04-21,PRD018,WH01,353,304
2025-04-28,PRD018,WH01,403,304
2025-05-05,PRD018,WH01,390,304
2025-05-12,PRD018,WH01,354,304
2025-05-19,PRD018,WH01,297,304
2025-05-26,PRD018,WH01,344,304
2025-06-02,PRD018,WH01,267,304
2025-06-09,PRD018,WH01,257,304
2025-06-16,PRD018,WH01,343,304
2025-06-23,PRD018,WH01,372,304
2025-06-30,PRD018,WH01,396,304
2025-07-07,PRD018,WH01,317,304
2025-07-14,PRD018,WH01,203,304
2025-07-21,PRD018,WH01,274,304
2025-07-28,PRD018,WH01,281,304
2025-08-04,PRD018,WH01,340,304
2025-08-11,PRD018,WH01,372,304
2025-08-18,PRD018,WH01,437,304
2025-08-25,PRD018,WH01,338,304
2025-09-01,PRD018,WH01,419,304
2025-09-08,PRD018,WH01,481,304
2025-09-15,PRD018,WH01,410,304
2025-09-22,PRD018,WH01,463,304
2025-09-29,PRD018,WH01,358,304
2025-10-06,PRD018,WH01,314,304
2025-10-13,PRD018,WH01,364,304
2025-10-20,PRD018,WH01,406,304
2025-10-27,PRD018,WH01,410,304
2025-11-03,PRD018,WH01,347,304
2025-11-10,PRD018,WH01,384,304
2025-11-17,PRD018,WH01,440,304
2025-11-24,PRD018,WH01,388,304
2025-12-01,PRD018,WH01,306,304
2025-12-08,PRD018,WH01,246,304
2025-12-15,PRD018,WH01,323,304
2025-12-22,PRD018,WH01,304,304
2025-12-29,PRD018,WH01,311,304
2024-01-01,PRD019,WH01,791,421
2024-01-08,PRD019,WH01,675,421
2024-01-15,PRD019,WH01,689,421
2024-01-22,PRD019,WH01,647,421
2024-01-29,PRD019,WH01,608,421
2024-02-05,PRD019,WH01,642,421
2024-02-12,PRD019,WH01,672,421
2024-02-19,PRD019,WH01,767,421
2024-02-26,PRD019,WH01,863,421
2024-03-04,PRD019,WH01,954,421
2024-03-11,PRD019,WH01,1007,421
2024-03-18,PRD019,WH01,907,421
2024-03-25,PRD019,WH01,826,421
2024-04-01,PRD019,WH01,809,421
2024-04-08,PRD019,WH01,882,421
2024-04-15,PRD019,WH01,809,421
2024-04-22,PRD019,WH01,865,421
2024-04-29,PRD019,WH01,866,421
2024-05-06,PRD019,WH01,915,421
2024-05-13,PRD019,WH01,968,421
2024-05-20,PRD019,WH01,955,421
2024-05-27,PRD019,WH01,918,421
2024-06-03,PRD019,WH01,808,421
2024-06-10,PRD019,WH01,881,421
2024-06-17,PRD019,WH01,949,421
2024-06-24,PRD019,WH01,971,421
2024-07-01,PRD019,WH01,876,421
2024-07-08,PRD019,WH01,886,421
2024-07-15,PRD019,WH01,911,421
2024-07-22,PRD019,WH01,810,421
2024-07-29,PRD019,WH01,905,421
2024-08-05,PRD019,WH01,843,421
2024-08-12,PRD019,WH01,930,421
2024-08-19,PRD019,WH01,1024,421
2024-08-26,PRD019,WH01,1006,421
2024-09-02,PRD019,WH01,1023,421
2024-09-09,PRD019,WH01,1116,421
2024-09-16,PRD019,WH01,1079,421
2024-09-23,PRD019,WH01,1134,421
2024-09-30,PRD019,WH01,1215,421
2024-10-07,PRD019,WH01,1120,421
2024-10-14,PRD019,WH01,1176,421
2024-10-21,PRD019,WH01,1269,421
2024-10-28,PRD019,WH01,1288,421
2024-11-04,PRD019,WH01,1238,421
2024-11-11,PRD019,WH01,1306,421
2024-11-18,PRD019,WH01,1282,421
2024-11-25,PRD019,WH01,1269,421
2024-12-02,PRD019,WH01,1338,421
2024-12-09,PRD019,WH01,1235,421
2024-12-16,PRD019,WH01,1162,421
2024-12-23,PRD019,WH01,1168,421
2024-12-30,PRD019,WH01,1219,421
2025-01-06,PRD019,WH01,1140,421
2025-01-13,PRD019,WH01,1222,421
2025-01-20,PRD019,WH01,1177,421
2025-01-27,PRD019,WH01,1088,421
2025-02-03,PRD019,WH01,1131,421
2025-02-10,PRD019,WH01,1174,421
2025-02-17,PRD019,WH01,1191,421
2025-02-24,PRD019,WH01,1171,421
2025-03-03,PRD019,WH01,1157,421
2025-03-10,PRD019,WH01,1205,421
2025-03-17,PRD019,WH01,1215,421
2025-03-24,PRD019,WH01,1214,421
2025-03-31,PRD019,WH01,1141,421
2025-04-07,PRD019,WH01,1196,421
2025-04-14,PRD019,WH01,1124,421
2025-04-21,PRD019,WH01,1170,421
2025-04-28,PRD019,WH01,1253,421
2025-05-05,PRD019,WH01,1190,421
2025-05-12,PRD019,WH01,1213,421
2025-05-19,PRD019,WH01,1249,421
2025-05-26,PRD019,WH01,1241,421
2025-06-02,PRD019,WH01,1313,421
2025-06-09,PRD019,WH01,1284,421
2025-06-16,PRD019,WH01,1208,421
2025-06-23,PRD019,WH01,1287,421
2025-06-30,PRD019,WH01,1264,421
2025-07-07,PRD019,WH01,1223,421
2025-07-14,PRD019,WH01,1290,421
2025-07-21,PRD019,WH01,1273,421
2025-07-28,PRD019,WH01,1242,421
2025-08-04,PRD019,WH01,1143,421
2025-08-11,PRD019,WH01,1175,421
2025-08-18,PRD019,WH01,1142,421
2025-08-25,PRD019,WH01,1028,421
2025-09-01,PRD019,WH01,1056,421
2025-09-08,PRD019,WH01,1000,421
2025-09-15,PRD019,WH01,1003,421
2025-09-22,PRD019,WH01,1012,421
2025-09-29,PRD019,WH01,908,421
2025-10-06,PRD019,WH01,1007,421
2025-10-13,PRD019,WH01,934,421
2025-10-20,PRD019,WH01,960,421
2025-10-27,PRD019,WH01,886,421
2025-11-03,PRD019,WH01,954,421
2025-11-10,PRD019,WH01,975,421
2025-11-17,PRD019,WH01,910,421
2025-11-24,PRD019,WH01,946,421
2025-12-01,PRD019,WH01,827,421
2025-12-08,PRD019,WH01,717,421
2025-12-15,PRD019,WH01,628,421
2025-12-22,PRD019,WH01,617,421
2025-12-29,PRD019,WH01,659,421
2024-01-01,PRD020,WH01,606,444
2024-01-08,PRD020,WH01,519,444
2024-01-15,PRD020,WH01,599,444
2024-01-22,PRD020,WH01,670,444
2024-01-29,PRD020,WH01,596,444
2024-02-05,PRD020,WH01,484,444
2024-02-12,PRD020,WH01,494,444
2024-02-19,PRD020,WH01,592,444
2024-02-26,PRD020,WH01,644,444
2024-03-04,PRD020,WH01,544,444
2024-03-11,PRD020,WH01,609,444
2024-03-18,PRD020,WH01,708,444
2024-03-25,PRD020,WH01,710,444
2024-04-01,PRD020,WH01,688,444
2024-04-08,PRD020,WH01,735,444
2024-04-15,PRD020,WH01,792,444
2024-04-22,PRD020,WH01,868,444
2024-04-29,PRD020,WH01,921,444
2024-05-06,PRD020,WH01,974,444
2024-05-13,PRD020,WH01,958,444
2024-05-20,PRD020,WH01,1007,444
2024-05-27,PRD020,WH01,939,444
2024-06-03,PRD020,WH01,979,444
2024-06-10,PRD020,WH01,977,444
2024-06-17,PRD020,WH01,1073,444
2024-06-24,PRD020,WH01,1102,444
2024-07-01,PRD020,WH01,1039,444
2024-07-08,PRD020,WH01,926,444
2024-07-15,PRD020,WH01,942,444
2024-07-22,PRD020,WH01,960,444
2024-07-29,PRD020,WH01,1054,444
2024-08-05,PRD020,WH01,970,444
2024-08-12,PRD020,WH01,964,444
2024-08-19,PRD020,WH01,863,444
2024-08-26,PRD020,WH01,858,444
2024-09-02,PRD020,WH01,913,444
2024-09-09,PRD020,WH01,879,444
2024-09-16,PRD020,WH01,895,444
2024-09-23,PRD020,WH01,820,444
2024-09-30,PRD020,WH01,909,444
2024-10-07,PRD020,WH01,912,444
2024-10-14,PRD020,WH01,817,444
2024-10-21,PRD020,WH01,712,444
2024-10-28,PRD020,WH01,641,444
2024-11-04,PRD020,WH01,604,444
2024-11-11,PRD020,WH01,499,444
2024-11-18,PRD020,WH01,466,444
2024-11-25,PRD020,WH01,467,444
2024-12-02,PRD020,WH01,490,444
2024-12-09,PRD020,WH01,482,444
2024-12-16,PRD020,WH01,420,444
2024-12-23,PRD020,WH01,395,444
2024-12-30,PRD020,WH01,440,444
2025-01-06,PRD020,WH01,509,444
2025-01-13,PRD020,WH01,597,444
2025-01-20,PRD020,WH01,533,444
2025-01-27,PRD020,WH01,593,444
2025-02-03,PRD020,WH01,585,444
2025-02-10,PRD020,WH01,500,444
2025-02-17,PRD020,WH01,421,444
2025-02-24,PRD020,WH01,354,444
2025-03-03,PRD020,WH01,321,444
2025-03-10,PRD020,WH01,417,444
2025-03-17,PRD020,WH01,503,444
2025-03-24,PRD020,WH01,434,444
2025-03-31,PRD020,WH01,334,444
2025-04-07,PRD020,WH01,253,444
2025-04-14,PRD020,WH01,276,444
2025-04-21,PRD020,WH01,238,444
2025-04-28,PRD020,WH01,137,444
2025-05-05,PRD020,WH01,138,444
2025-05-12,PRD020,WH01,141,444
2025-05-19,PRD020,WH01,122,444
2025-05-26,PRD020,WH01,134,444
2025-06-02,PRD020,WH01,156,444
2025-06-09,PRD020,WH01,75,444
2025-06-16,PRD020,WH01,28,444
2025-06-23,PRD020,WH01,0,444
2025-06-30,PRD020,WH01,0,444
2025-07-07,PRD020,WH01,0,444
2025-07-14,PRD020,WH01,0,444
2025-07-21,PRD020,WH01,79,444
2025-07-28,PRD020,WH01,0,444
2025-08-04,PRD020,WH01,0,444
2025-08-11,PRD020,WH01,70,444
2025-08-18,PRD020,WH01,0,444
2025-08-25,PRD020,WH01,0,444
2025-09-01,PRD020,WH01,0,444
2025-09-08,PRD020,WH01,28,444
2025-09-15,PRD020,WH01,101,444
2025-09-22,PRD020,WH01,127,444
2025-09-29,PRD020,WH01,148,444
2025-10-06,PRD020,WH01,231,444
2025-10-13,PRD020,WH01,211,444
2025-10-20,PRD020,WH01,110,444
2025-10-27,PRD020,WH01,46,444
2025-11-03,PRD020,WH01,73,444
2025-11-10,PRD020,WH01,69,444
2025-11-17,PRD020,WH01,0,444
2025-11-24,PRD020,WH01,0,444
2025-12-01,PRD020,WH01,82,444
2025-12-08,PRD020,WH01,145,444
2025-12-15,PRD020,WH01,76,444
2025-12-22,PRD020,WH01,30,444
2025-12-29,PRD020,WH01,119,444
2024-01-01,PRD021,WH01,108,250
2024-01-08,PRD021,WH01,124,250
2024-01-15,PRD021,WH01,129,250
2024-01-22,PRD021,WH01,69,250
2024-01-29,PRD021,WH01,6,250
2024-02-05,PRD021,WH01,83,250
2024-02-12,PRD021,WH01,38,250
2024-02-19,PRD021,WH01,0,250
2024-02-26,PRD021,WH01,0,250
2024-03-04,PRD021,WH01,0,250
2024-03-11,PRD021,WH01,0,250
2024-03-18,PRD021,WH01,48,250
2024-03-25,PRD021,WH01,127,250
2024-04-01,PRD021,WH01,31,250
2024-04-08,PRD021,WH01,68,250
2024-04-15,PRD021,WH01,166,250
2024-04-22,PRD021,WH01,217,250
2024-04-29,PRD021,WH01,301,250
2024-05-06,PRD021,WH01,340,250
2024-05-13,PRD021,WH01,353,250
2024-05-20,PRD021,WH01,347,250
2024-05-27,PRD021,WH01,285,250
2024-06-03,PRD021,WH01,376,250
2024-06-10,PRD021,WH01,397,250
2024-06-17,PRD021,WH01,427,250
2024-06-24,PRD021,WH01,383,250
2024-07-01,PRD021,WH01,388,250
2024-07-08,PRD021,WH01,355,250
2024-07-15,PRD021,WH01,360,250
2024-07-22,PRD021,WH01,287,250
2024-07-29,PRD021,WH01,354,250
2024-08-05,PRD021,WH01,280,250
2024-08-12,PRD021,WH01,297,250
2024-08-19,PRD021,WH01,222,250
2024-08-26,PRD021,WH01,175,250
2024-09-02,PRD021,WH01,62,250
2024-09-09,PRD021,WH01,23,250
2024-09-16,PRD021,WH01,80,250
2024-09-23,PRD021,WH01,35,250
2024-09-30,PRD021,WH01,63,250
2024-10-07,PRD021,WH01,56,250
2024-10-14,PRD021,WH01,89,250
2024-10-21,PRD021,WH01,107,250
2024-10-28,PRD021,WH01,0,250
2024-11-04,PRD021,WH01,59,250
2024-11-11,PRD021,WH01,96,250
2024-11-18,PRD021,WH01,149,250
2024-11-25,PRD021,WH01,157,250
2024-12-02,PRD021,WH01,216,250
2024-12-09,PRD021,WH01,110,250
2024-12-16,PRD021,WH01,17,250
2024-12-23,PRD021,WH01,87,250
2024-12-30,PRD021,WH01,24,250
2025-01-06,PRD021,WH01,100,250
2025-01-13,PRD021,WH01,152,250
2025-01-20,PRD021,WH01,200,250
2025-01-27,PRD021,WH01,151,250
2025-02-03,PRD021,WH01,68,250
2025-02-10,PRD021,WH01,161,250
2025-02-17,PRD021,WH01,78,250
2025-02-24,PRD021,WH01,137,250
2025-03-03,PRD021,WH01,62,250
2025-03-10,PRD021,WH01,0,250
2025-03-17,PRD021,WH01,0,250
2025-03-24,PRD021,WH01,11,250
2025-03-31,PRD021,WH01,20,250
2025-04-07,PRD021,WH01,0,250
2025-04-14,PRD021,WH01,0,250
2025-04-21,PRD021,WH01,68,250
2025-04-28,PRD021,WH01,72,250
2025-05-05,PRD021,WH01,112,250
2025-05-12,PRD021,WH01,197,250
2025-05-19,PRD021,WH01,197,250
2025-05-26,PRD021,WH01,284,250
2025-06-02,PRD021,WH01,221,250
2025-06-09,PRD021,WH01,192,250
2025-06-16,PRD021,WH01,240,250
2025-06-23,PRD021,WH01,128,250
2025-06-30,PRD021,WH01,105,250
2025-07-07,PRD021,WH01,187,250
2025-07-14,PRD021,WH01,213,250
2025-07-21,PRD021,WH01,185,250
2025-07-28,PRD021,WH01,184,250
2025-08-04,PRD021,WH01,177,250
2025-08-11,PRD021,WH01,100,250
2025-08-18,PRD021,WH01,52,250
2025-08-25,PRD021,WH01,0,250
2025-09-01,PRD021,WH01,0,250
2025-09-08,PRD021,WH01,0,250
2025-09-15,PRD021,WH01,15,250
2025-09-22,PRD021,WH01,0,250
2025-09-29,PRD021,WH01,0,250
2025-10-06,PRD021,WH01,0,250
2025-10-13,PRD021,WH01,0,250
2025-10-20,PRD021,WH01,88,250
2025-10-27,PRD021,WH01,91,250
2025-11-03,PRD021,WH01,57,250
2025-11-10,PRD021,WH01,129,250
2025-11-17,PRD021,WH01,54,250
2025-11-24,PRD021,WH01,33,250
2025-12-01,PRD021,WH01,0,250
2025-12-08,PRD021,WH01,0,250
2025-12-15,PRD021,WH01,0,250
2025-12-22,PRD021,WH01,0,250
2025-12-29,PRD021,WH01,0,250
2024-01-01,PRD022,WH01,245,375
2024-01-08,PRD022,WH01,172,375
2024-01-15,PRD022,WH01,242,375
2024-01-22,PRD022,WH01,310,375
2024-01-29,PRD022,WH01,286,375
2024-02-05,PRD022,WH01,369,375
2024-02-12,PRD022,WH01,389,375
2024-02-19,PRD022,WH01,363,375
2024-02-26,PRD022,WH01,295,375
2024-03-04,PRD022,WH01,381,375
2024-03-11,PRD022,WH01,359,375
2024-03-18,PRD022,WH01,247,375
2024-03-25,PRD022,WH01,196,375
2024-04-01,PRD022,WH01,270,375
2024-04-08,PRD022,WH01,253,375
2024-04-15,PRD022,WH01,274,375
2024-04-22,PRD022,WH01,167,375
2024-04-29,PRD022,WH01,261,375
2024-05-06,PRD022,WH01,317,375
2024-05-13,PRD022,WH01,389,375
2024-05-20,PRD022,WH01,368,375
2024-05-27,PRD022,WH01,463,375
2024-06-03,PRD022,WH01,432,375
2024-06-10,PRD022,WH01,449,375
2024-06-17,PRD022,WH01,367,375
2024-06-24,PRD022,WH01,431,375
2024-07-01,PRD022,WH01,328,375
2024-07-08,PRD022,WH01,329,375
2024-07-15,PRD022,WH01,282,375
2024-07-22,PRD022,WH01,231,375
2024-07-29,PRD022,WH01,179,375
2024-08-05,PRD022,WH01,259,375
2024-08-12,PRD022,WH01,333,375
2024-08-19,PRD022,WH01,397,375
2024-08-26,PRD022,WH01,323,375
2024-09-02,PRD022,WH01,378,375
2024-09-09,PRD022,WH01,446,375
2024-09-16,PRD022,WH01,461,375
2024-09-23,PRD022,WH01,542,375
2024-09-30,PRD022,WH01,528,375
2024-10-07,PRD022,WH01,432,375
2024-10-14,PRD022,WH01,425,375
2024-10-21,PRD022,WH01,404,375
2024-10-28,PRD022,WH01,350,375
2024-11-04,PRD022,WH01,448,375
2024-11-11,PRD022,WH01,414,375
2024-11-18,PRD022,WH01,401,375
2024-11-25,PRD022,WH01,378,375
2024-12-02,PRD022,WH01,374,375
2024-12-09,PRD022,WH01,321,375
2024-12-16,PRD022,WH01,404,375
2024-12-23,PRD022,WH01,406,375
2024-12-30,PRD022,WH01,332,375
2025-01-06,PRD022,WH01,328,375
2025-01-13,PRD022,WH01,383,375
2025-01-20,PRD022,WH01,315,375
2025-01-27,PRD022,WH01,213,375
2025-02-03,PRD022,WH01,281,375
2025-02-10,PRD022,WH01,369,375
2025-02-17,PRD022,WH01,274,375
2025-02-24,PRD022,WH01,368,375
2025-03-03,PRD022,WH01,336,375
2025-03-10,PRD022,WH01,257,375
2025-03-17,PRD022,WH01,270,375
2025-03-24,PRD022,WH01,361,375
2025-03-31,PRD022,WH01,300,375
2025-04-07,PRD022,WH01,376,375
2025-04-14,PRD022,WH01,418,375
2025-04-21,PRD022,WH01,397,375
2025-04-28,PRD022,WH01,311,375
2025-05-05,PRD022,WH01,330,375
2025-05-12,PRD022,WH01,299,375
2025-05-19,PRD022,WH01,303,375
2025-05-26,PRD022,WH01,397,375
2025-06-02,PRD022,WH01,449,375
2025-06-09,PRD022,WH01,524,375
2025-06-16,PRD022,WH01,539,375
2025-06-23,PRD022,WH01,445,375
2025-06-30,PRD022,WH01,352,375
2025-07-07,PRD022,WH01,367,375
2025-07-14,PRD022,WH01,418,375
2025-07-21,PRD022,WH01,479,375
2025-07-28,PRD022,WH01,372,375
2025-08-04,PRD022,WH01,420,375
2025-08-11,PRD022,WH01,497,375
2025-08-18,PRD022,WH01,481,375
2025-08-25,PRD022,WH01,510,375
2025-09-01,PRD022,WH01,542,375
2025-09-08,PRD022,WH01,493,375
2025-09-15,PRD022,WH01,504,375
2025-09-22,PRD022,WH01,502,375
2025-09-29,PRD022,WH01,591,375
2025-10-06,PRD022,WH01,505,375
2025-10-13,PRD022,WH01,499,375
2025-10-20,PRD022,WH01,495,375
2025-10-27,PRD022,WH01,583,375
2025-11-03,PRD022,WH01,569,375
2025-11-10,PRD022,WH01,567,375
2025-11-17,PRD022,WH01,568,375
2025-11-24,PRD022,WH01,545,375
2025-12-01,PRD022,WH01,572,375
2025-12-08,PRD022,WH01,627,375
2025-12-15,PRD022,WH01,580,375
2025-12-22,PRD022,WH01,576,375
2025-12-29,PRD022,WH01,635,375
2024-01-01,PRD023,WH01,268,197
2024-01-08,PRD023,WH01,243,197
2024-01-15,PRD023,WH01,240,197
2024-01-22,PRD023,WH01,201,197
2024-01-29,PRD023,WH01,192,197
2024-02-05,PRD023,WH01,104,197
2024-02-12,PRD023,WH01,42,197
2024-02-19,PRD023,WH01,0,197
2024-02-26,PRD023,WH01,51,197
2024-03-04,PRD023,WH01,0,197
2024-03-11,PRD023,WH01,0,197
2024-03-18,PRD023,WH01,0,197
2024-03-25,PRD023,WH01,38,197
2024-04-01,PRD023,WH01,0,197
2024-04-08,PRD023,WH01,40,197
2024-04-15,PRD023,WH01,23,197
2024-04-22,PRD023,WH01,10,197
2024-04-29,PRD023,WH01,12,197
2024-05-06,PRD023,WH01,0,197
2024-05-13,PRD023,WH01,18,197
2024-05-20,PRD023,WH01,0,197
2024-05-27,PRD023,WH01,0,197
2024-06-03,PRD023,WH01,74,197
2024-06-10,PRD023,WH01,0,197
2024-06-17,PRD023,WH01,40,197
2024-06-24,PRD023,WH01,2,197
2024-07-01,PRD023,WH01,0,197
2024-07-08,PRD023,WH01,0,197
2024-07-15,PRD023,WH01,3,197
2024-07-22,PRD023,WH01,0,197
2024-07-29,PRD023,WH01,26,197
2024-08-05,PRD023,WH01,13,197
2024-08-12,PRD023,WH01,79,197
2024-08-19,PRD023,WH01,95,197
2024-08-26,PRD023,WH01,76,197
2024-09-02,PRD023,WH01,54,197
2024-09-09,PRD023,WH01,0,197
2024-09-16,PRD023,WH01,75,197
2024-09-23,PRD023,WH01,0,197
2024-09-30,PRD023,WH01,0,197
2024-10-07,PRD023,WH01,0,197
2024-10-14,PRD023,WH01,0,197
2024-10-21,PRD023,WH01,81,197
2024-10-28,PRD023,WH01,124,197
2024-11-04,PRD023,WH01,17,197
2024-11-11,PRD023,WH01,17,197
2024-11-18,PRD023,WH01,31,197
2024-11-25,PRD023,WH01,0,197
2024-12-02,PRD023,WH01,0,197
2024-12-09,PRD023,WH01,0,197
2024-12-16,PRD023,WH01,66,197
2024-12-23,PRD023,WH01,26,197
2024-12-30,PRD023,WH01,113,197
2025-01-06,PRD023,WH01,191,197
2025-01-13,PRD023,WH01,149,197
2025-01-20,PRD023,WH01,184,197
2025-01-27,PRD023,WH01,123,197
2025-02-03,PRD023,WH01,8,197
2025-02-10,PRD023,WH01,21,197
2025-02-17,PRD023,WH01,0,197
2025-02-24,PRD023,WH01,60,197
2025-03-03,PRD023,WH01,37,197
2025-03-10,PRD023,WH01,0,197
2025-03-17,PRD023,WH01,0,197
2025-03-24,PRD023,WH01,0,197
2025-03-31,PRD023,WH01,0,197
2025-04-07,PRD023,WH01,0,197
2025-04-14,PRD023,WH01,0,197
2025-04-21,PRD023,WH01,85,197
2025-04-28,PRD023,WH01,20,197
2025-05-05,PRD023,WH01,0,197
2025-05-12,PRD023,WH01,0,197
2025-05-19,PRD023,WH01,0,197
2025-05-26,PRD023,WH01,70,197
2025-06-02,PRD023,WH01,0,197
2025-06-09,PRD023,WH01,48,197
2025-06-16,PRD023,WH01,100,197
2025-06-23,PRD023,WH01,160,197
2025-06-30,PRD023,WH01,231,197
2025-07-07,PRD023,WH01,194,197
2025-07-14,PRD023,WH01,208,197
2025-07-21,PRD023,WH01,237,197
2025-07-28,PRD023,WH01,225,197
2025-08-04,PRD023,WH01,218,197
2025-08-11,PRD023,WH01,317,197
2025-08-18,PRD023,WH01,344,197
2025-08-25,PRD023,WH01,255,197
2025-09-01,PRD023,WH01,281,197
2025-09-08,PRD023,WH01,188,197
2025-09-15,PRD023,WH01,284,197
2025-09-22,PRD023,WH01,249,197
2025-09-29,PRD023,WH01,194,197
2025-10-06,PRD023,WH01,286,197
2025-10-13,PRD023,WH01,363,197
2025-10-20,PRD023,WH01,284,197
2025-10-27,PRD023,WH01,217,197
2025-11-03,PRD023,WH01,163,197
2025-11-10,PRD023,WH01,106,197
2025-11-17,PRD023,WH01,9,197
2025-11-24,PRD023,WH01,0,197
2025-12-01,PRD023,WH01,0,197
2025-12-08,PRD023,WH01,93,197
2025-12-15,PRD023,WH01,56,197
2025-12-22,PRD023,WH01,131,197
2025-12-29,PRD023,WH01,164,197
2024-01-01,PRD024,WH01,206,395
2024-01-08,PRD024,WH01,232,395
2024-01-15,PRD024,WH01,142,395
2024-01-22,PRD024,WH01,129,395
2024-01-29,PRD024,WH01,11,395
2024-02-05,PRD024,WH01,0,395
2024-02-12,PRD024,WH01,0,395
2024-02-19,PRD024,WH01,18,395
2024-02-26,PRD024,WH01,0,395
2024-03-04,PRD024,WH01,0,395
2024-03-11,PRD024,WH01,54,395
2024-03-18,PRD024,WH01,0,395
2024-03-25,PRD024,WH01,0,395
2024-04-01,PRD024,WH01,0,395
2024-04-08,PRD024,WH01,0,395
2024-04-15,PRD024,WH01,0,395
2024-04-22,PRD024,WH01,8,395
2024-04-29,PRD024,WH01,47,395
2024-05-06,PRD024,WH01,47,395
2024-05-13,PRD024,WH01,0,395
2024-05-20,PRD024,WH01,0,395
2024-05-27,PRD024,WH01,66,395
2024-06-03,PRD024,WH01,35,395
2024-06-10,PRD024,WH01,83,395
2024-06-17,PRD024,WH01,175,395
2024-06-24,PRD024,WH01,170,395
2024-07-01,PRD024,WH01,263,395
2024-07-08,PRD024,WH01,153,395
2024-07-15,PRD024,WH01,231,395
2024-07-22,PRD024,WH01,308,395
2024-07-29,PRD024,WH01,340,395
2024-08-05,PRD024,WH01,315,395
2024-08-12,PRD024,WH01,355,395
2024-08-19,PRD024,WH01,329,395
2024-08-26,PRD024,WH01,352,395
2024-09-02,PRD024,WH01,395,395
2024-09-09,PRD024,WH01,291,395
2024-09-16,PRD024,WH01,343,395
2024-09-23,PRD024,WH01,376,395
2024-09-30,PRD024,WH01,406,395
2024-10-07,PRD024,WH01,458,395
2024-10-14,PRD024,WH01,512,395
2024-10-21,PRD024,WH01,575,395
2024-10-28,PRD024,WH01,465,395
2024-11-04,PRD024,WH01,460,395
2024-11-11,PRD024,WH01,454,395
2024-11-18,PRD024,WH01,363,395
2024-11-25,PRD024,WH01,267,395
2024-12-02,PRD024,WH01,244,395
2024-12-09,PRD024,WH01,231,395
2024-12-16,PRD024,WH01,259,395
2024-12-23,PRD024,WH01,268,395
2024-12-30,PRD024,WH01,342,395
2025-01-06,PRD024,WH01,226,395
2025-01-13,PRD024,WH01,278,395
2025-01-20,PRD024,WH01,223,395
2025-01-27,PRD024,WH01,294,395
2025-02-03,PRD024,WH01,196,395
2025-02-10,PRD024,WH01,281,395
2025-02-17,PRD024,WH01,306,395
2025-02-24,PRD024,WH01,388,395
2025-03-03,PRD024,WH01,325,395
2025-03-10,PRD024,WH01,264,395
2025-03-17,PRD024,WH01,158,395
2025-03-24,PRD024,WH01,122,395
2025-03-31,PRD024,WH01,198,395
2025-04-07,PRD024,WH01,144,395
2025-04-14,PRD024,WH01,233,395
2025-04-21,PRD024,WH01,120,395
2025-04-28,PRD024,WH01,165,395
2025-05-05,PRD024,WH01,198,395
2025-05-12,PRD024,WH01,141,395
2025-05-19,PRD024,WH01,225,395
2025-05-26,PRD024,WH01,296,395
2025-06-02,PRD024,WH01,290,395
2025-06-09,PRD024,WH01,296,395
2025-06-16,PRD024,WH01,249,395
2025-06-23,PRD024,WH01,257,395
2025-06-30,PRD024,WH01,178,395
2025-07-07,PRD024,WH01,196,395
2025-07-14,PRD024,WH01,144,395
2025-07-21,PRD024,WH01,152,395
2025-07-28,PRD024,WH01,224,395
2025-08-04,PRD024,WH01,186,395
2025-08-11,PRD024,WH01,243,395
2025-08-18,PRD024,WH01,191,395
2025-08-25,PRD024,WH01,274,395
2025-09-01,PRD024,WH01,245,395
2025-09-08,PRD024,WH01,312,395
2025-09-15,PRD024,WH01,356,395
2025-09-22,PRD024,WH01,386,395
2025-09-29,PRD024,WH01,270,395
2025-10-06,PRD024,WH01,236,395
2025-10-13,PRD024,WH01,331,395
2025-10-20,PRD024,WH01,291,395
2025-10-27,PRD024,WH01,302,395
2025-11-03,PRD024,WH01,326,395
2025-11-10,PRD024,WH01,328,395
2025-11-17,PRD024,WH01,365,395
2025-11-24,PRD024,WH01,298,395
2025-12-01,PRD024,WH01,293,395
2025-12-08,PRD024,WH01,261,395
2025-12-15,PRD024,WH01,221,395
2025-12-22,PRD024,WH01,178,395
2025-12-29,PRD024,WH01,80,395
2024-01-01,PRD025,WH01,275,401
2024-01-08,PRD025,WH01,341,401
2024-01-15,PRD025,WH01,272,401
2024-01-22,PRD025,WH01,197,401
2024-01-29,PRD025,WH01,285,401
2024-02-05,PRD025,WH01,282,401
2024-02-12,PRD025,WH01,239,401
2024-02-19,PRD025,WH01,305,401
2024-02-26,PRD025,WH01,263,401
2024-03-04,PRD025,WH01,161,401
2024-03-11,PRD025,WH01,167,401
2024-03-18,PRD025,WH01,115,401
2024-03-25,PRD025,WH01,11,401
2024-04-01,PRD025,WH01,0,401
2024-04-08,PRD025,WH01,0,401
2024-04-15,PRD025,WH01,13,401
2024-04-22,PRD025,WH01,0,401
2024-04-29,PRD025,WH01,54,401
2024-05-06,PRD025,WH01,78,401
2024-05-13,PRD025,WH01,0,401
2024-05-20,PRD025,WH01,18,401
2024-05-27,PRD025,WH01,58,401
2024-06-03,PRD025,WH01,0,401
2024-06-10,PRD025,WH01,0,401
2024-06-17,PRD025,WH01,0,401
2024-06-24,PRD025,WH01,0,401
2024-07-01,PRD025,WH01,12,401
2024-07-08,PRD025,WH01,0,401
2024-07-15,PRD025,WH01,0,401
2024-07-22,PRD025,WH01,53,401
2024-07-29,PRD025,WH01,22,401
2024-08-05,PRD025,WH01,0,401
2024-08-12,PRD025,WH01,0,401
2024-08-19,PRD025,WH01,0,401
2024-08-26,PRD025,WH01,92,401
2024-09-02,PRD025,WH01,0,401
2024-09-09,PRD025,WH01,14,401
2024-09-16,PRD025,WH01,0,401
2024-09-23,PRD025,WH01,51,401
2024-09-30,PRD025,WH01,0,401
2024-10-07,PRD025,WH01,62,401
2024-10-14,PRD025,WH01,0,401
2024-10-21,PRD025,WH01,85,401
2024-10-28,PRD025,WH01,117,401
2024-11-04,PRD025,WH01,77,401
2024-11-11,PRD025,WH01,0,401
2024-11-18,PRD025,WH01,99,401
2024-11-25,PRD025,WH01,82,401
2024-12-02,PRD025,WH01,130,401
2024-12-09,PRD025,WH01,91,401
2024-12-16,PRD025,WH01,102,401
2024-12-23,PRD025,WH01,21,401
2024-12-30,PRD025,WH01,0,401
2025-01-06,PRD025,WH01,88,401
2025-01-13,PRD025,WH01,150,401
2025-01-20,PRD025,WH01,190,401
2025-01-27,PRD025,WH01,195,401
2025-02-03,PRD025,WH01,113,401
2025-02-10,PRD025,WH01,144,401
2025-02-17,PRD025,WH01,106,401
2025-02-24,PRD025,WH01,48,401
2025-03-03,PRD025,WH01,0,401
2025-03-10,PRD025,WH01,0,401
2025-03-17,PRD025,WH01,7,401
2025-03-24,PRD025,WH01,0,401
2025-03-31,PRD025,WH01,0,401
2025-04-07,PRD025,WH01,0,401
2025-04-14,PRD025,WH01,0,401
2025-04-21,PRD025,WH01,0,401
2025-04-28,PRD025,WH01,22,401
2025-05-05,PRD025,WH01,0,401
2025-05-12,PRD025,WH01,0,401
2025-05-19,PRD025,WH01,0,401
2025-05-26,PRD025,WH01,66,401
2025-06-02,PRD025,WH01,147,401
2025-06-09,PRD025,WH01,32,401
2025-06-16,PRD025,WH01,103,401
2025-06-23,PRD025,WH01,133,401
2025-06-30,PRD025,WH01,182,401
2025-07-07,PRD025,WH01,130,401
2025-07-14,PRD025,WH01,177,401
2025-07-21,PRD025,WH01,87,401
2025-07-28,PRD025,WH01,108,401
2025-08-04,PRD025,WH01,185,401
2025-08-11,PRD025,WH01,161,401
2025-08-18,PRD025,WH01,85,401
2025-08-25,PRD025,WH01,60,401
2025-09-01,PRD025,WH01,0,401
2025-09-08,PRD025,WH01,46,401
2025-09-15,PRD025,WH01,75,401
2025-09-22,PRD025,WH01,32,401
2025-09-29,PRD025,WH01,0,401
2025-10-06,PRD025,WH01,95,401
2025-10-13,PRD025,WH01,73,401
2025-10-20,PRD025,WH01,159,401
2025-10-27,PRD025,WH01,51,401
2025-11-03,PRD025,WH01,98,401
2025-11-10,PRD025,WH01,0,401
2025-11-17,PRD025,WH01,65,401
2025-11-24,PRD025,WH01,139,401
2025-12-01,PRD025,WH01,218,401
2025-12-08,PRD025,WH01,239,401
2025-12-15,PRD025,WH01,309,401
2025-12-22,PRD025,WH01,326,401
2025-12-29,PRD025,WH01,302,401
2024-01-01,PRD001,WH02,746,308
2024-01-08,PRD001,WH02,629,308
2024-01-15,PRD001,WH02,563,308
2024-01-22,PRD001,WH02,557,308
2024-01-29,PRD001,WH02,573,308
2024-02-05,PRD001,WH02,641,308
2024-02-12,PRD001,WH02,585,308
2024-02-19,PRD001,WH02,525,308
2024-02-26,PRD001,WH02,588,308
2024-03-04,PRD001,WH02,682,308
2024-03-11,PRD001,WH02,638,308
2024-03-18,PRD001,WH02,570,308
2024-03-25,PRD001,WH02,493,308
2024-04-01,PRD001,WH02,428,308
2024-04-08,PRD001,WH02,401,308
2024-04-15,PRD001,WH02,447,308
2024-04-22,PRD001,WH02,349,308
2024-04-29,PRD001,WH02,377,308
2024-05-06,PRD001,WH02,359,308
2024-05-13,PRD001,WH02,315,308
2024-05-20,PRD001,WH02,335,308
2024-05-27,PRD001,WH02,273,308
2024-06-03,PRD001,WH02,178,308
2024-06-10,PRD001,WH02,170,308
2024-06-17,PRD001,WH02,265,308
2024-06-24,PRD001,WH02,233,308
2024-07-01,PRD001,WH02,287,308
2024-07-08,PRD001,WH02,298,308
2024-07-15,PRD001,WH02,262,308
2024-07-22,PRD001,WH02,212,308
2024-07-29,PRD001,WH02,161,308
2024-08-05,PRD001,WH02,110,308
2024-08-12,PRD001,WH02,160,308
2024-08-19,PRD001,WH02,206,308
2024-08-26,PRD001,WH02,244,308
2024-09-02,PRD001,WH02,196,308
2024-09-09,PRD001,WH02,77,308
2024-09-16,PRD001,WH02,169,308
2024-09-23,PRD001,WH02,55,308
2024-09-30,PRD001,WH02,0,308
2024-10-07,PRD001,WH02,14,308
2024-10-14,PRD001,WH02,0,308
2024-10-21,PRD001,WH02,96,308
2024-10-28,PRD001,WH02,23,308
2024-11-04,PRD001,WH02,0,308
2024-11-11,PRD001,WH02,84,308
2024-11-18,PRD001,WH02,58,308
2024-11-25,PRD001,WH02,0,308
2024-12-02,PRD001,WH02,1,308
2024-12-09,PRD001,WH02,0,308
2024-12-16,PRD001,WH02,0,308
2024-12-23,PRD001,WH02,65,308
2024-12-30,PRD001,WH02,0,308
2025-01-06,PRD001,WH02,37,308
2025-01-13,PRD001,WH02,0,308
2025-01-20,PRD001,WH02,0,308
2025-01-27,PRD001,WH02,0,308
2025-02-03,PRD001,WH02,0,308
2025-02-10,PRD001,WH02,0,308
2025-02-17,PRD001,WH02,31,308
2025-02-24,PRD001,WH02,0,308
2025-03-03,PRD001,WH02,0,308
2025-03-10,PRD001,WH02,0,308
2025-03-17,PRD001,WH02,83,308
2025-03-24,PRD001,WH02,65,308
2025-03-31,PRD001,WH02,0,308
2025-04-07,PRD001,WH02,0,308
2025-04-14,PRD001,WH02,34,308
2025-04-21,PRD001,WH02,6,308
2025-04-28,PRD001,WH02,9,308
2025-05-05,PRD001,WH02,7,308
2025-05-12,PRD001,WH02,0,308
2025-05-19,PRD001,WH02,67,308
2025-05-26,PRD001,WH02,48,308
2025-06-02,PRD001,WH02,50,308
2025-06-09,PRD001,WH02,115,308
2025-06-16,PRD001,WH02,179,308
2025-06-23,PRD001,WH02,234,308
2025-06-30,PRD001,WH02,222,308
2025-07-07,PRD001,WH02,209,308
2025-07-14,PRD001,WH02,129,308
2025-07-21,PRD001,WH02,204,308
2025-07-28,PRD001,WH02,245,308
2025-08-04,PRD001,WH02,286,308
2025-08-11,PRD001,WH02,295,308
2025-08-18,PRD001,WH02,394,308
2025-08-25,PRD001,WH02,274,308
2025-09-01,PRD001,WH02,240,308
2025-09-08,PRD001,WH02,156,308
2025-09-15,PRD001,WH02,118,308
2025-09-22,PRD001,WH02,184,308
2025-09-29,PRD001,WH02,282,308
2025-10-06,PRD001,WH02,332,308
2025-10-13,PRD001,WH02,326,308
2025-10-20,PRD001,WH02,392,308
2025-10-27,PRD001,WH02,347,308
2025-11-03,PRD001,WH02,291,308
2025-11-10,PRD001,WH02,183,308
2025-11-17,PRD001,WH02,173,308
2025-11-24,PRD001,WH02,53,308
2025-12-01,PRD001,WH02,105,308
2025-12-08,PRD001,WH02,58,308
2025-12-15,PRD001,WH02,79,308
2025-12-22,PRD001,WH02,126,308
2025-12-29,PRD001,WH02,155,308
2024-01-01,PRD002,WH02,791,460
2024-01-08,PRD002,WH02,771,460
2024-01-15,PRD002,WH02,862,460
2024-01-22,PRD002,WH02,788,460
2024-01-29,PRD002,WH02,854,460
2024-02-05,PRD002,WH02,825,460
2024-02-12,PRD002,WH02,844,460
2024-02-19,PRD002,WH02,780,460
2024-02-26,PRD002,WH02,867,460
2024-03-04,PRD002,WH02,811,460
2024-03-11,PRD002,WH02,836,460
2024-03-18,PRD002,WH02,911,460
2024-03-25,PRD002,WH02,860,460
2024-04-01,PRD002,WH02,797,460
2024-04-08,PRD002,WH02,855,460
2024-04-15,PRD002,WH02,796,460
2024-04-22,PRD002,WH02,865,460
2024-04-29,PRD002,WH02,857,460
2024-05-06,PRD002,WH02,844,460
2024-05-13,PRD002,WH02,886,460
2024-05-20,PRD002,WH02,969,460
2024-05-27,PRD002,WH02,875,460
2024-06-03,PRD002,WH02,938,460
2024-06-10,PRD002,WH02,846,460
2024-06-17,PRD002,WH02,768,460
2024-06-24,PRD002,WH02,764,460
2024-07-01,PRD002,WH02,660,460
2024-07-08,PRD002,WH02,704,460
2024-07-15,PRD002,WH02,623,460
2024-07-22,PRD002,WH02,593,460
2024-07-29,PRD002,WH02,657,460
2024-08-05,PRD002,WH02,670,460
2024-08-12,PRD002,WH02,649,460
2024-08-19,PRD002,WH02,715,460
2024-08-26,PRD002,WH02,781,460
2024-09-02,PRD002,WH02,769,460
2024-09-09,PRD002,WH02,765,460
2024-09-16,PRD002,WH02,843,460
2024-09-23,PRD002,WH02,765,460
2024-09-30,PRD002,WH02,766,460
2024-10-07,PRD002,WH02,773,460
2024-10-14,PRD002,WH02,736,460
2024-10-21,PRD002,WH02,817,460
2024-10-28,PRD002,WH02,839,460
2024-11-04,PRD002,WH02,733,460
2024-11-11,PRD002,WH02,699,460
2024-11-18,PRD002,WH02,588,460
2024-11-25,PRD002,WH02,535,460
2024-12-02,PRD002,WH02,447,460
2024-12-09,PRD002,WH02,530,460
2024-12-16,PRD002,WH02,418,460
2024-12-23,PRD002,WH02,452,460
2024-12-30,PRD002,WH02,521,460
2025-01-06,PRD002,WH02,522,460
2025-01-13,PRD002,WH02,412,460
2025-01-20,PRD002,WH02,434,460
2025-01-27,PRD002,WH02,512,460
2025-02-03,PRD002,WH02,481,460
2025-02-10,PRD002,WH02,368,460
2025-02-17,PRD002,WH02,316,460
2025-02-24,PRD002,WH02,389,460
2025-03-03,PRD002,WH02,398,460
2025-03-10,PRD002,WH02,479,460
2025-03-17,PRD002,WH02,503,460
2025-03-24,PRD002,WH02,459,460
2025-03-31,PRD002,WH02,347,460
2025-04-07,PRD002,WH02,434,460
2025-04-14,PRD002,WH02,384,460
2025-04-21,PRD002,WH02,339,460
2025-04-28,PRD002,WH02,222,460
2025-05-05,PRD002,WH02,132,460
2025-05-12,PRD002,WH02,142,460
2025-05-19,PRD002,WH02,62,460
2025-05-26,PRD002,WH02,76,460
2025-06-02,PRD002,WH02,149,460
2025-06-09,PRD002,WH02,103,460
2025-06-16,PRD002,WH02,160,460
2025-06-23,PRD002,WH02,99,460
2025-06-30,PRD002,WH02,177,460
2025-07-07,PRD002,WH02,103,460
2025-07-14,PRD002,WH02,39,460
2025-07-21,PRD002,WH02,2,460
2025-07-28,PRD002,WH02,31,460
2025-08-04,PRD002,WH02,0,460
2025-08-11,PRD002,WH02,0,460
2025-08-18,PRD002,WH02,0,460
2025-08-25,PRD002,WH02,81,460
2025-09-01,PRD002,WH02,150,460
2025-09-08,PRD002,WH02,143,460
2025-09-15,PRD002,WH02,34,460
2025-09-22,PRD002,WH02,0,460
2025-09-29,PRD002,WH02,0,460
2025-10-06,PRD002,WH02,60,460
2025-10-13,PRD002,WH02,58,460
2025-10-20,PRD002,WH02,0,460
2025-10-27,PRD002,WH02,88,460
2025-11-03,PRD002,WH02,179,460
2025-11-10,PRD002,WH02,238,460
2025-11-17,PRD002,WH02,329,460
2025-11-24,PRD002,WH02,286,460
2025-12-01,PRD002,WH02,271,460
2025-12-08,PRD002,WH02,319,460
2025-12-15,PRD002,WH02,339,460
2025-12-22,PRD002,WH02,338,460
2025-12-29,PRD002,WH02,385,460
2024-01-01,PRD003,WH02,633,214
2024-01-08,PRD003,WH02,608,214
2024-01-15,PRD003,WH02,617,214
2024-01-22,PRD003,WH02,660,214
2024-01-29,PRD003,WH02,553,214
2024-02-05,PRD003,WH02,586,214
2024-02-12,PRD003,WH02,659,214
2024-02-19,PRD003,WH02,677,214
2024-02-26,PRD003,WH02,757,214
2024-03-04,PRD003,WH02,686,214
2024-03-11,PRD003,WH02,690,214
2024-03-18,PRD003,WH02,640,214
2024-03-25,PRD003,WH02,682,214
2024-04-01,PRD003,WH02,770,214
2024-04-08,PRD003,WH02,867,214
2024-04-15,PRD003,WH02,903,214
2024-04-22,PRD003,WH02,820,214
2024-04-29,PRD003,WH02,732,214
2024-05-06,PRD003,WH02,686,214
2024-05-13,PRD003,WH02,699,214
2024-05-20,PRD003,WH02,724,214
2024-05-27,PRD003,WH02,762,214
2024-06-03,PRD003,WH02,720,214
2024-06-10,PRD003,WH02,676,214
2024-06-17,PRD003,WH02,688,214
2024-06-24,PRD003,WH02,779,214
2024-07-01,PRD003,WH02,698,214
2024-07-08,PRD003,WH02,752,214
2024-07-15,PRD003,WH02,694,214
2024-07-22,PRD003,WH02,655,214
2024-07-29,PRD003,WH02,577,214
2024-08-05,PRD003,WH02,458,214
2024-08-12,PRD003,WH02,413,214
2024-08-19,PRD003,WH02,440,214
2024-08-26,PRD003,WH02,432,214
2024-09-02,PRD003,WH02,335,214
2024-09-09,PRD003,WH02,287,214
2024-09-16,PRD003,WH02,276,214
2024-09-23,PRD003,WH02,318,214
2024-09-30,PRD003,WH02,380,214
2024-10-07,PRD003,WH02,439,214
2024-10-14,PRD003,WH02,363,214
2024-10-21,PRD003,WH02,289,214
2024-10-28,PRD003,WH02,261,214
2024-11-04,PRD003,WH02,263,214
2024-11-11,PRD003,WH02,193,214
2024-11-18,PRD003,WH02,189,214
2024-11-25,PRD003,WH02,189,214
2024-12-02,PRD003,WH02,97,214
2024-12-09,PRD003,WH02,172,214
2024-12-16,PRD003,WH02,155,214
2024-12-23,PRD003,WH02,212,214
2024-12-30,PRD003,WH02,214,214
2025-01-06,PRD003,WH02,107,214
2025-01-13,PRD003,WH02,142,214
2025-01-20,PRD003,WH02,79,214
2025-01-27,PRD003,WH02,0,214
2025-02-03,PRD003,WH02,0,214
2025-02-10,PRD003,WH02,0,214
2025-02-17,PRD003,WH02,0,214
2025-02-24,PRD003,WH02,8,214
2025-03-03,PRD003,WH02,0,214
2025-03-10,PRD003,WH02,0,214
2025-03-17,PRD003,WH02,0,214
2025-03-24,PRD003,WH02,25,214
2025-03-31,PRD003,WH02,6,214
2025-04-07,PRD003,WH02,12,214
2025-04-14,PRD003,WH02,63,214
2025-04-21,PRD003,WH02,0,214
2025-04-28,PRD003,WH02,0,214
2025-05-05,PRD003,WH02,43,214
2025-05-12,PRD003,WH02,26,214
2025-05-19,PRD003,WH02,33,214
2025-05-26,PRD003,WH02,59,214
2025-06-02,PRD003,WH02,115,214
2025-06-09,PRD003,WH02,118,214
2025-06-16,PRD003,WH02,18,214
2025-06-23,PRD003,WH02,78,214
2025-06-30,PRD003,WH02,80,214
2025-07-07,PRD003,WH02,39,214
2025-07-14,PRD003,WH02,0,214
2025-07-21,PRD003,WH02,0,214
2025-07-28,PRD003,WH02,0,214
2025-08-04,PRD003,WH02,0,214
2025-08-11,PRD003,WH02,0,214
2025-08-18,PRD003,WH02,0,214
2025-08-25,PRD003,WH02,26,214
2025-09-01,PRD003,WH02,0,214
2025-09-08,PRD003,WH02,3,214
2025-09-15,PRD003,WH02,0,214
2025-09-22,PRD003,WH02,86,214
2025-09-29,PRD003,WH02,163,214
2025-10-06,PRD003,WH02,105,214
2025-10-13,PRD003,WH02,79,214
2025-10-20,PRD003,WH02,68,214
2025-10-27,PRD003,WH02,156,214
2025-11-03,PRD003,WH02,157,214
2025-11-10,PRD003,WH02,103,214
2025-11-17,PRD003,WH02,66,214
2025-11-24,PRD003,WH02,75,214
2025-12-01,PRD003,WH02,0,214
2025-12-08,PRD003,WH02,60,214
2025-12-15,PRD003,WH02,140,214
2025-12-22,PRD003,WH02,234,214
2025-12-29,PRD003,WH02,152,214
2024-01-01,PRD004,WH02,741,221
2024-01-08,PRD004,WH02,779,221
2024-01-15,PRD004,WH02,677,221
2024-01-22,PRD004,WH02,598,221
2024-01-29,PRD004,WH02,656,221
2024-02-05,PRD004,WH02,658,221
2024-02-12,PRD004,WH02,733,221
2024-02-19,PRD004,WH02,723,221
2024-02-26,PRD004,WH02,636,221
2024-03-04,PRD004,WH02,636,221
2024-03-11,PRD004,WH02,697,221
2024-03-18,PRD004,WH02,634,221
2024-03-25,PRD004,WH02,528,221
2024-04-01,PRD004,WH02,436,221
2024-04-08,PRD004,WH02,500,221
2024-04-15,PRD004,WH02,513,221
2024-04-22,PRD004,WH02,438,221
2024-04-29,PRD004,WH02,422,221
2024-05-06,PRD004,WH02,372,221
2024-05-13,PRD004,WH02,278,221
2024-05-20,PRD004,WH02,374,221
2024-05-27,PRD004,WH02,382,221
2024-06-03,PRD004,WH02,334,221
2024-06-10,PRD004,WH02,363,221
2024-06-17,PRD004,WH02,392,221
2024-06-24,PRD004,WH02,452,221
2024-07-01,PRD004,WH02,455,221
2024-07-08,PRD004,WH02,528,221
2024-07-15,PRD004,WH02,605,221
2024-07-22,PRD004,WH02,597,221
2024-07-29,PRD004,WH02,569,221
2024-08-05,PRD004,WH02,641,221
2024-08-12,PRD004,WH02,575,221
2024-08-19,PRD004,WH02,663,221
2024-08-26,PRD004,WH02,653,221
2024-09-02,PRD004,WH02,576,221
2024-09-09,PRD004,WH02,492,221
2024-09-16,PRD004,WH02,409,221
2024-09-23,PRD004,WH02,484,221
2024-09-30,PRD004,WH02,368,221
2024-10-07,PRD004,WH02,270,221
2024-10-14,PRD004,WH02,337,221
2024-10-21,PRD004,WH02,258,221
2024-10-28,PRD004,WH02,346,221
2024-11-04,PRD004,WH02,323,221
2024-11-11,PRD004,WH02,354,221
2024-11-18,PRD004,WH02,403,221
2024-11-25,PRD004,WH02,330,221
2024-12-02,PRD004,WH02,331,221
2024-12-09,PRD004,WH02,216,221
2024-12-16,PRD004,WH02,290,221
2024-12-23,PRD004,WH02,185,221
2024-12-30,PRD004,WH02,221,221
2025-01-06,PRD004,WH02,302,221
2025-01-13,PRD004,WH02,239,221
2025-01-20,PRD004,WH02,249,221
2025-01-27,PRD004,WH02,231,221
2025-02-03,PRD004,WH02,220,221
2025-02-10,PRD004,WH02,121,221
2025-02-17,PRD004,WH02,65,221
2025-02-24,PRD004,WH02,103,221
2025-03-03,PRD004,WH02,0,221
2025-03-10,PRD004,WH02,98,221
2025-03-17,PRD004,WH02,96,221
2025-03-24,PRD004,WH02,13,221
2025-03-31,PRD004,WH02,40,221
2025-04-07,PRD004,WH02,112,221
2025-04-14,PRD004,WH02,78,221
2025-04-21,PRD004,WH02,82,221
2025-04-28,PRD004,WH02,25,221
2025-05-05,PRD004,WH02,100,221
2025-05-12,PRD004,WH02,9,221
2025-05-19,PRD004,WH02,84,221
2025-05-26,PRD004,WH02,80,221
2025-06-02,PRD004,WH02,94,221
2025-06-09,PRD004,WH02,162,221
2025-06-16,PRD004,WH02,133,221
2025-06-23,PRD004,WH02,192,221
2025-06-30,PRD004,WH02,196,221
2025-07-07,PRD004,WH02,234,221
2025-07-14,PRD004,WH02,130,221
2025-07-21,PRD004,WH02,215,221
2025-07-28,PRD004,WH02,113,221
2025-08-04,PRD004,WH02,127,221
2025-08-11,PRD004,WH02,128,221
2025-08-18,PRD004,WH02,118,221
2025-08-25,PRD004,WH02,20,221
2025-09-01,PRD004,WH02,0,221
2025-09-08,PRD004,WH02,2,221
2025-09-15,PRD004,WH02,0,221
2025-09-22,PRD004,WH02,0,221
2025-09-29,PRD004,WH02,0,221
2025-10-06,PRD004,WH02,18,221
2025-10-13,PRD004,WH02,0,221
2025-10-20,PRD004,WH02,42,221
2025-10-27,PRD004,WH02,0,221
2025-11-03,PRD004,WH02,35,221
2025-11-10,PRD004,WH02,100,221
2025-11-17,PRD004,WH02,114,221
2025-11-24,PRD004,WH02,120,221
2025-12-01,PRD004,WH02,16,221
2025-12-08,PRD004,WH02,0,221
2025-12-15,PRD004,WH02,29,221
2025-12-22,PRD004,WH02,64,221
2025-12-29,PRD004,WH02,0,221
2024-01-01,PRD005,WH02,584,423
2024-01-08,PRD005,WH02,675,423
2024-01-15,PRD005,WH02,743,423
2024-01-22,PRD005,WH02,825,423
2024-01-29,PRD005,WH02,877,423
2024-02-05,PRD005,WH02,777,423
2024-02-12,PRD005,WH02,866,423
2024-02-19,PRD005,WH02,929,423
2024-02-26,PRD005,WH02,996,423
2024-03-04,PRD005,WH02,970,423
2024-03-11,PRD005,WH02,1044,423
2024-03-18,PRD005,WH02,1087,423
2024-03-25,PRD005,WH02,1135,423
2024-04-01,PRD005,WH02,1033,423
2024-04-08,PRD005,WH02,960,423
2024-04-15,PRD005,WH02,974,423
2024-04-22,PRD005,WH02,947,423
2024-04-29,PRD005,WH02,1029,423
2024-05-06,PRD005,WH02,1047,423
2024-05-13,PRD005,WH02,1135,423
2024-05-20,PRD005,WH02,1203,423
2024-05-27,PRD005,WH02,1178,423
2024-06-03,PRD005,WH02,1172,423
2024-06-10,PRD005,WH02,1055,423
2024-06-17,PRD005,WH02,1118,423
2024-06-24,PRD005,WH02,1131,423
2024-07-01,PRD005,WH02,1200,423
2024-07-08,PRD005,WH02,1194,423
2024-07-15,PRD005,WH02,1231,423
2024-07-22,PRD005,WH02,1297,423
2024-07-29,PRD005,WH02,1219,423
2024-08-05,PRD005,WH02,1203,423
2024-08-12,PRD005,WH02,1271,423
2024-08-19,PRD005,WH02,1206,423
2024-08-26,PRD005,WH02,1143,423
2024-09-02,PRD005,WH02,1209,423
2024-09-09,PRD005,WH02,1293,423
2024-09-16,PRD005,WH02,1365,423
2024-09-23,PRD005,WH02,1432,423
2024-09-30,PRD005,WH02,1364,423
2024-10-07,PRD005,WH02,1254,423
2024-10-14,PRD005,WH02,1213,423
2024-10-21,PRD005,WH02,1201,423
2024-10-28,PRD005,WH02,1129,423
2024-11-04,PRD005,WH02,1050,423
2024-11-11,PRD005,WH02,1146,423
2024-11-18,PRD005,WH02,1135,423
2024-11-25,PRD005,WH02,1076,423
2024-12-02,PRD005,WH02,1149,423
2024-12-09,PRD005,WH02,1119,423
2024-12-16,PRD005,WH02,1018,423
2024-12-23,PRD005,WH02,914,423
2024-12-30,PRD005,WH02,909,423
2025-01-06,PRD005,WH02,1005,423
2025-01-13,PRD005,WH02,1056,423
2025-01-20,PRD005,WH02,951,423
2025-01-27,PRD005,WH02,888,423
2025-02-03,PRD005,WH02,894,423
2025-02-10,PRD005,WH02,922,423
2025-02-17,PRD005,WH02,854,423
2025-02-24,PRD005,WH02,815,423
2025-03-03,PRD005,WH02,832,423
2025-03-10,PRD005,WH02,834,423
2025-03-17,PRD005,WH02,719,423
2025-03-24,PRD005,WH02,615,423
2025-03-31,PRD005,WH02,506,423
2025-04-07,PRD005,WH02,427,423
2025-04-14,PRD005,WH02,366,423
2025-04-21,PRD005,WH02,406,423
2025-04-28,PRD005,WH02,321,423
2025-05-05,PRD005,WH02,223,423
2025-05-12,PRD005,WH02,105,423
2025-05-19,PRD005,WH02,105,423
2025-05-26,PRD005,WH02,185,423
2025-06-02,PRD005,WH02,131,423
2025-06-09,PRD005,WH02,72,423
2025-06-16,PRD005,WH02,125,423
2025-06-23,PRD005,WH02,13,423
2025-06-30,PRD005,WH02,0,423
2025-07-07,PRD005,WH02,0,423
2025-07-14,PRD005,WH02,0,423
2025-07-21,PRD005,WH02,57,423
2025-07-28,PRD005,WH02,31,423
2025-08-04,PRD005,WH02,22,423
2025-08-11,PRD005,WH02,29,423
2025-08-18,PRD005,WH02,0,423
2025-08-25,PRD005,WH02,0,423
2025-09-01,PRD005,WH02,94,423
2025-09-08,PRD005,WH02,6,423
2025-09-15,PRD005,WH02,54,423
2025-09-22,PRD005,WH02,25,423
2025-09-29,PRD005,WH02,0,423
2025-10-06,PRD005,WH02,0,423
2025-10-13,PRD005,WH02,0,423
2025-10-20,PRD005,WH02,0,423
2025-10-27,PRD005,WH02,0,423
2025-11-03,PRD005,WH02,0,423
2025-11-10,PRD005,WH02,0,423
2025-11-17,PRD005,WH02,0,423
2025-11-24,PRD005,WH02,2,423
2025-12-01,PRD005,WH02,0,423
2025-12-08,PRD005,WH02,0,423
2025-12-15,PRD005,WH02,84,423
2025-12-22,PRD005,WH02,2,423
2025-12-29,PRD005,WH02,0,423
2024-01-01,PRD006,WH02,163,229
2024-01-08,PRD006,WH02,228,229
2024-01-15,PRD006,WH02,145,229
2024-01-22,PRD006,WH02,89,229
2024-01-29,PRD006,WH02,0,229
2024-02-05,PRD006,WH02,0,229
2024-02-12,PRD006,WH02,25,229
2024-02-19,PRD006,WH02,0,229
2024-02-26,PRD006,WH02,0,229
2024-03-04,PRD006,WH02,25,229
2024-03-11,PRD006,WH02,54,229
2024-03-18,PRD006,WH02,108,229
2024-03-25,PRD006,WH02,63,229
2024-04-01,PRD006,WH02,17,229
2024-04-08,PRD006,WH02,97,229
2024-04-15,PRD006,WH02,102,229
2024-04-22,PRD006,WH02,92,229
2024-04-29,PRD006,WH02,89,229
2024-05-06,PRD006,WH02,124,229
2024-05-13,PRD006,WH02,45,229
2024-05-20,PRD006,WH02,0,229
2024-05-27,PRD006,WH02,26,229
2024-06-03,PRD006,WH02,0,229
2024-06-10,PRD006,WH02,0,229
2024-06-17,PRD006,WH02,34,229
2024-06-24,PRD006,WH02,0,229
2024-07-01,PRD006,WH02,0,229
2024-07-08,PRD006,WH02,0,229
2024-07-15,PRD006,WH02,71,229
2024-07-22,PRD006,WH02,142,229
2024-07-29,PRD006,WH02,206,229
2024-08-05,PRD006,WH02,204,229
2024-08-12,PRD006,WH02,133,229
2024-08-19,PRD006,WH02,104,229
2024-08-26,PRD006,WH02,82,229
2024-09-02,PRD006,WH02,0,229
2024-09-09,PRD006,WH02,0,229
2024-09-16,PRD006,WH02,0,229
2024-09-23,PRD006,WH02,34,229
2024-09-30,PRD006,WH02,0,229
2024-10-07,PRD006,WH02,0,229
2024-10-14,PRD006,WH02,34,229
2024-10-21,PRD006,WH02,2,229
2024-10-28,PRD006,WH02,0,229
2024-11-04,PRD006,WH02,0,229
2024-11-11,PRD006,WH02,0,229
2024-11-18,PRD006,WH02,51,229
2024-11-25,PRD006,WH02,28,229
2024-12-02,PRD006,WH02,0,229
2024-12-09,PRD006,WH02,0,229
2024-12-16,PRD006,WH02,0,229
2024-12-23,PRD006,WH02,82,229
2024-12-30,PRD006,WH02,138,229
2025-01-06,PRD006,WH02,46,229
2025-01-13,PRD006,WH02,130,229
2025-01-20,PRD006,WH02,145,229
2025-01-27,PRD006,WH02,149,229
2025-02-03,PRD006,WH02,116,229
2025-02-10,PRD006,WH02,55,229
2025-02-17,PRD006,WH02,62,229
2025-02-24,PRD006,WH02,34,229
2025-03-03,PRD006,WH02,106,229
2025-03-10,PRD006,WH02,62,229
2025-03-17,PRD006,WH02,123,229
2025-03-24,PRD006,WH02,27,229
2025-03-31,PRD006,WH02,41,229
2025-04-07,PRD006,WH02,0,229
2025-04-14,PRD006,WH02,0,229
2025-04-21,PRD006,WH02,0,229
2025-04-28,PRD006,WH02,0,229
2025-05-05,PRD006,WH02,10,229
2025-05-12,PRD006,WH02,72,229
2025-05-19,PRD006,WH02,76,229
2025-05-26,PRD006,WH02,91,229
2025-06-02,PRD006,WH02,18,229
2025-06-09,PRD006,WH02,90,229
2025-06-16,PRD006,WH02,173,229
2025-06-23,PRD006,WH02,147,229
2025-06-30,PRD006,WH02,118,229
2025-07-07,PRD006,WH02,80,229
2025-07-14,PRD006,WH02,41,229
2025-07-21,PRD006,WH02,100,229
2025-07-28,PRD006,WH02,184,229
2025-08-04,PRD006,WH02,181,229
2025-08-11,PRD006,WH02,98,229
2025-08-18,PRD006,WH02,127,229
2025-08-25,PRD006,WH02,191,229
2025-09-01,PRD006,WH02,197,229
2025-09-08,PRD006,WH02,181,229
2025-09-15,PRD006,WH02,73,229
2025-09-22,PRD006,WH02,116,229
2025-09-29,PRD006,WH02,49,229
2025-10-06,PRD006,WH02,33,229
2025-10-13,PRD006,WH02,87,229
2025-10-20,PRD006,WH02,13,229
2025-10-27,PRD006,WH02,0,229
2025-11-03,PRD006,WH02,0,229
2025-11-10,PRD006,WH02,0,229
2025-11-17,PRD006,WH02,0,229
2025-11-24,PRD006,WH02,87,229
2025-12-01,PRD006,WH02,177,229
2025-12-08,PRD006,WH02,94,229
2025-12-15,PRD006,WH02,90,229
2025-12-22,PRD006,WH02,79,229
2025-12-29,PRD006,WH02,134,229
2024-01-01,PRD007,WH02,406,491
2024-01-08,PRD007,WH02,475,491
2024-01-15,PRD007,WH02,441,491
2024-01-22,PRD007,WH02,321,491
2024-01-29,PRD007,WH02,414,491
2024-02-05,PRD007,WH02,484,491
2024-02-12,PRD007,WH02,571,491
2024-02-19,PRD007,WH02,570,491
2024-02-26,PRD007,WH02,491,491
2024-03-04,PRD007,WH02,480,491
2024-03-11,PRD007,WH02,554,491
2024-03-18,PRD007,WH02,563,491
2024-03-25,PRD007,WH02,631,491
2024-04-01,PRD007,WH02,613,491
2024-04-08,PRD007,WH02,620,491
2024-04-15,PRD007,WH02,560,491
2024-04-22,PRD007,WH02,577,491
2024-04-29,PRD007,WH02,492,491
2024-05-06,PRD007,WH02,474,491
2024-05-13,PRD007,WH02,410,491
2024-05-20,PRD007,WH02,305,491
2024-05-27,PRD007,WH02,325,491
2024-06-03,PRD007,WH02,366,491
2024-06-10,PRD007,WH02,267,491
2024-06-17,PRD007,WH02,293,491
2024-06-24,PRD007,WH02,318,491
2024-07-01,PRD007,WH02,245,491
2024-07-08,PRD007,WH02,262,491
2024-07-15,PRD007,WH02,352,491
2024-07-22,PRD007,WH02,258,491
2024-07-29,PRD007,WH02,279,491
2024-08-05,PRD007,WH02,298,491
2024-08-12,PRD007,WH02,381,491
2024-08-19,PRD007,WH02,346,491
2024-08-26,PRD007,WH02,362,491
2024-09-02,PRD007,WH02,404,491
2024-09-09,PRD007,WH02,297,491
2024-09-16,PRD007,WH02,200,491
2024-09-23,PRD007,WH02,274,491
2024-09-30,PRD007,WH02,253,491
2024-10-07,PRD007,WH02,222,491
2024-10-14,PRD007,WH02,147,491
2024-10-21,PRD007,WH02,52,491
2024-10-28,PRD007,WH02,105,491
2024-11-04,PRD007,WH02,55,491
2024-11-11,PRD007,WH02,0,491
2024-11-18,PRD007,WH02,12,491
2024-11-25,PRD007,WH02,0,491
2024-12-02,PRD007,WH02,0,491
2024-12-09,PRD007,WH02,96,491
2024-12-16,PRD007,WH02,36,491
2024-12-23,PRD007,WH02,57,491
2024-12-30,PRD007,WH02,0,491
2025-01-06,PRD007,WH02,50,491
2025-01-13,PRD007,WH02,5,491
2025-01-20,PRD007,WH02,74,491
2025-01-27,PRD007,WH02,133,491
2025-02-03,PRD007,WH02,135,491
2025-02-10,PRD007,WH02,209,491
2025-02-17,PRD007,WH02,305,491
2025-02-24,PRD007,WH02,357,491
2025-03-03,PRD007,WH02,259,491
2025-03-10,PRD007,WH02,232,491
2025-03-17,PRD007,WH02,244,491
2025-03-24,PRD007,WH02,181,491
2025-03-31,PRD007,WH02,157,491
2025-04-07,PRD007,WH02,204,491
2025-04-14,PRD007,WH02,95,491
2025-04-21,PRD007,WH02,68,491
2025-04-28,PRD007,WH02,0,491
2025-05-05,PRD007,WH02,0,491
2025-05-12,PRD007,WH02,50,491
2025-05-19,PRD007,WH02,0,491
2025-05-26,PRD007,WH02,7,491
2025-06-02,PRD007,WH02,89,491
2025-06-09,PRD007,WH02,110,491
2025-06-16,PRD007,WH02,176,491
2025-06-23,PRD007,WH02,136,491
2025-06-30,PRD007,WH02,111,491
2025-07-07,PRD007,WH02,25,491
2025-07-14,PRD007,WH02,0,491
2025-07-21,PRD007,WH02,0,491
2025-07-28,PRD007,WH02,0,491
2025-08-04,PRD007,WH02,0,491
2025-08-11,PRD007,WH02,97,491
2025-08-18,PRD007,WH02,14,491
2025-08-25,PRD007,WH02,10,491
2025-09-01,PRD007,WH02,0,491
2025-09-08,PRD007,WH02,0,491
2025-09-15,PRD007,WH02,0,491
2025-09-22,PRD007,WH02,89,491
2025-09-29,PRD007,WH02,63,491
2025-10-06,PRD007,WH02,0,491
2025-10-13,PRD007,WH02,80,491
2025-10-20,PRD007,WH02,0,491
2025-10-27,PRD007,WH02,0,491
2025-11-03,PRD007,WH02,97,491
2025-11-10,PRD007,WH02,53,491
2025-11-17,PRD007,WH02,0,491
2025-11-24,PRD007,WH02,0,491
2025-12-01,PRD007,WH02,12,491
2025-12-08,PRD007,WH02,38,491
2025-12-15,PRD007,WH02,44,491
2025-12-22,PRD007,WH02,103,491
2025-12-29,PRD007,WH02,93,491
2024-01-01,PRD008,WH02,700,344
2024-01-08,PRD008,WH02,722,344
2024-01-15,PRD008,WH02,787,344
2024-01-22,PRD008,WH02,693,344
2024-01-29,PRD008,WH02,653,344
2024-02-05,PRD008,WH02,623,344
2024-02-12,PRD008,WH02,721,344
2024-02-19,PRD008,WH02,736,344
2024-02-26,PRD008,WH02,663,344
2024-03-04,PRD008,WH02,568,344
2024-03-11,PRD008,WH02,525,344
2024-03-18,PRD008,WH02,413,344
2024-03-25,PRD008,WH02,496,344
2024-04-01,PRD008,WH02,518,344
2024-04-08,PRD008,WH02,495,344
2024-04-15,PRD008,WH02,483,344
2024-04-22,PRD008,WH02,576,344
2024-04-29,PRD008,WH02,595,344
2024-05-06,PRD008,WH02,563,344
2024-05-13,PRD008,WH02,475,344
2024-05-20,PRD008,WH02,476,344
2024-05-27,PRD008,WH02,467,344
2024-06-03,PRD008,WH02,452,344
2024-06-10,PRD008,WH02,463,344
2024-06-17,PRD008,WH02,347,344
2024-06-24,PRD008,WH02,242,344
2024-07-01,PRD008,WH02,302,344
2024-07-08,PRD008,WH02,226,344
2024-07-15,PRD008,WH02,173,344
2024-07-22,PRD008,WH02,71,344
2024-07-29,PRD008,WH02,0,344
2024-08-05,PRD008,WH02,10,344
2024-08-12,PRD008,WH02,0,344
2024-08-19,PRD008,WH02,0,344
2024-08-26,PRD008,WH02,98,344
2024-09-02,PRD008,WH02,10,344
2024-09-09,PRD008,WH02,101,344
2024-09-16,PRD008,WH02,21,344
2024-09-23,PRD008,WH02,0,344
2024-09-30,PRD008,WH02,0,344
2024-10-07,PRD008,WH02,0,344
2024-10-14,PRD008,WH02,0,344
2024-10-21,PRD008,WH02,0,344
2024-10-28,PRD008,WH02,0,344
2024-11-04,PRD008,WH02,0,344
2024-11-11,PRD008,WH02,51,344
2024-11-18,PRD008,WH02,50,344
2024-11-25,PRD008,WH02,0,344
2024-12-02,PRD008,WH02,0,344
2024-12-09,PRD008,WH02,0,344
2024-12-16,PRD008,WH02,73,344
2024-12-23,PRD008,WH02,59,344
2024-12-30,PRD008,WH02,40,344
2025-01-06,PRD008,WH02,17,344
2025-01-13,PRD008,WH02,0,344
2025-01-20,PRD008,WH02,0,344
2025-01-27,PRD008,WH02,0,344
2025-02-03,PRD008,WH02,0,344
2025-02-10,PRD008,WH02,0,344
2025-02-17,PRD008,WH02,24,344
2025-02-24,PRD008,WH02,0,344
2025-03-03,PRD008,WH02,88,344
2025-03-10,PRD008,WH02,169,344
2025-03-17,PRD008,WH02,263,344
2025-03-24,PRD008,WH02,172,344
2025-03-31,PRD008,WH02,88,344
2025-04-07,PRD008,WH02,139,344
2025-04-14,PRD008,WH02,144,344
2025-04-21,PRD008,WH02,89,344
2025-04-28,PRD008,WH02,137,344
2025-05-05,PRD008,WH02,76,344
2025-05-12,PRD008,WH02,153,344
2025-05-19,PRD008,WH02,135,344
2025-05-26,PRD008,WH02,155,344
2025-06-02,PRD008,WH02,90,344
2025-06-09,PRD008,WH02,0,344
2025-06-16,PRD008,WH02,0,344
2025-06-23,PRD008,WH02,71,344
2025-06-30,PRD008,WH02,0,344
2025-07-07,PRD008,WH02,23,344
2025-07-14,PRD008,WH02,0,344
2025-07-21,PRD008,WH02,11,344
2025-07-28,PRD008,WH02,89,344
2025-08-04,PRD008,WH02,22,344
2025-08-11,PRD008,WH02,49,344
2025-08-18,PRD008,WH02,7,344
2025-08-25,PRD008,WH02,87,344
2025-09-01,PRD008,WH02,23,344
2025-09-08,PRD008,WH02,5,344
2025-09-15,PRD008,WH02,0,344
2025-09-22,PRD008,WH02,6,344
2025-09-29,PRD008,WH02,0,344
2025-10-06,PRD008,WH02,0,344
2025-10-13,PRD008,WH02,0,344
2025-10-20,PRD008,WH02,74,344
2025-10-27,PRD008,WH02,0,344
2025-11-03,PRD008,WH02,82,344
2025-11-10,PRD008,WH02,49,344
2025-11-17,PRD008,WH02,126,344
2025-11-24,PRD008,WH02,154,344
2025-12-01,PRD008,WH02,111,344
2025-12-08,PRD008,WH02,145,344
2025-12-15,PRD008,WH02,101,344
2025-12-22,PRD008,WH02,67,344
2025-12-29,PRD008,WH02,12,344
2024-01-01,PRD009,WH02,327,162
2024-01-08,PRD009,WH02,332,162
2024-01-15,PRD009,WH02,340,162
2024-01-22,PRD009,WH02,285,162
2024-01-29,PRD009,WH02,260,162
2024-02-05,PRD009,WH02,205,162
2024-02-12,PRD009,WH02,88,162
2024-02-19,PRD009,WH02,161,162
2024-02-26,PRD009,WH02,44,162
2024-03-04,PRD009,WH02,0,162
2024-03-11,PRD009,WH02,52,162
2024-03-18,PRD009,WH02,0,162
2024-03-25,PRD009,WH02,64,162
2024-04-01,PRD009,WH02,10,162
2024-04-08,PRD009,WH02,5,162
2024-04-15,PRD009,WH02,27,162
2024-04-22,PRD009,WH02,0,162
2024-04-29,PRD009,WH02,0,162
2024-05-06,PRD009,WH02,0,162
2024-05-13,PRD009,WH02,0,162
2024-05-20,PRD009,WH02,0,162
2024-05-27,PRD009,WH02,50,162
2024-06-03,PRD009,WH02,65,162
2024-06-10,PRD009,WH02,0,162
2024-06-17,PRD009,WH02,0,162
2024-06-24,PRD009,WH02,0,162
2024-07-01,PRD009,WH02,82,162
2024-07-08,PRD009,WH02,34,162
2024-07-15,PRD009,WH02,84,162
2024-07-22,PRD009,WH02,0,162
2024-07-29,PRD009,WH02,48,162
2024-08-05,PRD009,WH02,0,162
2024-08-12,PRD009,WH02,47,162
2024-08-19,PRD009,WH02,106,162
2024-08-26,PRD009,WH02,52,162
2024-09-02,PRD009,WH02,146,162
2024-09-09,PRD009,WH02,139,162
2024-09-16,PRD009,WH02,229,162
2024-09-23,PRD009,WH02,153,162
2024-09-30,PRD009,WH02,169,162
2024-10-07,PRD009,WH02,246,162
2024-10-14,PRD009,WH02,333,162
2024-10-21,PRD009,WH02,257,162
2024-10-28,PRD009,WH02,219,162
2024-11-04,PRD009,WH02,117,162
2024-11-11,PRD009,WH02,127,162
2024-11-18,PRD009,WH02,178,162
2024-11-25,PRD009,WH02,198,162
2024-12-02,PRD009,WH02,103,162
2024-12-09,PRD009,WH02,130,162
2024-12-16,PRD009,WH02,201,162
2024-12-23,PRD009,WH02,231,162
2024-12-30,PRD009,WH02,235,162
2025-01-06,PRD009,WH02,219,162
2025-01-13,PRD009,WH02,309,162
2025-01-20,PRD009,WH02,347,162
2025-01-27,PRD009,WH02,424,162
2025-02-03,PRD009,WH02,354,162
2025-02-10,PRD009,WH02,358,162
2025-02-17,PRD009,WH02,243,162
2025-02-24,PRD009,WH02,139,162
2025-03-03,PRD009,WH02,83,162
2025-03-10,PRD009,WH02,182,162
2025-03-17,PRD009,WH02,233,162
2025-03-24,PRD009,WH02,173,162
2025-03-31,PRD009,WH02,147,162
2025-04-07,PRD009,WH02,42,162
2025-04-14,PRD009,WH02,117,162
2025-04-21,PRD009,WH02,191,162
2025-04-28,PRD009,WH02,205,162
2025-05-05,PRD009,WH02,272,162
2025-05-12,PRD009,WH02,174,162
2025-05-19,PRD009,WH02,121,162
2025-05-26,PRD009,WH02,148,162
2025-06-02,PRD009,WH02,232,162
2025-06-09,PRD009,WH02,183,162
2025-06-16,PRD009,WH02,226,162
2025-06-23,PRD009,WH02,203,162
2025-06-30,PRD009,WH02,204,162
2025-07-07,PRD009,WH02,151,162
2025-07-14,PRD009,WH02,56,162
2025-07-21,PRD009,WH02,0,162
2025-07-28,PRD009,WH02,0,162
2025-08-04,PRD009,WH02,27,162
2025-08-11,PRD009,WH02,0,162
2025-08-18,PRD009,WH02,0,162
2025-08-25,PRD009,WH02,0,162
2025-09-01,PRD009,WH02,0,162
2025-09-08,PRD009,WH02,0,162
2025-09-15,PRD009,WH02,74,162
2025-09-22,PRD009,WH02,33,162
2025-09-29,PRD009,WH02,0,162
2025-10-06,PRD009,WH02,0,162
2025-10-13,PRD009,WH02,0,162
2025-10-20,PRD009,WH02,24,162
2025-10-27,PRD009,WH02,15,162
2025-11-03,PRD009,WH02,0,162
2025-11-10,PRD009,WH02,0,162
2025-11-17,PRD009,WH02,0,162
2025-11-24,PRD009,WH02,0,162
2025-12-01,PRD009,WH02,81,162
2025-12-08,PRD009,WH02,161,162
2025-12-15,PRD009,WH02,243,162
2025-12-22,PRD009,WH02,187,162
2025-12-29,PRD009,WH02,211,162
2024-01-01,PRD010,WH02,668,489
2024-01-08,PRD010,WH02,647,489
2024-01-15,PRD010,WH02,573,489
2024-01-22,PRD010,WH02,470,489
2024-01-29,PRD010,WH02,420,489
2024-02-05,PRD010,WH02,453,489
2024-02-12,PRD010,WH02,356,489
2024-02-19,PRD010,WH02,268,489
2024-02-26,PRD010,WH02,237,489
2024-03-04,PRD010,WH02,145,489
2024-03-11,PRD010,WH02,112,489
2024-03-18,PRD010,WH02,165,489
2024-03-25,PRD010,WH02,248,489
2024-04-01,PRD010,WH02,219,489
2024-04-08,PRD010,WH02,252,489
2024-04-15,PRD010,WH02,300,489
2024-04-22,PRD010,WH02,204,489
2024-04-29,PRD010,WH02,226,489
2024-05-06,PRD010,WH02,267,489
2024-05-13,PRD010,WH02,325,489
2024-05-20,PRD010,WH02,309,489
2024-05-27,PRD010,WH02,260,489
2024-06-03,PRD010,WH02,166,489
2024-06-10,PRD010,WH02,177,489
2024-06-17,PRD010,WH02,132,489
2024-06-24,PRD010,WH02,224,489
2024-07-01,PRD010,WH02,123,489
2024-07-08,PRD010,WH02,50,489
2024-07-15,PRD010,WH02,110,489
2024-07-22,PRD010,WH02,52,489
2024-07-29,PRD010,WH02,76,489
2024-08-05,PRD010,WH02,162,489
2024-08-12,PRD010,WH02,201,489
2024-08-19,PRD010,WH02,192,489
2024-08-26,PRD010,WH02,185,489
2024-09-02,PRD010,WH02,258,489
2024-09-09,PRD010,WH02,229,489
2024-09-16,PRD010,WH02,193,489
2024-09-23,PRD010,WH02,250,489
2024-09-30,PRD010,WH02,270,489
2024-10-07,PRD010,WH02,246,489
2024-10-14,PRD010,WH02,280,489
2024-10-21,PRD010,WH02,313,489
2024-10-28,PRD010,WH02,245,489
2024-11-04,PRD010,WH02,286,489
2024-11-11,PRD010,WH02,375,489
2024-11-18,PRD010,WH02,328,489
2024-11-25,PRD010,WH02,290,489
2024-12-02,PRD010,WH02,289,489
2024-12-09,PRD010,WH02,225,489
2024-12-16,PRD010,WH02,116,489
2024-12-23,PRD010,WH02,115,489
2024-12-30,PRD010,WH02,112,489
2025-01-06,PRD010,WH02,79,489
2025-01-13,PRD010,WH02,151,489
2025-01-20,PRD010,WH02,39,489
2025-01-27,PRD010,WH02,91,489
2025-02-03,PRD010,WH02,90,489
2025-02-10,PRD010,WH02,189,489
2025-02-17,PRD010,WH02,278,489
2025-02-24,PRD010,WH02,201,489
2025-03-03,PRD010,WH02,128,489
2025-03-10,PRD010,WH02,26,489
2025-03-17,PRD010,WH02,0,489
2025-03-24,PRD010,WH02,89,489
2025-03-31,PRD010,WH02,69,489
2025-04-07,PRD010,WH02,130,489
2025-04-14,PRD010,WH02,85,489
2025-04-21,PRD010,WH02,37,489
2025-04-28,PRD010,WH02,80,489
2025-05-05,PRD010,WH02,102,489
2025-05-12,PRD010,WH02,103,489
2025-05-19,PRD010,WH02,0,489
2025-05-26,PRD010,WH02,0,489
2025-06-02,PRD010,WH02,16,489
2025-06-09,PRD010,WH02,0,489
2025-06-16,PRD010,WH02,0,489
2025-06-23,PRD010,WH02,0,489
2025-06-30,PRD010,WH02,62,489
2025-07-07,PRD010,WH02,67,489
2025-07-14,PRD010,WH02,144,489
2025-07-21,PRD010,WH02,133,489
2025-07-28,PRD010,WH02,198,489
2025-08-04,PRD010,WH02,180,489
2025-08-11,PRD010,WH02,202,489
2025-08-18,PRD010,WH02,121,489
2025-08-25,PRD010,WH02,138,489
2025-09-01,PRD010,WH02,18,489
2025-09-08,PRD010,WH02,97,489
2025-09-15,PRD010,WH02,0,489
2025-09-22,PRD010,WH02,92,489
2025-09-29,PRD010,WH02,35,489
2025-10-06,PRD010,WH02,0,489
2025-10-13,PRD010,WH02,0,489
2025-10-20,PRD010,WH02,0,489
2025-10-27,PRD010,WH02,0,489
2025-11-03,PRD010,WH02,77,489
2025-11-10,PRD010,WH02,58,489
2025-11-17,PRD010,WH02,129,489
2025-11-24,PRD010,WH02,33,489
2025-12-01,PRD010,WH02,0,489
2025-12-08,PRD010,WH02,0,489
2025-12-15,PRD010,WH02,66,489
2025-12-22,PRD010,WH02,106,489
2025-12-29,PRD010,WH02,188,489
2024-01-01,PRD011,WH02,337,162
2024-01-08,PRD011,WH02,345,162
2024-01-15,PRD011,WH02,351,162
2024-01-22,PRD011,WH02,426,162
2024-01-29,PRD011,WH02,374,162
2024-02-05,PRD011,WH02,352,162
2024-02-12,PRD011,WH02,290,162
2024-02-19,PRD011,WH02,244,162
2024-02-26,PRD011,WH02,281,162
2024-03-04,PRD011,WH02,193,162
2024-03-11,PRD011,WH02,112,162
2024-03-18,PRD011,WH02,76,162
2024-03-25,PRD011,WH02,0,162
2024-04-01,PRD011,WH02,32,162
2024-04-08,PRD011,WH02,9,162
2024-04-15,PRD011,WH02,0,162
2024-04-22,PRD011,WH02,0,162
2024-04-29,PRD011,WH02,11,162
2024-05-06,PRD011,WH02,41,162
2024-05-13,PRD011,WH02,118,162
2024-05-20,PRD011,WH02,55,162
2024-05-27,PRD011,WH02,39,162
2024-06-03,PRD011,WH02,37,162
2024-06-10,PRD011,WH02,0,162
2024-06-17,PRD011,WH02,0,162
2024-06-24,PRD011,WH02,0,162
2024-07-01,PRD011,WH02,14,162
2024-07-08,PRD011,WH02,42,162
2024-07-15,PRD011,WH02,64,162
2024-07-22,PRD011,WH02,137,162
2024-07-29,PRD011,WH02,103,162
2024-08-05,PRD011,WH02,177,162
2024-08-12,PRD011,WH02,196,162
2024-08-19,PRD011,WH02,124,162
2024-08-26,PRD011,WH02,210,162
2024-09-02,PRD011,WH02,279,162
2024-09-09,PRD011,WH02,191,162
2024-09-16,PRD011,WH02,131,162
2024-09-23,PRD011,WH02,23,162
2024-09-30,PRD011,WH02,43,162
2024-10-07,PRD011,WH02,109,162
2024-10-14,PRD011,WH02,16,162
2024-10-21,PRD011,WH02,0,162
2024-10-28,PRD011,WH02,31,162
2024-11-04,PRD011,WH02,13,162
2024-11-11,PRD011,WH02,50,162
2024-11-18,PRD011,WH02,0,162
2024-11-25,PRD011,WH02,0,162
2024-12-02,PRD011,WH02,83,162
2024-12-09,PRD011,WH02,91,162
2024-12-16,PRD011,WH02,142,162
2024-12-23,PRD011,WH02,145,162
2024-12-30,PRD011,WH02,73,162
2025-01-06,PRD011,WH02,161,162
2025-01-13,PRD011,WH02,64,162
2025-01-20,PRD011,WH02,0,162
2025-01-27,PRD011,WH02,46,162
2025-02-03,PRD011,WH02,95,162
2025-02-10,PRD011,WH02,109,162
2025-02-17,PRD011,WH02,139,162
2025-02-24,PRD011,WH02,39,162
2025-03-03,PRD011,WH02,0,162
2025-03-10,PRD011,WH02,67,162
2025-03-17,PRD011,WH02,98,162
2025-03-24,PRD011,WH02,77,162
2025-03-31,PRD011,WH02,151,162
2025-04-07,PRD011,WH02,123,162
2025-04-14,PRD011,WH02,158,162
2025-04-21,PRD011,WH02,103,162
2025-04-28,PRD011,WH02,114,162
2025-05-05,PRD011,WH02,202,162
2025-05-12,PRD011,WH02,165,162
2025-05-19,PRD011,WH02,208,162
2025-05-26,PRD011,WH02,214,162
2025-06-02,PRD011,WH02,150,162
2025-06-09,PRD011,WH02,119,162
2025-06-16,PRD011,WH02,55,162
2025-06-23,PRD011,WH02,148,162
2025-06-30,PRD011,WH02,46,162
2025-07-07,PRD011,WH02,0,162
2025-07-14,PRD011,WH02,49,162
2025-07-21,PRD011,WH02,116,162
2025-07-28,PRD011,WH02,212,162
2025-08-04,PRD011,WH02,249,162
2025-08-11,PRD011,WH02,304,162
2025-08-18,PRD011,WH02,310,162
2025-08-25,PRD011,WH02,262,162
2025-09-01,PRD011,WH02,299,162
2025-09-08,PRD011,WH02,219,162
2025-09-15,PRD011,WH02,258,162
2025-09-22,PRD011,WH02,324,162
2025-09-29,PRD011,WH02,312,162
2025-10-06,PRD011,WH02,239,162
2025-10-13,PRD011,WH02,197,162
2025-10-20,PRD011,WH02,269,162
2025-10-27,PRD011,WH02,297,162
2025-11-03,PRD011,WH02,340,162
2025-11-10,PRD011,WH02,286,162
2025-11-17,PRD011,WH02,244,162
2025-11-24,PRD011,WH02,211,162
2025-12-01,PRD011,WH02,106,162
2025-12-08,PRD011,WH02,113,162
2025-12-15,PRD011,WH02,178,162
2025-12-22,PRD011,WH02,192,162
2025-12-29,PRD011,WH02,279,162
2024-01-01,PRD012,WH02,646,269
2024-01-08,PRD012,WH02,703,269
2024-01-15,PRD012,WH02,594,269
2024-01-22,PRD012,WH02,626,269
2024-01-29,PRD012,WH02,535,269
2024-02-05,PRD012,WH02,486,269
2024-02-12,PRD012,WH02,504,269
2024-02-19,PRD012,WH02,571,269
2024-02-26,PRD012,WH02,492,269
2024-03-04,PRD012,WH02,471,269
2024-03-11,PRD012,WH02,461,269
2024-03-18,PRD012,WH02,523,269
2024-03-25,PRD012,WH02,566,269
2024-04-01,PRD012,WH02,494,269
2024-04-08,PRD012,WH02,547,269
2024-04-15,PRD012,WH02,520,269
2024-04-22,PRD012,WH02,597,269
2024-04-29,PRD012,WH02,511,269
2024-05-06,PRD012,WH02,484,269
2024-05-13,PRD012,WH02,377,269
2024-05-20,PRD012,WH02,421,269
2024-05-27,PRD012,WH02,520,269
2024-06-03,PRD012,WH02,439,269
2024-06-10,PRD012,WH02,498,269
2024-06-17,PRD012,WH02,418,269
2024-06-24,PRD012,WH02,419,269
2024-07-01,PRD012,WH02,431,269
2024-07-08,PRD012,WH02,331,269
2024-07-15,PRD012,WH02,393,269
2024-07-22,PRD012,WH02,449,269
2024-07-29,PRD012,WH02,389,269
2024-08-05,PRD012,WH02,402,269
2024-08-12,PRD012,WH02,395,269
2024-08-19,PRD012,WH02,453,269
2024-08-26,PRD012,WH02,521,269
2024-09-02,PRD012,WH02,462,269
2024-09-09,PRD012,WH02,365,269
2024-09-16,PRD012,WH02,296,269
2024-09-23,PRD012,WH02,191,269
2024-09-30,PRD012,WH02,205,269
2024-10-07,PRD012,WH02,126,269
2024-10-14,PRD012,WH02,223,269
2024-10-21,PRD012,WH02,123,269
2024-10-28,PRD012,WH02,178,269
2024-11-04,PRD012,WH02,117,269
2024-11-11,PRD012,WH02,206,269
2024-11-18,PRD012,WH02,230,269
2024-11-25,PRD012,WH02,258,269
2024-12-02,PRD012,WH02,317,269
2024-12-09,PRD012,WH02,330,269
2024-12-16,PRD012,WH02,356,269
2024-12-23,PRD012,WH02,429,269
2024-12-30,PRD012,WH02,455,269
2025-01-06,PRD012,WH02,484,269
2025-01-13,PRD012,WH02,571,269
2025-01-20,PRD012,WH02,475,269
2025-01-27,PRD012,WH02,526,269
2025-02-03,PRD012,WH02,544,269
2025-02-10,PRD012,WH02,499,269
2025-02-17,PRD012,WH02,534,269
2025-02-24,PRD012,WH02,479,269
2025-03-03,PRD012,WH02,524,269
2025-03-10,PRD012,WH02,479,269
2025-03-17,PRD012,WH02,383,269
2025-03-24,PRD012,WH02,264,269
2025-03-31,PRD012,WH02,176,269
2025-04-07,PRD012,WH02,181,269
2025-04-14,PRD012,WH02,201,269
2025-04-21,PRD012,WH02,264,269
2025-04-28,PRD012,WH02,195,269
2025-05-05,PRD012,WH02,119,269
2025-05-12,PRD012,WH02,48,269
2025-05-19,PRD012,WH02,114,269
2025-05-26,PRD012,WH02,185,269
2025-06-02,PRD012,WH02,181,269
2025-06-09,PRD012,WH02,148,269
2025-06-16,PRD012,WH02,239,269
2025-06-23,PRD012,WH02,202,269
2025-06-30,PRD012,WH02,256,269
2025-07-07,PRD012,WH02,275,269
2025-07-14,PRD012,WH02,261,269
2025-07-21,PRD012,WH02,313,269
2025-07-28,PRD012,WH02,357,269
2025-08-04,PRD012,WH02,343,269
2025-08-11,PRD012,WH02,335,269
2025-08-18,PRD012,WH02,336,269
2025-08-25,PRD012,WH02,330,269
2025-09-01,PRD012,WH02,345,269
2025-09-08,PRD012,WH02,324,269
2025-09-15,PRD012,WH02,315,269
2025-09-22,PRD012,WH02,291,269
2025-09-29,PRD012,WH02,201,269
2025-10-06,PRD012,WH02,182,269
2025-10-13,PRD012,WH02,218,269
2025-10-20,PRD012,WH02,115,269
2025-10-27,PRD012,WH02,178,269
2025-11-03,PRD012,WH02,77,269
2025-11-10,PRD012,WH02,64,269
2025-11-17,PRD012,WH02,15,269
2025-11-24,PRD012,WH02,0,269
2025-12-01,PRD012,WH02,0,269
2025-12-08,PRD012,WH02,0,269
2025-12-15,PRD012,WH02,0,269
2025-12-22,PRD012,WH02,0,269
2025-12-29,PRD012,WH02,8,269
2024-01-01,PRD013,WH02,417,273
2024-01-08,PRD013,WH02,398,273
2024-01-15,PRD013,WH02,352,273
2024-01-22,PRD013,WH02,273,273
2024-01-29,PRD013,WH02,257,273
2024-02-05,PRD013,WH02,307,273
2024-02-12,PRD013,WH02,317,273
2024-02-19,PRD013,WH02,345,273
2024-02-26,PRD013,WH02,421,273
2024-03-04,PRD013,WH02,365,273
2024-03-11,PRD013,WH02,450,273
2024-03-18,PRD013,WH02,448,273
2024-03-25,PRD013,WH02,395,273
2024-04-01,PRD013,WH02,293,273
2024-04-08,PRD013,WH02,347,273
2024-04-15,PRD013,WH02,374,273
2024-04-22,PRD013,WH02,365,273
2024-04-29,PRD013,WH02,379,273
2024-05-06,PRD013,WH02,318,273
2024-05-13,PRD013,WH02,245,273
2024-05-20,PRD013,WH02,261,273
2024-05-27,PRD013,WH02,302,273
2024-06-03,PRD013,WH02,351,273
2024-06-10,PRD013,WH02,243,273
2024-06-17,PRD013,WH02,318,273
2024-06-24,PRD013,WH02,361,273
2024-07-01,PRD013,WH02,387,273
2024-07-08,PRD013,WH02,475,273
2024-07-15,PRD013,WH02,414,273
2024-07-22,PRD013,WH02,382,273
2024-07-29,PRD013,WH02,275,273
2024-08-05,PRD013,WH02,159,273
2024-08-12,PRD013,WH02,158,273
2024-08-19,PRD013,WH02,147,273
2024-08-26,PRD013,WH02,33,273
2024-09-02,PRD013,WH02,118,273
2024-09-09,PRD013,WH02,73,273
2024-09-16,PRD013,WH02,132,273
2024-09-23,PRD013,WH02,143,273
2024-09-30,PRD013,WH02,202,273
2024-10-07,PRD013,WH02,265,273
2024-10-14,PRD013,WH02,150,273
2024-10-21,PRD013,WH02,94,273
2024-10-28,PRD013,WH02,57,273
2024-11-04,PRD013,WH02,26,273
2024-11-11,PRD013,WH02,120,273
2024-11-18,PRD013,WH02,75,273
2024-11-25,PRD013,WH02,0,273
2024-12-02,PRD013,WH02,0,273
2024-12-09,PRD013,WH02,0,273
2024-12-16,PRD013,WH02,0,273
2024-12-23,PRD013,WH02,0,273
2024-12-30,PRD013,WH02,0,273
2025-01-06,PRD013,WH02,0,273
2025-01-13,PRD013,WH02,0,273
2025-01-20,PRD013,WH02,35,273
2025-01-27,PRD013,WH02,111,273
2025-02-03,PRD013,WH02,157,273
2025-02-10,PRD013,WH02,56,273
2025-02-17,PRD013,WH02,83,273
2025-02-24,PRD013,WH02,60,273
2025-03-03,PRD013,WH02,117,273
2025-03-10,PRD013,WH02,138,273
2025-03-17,PRD013,WH02,32,273
2025-03-24,PRD013,WH02,75,273
2025-03-31,PRD013,WH02,0,273
2025-04-07,PRD013,WH02,25,273
2025-04-14,PRD013,WH02,0,273
2025-04-21,PRD013,WH02,0,273
2025-04-28,PRD013,WH02,7,273
2025-05-05,PRD013,WH02,0,273
2025-05-12,PRD013,WH02,0,273
2025-05-19,PRD013,WH02,71,273
2025-05-26,PRD013,WH02,56,273
2025-06-02,PRD013,WH02,131,273
2025-06-09,PRD013,WH02,116,273
2025-06-16,PRD013,WH02,214,273
2025-06-23,PRD013,WH02,148,273
2025-06-30,PRD013,WH02,94,273
2025-07-07,PRD013,WH02,86,273
2025-07-14,PRD013,WH02,9,273
2025-07-21,PRD013,WH02,75,273
2025-07-28,PRD013,WH02,81,273
2025-08-04,PRD013,WH02,100,273
2025-08-11,PRD013,WH02,143,273
2025-08-18,PRD013,WH02,125,273
2025-08-25,PRD013,WH02,134,273
2025-09-01,PRD013,WH02,137,273
2025-09-08,PRD013,WH02,58,273
2025-09-15,PRD013,WH02,99,273
2025-09-22,PRD013,WH02,80,273
2025-09-29,PRD013,WH02,0,273
2025-10-06,PRD013,WH02,0,273
2025-10-13,PRD013,WH02,27,273
2025-10-20,PRD013,WH02,0,273
2025-10-27,PRD013,WH02,0,273
2025-11-03,PRD013,WH02,0,273
2025-11-10,PRD013,WH02,3,273
2025-11-17,PRD013,WH02,0,273
2025-11-24,PRD013,WH02,11,273
2025-12-01,PRD013,WH02,0,273
2025-12-08,PRD013,WH02,0,273
2025-12-15,PRD013,WH02,0,273
2025-12-22,PRD013,WH02,8,273
2025-12-29,PRD013,WH02,57,273
2024-01-01,PRD014,WH02,782,175
2024-01-08,PRD014,WH02,698,175
2024-01-15,PRD014,WH02,748,175
2024-01-22,PRD014,WH02,847,175
2024-01-29,PRD014,WH02,916,175
2024-02-05,PRD014,WH02,846,175
2024-02-12,PRD014,WH02,778,175
2024-02-19,PRD014,WH02,658,175
2024-02-26,PRD014,WH02,729,175
2024-03-04,PRD014,WH02,752,175
2024-03-11,PRD014,WH02,633,175
2024-03-18,PRD014,WH02,642,175
2024-03-25,PRD014,WH02,579,175
2024-04-01,PRD014,WH02,475,175
2024-04-08,PRD014,WH02,568,175
2024-04-15,PRD014,WH02,655,175
2024-04-22,PRD014,WH02,739,175
2024-04-29,PRD014,WH02,625,175
2024-05-06,PRD014,WH02,618,175
2024-05-13,PRD014,WH02,559,175
2024-05-20,PRD014,WH02,583,175
2024-05-27,PRD014,WH02,483,175
2024-06-03,PRD014,WH02,569,175
2024-06-10,PRD014,WH02,512,175
2024-06-17,PRD014,WH02,434,175
2024-06-24,PRD014,WH02,400,175
2024-07-01,PRD014,WH02,460,175
2024-07-08,PRD014,WH02,508,175
2024-07-15,PRD014,WH02,413,175
2024-07-22,PRD014,WH02,495,175
2024-07-29,PRD014,WH02,476,175
2024-08-05,PRD014,WH02,381,175
2024-08-12,PRD014,WH02,330,175
2024-08-19,PRD014,WH02,276,175
2024-08-26,PRD014,WH02,270,175
2024-09-02,PRD014,WH02,366,175
2024-09-09,PRD014,WH02,452,175
2024-09-16,PRD014,WH02,390,175
2024-09-23,PRD014,WH02,290,175
2024-09-30,PRD014,WH02,211,175
2024-10-07,PRD014,WH02,160,175
2024-10-14,PRD014,WH02,62,175
2024-10-21,PRD014,WH02,126,175
2024-10-28,PRD014,WH02,124,175
2024-11-04,PRD014,WH02,56,175
2024-11-11,PRD014,WH02,61,175
2024-11-18,PRD014,WH02,144,175
2024-11-25,PRD014,WH02,178,175
2024-12-02,PRD014,WH02,247,175
2024-12-09,PRD014,WH02,333,175
2024-12-16,PRD014,WH02,412,175
2024-12-23,PRD014,WH02,316,175
2024-12-30,PRD014,WH02,366,175
2025-01-06,PRD014,WH02,421,175
2025-01-13,PRD014,WH02,361,175
2025-01-20,PRD014,WH02,387,175
2025-01-27,PRD014,WH02,301,175
2025-02-03,PRD014,WH02,201,175
2025-02-10,PRD014,WH02,98,175
2025-02-17,PRD014,WH02,68,175
2025-02-24,PRD014,WH02,0,175
2025-03-03,PRD014,WH02,0,175
2025-03-10,PRD014,WH02,60,175
2025-03-17,PRD014,WH02,0,175
2025-03-24,PRD014,WH02,29,175
2025-03-31,PRD014,WH02,28,175
2025-04-07,PRD014,WH02,91,175
2025-04-14,PRD014,WH02,112,175
2025-04-21,PRD014,WH02,159,175
2025-04-28,PRD014,WH02,39,175
2025-05-05,PRD014,WH02,123,175
2025-05-12,PRD014,WH02,157,175
2025-05-19,PRD014,WH02,213,175
2025-05-26,PRD014,WH02,204,175
2025-06-02,PRD014,WH02,141,175
2025-06-09,PRD014,WH02,101,175
2025-06-16,PRD014,WH02,180,175
2025-06-23,PRD014,WH02,151,175
2025-06-30,PRD014,WH02,56,175
2025-07-07,PRD014,WH02,0,175
2025-07-14,PRD014,WH02,0,175
2025-07-21,PRD014,WH02,21,175
2025-07-28,PRD014,WH02,22,175
2025-08-04,PRD014,WH02,54,175
2025-08-11,PRD014,WH02,97,175
2025-08-18,PRD014,WH02,132,175
2025-08-25,PRD014,WH02,19,175
2025-09-01,PRD014,WH02,0,175
2025-09-08,PRD014,WH02,0,175
2025-09-15,PRD014,WH02,96,175
2025-09-22,PRD014,WH02,0,175
2025-09-29,PRD014,WH02,5,175
2025-10-06,PRD014,WH02,0,175
2025-10-13,PRD014,WH02,12,175
2025-10-20,PRD014,WH02,0,175
2025-10-27,PRD014,WH02,15,175
2025-11-03,PRD014,WH02,0,175
2025-11-10,PRD014,WH02,96,175
2025-11-17,PRD014,WH02,94,175
2025-11-24,PRD014,WH02,142,175
2025-12-01,PRD014,WH02,93,175
2025-12-08,PRD014,WH02,74,175
2025-12-15,PRD014,WH02,166,175
2025-12-22,PRD014,WH02,192,175
2025-12-29,PRD014,WH02,74,175
2024-01-01,PRD015,WH02,289,221
2024-01-08,PRD015,WH02,233,221
2024-01-15,PRD015,WH02,186,221
2024-01-22,PRD015,WH02,263,221
2024-01-29,PRD015,WH02,211,221
2024-02-05,PRD015,WH02,107,221
2024-02-12,PRD015,WH02,7,221
2024-02-19,PRD015,WH02,0,221
2024-02-26,PRD015,WH02,0,221
2024-03-04,PRD015,WH02,38,221
2024-03-11,PRD015,WH02,48,221
2024-03-18,PRD015,WH02,0,221
2024-03-25,PRD015,WH02,67,221
2024-04-01,PRD015,WH02,38,221
2024-04-08,PRD015,WH02,137,221
2024-04-15,PRD015,WH02,209,221
2024-04-22,PRD015,WH02,164,221
2024-04-29,PRD015,WH02,187,221
2024-05-06,PRD015,WH02,155,221
2024-05-13,PRD015,WH02,116,221
2024-05-20,PRD015,WH02,131,221
2024-05-27,PRD015,WH02,80,221
2024-06-03,PRD015,WH02,138,221
2024-06-10,PRD015,WH02,195,221
2024-06-17,PRD015,WH02,275,221
2024-06-24,PRD015,WH02,300,221
2024-07-01,PRD015,WH02,263,221
2024-07-08,PRD015,WH02,352,221
2024-07-15,PRD015,WH02,260,221
2024-07-22,PRD015,WH02,342,221
2024-07-29,PRD015,WH02,431,221
2024-08-05,PRD015,WH02,343,221
2024-08-12,PRD015,WH02,225,221
2024-08-19,PRD015,WH02,220,221
2024-08-26,PRD015,WH02,191,221
2024-09-02,PRD015,WH02,203,221
2024-09-09,PRD015,WH02,290,221
2024-09-16,PRD015,WH02,228,221
2024-09-23,PRD015,WH02,111,221
2024-09-30,PRD015,WH02,136,221
2024-10-07,PRD015,WH02,170,221
2024-10-14,PRD015,WH02,195,221
2024-10-21,PRD015,WH02,268,221
2024-10-28,PRD015,WH02,281,221
2024-11-04,PRD015,WH02,259,221
2024-11-11,PRD015,WH02,349,221
2024-11-18,PRD015,WH02,239,221
2024-11-25,PRD015,WH02,284,221
2024-12-02,PRD015,WH02,356,221
2024-12-09,PRD015,WH02,422,221
2024-12-16,PRD015,WH02,355,221
2024-12-23,PRD015,WH02,255,221
2024-12-30,PRD015,WH02,255,221
2025-01-06,PRD015,WH02,142,221
2025-01-13,PRD015,WH02,88,221
2025-01-20,PRD015,WH02,110,221
2025-01-27,PRD015,WH02,106,221
2025-02-03,PRD015,WH02,66,221
2025-02-10,PRD015,WH02,71,221
2025-02-17,PRD015,WH02,42,221
2025-02-24,PRD015,WH02,110,221
2025-03-03,PRD015,WH02,40,221
2025-03-10,PRD015,WH02,88,221
2025-03-17,PRD015,WH02,173,221
2025-03-24,PRD015,WH02,164,221
2025-03-31,PRD015,WH02,188,221
2025-04-07,PRD015,WH02,185,221
2025-04-14,PRD015,WH02,231,221
2025-04-21,PRD015,WH02,130,221
2025-04-28,PRD015,WH02,48,221
2025-05-05,PRD015,WH02,125,221
2025-05-12,PRD015,WH02,202,221
2025-05-19,PRD015,WH02,158,221
2025-05-26,PRD015,WH02,200,221
2025-06-02,PRD015,WH02,178,221
2025-06-09,PRD015,WH02,167,221
2025-06-16,PRD015,WH02,201,221
2025-06-23,PRD015,WH02,112,221
2025-06-30,PRD015,WH02,89,221
2025-07-07,PRD015,WH02,0,221
2025-07-14,PRD015,WH02,39,221
2025-07-21,PRD015,WH02,117,221
2025-07-28,PRD015,WH02,30,221
2025-08-04,PRD015,WH02,58,221
2025-08-11,PRD015,WH02,94,221
2025-08-18,PRD015,WH02,0,221
2025-08-25,PRD015,WH02,75,221
2025-09-01,PRD015,WH02,57,221
2025-09-08,PRD015,WH02,65,221
2025-09-15,PRD015,WH02,103,221
2025-09-22,PRD015,WH02,155,221
2025-09-29,PRD015,WH02,115,221
2025-10-06,PRD015,WH02,65,221
2025-10-13,PRD015,WH02,124,221
2025-10-20,PRD015,WH02,116,221
2025-10-27,PRD015,WH02,39,221
2025-11-03,PRD015,WH02,96,221
2025-11-10,PRD015,WH02,11,221
2025-11-17,PRD015,WH02,0,221
2025-11-24,PRD015,WH02,0,221
2025-12-01,PRD015,WH02,84,221
2025-12-08,PRD015,WH02,0,221
2025-12-15,PRD015,WH02,0,221
2025-12-22,PRD015,WH02,76,221
2025-12-29,PRD015,WH02,55,221
2024-01-01,PRD016,WH02,402,465
2024-01-08,PRD016,WH02,457,465
2024-01-15,PRD016,WH02,364,465
2024-01-22,PRD016,WH02,250,465
2024-01-29,PRD016,WH02,291,465
2024-02-05,PRD016,WH02,384,465
2024-02-12,PRD016,WH02,385,465
2024-02-19,PRD016,WH02,315,465
2024-02-26,PRD016,WH02,310,465
2024-03-04,PRD016,WH02,277,465
2024-03-11,PRD016,WH02,362,465
2024-03-18,PRD016,WH02,321,465
2024-03-25,PRD016,WH02,211,465
2024-04-01,PRD016,WH02,128,465
2024-04-08,PRD016,WH02,177,465
2024-04-15,PRD016,WH02,191,465
2024-04-22,PRD016,WH02,116,465
2024-04-29,PRD016,WH02,40,465
2024-05-06,PRD016,WH02,50,465
2024-05-13,PRD016,WH02,8,465
2024-05-20,PRD016,WH02,72,465
2024-05-27,PRD016,WH02,64,465
2024-06-03,PRD016,WH02,101,465
2024-06-10,PRD016,WH02,77,465
2024-06-17,PRD016,WH02,8,465
2024-06-24,PRD016,WH02,96,465
2024-07-01,PRD016,WH02,29,465
2024-07-08,PRD016,WH02,0,465
2024-07-15,PRD016,WH02,0,465
2024-07-22,PRD016,WH02,40,465
2024-07-29,PRD016,WH02,10,465
2024-08-05,PRD016,WH02,37,465
2024-08-12,PRD016,WH02,14,465
2024-08-19,PRD016,WH02,0,465
2024-08-26,PRD016,WH02,89,465
2024-09-02,PRD016,WH02,179,465
2024-09-09,PRD016,WH02,186,465
2024-09-16,PRD016,WH02,210,465
2024-09-23,PRD016,WH02,304,465
2024-09-30,PRD016,WH02,290,465
2024-10-07,PRD016,WH02,280,465
2024-10-14,PRD016,WH02,161,465
2024-10-21,PRD016,WH02,148,465
2024-10-28,PRD016,WH02,179,465
2024-11-04,PRD016,WH02,237,465
2024-11-11,PRD016,WH02,240,465
2024-11-18,PRD016,WH02,167,465
2024-11-25,PRD016,WH02,90,465
2024-12-02,PRD016,WH02,98,465
2024-12-09,PRD016,WH02,29,465
2024-12-16,PRD016,WH02,0,465
2024-12-23,PRD016,WH02,21,465
2024-12-30,PRD016,WH02,4,465
2025-01-06,PRD016,WH02,0,465
2025-01-13,PRD016,WH02,0,465
2025-01-20,PRD016,WH02,78,465
2025-01-27,PRD016,WH02,23,465
2025-02-03,PRD016,WH02,19,465
2025-02-10,PRD016,WH02,0,465
2025-02-17,PRD016,WH02,0,465
2025-02-24,PRD016,WH02,43,465
2025-03-03,PRD016,WH02,127,465
2025-03-10,PRD016,WH02,64,465
2025-03-17,PRD016,WH02,0,465
2025-03-24,PRD016,WH02,0,465
2025-03-31,PRD016,WH02,44,465
2025-04-07,PRD016,WH02,65,465
2025-04-14,PRD016,WH02,8,465
2025-04-21,PRD016,WH02,0,465
2025-04-28,PRD016,WH02,0,465
2025-05-05,PRD016,WH02,47,465
2025-05-12,PRD016,WH02,0,465
2025-05-19,PRD016,WH02,0,465
2025-05-26,PRD016,WH02,15,465
2025-06-02,PRD016,WH02,101,465
2025-06-09,PRD016,WH02,0,465
2025-06-16,PRD016,WH02,50,465
2025-06-23,PRD016,WH02,0,465
2025-06-30,PRD016,WH02,0,465
2025-07-07,PRD016,WH02,66,465
2025-07-14,PRD016,WH02,66,465
2025-07-21,PRD016,WH02,76,465
2025-07-28,PRD016,WH02,17,465
2025-08-04,PRD016,WH02,46,465
2025-08-11,PRD016,WH02,75,465
2025-08-18,PRD016,WH02,120,465
2025-08-25,PRD016,WH02,49,465
2025-09-01,PRD016,WH02,143,465
2025-09-08,PRD016,WH02,203,465
2025-09-15,PRD016,WH02,202,465
2025-09-22,PRD016,WH02,294,465
2025-09-29,PRD016,WH02,305,465
2025-10-06,PRD016,WH02,391,465
2025-10-13,PRD016,WH02,291,465
2025-10-20,PRD016,WH02,190,465
2025-10-27,PRD016,WH02,281,465
2025-11-03,PRD016,WH02,277,465
2025-11-10,PRD016,WH02,181,465
2025-11-17,PRD016,WH02,233,465
2025-11-24,PRD016,WH02,176,465
2025-12-01,PRD016,WH02,116,465
2025-12-08,PRD016,WH02,48,465
2025-12-15,PRD016,WH02,123,465
2025-12-22,PRD016,WH02,186,465
2025-12-29,PRD016,WH02,158,465
2024-01-01,PRD017,WH02,519,233
2024-01-08,PRD017,WH02,599,233
2024-01-15,PRD017,WH02,515,233
2024-01-22,PRD017,WH02,399,233
2024-01-29,PRD017,WH02,399,233
2024-02-05,PRD017,WH02,296,233
2024-02-12,PRD017,WH02,208,233
2024-02-19,PRD017,WH02,100,233
2024-02-26,PRD017,WH02,140,233
2024-03-04,PRD017,WH02,59,233
2024-03-11,PRD017,WH02,39,233
2024-03-18,PRD017,WH02,112,233
2024-03-25,PRD017,WH02,99,233
2024-04-01,PRD017,WH02,0,233
2024-04-08,PRD017,WH02,0,233
2024-04-15,PRD017,WH02,0,233
2024-04-22,PRD017,WH02,54,233
2024-04-29,PRD017,WH02,109,233
2024-05-06,PRD017,WH02,11,233
2024-05-13,PRD017,WH02,0,233
2024-05-20,PRD017,WH02,0,233
2024-05-27,PRD017,WH02,12,233
2024-06-03,PRD017,WH02,55,233
2024-06-10,PRD017,WH02,0,233
2024-06-17,PRD017,WH02,30,233
2024-06-24,PRD017,WH02,0,233
2024-07-01,PRD017,WH02,0,233
2024-07-08,PRD017,WH02,0,233
2024-07-15,PRD017,WH02,61,233
2024-07-22,PRD017,WH02,134,233
2024-07-29,PRD017,WH02,159,233
2024-08-05,PRD017,WH02,85,233
2024-08-12,PRD017,WH02,47,233
2024-08-19,PRD017,WH02,0,233
2024-08-26,PRD017,WH02,0,233
2024-09-02,PRD017,WH02,0,233
2024-09-09,PRD017,WH02,0,233
2024-09-16,PRD017,WH02,88,233
2024-09-23,PRD017,WH02,36,233
2024-09-30,PRD017,WH02,0,233
2024-10-07,PRD017,WH02,81,233
2024-10-14,PRD017,WH02,91,233
2024-10-21,PRD017,WH02,165,233
2024-10-28,PRD017,WH02,135,233
2024-11-04,PRD017,WH02,234,233
2024-11-11,PRD017,WH02,151,233
2024-11-18,PRD017,WH02,130,233
2024-11-25,PRD017,WH02,164,233
2024-12-02,PRD017,WH02,59,233
2024-12-09,PRD017,WH02,81,233
2024-12-16,PRD017,WH02,32,233
2024-12-23,PRD017,WH02,88,233
2024-12-30,PRD017,WH02,123,233
2025-01-06,PRD017,WH02,209,233
2025-01-13,PRD017,WH02,276,233
2025-01-20,PRD017,WH02,283,233
2025-01-27,PRD017,WH02,314,233
2025-02-03,PRD017,WH02,390,233
2025-02-10,PRD017,WH02,339,233
2025-02-17,PRD017,WH02,406,233
2025-02-24,PRD017,WH02,468,233
2025-03-03,PRD017,WH02,480,233
2025-03-10,PRD017,WH02,384,233
2025-03-17,PRD017,WH02,303,233
2025-03-24,PRD017,WH02,317,233
2025-03-31,PRD017,WH02,355,233
2025-04-07,PRD017,WH02,423,233
2025-04-14,PRD017,WH02,305,233
2025-04-21,PRD017,WH02,364,233
2025-04-28,PRD017,WH02,453,233
2025-05-05,PRD017,WH02,396,233
2025-05-12,PRD017,WH02,340,233
2025-05-19,PRD017,WH02,334,233
2025-05-26,PRD017,WH02,397,233
2025-06-02,PRD017,WH02,433,233
2025-06-09,PRD017,WH02,371,233
2025-06-16,PRD017,WH02,290,233
2025-06-23,PRD017,WH02,202,233
2025-06-30,PRD017,WH02,297,233
2025-07-07,PRD017,WH02,211,233
2025-07-14,PRD017,WH02,161,233
2025-07-21,PRD017,WH02,137,233
2025-07-28,PRD017,WH02,212,233
2025-08-04,PRD017,WH02,126,233
2025-08-11,PRD017,WH02,167,233
2025-08-18,PRD017,WH02,120,233
2025-08-25,PRD017,WH02,201,233
2025-09-01,PRD017,WH02,228,233
2025-09-08,PRD017,WH02,151,233
2025-09-15,PRD017,WH02,239,233
2025-09-22,PRD017,WH02,287,233
2025-09-29,PRD017,WH02,371,233
2025-10-06,PRD017,WH02,385,233
2025-10-13,PRD017,WH02,358,233
2025-10-20,PRD017,WH02,259,233
2025-10-27,PRD017,WH02,149,233
2025-11-03,PRD017,WH02,41,233
2025-11-10,PRD017,WH02,0,233
2025-11-17,PRD017,WH02,0,233
2025-11-24,PRD017,WH02,0,233
2025-12-01,PRD017,WH02,24,233
2025-12-08,PRD017,WH02,78,233
2025-12-15,PRD017,WH02,0,233
2025-12-22,PRD017,WH02,56,233
2025-12-29,PRD017,WH02,103,233
2024-01-01,PRD018,WH02,708,304
2024-01-08,PRD018,WH02,669,304
2024-01-15,PRD018,WH02,702,304
2024-01-22,PRD018,WH02,756,304
2024-01-29,PRD018,WH02,701,304
2024-02-05,PRD018,WH02,753,304
2024-02-12,PRD018,WH02,791,304
2024-02-19,PRD018,WH02,720,304
2024-02-26,PRD018,WH02,612,304
2024-03-04,PRD018,WH02,529,304
2024-03-11,PRD018,WH02,433,304
2024-03-18,PRD018,WH02,341,304
2024-03-25,PRD018,WH02,346,304
2024-04-01,PRD018,WH02,260,304
2024-04-08,PRD018,WH02,295,304
2024-04-15,PRD018,WH02,257,304
2024-04-22,PRD018,WH02,155,304
2024-04-29,PRD018,WH02,41,304
2024-05-06,PRD018,WH02,97,304
2024-05-13,PRD018,WH02,59,304
2024-05-20,PRD018,WH02,10,304
2024-05-27,PRD018,WH02,0,304
2024-06-03,PRD018,WH02,0,304
2024-06-10,PRD018,WH02,15,304
2024-06-17,PRD018,WH02,22,304
2024-06-24,PRD018,WH02,14,304
2024-07-01,PRD018,WH02,0,304
2024-07-08,PRD018,WH02,71,304
2024-07-15,PRD018,WH02,0,304
2024-07-22,PRD018,WH02,0,304
2024-07-29,PRD018,WH02,79,304
2024-08-05,PRD018,WH02,0,304
2024-08-12,PRD018,WH02,0,304
2024-08-19,PRD018,WH02,0,304
2024-08-26,PRD018,WH02,0,304
2024-09-02,PRD018,WH02,0,304
2024-09-09,PRD018,WH02,0,304
2024-09-16,PRD018,WH02,28,304
2024-09-23,PRD018,WH02,57,304
2024-09-30,PRD018,WH02,32,304
2024-10-07,PRD018,WH02,0,304
2024-10-14,PRD018,WH02,14,304
2024-10-21,PRD018,WH02,0,304
2024-10-28,PRD018,WH02,0,304
2024-11-04,PRD018,WH02,60,304
2024-11-11,PRD018,WH02,120,304
2024-11-18,PRD018,WH02,170,304
2024-11-25,PRD018,WH02,100,304
2024-12-02,PRD018,WH02,111,304
2024-12-09,PRD018,WH02,136,304
2024-12-16,PRD018,WH02,145,304
2024-12-23,PRD018,WH02,210,304
2024-12-30,PRD018,WH02,250,304
2025-01-06,PRD018,WH02,194,304
2025-01-13,PRD018,WH02,167,304
2025-01-20,PRD018,WH02,153,304
2025-01-27,PRD018,WH02,156,304
2025-02-03,PRD018,WH02,98,304
2025-02-10,PRD018,WH02,80,304
2025-02-17,PRD018,WH02,176,304
2025-02-24,PRD018,WH02,145,304
2025-03-03,PRD018,WH02,55,304
2025-03-10,PRD018,WH02,142,304
2025-03-17,PRD018,WH02,217,304
2025-03-24,PRD018,WH02,109,304
2025-03-31,PRD018,WH02,143,304
2025-04-07,PRD018,WH02,79,304
2025-04-14,PRD018,WH02,100,304
2025-04-21,PRD018,WH02,31,304
2025-04-28,PRD018,WH02,101,304
2025-05-05,PRD018,WH02,60,304
2025-05-12,PRD018,WH02,140,304
2025-05-19,PRD018,WH02,147,304
2025-05-26,PRD018,WH02,163,304
2025-06-02,PRD018,WH02,209,304
2025-06-09,PRD018,WH02,179,304
2025-06-16,PRD018,WH02,65,304
2025-06-23,PRD018,WH02,1,304
2025-06-30,PRD018,WH02,0,304
2025-07-07,PRD018,WH02,14,304
2025-07-14,PRD018,WH02,104,304
2025-07-21,PRD018,WH02,191,304
2025-07-28,PRD018,WH02,187,304
2025-08-04,PRD018,WH02,210,304
2025-08-11,PRD018,WH02,136,304
2025-08-18,PRD018,WH02,113,304
2025-08-25,PRD018,WH02,183,304
2025-09-01,PRD018,WH02,165,304
2025-09-08,PRD018,WH02,140,304
2025-09-15,PRD018,WH02,226,304
2025-09-22,PRD018,WH02,138,304
2025-09-29,PRD018,WH02,166,304
2025-10-06,PRD018,WH02,212,304
2025-10-13,PRD018,WH02,215,304
2025-10-20,PRD018,WH02,251,304
2025-10-27,PRD018,WH02,146,304
2025-11-03,PRD018,WH02,198,304
2025-11-10,PRD018,WH02,292,304
2025-11-17,PRD018,WH02,272,304
2025-11-24,PRD018,WH02,222,304
2025-12-01,PRD018,WH02,133,304
2025-12-08,PRD018,WH02,183,304
2025-12-15,PRD018,WH02,220,304
2025-12-22,PRD018,WH02,237,304
2025-12-29,PRD018,WH02,131,304
2024-01-01,PRD019,WH02,236,421
2024-01-08,PRD019,WH02,173,421
2024-01-15,PRD019,WH02,138,421
2024-01-22,PRD019,WH02,120,421
2024-01-29,PRD019,WH02,22,421
2024-02-05,PRD019,WH02,0,421
2024-02-12,PRD019,WH02,0,421
2024-02-19,PRD019,WH02,77,421
2024-02-26,PRD019,WH02,1,421
2024-03-04,PRD019,WH02,40,421
2024-03-11,PRD019,WH02,100,421
2024-03-18,PRD019,WH02,81,421
2024-03-25,PRD019,WH02,164,421
2024-04-01,PRD019,WH02,202,421
2024-04-08,PRD019,WH02,253,421
2024-04-15,PRD019,WH02,211,421
2024-04-22,PRD019,WH02,166,421
2024-04-29,PRD019,WH02,144,421
2024-05-06,PRD019,WH02,216,421
2024-05-13,PRD019,WH02,248,421
2024-05-20,PRD019,WH02,137,421
2024-05-27,PRD019,WH02,49,421
2024-06-03,PRD019,WH02,50,421
2024-06-10,PRD019,WH02,0,421
2024-06-17,PRD019,WH02,49,421
2024-06-24,PRD019,WH02,0,421
2024-07-01,PRD019,WH02,6,421
2024-07-08,PRD019,WH02,0,421
2024-07-15,PRD019,WH02,0,421
2024-07-22,PRD019,WH02,22,421
2024-07-29,PRD019,WH02,37,421
2024-08-05,PRD019,WH02,82,421
2024-08-12,PRD019,WH02,0,421
2024-08-19,PRD019,WH02,0,421
2024-08-26,PRD019,WH02,0,421
2024-09-02,PRD019,WH02,0,421
2024-09-09,PRD019,WH02,10,421
2024-09-16,PRD019,WH02,0,421
2024-09-23,PRD019,WH02,41,421
2024-09-30,PRD019,WH02,84,421
2024-10-07,PRD019,WH02,172,421
2024-10-14,PRD019,WH02,231,421
2024-10-21,PRD019,WH02,129,421
2024-10-28,PRD019,WH02,101,421
2024-11-04,PRD019,WH02,170,421
2024-11-11,PRD019,WH02,229,421
2024-11-18,PRD019,WH02,319,421
2024-11-25,PRD019,WH02,228,421
2024-12-02,PRD019,WH02,246,421
2024-12-09,PRD019,WH02,134,421
2024-12-16,PRD019,WH02,130,421
2024-12-23,PRD019,WH02,110,421
2024-12-30,PRD019,WH02,87,421
2025-01-06,PRD019,WH02,114,421
2025-01-13,PRD019,WH02,0,421
2025-01-20,PRD019,WH02,0,421
2025-01-27,PRD019,WH02,60,421
2025-02-03,PRD019,WH02,144,421
2025-02-10,PRD019,WH02,91,421
2025-02-17,PRD019,WH02,108,421
2025-02-24,PRD019,WH02,95,421
2025-03-03,PRD019,WH02,40,421
2025-03-10,PRD019,WH02,45,421
2025-03-17,PRD019,WH02,107,421
2025-03-24,PRD019,WH02,124,421
2025-03-31,PRD019,WH02,50,421
2025-04-07,PRD019,WH02,0,421
2025-04-14,PRD019,WH02,87,421
2025-04-21,PRD019,WH02,165,421
2025-04-28,PRD019,WH02,245,421
2025-05-05,PRD019,WH02,235,421
2025-05-12,PRD019,WH02,266,421
2025-05-19,PRD019,WH02,346,421
2025-05-26,PRD019,WH02,399,421
2025-06-02,PRD019,WH02,414,421
2025-06-09,PRD019,WH02,305,421
2025-06-16,PRD019,WH02,314,421
2025-06-23,PRD019,WH02,330,421
2025-06-30,PRD019,WH02,280,421
2025-07-07,PRD019,WH02,316,421
2025-07-14,PRD019,WH02,291,421
2025-07-21,PRD019,WH02,254,421
2025-07-28,PRD019,WH02,284,421
2025-08-04,PRD019,WH02,380,421
2025-08-11,PRD019,WH02,338,421
2025-08-18,PRD019,WH02,250,421
2025-08-25,PRD019,WH02,273,421
2025-09-01,PRD019,WH02,289,421
2025-09-08,PRD019,WH02,276,421
2025-09-15,PRD019,WH02,357,421
2025-09-22,PRD019,WH02,400,421
2025-09-29,PRD019,WH02,462,421
2025-10-06,PRD019,WH02,501,421
2025-10-13,PRD019,WH02,555,421
2025-10-20,PRD019,WH02,548,421
2025-10-27,PRD019,WH02,569,421
2025-11-03,PRD019,WH02,611,421
2025-11-10,PRD019,WH02,610,421
2025-11-17,PRD019,WH02,503,421
2025-11-24,PRD019,WH02,383,421
2025-12-01,PRD019,WH02,313,421
2025-12-08,PRD019,WH02,408,421
2025-12-15,PRD019,WH02,363,421
2025-12-22,PRD019,WH02,290,421
2025-12-29,PRD019,WH02,355,421
2024-01-01,PRD020,WH02,348,444
2024-01-08,PRD020,WH02,368,444
2024-01-15,PRD020,WH02,432,444
2024-01-22,PRD020,WH02,465,444
2024-01-29,PRD020,WH02,487,444
2024-02-05,PRD020,WH02,486,444
2024-02-12,PRD020,WH02,445,444
2024-02-19,PRD020,WH02,462,444
2024-02-26,PRD020,WH02,486,444
2024-03-04,PRD020,WH02,469,444
2024-03-11,PRD020,WH02,476,444
2024-03-18,PRD020,WH02,464,444
2024-03-25,PRD020,WH02,353,444
2024-04-01,PRD020,WH02,407,444
2024-04-08,PRD020,WH02,397,444
2024-04-15,PRD020,WH02,286,444
2024-04-22,PRD020,WH02,354,444
2024-04-29,PRD020,WH02,268,444
2024-05-06,PRD020,WH02,252,444
2024-05-13,PRD020,WH02,267,444
2024-05-20,PRD020,WH02,284,444
2024-05-27,PRD020,WH02,362,444
2024-06-03,PRD020,WH02,339,444
2024-06-10,PRD020,WH02,411,444
2024-06-17,PRD020,WH02,359,444
2024-06-24,PRD020,WH02,447,444
2024-07-01,PRD020,WH02,374,444
2024-07-08,PRD020,WH02,273,444
2024-07-15,PRD020,WH02,220,444
2024-07-22,PRD020,WH02,145,444
2024-07-29,PRD020,WH02,122,444
2024-08-05,PRD020,WH02,37,444
2024-08-12,PRD020,WH02,0,444
2024-08-19,PRD020,WH02,0,444
2024-08-26,PRD020,WH02,0,444
2024-09-02,PRD020,WH02,0,444
2024-09-09,PRD020,WH02,0,444
2024-09-16,PRD020,WH02,0,444
2024-09-23,PRD020,WH02,0,444
2024-09-30,PRD020,WH02,0,444
2024-10-07,PRD020,WH02,0,444
2024-10-14,PRD020,WH02,47,444
2024-10-21,PRD020,WH02,14,444
2024-10-28,PRD020,WH02,38,444
2024-11-04,PRD020,WH02,136,444
2024-11-11,PRD020,WH02,88,444
2024-11-18,PRD020,WH02,115,444
2024-11-25,PRD020,WH02,168,444
2024-12-02,PRD020,WH02,71,444
2024-12-09,PRD020,WH02,120,444
2024-12-16,PRD020,WH02,212,444
2024-12-23,PRD020,WH02,300,444
2024-12-30,PRD020,WH02,229,444
2025-01-06,PRD020,WH02,139,444
2025-01-13,PRD020,WH02,160,444
2025-01-20,PRD020,WH02,204,444
2025-01-27,PRD020,WH02,96,444
2025-02-03,PRD020,WH02,68,444
2025-02-10,PRD020,WH02,160,444
2025-02-17,PRD020,WH02,210,444
2025-02-24,PRD020,WH02,223,444
2025-03-03,PRD020,WH02,181,444
2025-03-10,PRD020,WH02,74,444
2025-03-17,PRD020,WH02,113,444
2025-03-24,PRD020,WH02,183,444
2025-03-31,PRD020,WH02,71,444
2025-04-07,PRD020,WH02,0,444
2025-04-14,PRD020,WH02,81,444
2025-04-21,PRD020,WH02,43,444
2025-04-28,PRD020,WH02,0,444
2025-05-05,PRD020,WH02,0,444
2025-05-12,PRD020,WH02,0,444
2025-05-19,PRD020,WH02,23,444
2025-05-26,PRD020,WH02,4,444
2025-06-02,PRD020,WH02,0,444
2025-06-09,PRD020,WH02,0,444
2025-06-16,PRD020,WH02,39,444
2025-06-23,PRD020,WH02,112,444
2025-06-30,PRD020,WH02,91,444
2025-07-07,PRD020,WH02,91,444
2025-07-14,PRD020,WH02,53,444
2025-07-21,PRD020,WH02,107,444
2025-07-28,PRD020,WH02,65,444
2025-08-04,PRD020,WH02,0,444
2025-08-11,PRD020,WH02,21,444
2025-08-18,PRD020,WH02,0,444
2025-08-25,PRD020,WH02,0,444
2025-09-01,PRD020,WH02,0,444
2025-09-08,PRD020,WH02,0,444
2025-09-15,PRD020,WH02,0,444
2025-09-22,PRD020,WH02,0,444
2025-09-29,PRD020,WH02,9,444
2025-10-06,PRD020,WH02,65,444
2025-10-13,PRD020,WH02,0,444
2025-10-20,PRD020,WH02,30,444
2025-10-27,PRD020,WH02,0,444
2025-11-03,PRD020,WH02,0,444
2025-11-10,PRD020,WH02,0,444
2025-11-17,PRD020,WH02,94,444
2025-11-24,PRD020,WH02,102,444
2025-12-01,PRD020,WH02,10,444
2025-12-08,PRD020,WH02,0,444
2025-12-15,PRD020,WH02,42,444
2025-12-22,PRD020,WH02,0,444
2025-12-29,PRD020,WH02,0,444
2024-01-01,PRD021,WH02,555,250
2024-01-08,PRD021,WH02,531,250
2024-01-15,PRD021,WH02,544,250
2024-01-22,PRD021,WH02,497,250
2024-01-29,PRD021,WH02,532,250
2024-02-05,PRD021,WH02,469,250
2024-02-12,PRD021,WH02,424,250
2024-02-19,PRD021,WH02,499,250
2024-02-26,PRD021,WH02,491,250
2024-03-04,PRD021,WH02,395,250
2024-03-11,PRD021,WH02,473,250
2024-03-18,PRD021,WH02,390,250
2024-03-25,PRD021,WH02,481,250
2024-04-01,PRD021,WH02,485,250
2024-04-08,PRD021,WH02,419,250
2024-04-15,PRD021,WH02,342,250
2024-04-22,PRD021,WH02,372,250
2024-04-29,PRD021,WH02,310,250
2024-05-06,PRD021,WH02,261,250
2024-05-13,PRD021,WH02,349,250
2024-05-20,PRD021,WH02,385,250
2024-05-27,PRD021,WH02,312,250
2024-06-03,PRD021,WH02,373,250
2024-06-10,PRD021,WH02,278,250
2024-06-17,PRD021,WH02,278,250
2024-06-24,PRD021,WH02,295,250
2024-07-01,PRD021,WH02,249,250
2024-07-08,PRD021,WH02,335,250
2024-07-15,PRD021,WH02,296,250
2024-07-22,PRD021,WH02,371,250
2024-07-29,PRD021,WH02,469,250
2024-08-05,PRD021,WH02,457,250
2024-08-12,PRD021,WH02,405,250
2024-08-19,PRD021,WH02,354,250
2024-08-26,PRD021,WH02,371,250
2024-09-02,PRD021,WH02,397,250
2024-09-09,PRD021,WH02,352,250
2024-09-16,PRD021,WH02,418,250
2024-09-23,PRD021,WH02,321,250
2024-09-30,PRD021,WH02,280,250
2024-10-07,PRD021,WH02,232,250
2024-10-14,PRD021,WH02,188,250
2024-10-21,PRD021,WH02,85,250
2024-10-28,PRD021,WH02,124,250
2024-11-04,PRD021,WH02,128,250
2024-11-11,PRD021,WH02,26,250
2024-11-18,PRD021,WH02,71,250
2024-11-25,PRD021,WH02,99,250
2024-12-02,PRD021,WH02,162,250
2024-12-09,PRD021,WH02,254,250
2024-12-16,PRD021,WH02,190,250
2024-12-23,PRD021,WH02,118,250
2024-12-30,PRD021,WH02,121,250
2025-01-06,PRD021,WH02,134,250
2025-01-13,PRD021,WH02,68,250
2025-01-20,PRD021,WH02,0,250
2025-01-27,PRD021,WH02,0,250
2025-02-03,PRD021,WH02,88,250
2025-02-10,PRD021,WH02,0,250
2025-02-17,PRD021,WH02,0,250
2025-02-24,PRD021,WH02,0,250
2025-03-03,PRD021,WH02,0,250
2025-03-10,PRD021,WH02,0,250
2025-03-17,PRD021,WH02,42,250
2025-03-24,PRD021,WH02,36,250
2025-03-31,PRD021,WH02,116,250
2025-04-07,PRD021,WH02,84,250
2025-04-14,PRD021,WH02,72,250
2025-04-21,PRD021,WH02,87,250
2025-04-28,PRD021,WH02,33,250
2025-05-05,PRD021,WH02,130,250
2025-05-12,PRD021,WH02,111,250
2025-05-19,PRD021,WH02,76,250
2025-05-26,PRD021,WH02,82,250
2025-06-02,PRD021,WH02,0,250
2025-06-09,PRD021,WH02,28,250
2025-06-16,PRD021,WH02,51,250
2025-06-23,PRD021,WH02,104,250
2025-06-30,PRD021,WH02,147,250
2025-07-07,PRD021,WH02,164,250
2025-07-14,PRD021,WH02,237,250
2025-07-21,PRD021,WH02,207,250
2025-07-28,PRD021,WH02,103,250
2025-08-04,PRD021,WH02,185,250
2025-08-11,PRD021,WH02,189,250
2025-08-18,PRD021,WH02,269,250
2025-08-25,PRD021,WH02,333,250
2025-09-01,PRD021,WH02,222,250
2025-09-08,PRD021,WH02,304,250
2025-09-15,PRD021,WH02,390,250
2025-09-22,PRD021,WH02,463,250
2025-09-29,PRD021,WH02,359,250
2025-10-06,PRD021,WH02,441,250
2025-10-13,PRD021,WH02,422,250
2025-10-20,PRD021,WH02,333,250
2025-10-27,PRD021,WH02,409,250
2025-11-03,PRD021,WH02,434,250
2025-11-10,PRD021,WH02,359,250
2025-11-17,PRD021,WH02,284,250
2025-11-24,PRD021,WH02,277,250
2025-12-01,PRD021,WH02,286,250
2025-12-08,PRD021,WH02,268,250
2025-12-15,PRD021,WH02,174,250
2025-12-22,PRD021,WH02,189,250
2025-12-29,PRD021,WH02,175,250
2024-01-01,PRD022,WH02,447,375
2024-01-08,PRD022,WH02,354,375
2024-01-15,PRD022,WH02,289,375
2024-01-22,PRD022,WH02,217,375
2024-01-29,PRD022,WH02,165,375
2024-02-05,PRD022,WH02,138,375
2024-02-12,PRD022,WH02,124,375
2024-02-19,PRD022,WH02,94,375
2024-02-26,PRD022,WH02,128,375
2024-03-04,PRD022,WH02,96,375
2024-03-11,PRD022,WH02,130,375
2024-03-18,PRD022,WH02,21,375
2024-03-25,PRD022,WH02,0,375
2024-04-01,PRD022,WH02,59,375
2024-04-08,PRD022,WH02,0,375
2024-04-15,PRD022,WH02,0,375
2024-04-22,PRD022,WH02,0,375
2024-04-29,PRD022,WH02,0,375
2024-05-06,PRD022,WH02,43,375
2024-05-13,PRD022,WH02,44,375
2024-05-20,PRD022,WH02,104,375
2024-05-27,PRD022,WH02,0,375
2024-06-03,PRD022,WH02,0,375
2024-06-10,PRD022,WH02,0,375
2024-06-17,PRD022,WH02,0,375
2024-06-24,PRD022,WH02,0,375
2024-07-01,PRD022,WH02,0,375
2024-07-08,PRD022,WH02,0,375
2024-07-15,PRD022,WH02,69,375
2024-07-22,PRD022,WH02,135,375
2024-07-29,PRD022,WH02,218,375
2024-08-05,PRD022,WH02,231,375
2024-08-12,PRD022,WH02,270,375
2024-08-19,PRD022,WH02,279,375
2024-08-26,PRD022,WH02,281,375
2024-09-02,PRD022,WH02,304,375
2024-09-09,PRD022,WH02,292,375
2024-09-16,PRD022,WH02,354,375
2024-09-23,PRD022,WH02,357,375
2024-09-30,PRD022,WH02,327,375
2024-10-07,PRD022,WH02,274,375
2024-10-14,PRD022,WH02,309,375
2024-10-21,PRD022,WH02,268,375
2024-10-28,PRD022,WH02,170,375
2024-11-04,PRD022,WH02,96,375
2024-11-11,PRD022,WH02,84,375
2024-11-18,PRD022,WH02,0,375
2024-11-25,PRD022,WH02,68,375
2024-12-02,PRD022,WH02,29,375
2024-12-09,PRD022,WH02,89,375
2024-12-16,PRD022,WH02,164,375
2024-12-23,PRD022,WH02,128,375
2024-12-30,PRD022,WH02,66,375
2025-01-06,PRD022,WH02,35,375
2025-01-13,PRD022,WH02,0,375
2025-01-20,PRD022,WH02,43,375
2025-01-27,PRD022,WH02,0,375
2025-02-03,PRD022,WH02,0,375
2025-02-10,PRD022,WH02,0,375
2025-02-17,PRD022,WH02,0,375
2025-02-24,PRD022,WH02,64,375
2025-03-03,PRD022,WH02,0,375
2025-03-10,PRD022,WH02,92,375
2025-03-17,PRD022,WH02,112,375
2025-03-24,PRD022,WH02,0,375
2025-03-31,PRD022,WH02,0,375
2025-04-07,PRD022,WH02,0,375
2025-04-14,PRD022,WH02,57,375
2025-04-21,PRD022,WH02,117,375
2025-04-28,PRD022,WH02,133,375
2025-05-05,PRD022,WH02,107,375
2025-05-12,PRD022,WH02,72,375
2025-05-19,PRD022,WH02,70,375
2025-05-26,PRD022,WH02,6,375
2025-06-02,PRD022,WH02,19,375
2025-06-09,PRD022,WH02,0,375
2025-06-16,PRD022,WH02,0,375
2025-06-23,PRD022,WH02,0,375
2025-06-30,PRD022,WH02,0,375
2025-07-07,PRD022,WH02,0,375
2025-07-14,PRD022,WH02,74,375
2025-07-21,PRD022,WH02,37,375
2025-07-28,PRD022,WH02,31,375
2025-08-04,PRD022,WH02,60,375
2025-08-11,PRD022,WH02,88,375
2025-08-18,PRD022,WH02,110,375
2025-08-25,PRD022,WH02,166,375
2025-09-01,PRD022,WH02,151,375
2025-09-08,PRD022,WH02,149,375
2025-09-15,PRD022,WH02,107,375
2025-09-22,PRD022,WH02,164,375
2025-09-29,PRD022,WH02,218,375
2025-10-06,PRD022,WH02,176,375
2025-10-13,PRD022,WH02,252,375
2025-10-20,PRD022,WH02,172,375
2025-10-27,PRD022,WH02,135,375
2025-11-03,PRD022,WH02,36,375
2025-11-10,PRD022,WH02,34,375
2025-11-17,PRD022,WH02,5,375
2025-11-24,PRD022,WH02,0,375
2025-12-01,PRD022,WH02,84,375
2025-12-08,PRD022,WH02,153,375
2025-12-15,PRD022,WH02,238,375
2025-12-22,PRD022,WH02,255,375
2025-12-29,PRD022,WH02,336,375
2024-01-01,PRD023,WH02,504,197
2024-01-08,PRD023,WH02,474,197
2024-01-15,PRD023,WH02,441,197
2024-01-22,PRD023,WH02,363,197
2024-01-29,PRD023,WH02,307,197
2024-02-05,PRD023,WH02,213,197
2024-02-12,PRD023,WH02,228,197
2024-02-19,PRD023,WH02,289,197
2024-02-26,PRD023,WH02,249,197
2024-03-04,PRD023,WH02,156,197
2024-03-11,PRD023,WH02,79,197
2024-03-18,PRD023,WH02,65,197
2024-03-25,PRD023,WH02,163,197
2024-04-01,PRD023,WH02,194,197
2024-04-08,PRD023,WH02,266,197
2024-04-15,PRD023,WH02,253,197
2024-04-22,PRD023,WH02,140,197
2024-04-29,PRD023,WH02,147,197
2024-05-06,PRD023,WH02,28,197
2024-05-13,PRD023,WH02,18,197
2024-05-20,PRD023,WH02,43,197
2024-05-27,PRD023,WH02,129,197
2024-06-03,PRD023,WH02,133,197
2024-06-10,PRD023,WH02,201,197
2024-06-17,PRD023,WH02,122,197
2024-06-24,PRD023,WH02,169,197
2024-07-01,PRD023,WH02,52,197
2024-07-08,PRD023,WH02,0,197
2024-07-15,PRD023,WH02,46,197
2024-07-22,PRD023,WH02,132,197
2024-07-29,PRD023,WH02,101,197
2024-08-05,PRD023,WH02,185,197
2024-08-12,PRD023,WH02,74,197
2024-08-19,PRD023,WH02,75,197
2024-08-26,PRD023,WH02,62,197
2024-09-02,PRD023,WH02,103,197
2024-09-09,PRD023,WH02,201,197
2024-09-16,PRD023,WH02,235,197
2024-09-23,PRD023,WH02,287,197
2024-09-30,PRD023,WH02,254,197
2024-10-07,PRD023,WH02,248,197
2024-10-14,PRD023,WH02,222,197
2024-10-21,PRD023,WH02,111,197
2024-10-28,PRD023,WH02,110,197
2024-11-04,PRD023,WH02,194,197
2024-11-11,PRD023,WH02,284,197
2024-11-18,PRD023,WH02,271,197
2024-11-25,PRD023,WH02,187,197
2024-12-02,PRD023,WH02,69,197
2024-12-09,PRD023,WH02,61,197
2024-12-16,PRD023,WH02,0,197
2024-12-23,PRD023,WH02,69,197
2024-12-30,PRD023,WH02,85,197
2025-01-06,PRD023,WH02,81,197
2025-01-13,PRD023,WH02,27,197
2025-01-20,PRD023,WH02,0,197
2025-01-27,PRD023,WH02,0,197
2025-02-03,PRD023,WH02,36,197
2025-02-10,PRD023,WH02,0,197
2025-02-17,PRD023,WH02,67,197
2025-02-24,PRD023,WH02,0,197
2025-03-03,PRD023,WH02,0,197
2025-03-10,PRD023,WH02,0,197
2025-03-17,PRD023,WH02,73,197
2025-03-24,PRD023,WH02,124,197
2025-03-31,PRD023,WH02,127,197
2025-04-07,PRD023,WH02,169,197
2025-04-14,PRD023,WH02,188,197
2025-04-21,PRD023,WH02,89,197
2025-04-28,PRD023,WH02,73,197
2025-05-05,PRD023,WH02,80,197
2025-05-12,PRD023,WH02,49,197
2025-05-19,PRD023,WH02,145,197
2025-05-26,PRD023,WH02,184,197
2025-06-02,PRD023,WH02,72,197
2025-06-09,PRD023,WH02,53,197
2025-06-16,PRD023,WH02,124,197
2025-06-23,PRD023,WH02,190,197
2025-06-30,PRD023,WH02,271,197
2025-07-07,PRD023,WH02,342,197
2025-07-14,PRD023,WH02,320,197
2025-07-21,PRD023,WH02,375,197
2025-07-28,PRD023,WH02,307,197
2025-08-04,PRD023,WH02,346,197
2025-08-11,PRD023,WH02,407,197
2025-08-18,PRD023,WH02,391,197
2025-08-25,PRD023,WH02,439,197
2025-09-01,PRD023,WH02,385,197
2025-09-08,PRD023,WH02,447,197
2025-09-15,PRD023,WH02,420,197
2025-09-22,PRD023,WH02,462,197
2025-09-29,PRD023,WH02,399,197
2025-10-06,PRD023,WH02,475,197
2025-10-13,PRD023,WH02,483,197
2025-10-20,PRD023,WH02,371,197
2025-10-27,PRD023,WH02,372,197
2025-11-03,PRD023,WH02,300,197
2025-11-10,PRD023,WH02,247,197
2025-11-17,PRD023,WH02,300,197
2025-11-24,PRD023,WH02,391,197
2025-12-01,PRD023,WH02,358,197
2025-12-08,PRD023,WH02,402,197
2025-12-15,PRD023,WH02,389,197
2025-12-22,PRD023,WH02,345,197
2025-12-29,PRD023,WH02,429,197
2024-01-01,PRD024,WH02,718,395
2024-01-08,PRD024,WH02,617,395
2024-01-15,PRD024,WH02,663,395
2024-01-22,PRD024,WH02,557,395
2024-01-29,PRD024,WH02,533,395
2024-02-05,PRD024,WH02,612,395
2024-02-12,PRD024,WH02,640,395
2024-02-19,PRD024,WH02,573,395
2024-02-26,PRD024,WH02,578,395
2024-03-04,PRD024,WH02,595,395
2024-03-11,PRD024,WH02,651,395
2024-03-18,PRD024,WH02,531,395
2024-03-25,PRD024,WH02,442,395
2024-04-01,PRD024,WH02,537,395
2024-04-08,PRD024,WH02,430,395
2024-04-15,PRD024,WH02,337,395
2024-04-22,PRD024,WH02,384,395
2024-04-29,PRD024,WH02,315,395
2024-05-06,PRD024,WH02,349,395
2024-05-13,PRD024,WH02,352,395
2024-05-20,PRD024,WH02,246,395
2024-05-27,PRD024,WH02,314,395
2024-06-03,PRD024,WH02,410,395
2024-06-10,PRD024,WH02,479,395
2024-06-17,PRD024,WH02,472,395
2024-06-24,PRD024,WH02,480,395
2024-07-01,PRD024,WH02,491,395
2024-07-08,PRD024,WH02,537,395
2024-07-15,PRD024,WH02,443,395
2024-07-22,PRD024,WH02,481,395
2024-07-29,PRD024,WH02,411,395
2024-08-05,PRD024,WH02,397,395
2024-08-12,PRD024,WH02,488,395
2024-08-19,PRD024,WH02,537,395
2024-08-26,PRD024,WH02,607,395
2024-09-02,PRD024,WH02,574,395
2024-09-09,PRD024,WH02,662,395
2024-09-16,PRD024,WH02,699,395
2024-09-23,PRD024,WH02,681,395
2024-09-30,PRD024,WH02,695,395
2024-10-07,PRD024,WH02,756,395
2024-10-14,PRD024,WH02,694,395
2024-10-21,PRD024,WH02,679,395
2024-10-28,PRD024,WH02,754,395
2024-11-04,PRD024,WH02,833,395
2024-11-11,PRD024,WH02,778,395
2024-11-18,PRD024,WH02,763,395
2024-11-25,PRD024,WH02,799,395
2024-12-02,PRD024,WH02,737,395
2024-12-09,PRD024,WH02,778,395
2024-12-16,PRD024,WH02,838,395
2024-12-23,PRD024,WH02,798,395
2024-12-30,PRD024,WH02,845,395
2025-01-06,PRD024,WH02,910,395
2025-01-13,PRD024,WH02,873,395
2025-01-20,PRD024,WH02,909,395
2025-01-27,PRD024,WH02,858,395
2025-02-03,PRD024,WH02,863,395
2025-02-10,PRD024,WH02,870,395
2025-02-17,PRD024,WH02,961,395
2025-02-24,PRD024,WH02,957,395
2025-03-03,PRD024,WH02,1055,395
2025-03-10,PRD024,WH02,1132,395
2025-03-17,PRD024,WH02,1060,395
2025-03-24,PRD024,WH02,945,395
2025-03-31,PRD024,WH02,934,395
2025-04-07,PRD024,WH02,820,395
2025-04-14,PRD024,WH02,801,395
2025-04-21,PRD024,WH02,844,395
2025-04-28,PRD024,WH02,793,395
2025-05-05,PRD024,WH02,770,395
2025-05-12,PRD024,WH02,778,395
2025-05-19,PRD024,WH02,679,395
2025-05-26,PRD024,WH02,767,395
2025-06-02,PRD024,WH02,688,395
2025-06-09,PRD024,WH02,651,395
2025-06-16,PRD024,WH02,562,395
2025-06-23,PRD024,WH02,473,395
2025-06-30,PRD024,WH02,358,395
2025-07-07,PRD024,WH02,371,395
2025-07-14,PRD024,WH02,450,395
2025-07-21,PRD024,WH02,437,395
2025-07-28,PRD024,WH02,455,395
2025-08-04,PRD024,WH02,491,395
2025-08-11,PRD024,WH02,531,395
2025-08-18,PRD024,WH02,539,395
2025-08-25,PRD024,WH02,509,395
2025-09-01,PRD024,WH02,588,395
2025-09-08,PRD024,WH02,544,395
2025-09-15,PRD024,WH02,588,395
2025-09-22,PRD024,WH02,632,395
2025-09-29,PRD024,WH02,617,395
2025-10-06,PRD024,WH02,611,395
2025-10-13,PRD024,WH02,583,395
2025-10-20,PRD024,WH02,616,395
2025-10-27,PRD024,WH02,664,395
2025-11-03,PRD024,WH02,633,395
2025-11-10,PRD024,WH02,616,395
2025-11-17,PRD024,WH02,591,395
2025-11-24,PRD024,WH02,640,395
2025-12-01,PRD024,WH02,579,395
2025-12-08,PRD024,WH02,546,395
2025-12-15,PRD024,WH02,556,395
2025-12-22,PRD024,WH02,448,395
2025-12-29,PRD024,WH02,466,395
2024-01-01,PRD025,WH02,488,401
2024-01-08,PRD025,WH02,560,401
2024-01-15,PRD025,WH02,558,401
2024-01-22,PRD025,WH02,469,401
2024-01-29,PRD025,WH02,361,401
2024-02-05,PRD025,WH02,257,401
2024-02-12,PRD025,WH02,202,401
2024-02-19,PRD025,WH02,230,401
2024-02-26,PRD025,WH02,322,401
2024-03-04,PRD025,WH02,271,401
2024-03-11,PRD025,WH02,332,401
2024-03-18,PRD025,WH02,305,401
2024-03-25,PRD025,WH02,327,401
2024-04-01,PRD025,WH02,349,401
2024-04-08,PRD025,WH02,337,401
2024-04-15,PRD025,WH02,327,401
2024-04-22,PRD025,WH02,215,401
2024-04-29,PRD025,WH02,170,401
2024-05-06,PRD025,WH02,120,401
2024-05-13,PRD025,WH02,87,401
2024-05-20,PRD025,WH02,0,401
2024-05-27,PRD025,WH02,16,401
2024-06-03,PRD025,WH02,0,401
2024-06-10,PRD025,WH02,0,401
2024-06-17,PRD025,WH02,0,401
2024-06-24,PRD025,WH02,0,401
2024-07-01,PRD025,WH02,0,401
2024-07-08,PRD025,WH02,0,401
2024-07-15,PRD025,WH02,0,401
2024-07-22,PRD025,WH02,86,401
2024-07-29,PRD025,WH02,64,401
2024-08-05,PRD025,WH02,122,401
2024-08-12,PRD025,WH02,199,401
2024-08-19,PRD025,WH02,265,401
2024-08-26,PRD025,WH02,215,401
2024-09-02,PRD025,WH02,105,401
2024-09-09,PRD025,WH02,115,401
2024-09-16,PRD025,WH02,156,401
2024-09-23,PRD025,WH02,120,401
2024-09-30,PRD025,WH02,146,401
2024-10-07,PRD025,WH02,160,401
2024-10-14,PRD025,WH02,146,401
2024-10-21,PRD025,WH02,164,401
2024-10-28,PRD025,WH02,106,401
2024-11-04,PRD025,WH02,180,401
2024-11-11,PRD025,WH02,243,401
2024-11-18,PRD025,WH02,225,401
2024-11-25,PRD025,WH02,275,401
2024-12-02,PRD025,WH02,338,401
2024-12-09,PRD025,WH02,262,401
2024-12-16,PRD025,WH02,269,401
2024-12-23,PRD025,WH02,336,401
2024-12-30,PRD025,WH02,376,401
2025-01-06,PRD025,WH02,283,401
2025-01-13,PRD025,WH02,265,401
2025-01-20,PRD025,WH02,260,401
2025-01-27,PRD025,WH02,196,401
2025-02-03,PRD025,WH02,127,401
2025-02-10,PRD025,WH02,10,401
2025-02-17,PRD025,WH02,34,401
2025-02-24,PRD025,WH02,0,401
2025-03-03,PRD025,WH02,0,401
2025-03-10,PRD025,WH02,67,401
2025-03-17,PRD025,WH02,100,401
2025-03-24,PRD025,WH02,155,401
2025-03-31,PRD025,WH02,98,401
2025-04-07,PRD025,WH02,122,401
2025-04-14,PRD025,WH02,99,401
2025-04-21,PRD025,WH02,178,401
2025-04-28,PRD025,WH02,258,401
2025-05-05,PRD025,WH02,272,401
2025-05-12,PRD025,WH02,216,401
2025-05-19,PRD025,WH02,223,401
2025-05-26,PRD025,WH02,154,401
2025-06-02,PRD025,WH02,202,401
2025-06-09,PRD025,WH02,197,401
2025-06-16,PRD025,WH02,220,401
2025-06-23,PRD025,WH02,293,401
2025-06-30,PRD025,WH02,372,401
2025-07-07,PRD025,WH02,337,401
2025-07-14,PRD025,WH02,338,401
2025-07-21,PRD025,WH02,401,401
2025-07-28,PRD025,WH02,307,401
2025-08-04,PRD025,WH02,204,401
2025-08-11,PRD025,WH02,146,401
2025-08-18,PRD025,WH02,105,401
2025-08-25,PRD025,WH02,99,401
2025-09-01,PRD025,WH02,132,401
2025-09-08,PRD025,WH02,161,401
2025-09-15,PRD025,WH02,226,401
2025-09-22,PRD025,WH02,106,401
2025-09-29,PRD025,WH02,159,401
2025-10-06,PRD025,WH02,124,401
2025-10-13,PRD025,WH02,30,401
2025-10-20,PRD025,WH02,11,401
2025-10-27,PRD025,WH02,62,401
2025-11-03,PRD025,WH02,102,401
2025-11-10,PRD025,WH02,64,401
2025-11-17,PRD025,WH02,0,401
2025-11-24,PRD025,WH02,4,401
2025-12-01,PRD025,WH02,65,401
2025-12-08,PRD025,WH02,97,401
2025-12-15,PRD025,WH02,0,401
2025-12-22,PRD025,WH02,55,401
2025-12-29,PRD025,WH02,27,401
2024-01-01,PRD001,WH03,228,308
2024-01-08,PRD001,WH03,122,308
2024-01-15,PRD001,WH03,205,308
2024-01-22,PRD001,WH03,271,308
2024-01-29,PRD001,WH03,188,308
2024-02-05,PRD001,WH03,210,308
2024-02-12,PRD001,WH03,248,308
2024-02-19,PRD001,WH03,241,308
2024-02-26,PRD001,WH03,313,308
2024-03-04,PRD001,WH03,340,308
2024-03-11,PRD001,WH03,376,308
2024-03-18,PRD001,WH03,330,308
2024-03-25,PRD001,WH03,410,308
2024-04-01,PRD001,WH03,433,308
2024-04-08,PRD001,WH03,520,308
2024-04-15,PRD001,WH03,560,308
2024-04-22,PRD001,WH03,622,308
2024-04-29,PRD001,WH03,520,308
2024-05-06,PRD001,WH03,488,308
2024-05-13,PRD001,WH03,417,308
2024-05-20,PRD001,WH03,330,308
2024-05-27,PRD001,WH03,401,308
2024-06-03,PRD001,WH03,383,308
2024-06-10,PRD001,WH03,414,308
2024-06-17,PRD001,WH03,406,308
2024-06-24,PRD001,WH03,317,308
2024-07-01,PRD001,WH03,317,308
2024-07-08,PRD001,WH03,327,308
2024-07-15,PRD001,WH03,347,308
2024-07-22,PRD001,WH03,313,308
2024-07-29,PRD001,WH03,204,308
2024-08-05,PRD001,WH03,145,308
2024-08-12,PRD001,WH03,197,308
2024-08-19,PRD001,WH03,100,308
2024-08-26,PRD001,WH03,3,308
2024-09-02,PRD001,WH03,91,308
2024-09-09,PRD001,WH03,0,308
2024-09-16,PRD001,WH03,57,308
2024-09-23,PRD001,WH03,24,308
2024-09-30,PRD001,WH03,0,308
2024-10-07,PRD001,WH03,95,308
2024-10-14,PRD001,WH03,169,308
2024-10-21,PRD001,WH03,164,308
2024-10-28,PRD001,WH03,216,308
2024-11-04,PRD001,WH03,288,308
2024-11-11,PRD001,WH03,187,308
2024-11-18,PRD001,WH03,87,308
2024-11-25,PRD001,WH03,106,308
2024-12-02,PRD001,WH03,85,308
2024-12-09,PRD001,WH03,72,308
2024-12-16,PRD001,WH03,36,308
2024-12-23,PRD001,WH03,0,308
2024-12-30,PRD001,WH03,26,308
2025-01-06,PRD001,WH03,6,308
2025-01-13,PRD001,WH03,0,308
2025-01-20,PRD001,WH03,0,308
2025-01-27,PRD001,WH03,44,308
2025-02-03,PRD001,WH03,0,308
2025-02-10,PRD001,WH03,0,308
2025-02-17,PRD001,WH03,0,308
2025-02-24,PRD001,WH03,4,308
2025-03-03,PRD001,WH03,92,308
2025-03-10,PRD001,WH03,129,308
2025-03-17,PRD001,WH03,22,308
2025-03-24,PRD001,WH03,0,308
2025-03-31,PRD001,WH03,0,308
2025-04-07,PRD001,WH03,0,308
2025-04-14,PRD001,WH03,0,308
2025-04-21,PRD001,WH03,87,308
2025-04-28,PRD001,WH03,107,308
2025-05-05,PRD001,WH03,79,308
2025-05-12,PRD001,WH03,46,308
2025-05-19,PRD001,WH03,71,308
2025-05-26,PRD001,WH03,53,308
2025-06-02,PRD001,WH03,68,308
2025-06-09,PRD001,WH03,144,308
2025-06-16,PRD001,WH03,199,308
2025-06-23,PRD001,WH03,156,308
2025-06-30,PRD001,WH03,38,308
2025-07-07,PRD001,WH03,0,308
2025-07-14,PRD001,WH03,0,308
2025-07-21,PRD001,WH03,6,308
2025-07-28,PRD001,WH03,0,308
2025-08-04,PRD001,WH03,0,308
2025-08-11,PRD001,WH03,0,308
2025-08-18,PRD001,WH03,0,308
2025-08-25,PRD001,WH03,0,308
2025-09-01,PRD001,WH03,0,308
2025-09-08,PRD001,WH03,0,308
2025-09-15,PRD001,WH03,0,308
2025-09-22,PRD001,WH03,62,308
2025-09-29,PRD001,WH03,139,308
2025-10-06,PRD001,WH03,189,308
2025-10-13,PRD001,WH03,128,308
2025-10-20,PRD001,WH03,176,308
2025-10-27,PRD001,WH03,274,308
2025-11-03,PRD001,WH03,330,308
2025-11-10,PRD001,WH03,287,308
2025-11-17,PRD001,WH03,250,308
2025-11-24,PRD001,WH03,284,308
2025-12-01,PRD001,WH03,294,308
2025-12-08,PRD001,WH03,254,308
2025-12-15,PRD001,WH03,329,308
2025-12-22,PRD001,WH03,250,308
2025-12-29,PRD001,WH03,334,308
2024-01-01,PRD002,WH03,289,460
2024-01-08,PRD002,WH03,296,460
2024-01-15,PRD002,WH03,324,460
2024-01-22,PRD002,WH03,270,460
2024-01-29,PRD002,WH03,196,460
2024-02-05,PRD002,WH03,164,460
2024-02-12,PRD002,WH03,149,460
2024-02-19,PRD002,WH03,136,460
2024-02-26,PRD002,WH03,74,460
2024-03-04,PRD002,WH03,82,460
2024-03-11,PRD002,WH03,0,460
2024-03-18,PRD002,WH03,5,460
2024-03-25,PRD002,WH03,0,460
2024-04-01,PRD002,WH03,74,460
2024-04-08,PRD002,WH03,0,460
2024-04-15,PRD002,WH03,0,460
2024-04-22,PRD002,WH03,32,460
2024-04-29,PRD002,WH03,103,460
2024-05-06,PRD002,WH03,42,460
2024-05-13,PRD002,WH03,0,460
2024-05-20,PRD002,WH03,0,460
2024-05-27,PRD002,WH03,83,460
2024-06-03,PRD002,WH03,14,460
2024-06-10,PRD002,WH03,0,460
2024-06-17,PRD002,WH03,0,460
2024-06-24,PRD002,WH03,40,460
2024-07-01,PRD002,WH03,0,460
2024-07-08,PRD002,WH03,0,460
2024-07-15,PRD002,WH03,0,460
2024-07-22,PRD002,WH03,69,460
2024-07-29,PRD002,WH03,68,460
2024-08-05,PRD002,WH03,0,460
2024-08-12,PRD002,WH03,0,460
2024-08-19,PRD002,WH03,18,460
2024-08-26,PRD002,WH03,110,460
2024-09-02,PRD002,WH03,113,460
2024-09-09,PRD002,WH03,193,460
2024-09-16,PRD002,WH03,179,460
2024-09-23,PRD002,WH03,76,460
2024-09-30,PRD002,WH03,95,460
2024-10-07,PRD002,WH03,17,460
2024-10-14,PRD002,WH03,0,460
2024-10-21,PRD002,WH03,0,460
2024-10-28,PRD002,WH03,47,460
2024-11-04,PRD002,WH03,131,460
2024-11-11,PRD002,WH03,173,460
2024-11-18,PRD002,WH03,237,460
2024-11-25,PRD002,WH03,300,460
2024-12-02,PRD002,WH03,207,460
2024-12-09,PRD002,WH03,276,460
2024-12-16,PRD002,WH03,254,460
2024-12-23,PRD002,WH03,220,460
2024-12-30,PRD002,WH03,114,460
2025-01-06,PRD002,WH03,129,460
2025-01-13,PRD002,WH03,23,460
2025-01-20,PRD002,WH03,95,460
2025-01-27,PRD002,WH03,9,460
2025-02-03,PRD002,WH03,0,460
2025-02-10,PRD002,WH03,0,460
2025-02-17,PRD002,WH03,16,460
2025-02-24,PRD002,WH03,62,460
2025-03-03,PRD002,WH03,38,460
2025-03-10,PRD002,WH03,0,460
2025-03-17,PRD002,WH03,0,460
2025-03-24,PRD002,WH03,67,460
2025-03-31,PRD002,WH03,117,460
2025-04-07,PRD002,WH03,59,460
2025-04-14,PRD002,WH03,108,460
2025-04-21,PRD002,WH03,198,460
2025-04-28,PRD002,WH03,239,460
2025-05-05,PRD002,WH03,244,460
2025-05-12,PRD002,WH03,268,460
2025-05-19,PRD002,WH03,212,460
2025-05-26,PRD002,WH03,209,460
2025-06-02,PRD002,WH03,241,460
2025-06-09,PRD002,WH03,219,460
2025-06-16,PRD002,WH03,284,460
2025-06-23,PRD002,WH03,301,460
2025-06-30,PRD002,WH03,386,460
2025-07-07,PRD002,WH03,271,460
2025-07-14,PRD002,WH03,200,460
2025-07-21,PRD002,WH03,99,460
2025-07-28,PRD002,WH03,103,460
2025-08-04,PRD002,WH03,156,460
2025-08-11,PRD002,WH03,239,460
2025-08-18,PRD002,WH03,209,460
2025-08-25,PRD002,WH03,227,460
2025-09-01,PRD002,WH03,185,460
2025-09-08,PRD002,WH03,220,460
2025-09-15,PRD002,WH03,216,460
2025-09-22,PRD002,WH03,197,460
2025-09-29,PRD002,WH03,78,460
2025-10-06,PRD002,WH03,149,460
2025-10-13,PRD002,WH03,170,460
2025-10-20,PRD002,WH03,118,460
2025-10-27,PRD002,WH03,98,460
2025-11-03,PRD002,WH03,179,460
2025-11-10,PRD002,WH03,136,460
2025-11-17,PRD002,WH03,97,460
2025-11-24,PRD002,WH03,185,460
2025-12-01,PRD002,WH03,92,460
2025-12-08,PRD002,WH03,9,460
2025-12-15,PRD002,WH03,0,460
2025-12-22,PRD002,WH03,40,460
2025-12-29,PRD002,WH03,19,460
2024-01-01,PRD003,WH03,532,214
2024-01-08,PRD003,WH03,471,214
2024-01-15,PRD003,WH03,482,214
2024-01-22,PRD003,WH03,415,214
2024-01-29,PRD003,WH03,509,214
2024-02-05,PRD003,WH03,537,214
2024-02-12,PRD003,WH03,441,214
2024-02-19,PRD003,WH03,371,214
2024-02-26,PRD003,WH03,393,214
2024-03-04,PRD003,WH03,350,214
2024-03-11,PRD003,WH03,242,214
2024-03-18,PRD003,WH03,310,214
2024-03-25,PRD003,WH03,286,214
2024-04-01,PRD003,WH03,186,214
2024-04-08,PRD003,WH03,192,214
2024-04-15,PRD003,WH03,243,214
2024-04-22,PRD003,WH03,183,214
2024-04-29,PRD003,WH03,86,214
2024-05-06,PRD003,WH03,182,214
2024-05-13,PRD003,WH03,96,214
2024-05-20,PRD003,WH03,0,214
2024-05-27,PRD003,WH03,75,214
2024-06-03,PRD003,WH03,9,214
2024-06-10,PRD003,WH03,37,214
2024-06-17,PRD003,WH03,18,214
2024-06-24,PRD003,WH03,25,214
2024-07-01,PRD003,WH03,56,214
2024-07-08,PRD003,WH03,153,214
2024-07-15,PRD003,WH03,93,214
2024-07-22,PRD003,WH03,94,214
2024-07-29,PRD003,WH03,190,214
2024-08-05,PRD003,WH03,77,214
2024-08-12,PRD003,WH03,26,214
2024-08-19,PRD003,WH03,29,214
2024-08-26,PRD003,WH03,8,214
2024-09-02,PRD003,WH03,77,214
2024-09-09,PRD003,WH03,60,214
2024-09-16,PRD003,WH03,0,214
2024-09-23,PRD003,WH03,0,214
2024-09-30,PRD003,WH03,13,214
2024-10-07,PRD003,WH03,41,214
2024-10-14,PRD003,WH03,51,214
2024-10-21,PRD003,WH03,40,214
2024-10-28,PRD003,WH03,112,214
2024-11-04,PRD003,WH03,62,214
2024-11-11,PRD003,WH03,0,214
2024-11-18,PRD003,WH03,0,214
2024-11-25,PRD003,WH03,27,214
2024-12-02,PRD003,WH03,68,214
2024-12-09,PRD003,WH03,121,214
2024-12-16,PRD003,WH03,200,214
2024-12-23,PRD003,WH03,296,214
2024-12-30,PRD003,WH03,291,214
2025-01-06,PRD003,WH03,336,214
2025-01-13,PRD003,WH03,371,214
2025-01-20,PRD003,WH03,287,214
2025-01-27,PRD003,WH03,227,214
2025-02-03,PRD003,WH03,259,214
2025-02-10,PRD003,WH03,342,214
2025-02-17,PRD003,WH03,392,214
2025-02-24,PRD003,WH03,419,214
2025-03-03,PRD003,WH03,508,214
2025-03-10,PRD003,WH03,548,214
2025-03-17,PRD003,WH03,588,214
2025-03-24,PRD003,WH03,568,214
2025-03-31,PRD003,WH03,486,214
2025-04-07,PRD003,WH03,505,214
2025-04-14,PRD003,WH03,590,214
2025-04-21,PRD003,WH03,617,214
2025-04-28,PRD003,WH03,601,214
2025-05-05,PRD003,WH03,626,214
2025-05-12,PRD003,WH03,707,214
2025-05-19,PRD003,WH03,603,214
2025-05-26,PRD003,WH03,615,214
2025-06-02,PRD003,WH03,558,214
2025-06-09,PRD003,WH03,593,214
2025-06-16,PRD003,WH03,505,214
2025-06-23,PRD003,WH03,550,214
2025-06-30,PRD003,WH03,642,214
2025-07-07,PRD003,WH03,560,214
2025-07-14,PRD003,WH03,546,214
2025-07-21,PRD003,WH03,517,214
2025-07-28,PRD003,WH03,461,214
2025-08-04,PRD003,WH03,343,214
2025-08-11,PRD003,WH03,427,214
2025-08-18,PRD003,WH03,460,214
2025-08-25,PRD003,WH03,448,214
2025-09-01,PRD003,WH03,525,214
2025-09-08,PRD003,WH03,621,214
2025-09-15,PRD003,WH03,535,214
2025-09-22,PRD003,WH03,433,214
2025-09-29,PRD003,WH03,490,214
2025-10-06,PRD003,WH03,470,214
2025-10-13,PRD003,WH03,512,214
2025-10-20,PRD003,WH03,477,214
2025-10-27,PRD003,WH03,367,214
2025-11-03,PRD003,WH03,463,214
2025-11-10,PRD003,WH03,496,214
2025-11-17,PRD003,WH03,385,214
2025-11-24,PRD003,WH03,438,214
2025-12-01,PRD003,WH03,473,214
2025-12-08,PRD003,WH03,435,214
2025-12-15,PRD003,WH03,461,214
2025-12-22,PRD003,WH03,504,214
2025-12-29,PRD003,WH03,489,214
2024-01-01,PRD004,WH03,116,221
2024-01-08,PRD004,WH03,149,221
2024-01-15,PRD004,WH03,77,221
2024-01-22,PRD004,WH03,139,221
2024-01-29,PRD004,WH03,26,221
2024-02-05,PRD004,WH03,0,221
2024-02-12,PRD004,WH03,0,221
2024-02-19,PRD004,WH03,0,221
2024-02-26,PRD004,WH03,0,221
2024-03-04,PRD004,WH03,43,221
2024-03-11,PRD004,WH03,0,221
2024-03-18,PRD004,WH03,34,221
2024-03-25,PRD004,WH03,38,221
2024-04-01,PRD004,WH03,22,221
2024-04-08,PRD004,WH03,0,221
2024-04-15,PRD004,WH03,0,221
2024-04-22,PRD004,WH03,0,221
2024-04-29,PRD004,WH03,89,221
2024-05-06,PRD004,WH03,76,221
2024-05-13,PRD004,WH03,0,221
2024-05-20,PRD004,WH03,0,221
2024-05-27,PRD004,WH03,83,221
2024-06-03,PRD004,WH03,5,221
2024-06-10,PRD004,WH03,0,221
2024-06-17,PRD004,WH03,0,221
2024-06-24,PRD004,WH03,42,221
2024-07-01,PRD004,WH03,0,221
2024-07-08,PRD004,WH03,0,221
2024-07-15,PRD004,WH03,0,221
2024-07-22,PRD004,WH03,0,221
2024-07-29,PRD004,WH03,42,221
2024-08-05,PRD004,WH03,101,221
2024-08-12,PRD004,WH03,76,221
2024-08-19,PRD004,WH03,0,221
2024-08-26,PRD004,WH03,51,221
2024-09-02,PRD004,WH03,0,221
2024-09-09,PRD004,WH03,0,221
2024-09-16,PRD004,WH03,8,221
2024-09-23,PRD004,WH03,0,221
2024-09-30,PRD004,WH03,0,221
2024-10-07,PRD004,WH03,39,221
2024-10-14,PRD004,WH03,108,221
2024-10-21,PRD004,WH03,0,221
2024-10-28,PRD004,WH03,0,221
2024-11-04,PRD004,WH03,93,221
2024-11-11,PRD004,WH03,117,221
2024-11-18,PRD004,WH03,121,221
2024-11-25,PRD004,WH03,139,221
2024-12-02,PRD004,WH03,193,221
2024-12-09,PRD004,WH03,256,221
2024-12-16,PRD004,WH03,176,221
2024-12-23,PRD004,WH03,199,221
2024-12-30,PRD004,WH03,231,221
2025-01-06,PRD004,WH03,140,221
2025-01-13,PRD004,WH03,223,221
2025-01-20,PRD004,WH03,271,221
2025-01-27,PRD004,WH03,339,221
2025-02-03,PRD004,WH03,267,221
2025-02-10,PRD004,WH03,236,221
2025-02-17,PRD004,WH03,333,221
2025-02-24,PRD004,WH03,288,221
2025-03-03,PRD004,WH03,209,221
2025-03-10,PRD004,WH03,209,221
2025-03-17,PRD004,WH03,151,221
2025-03-24,PRD004,WH03,125,221
2025-03-31,PRD004,WH03,30,221
2025-04-07,PRD004,WH03,75,221
2025-04-14,PRD004,WH03,77,221
2025-04-21,PRD004,WH03,112,221
2025-04-28,PRD004,WH03,189,221
2025-05-05,PRD004,WH03,69,221
2025-05-12,PRD004,WH03,14,221
2025-05-19,PRD004,WH03,0,221
2025-05-26,PRD004,WH03,49,221
2025-06-02,PRD004,WH03,0,221
2025-06-09,PRD004,WH03,57,221
2025-06-16,PRD004,WH03,0,221
2025-06-23,PRD004,WH03,80,221
2025-06-30,PRD004,WH03,11,221
2025-07-07,PRD004,WH03,0,221
2025-07-14,PRD004,WH03,0,221
2025-07-21,PRD004,WH03,37,221
2025-07-28,PRD004,WH03,44,221
2025-08-04,PRD004,WH03,0,221
2025-08-11,PRD004,WH03,0,221
2025-08-18,PRD004,WH03,0,221
2025-08-25,PRD004,WH03,24,221
2025-09-01,PRD004,WH03,0,221
2025-09-08,PRD004,WH03,0,221
2025-09-15,PRD004,WH03,0,221
2025-09-22,PRD004,WH03,76,221
2025-09-29,PRD004,WH03,4,221
2025-10-06,PRD004,WH03,0,221
2025-10-13,PRD004,WH03,0,221
2025-10-20,PRD004,WH03,0,221
2025-10-27,PRD004,WH03,19,221
2025-11-03,PRD004,WH03,94,221
2025-11-10,PRD004,WH03,45,221
2025-11-17,PRD004,WH03,0,221
2025-11-24,PRD004,WH03,67,221
2025-12-01,PRD004,WH03,158,221
2025-12-08,PRD004,WH03,252,221
2025-12-15,PRD004,WH03,258,221
2025-12-22,PRD004,WH03,218,221
2025-12-29,PRD004,WH03,162,221
2024-01-01,PRD005,WH03,198,423
2024-01-08,PRD005,WH03,179,423
2024-01-15,PRD005,WH03,177,423
2024-01-22,PRD005,WH03,105,423
2024-01-29,PRD005,WH03,62,423
2024-02-05,PRD005,WH03,71,423
2024-02-12,PRD005,WH03,94,423
2024-02-19,PRD005,WH03,96,423
2024-02-26,PRD005,WH03,23,423
2024-03-04,PRD005,WH03,75,423
2024-03-11,PRD005,WH03,108,423
2024-03-18,PRD005,WH03,0,423
2024-03-25,PRD005,WH03,0,423
2024-04-01,PRD005,WH03,0,423
2024-04-08,PRD005,WH03,20,423
2024-04-15,PRD005,WH03,54,423
2024-04-22,PRD005,WH03,123,423
2024-04-29,PRD005,WH03,14,423
2024-05-06,PRD005,WH03,84,423
2024-05-13,PRD005,WH03,94,423
2024-05-20,PRD005,WH03,0,423
2024-05-27,PRD005,WH03,0,423
2024-06-03,PRD005,WH03,99,423
2024-06-10,PRD005,WH03,25,423
2024-06-17,PRD005,WH03,0,423
2024-06-24,PRD005,WH03,31,423
2024-07-01,PRD005,WH03,0,423
2024-07-08,PRD005,WH03,77,423
2024-07-15,PRD005,WH03,159,423
2024-07-22,PRD005,WH03,182,423
2024-07-29,PRD005,WH03,138,423
2024-08-05,PRD005,WH03,220,423
2024-08-12,PRD005,WH03,181,423
2024-08-19,PRD005,WH03,117,423
2024-08-26,PRD005,WH03,37,423
2024-09-02,PRD005,WH03,91,423
2024-09-09,PRD005,WH03,144,423
2024-09-16,PRD005,WH03,97,423
2024-09-23,PRD005,WH03,166,423
2024-09-30,PRD005,WH03,209,423
2024-10-07,PRD005,WH03,246,423
2024-10-14,PRD005,WH03,140,423
2024-10-21,PRD005,WH03,37,423
2024-10-28,PRD005,WH03,73,423
2024-11-04,PRD005,WH03,10,423
2024-11-11,PRD005,WH03,0,423
2024-11-18,PRD005,WH03,0,423
2024-11-25,PRD005,WH03,0,423
2024-12-02,PRD005,WH03,0,423
2024-12-09,PRD005,WH03,51,423
2024-12-16,PRD005,WH03,0,423
2024-12-23,PRD005,WH03,67,423
2024-12-30,PRD005,WH03,54,423
2025-01-06,PRD005,WH03,50,423
2025-01-13,PRD005,WH03,57,423
2025-01-20,PRD005,WH03,24,423
2025-01-27,PRD005,WH03,0,423
2025-02-03,PRD005,WH03,0,423
2025-02-10,PRD005,WH03,0,423
2025-02-17,PRD005,WH03,19,423
2025-02-24,PRD005,WH03,101,423
2025-03-03,PRD005,WH03,47,423
2025-03-10,PRD005,WH03,142,423
2025-03-17,PRD005,WH03,62,423
2025-03-24,PRD005,WH03,0,423
2025-03-31,PRD005,WH03,9,423
2025-04-07,PRD005,WH03,0,423
2025-04-14,PRD005,WH03,65,423
2025-04-21,PRD005,WH03,0,423
2025-04-28,PRD005,WH03,87,423
2025-05-05,PRD005,WH03,26,423
2025-05-12,PRD005,WH03,0,423
2025-05-19,PRD005,WH03,79,423
2025-05-26,PRD005,WH03,0,423
2025-06-02,PRD005,WH03,85,423
2025-06-09,PRD005,WH03,40,423
2025-06-16,PRD005,WH03,38,423
2025-06-23,PRD005,WH03,8,423
2025-06-30,PRD005,WH03,0,423
2025-07-07,PRD005,WH03,0,423
2025-07-14,PRD005,WH03,0,423
2025-07-21,PRD005,WH03,0,423
2025-07-28,PRD005,WH03,36,423
2025-08-04,PRD005,WH03,36,423
2025-08-11,PRD005,WH03,0,423
2025-08-18,PRD005,WH03,0,423
2025-08-25,PRD005,WH03,68,423
2025-09-01,PRD005,WH03,131,423
2025-09-08,PRD005,WH03,132,423
2025-09-15,PRD005,WH03,217,423
2025-09-22,PRD005,WH03,231,423
2025-09-29,PRD005,WH03,306,423
2025-10-06,PRD005,WH03,298,423
2025-10-13,PRD005,WH03,326,423
2025-10-20,PRD005,WH03,250,423
2025-10-27,PRD005,WH03,269,423
2025-11-03,PRD005,WH03,349,423
2025-11-10,PRD005,WH03,363,423
2025-11-17,PRD005,WH03,415,423
2025-11-24,PRD005,WH03,457,423
2025-12-01,PRD005,WH03,504,423
2025-12-08,PRD005,WH03,522,423
2025-12-15,PRD005,WH03,443,423
2025-12-22,PRD005,WH03,324,423
2025-12-29,PRD005,WH03,237,423
2024-01-01,PRD006,WH03,413,229
2024-01-08,PRD006,WH03,471,229
2024-01-15,PRD006,WH03,382,229
2024-01-22,PRD006,WH03,468,229
2024-01-29,PRD006,WH03,549,229
2024-02-05,PRD006,WH03,440,229
2024-02-12,PRD006,WH03,332,229
2024-02-19,PRD006,WH03,241,229
2024-02-26,PRD006,WH03,231,229
2024-03-04,PRD006,WH03,324,229
2024-03-11,PRD006,WH03,402,229
2024-03-18,PRD006,WH03,489,229
2024-03-25,PRD006,WH03,413,229
2024-04-01,PRD006,WH03,413,229
2024-04-08,PRD006,WH03,507,229
2024-04-15,PRD006,WH03,491,229
2024-04-22,PRD006,WH03,440,229
2024-04-29,PRD006,WH03,493,229
2024-05-06,PRD006,WH03,404,229
2024-05-13,PRD006,WH03,366,229
2024-05-20,PRD006,WH03,409,229
2024-05-27,PRD006,WH03,318,229
2024-06-03,PRD006,WH03,328,229
2024-06-10,PRD006,WH03,244,229
2024-06-17,PRD006,WH03,233,229
2024-06-24,PRD006,WH03,194,229
2024-07-01,PRD006,WH03,171,229
2024-07-08,PRD006,WH03,130,229
2024-07-15,PRD006,WH03,13,229
2024-07-22,PRD006,WH03,0,229
2024-07-29,PRD006,WH03,50,229
2024-08-05,PRD006,WH03,0,229
2024-08-12,PRD006,WH03,0,229
2024-08-19,PRD006,WH03,0,229
2024-08-26,PRD006,WH03,0,229
2024-09-02,PRD006,WH03,44,229
2024-09-09,PRD006,WH03,0,229
2024-09-16,PRD006,WH03,0,229
2024-09-23,PRD006,WH03,0,229
2024-09-30,PRD006,WH03,10,229
2024-10-07,PRD006,WH03,52,229
2024-10-14,PRD006,WH03,74,229
2024-10-21,PRD006,WH03,68,229
2024-10-28,PRD006,WH03,27,229
2024-11-04,PRD006,WH03,61,229
2024-11-11,PRD006,WH03,16,229
2024-11-18,PRD006,WH03,92,229
2024-11-25,PRD006,WH03,24,229
2024-12-02,PRD006,WH03,98,229
2024-12-09,PRD006,WH03,180,229
2024-12-16,PRD006,WH03,98,229
2024-12-23,PRD006,WH03,111,229
2024-12-30,PRD006,WH03,132,229
2025-01-06,PRD006,WH03,226,229
2025-01-13,PRD006,WH03,109,229
2025-01-20,PRD006,WH03,4,229
2025-01-27,PRD006,WH03,0,229
2025-02-03,PRD006,WH03,14,229
2025-02-10,PRD006,WH03,0,229
2025-02-17,PRD006,WH03,74,229
2025-02-24,PRD006,WH03,84,229
2025-03-03,PRD006,WH03,0,229
2025-03-10,PRD006,WH03,55,229
2025-03-17,PRD006,WH03,130,229
2025-03-24,PRD006,WH03,147,229
2025-03-31,PRD006,WH03,155,229
2025-04-07,PRD006,WH03,180,229
2025-04-14,PRD006,WH03,87,229
2025-04-21,PRD006,WH03,92,229
2025-04-28,PRD006,WH03,142,229
2025-05-05,PRD006,WH03,229,229
2025-05-12,PRD006,WH03,130,229
2025-05-19,PRD006,WH03,125,229
2025-05-26,PRD006,WH03,196,229
2025-06-02,PRD006,WH03,233,229
2025-06-09,PRD006,WH03,239,229
2025-06-16,PRD006,WH03,287,229
2025-06-23,PRD006,WH03,333,229
2025-06-30,PRD006,WH03,286,229
2025-07-07,PRD006,WH03,318,229
2025-07-14,PRD006,WH03,336,229
2025-07-21,PRD006,WH03,339,229
2025-07-28,PRD006,WH03,433,229
2025-08-04,PRD006,WH03,462,229
2025-08-11,PRD006,WH03,489,229
2025-08-18,PRD006,WH03,373,229
2025-08-25,PRD006,WH03,402,229
2025-09-01,PRD006,WH03,490,229
2025-09-08,PRD006,WH03,515,229
2025-09-15,PRD006,WH03,473,229
2025-09-22,PRD006,WH03,446,229
2025-09-29,PRD006,WH03,529,229
2025-10-06,PRD006,WH03,538,229
2025-10-13,PRD006,WH03,548,229
2025-10-20,PRD006,WH03,471,229
2025-10-27,PRD006,WH03,428,229
2025-11-03,PRD006,WH03,343,229
2025-11-10,PRD006,WH03,387,229
2025-11-17,PRD006,WH03,344,229
2025-11-24,PRD006,WH03,374,229
2025-12-01,PRD006,WH03,434,229
2025-12-08,PRD006,WH03,392,229
2025-12-15,PRD006,WH03,461,229
2025-12-22,PRD006,WH03,411,229
2025-12-29,PRD006,WH03,348,229
2024-01-01,PRD007,WH03,580,491
2024-01-08,PRD007,WH03,636,491
2024-01-15,PRD007,WH03,681,491
2024-01-22,PRD007,WH03,636,491
2024-01-29,PRD007,WH03,694,491
2024-02-05,PRD007,WH03,631,491
2024-02-12,PRD007,WH03,662,491
2024-02-19,PRD007,WH03,666,491
2024-02-26,PRD007,WH03,623,491
2024-03-04,PRD007,WH03,544,491
2024-03-11,PRD007,WH03,494,491
2024-03-18,PRD007,WH03,521,491
2024-03-25,PRD007,WH03,520,491
2024-04-01,PRD007,WH03,571,491
2024-04-08,PRD007,WH03,504,491
2024-04-15,PRD007,WH03,558,491
2024-04-22,PRD007,WH03,444,491
2024-04-29,PRD007,WH03,328,491
2024-05-06,PRD007,WH03,326,491
2024-05-13,PRD007,WH03,385,491
2024-05-20,PRD007,WH03,341,491
2024-05-27,PRD007,WH03,380,491
2024-06-03,PRD007,WH03,360,491
2024-06-10,PRD007,WH03,266,491
2024-06-17,PRD007,WH03,323,491
2024-06-24,PRD007,WH03,396,491
2024-07-01,PRD007,WH03,396,491
2024-07-08,PRD007,WH03,386,491
2024-07-15,PRD007,WH03,470,491
2024-07-22,PRD007,WH03,515,491
2024-07-29,PRD007,WH03,578,491
2024-08-05,PRD007,WH03,648,491
2024-08-12,PRD007,WH03,685,491
2024-08-19,PRD007,WH03,610,491
2024-08-26,PRD007,WH03,687,491
2024-09-02,PRD007,WH03,633,491
2024-09-09,PRD007,WH03,563,491
2024-09-16,PRD007,WH03,501,491
2024-09-23,PRD007,WH03,591,491
2024-09-30,PRD007,WH03,529,491
2024-10-07,PRD007,WH03,458,491
2024-10-14,PRD007,WH03,417,491
2024-10-21,PRD007,WH03,492,491
2024-10-28,PRD007,WH03,551,491
2024-11-04,PRD007,WH03,603,491
2024-11-11,PRD007,WH03,619,491
2024-11-18,PRD007,WH03,562,491
2024-11-25,PRD007,WH03,577,491
2024-12-02,PRD007,WH03,633,491
2024-12-09,PRD007,WH03,695,491
2024-12-16,PRD007,WH03,664,491
2024-12-23,PRD007,WH03,680,491
2024-12-30,PRD007,WH03,571,491
2025-01-06,PRD007,WH03,542,491
2025-01-13,PRD007,WH03,618,491
2025-01-20,PRD007,WH03,610,491
2025-01-27,PRD007,WH03,697,491
2025-02-03,PRD007,WH03,694,491
2025-02-10,PRD007,WH03,592,491
2025-02-17,PRD007,WH03,558,491
2025-02-24,PRD007,WH03,445,491
2025-03-03,PRD007,WH03,426,491
2025-03-10,PRD007,WH03,323,491
2025-03-17,PRD007,WH03,228,491
2025-03-24,PRD007,WH03,150,491
2025-03-31,PRD007,WH03,183,491
2025-04-07,PRD007,WH03,269,491
2025-04-14,PRD007,WH03,162,491
2025-04-21,PRD007,WH03,166,491
2025-04-28,PRD007,WH03,180,491
2025-05-05,PRD007,WH03,148,491
2025-05-12,PRD007,WH03,29,491
2025-05-19,PRD007,WH03,84,491
2025-05-26,PRD007,WH03,161,491
2025-06-02,PRD007,WH03,241,491
2025-06-09,PRD007,WH03,304,491
2025-06-16,PRD007,WH03,289,491
2025-06-23,PRD007,WH03,189,491
2025-06-30,PRD007,WH03,271,491
2025-07-07,PRD007,WH03,264,491
2025-07-14,PRD007,WH03,150,491
2025-07-21,PRD007,WH03,197,491
2025-07-28,PRD007,WH03,231,491
2025-08-04,PRD007,WH03,315,491
2025-08-11,PRD007,WH03,196,491
2025-08-18,PRD007,WH03,216,491
2025-08-25,PRD007,WH03,227,491
2025-09-01,PRD007,WH03,226,491
2025-09-08,PRD007,WH03,173,491
2025-09-15,PRD007,WH03,78,491
2025-09-22,PRD007,WH03,44,491
2025-09-29,PRD007,WH03,0,491
2025-10-06,PRD007,WH03,0,491
2025-10-13,PRD007,WH03,96,491
2025-10-20,PRD007,WH03,160,491
2025-10-27,PRD007,WH03,194,491
2025-11-03,PRD007,WH03,265,491
2025-11-10,PRD007,WH03,164,491
2025-11-17,PRD007,WH03,251,491
2025-11-24,PRD007,WH03,245,491
2025-12-01,PRD007,WH03,128,491
2025-12-08,PRD007,WH03,208,491
2025-12-15,PRD007,WH03,158,491
2025-12-22,PRD007,WH03,212,491
2025-12-29,PRD007,WH03,111,491
2024-01-01,PRD008,WH03,636,344
2024-01-08,PRD008,WH03,704,344
2024-01-15,PRD008,WH03,679,344
2024-01-22,PRD008,WH03,623,344
2024-01-29,PRD008,WH03,575,344
2024-02-05,PRD008,WH03,494,344
2024-02-12,PRD008,WH03,584,344
2024-02-19,PRD008,WH03,631,344
2024-02-26,PRD008,WH03,608,344
2024-03-04,PRD008,WH03,541,344
2024-03-11,PRD008,WH03,571,344
2024-03-18,PRD008,WH03,643,344
2024-03-25,PRD008,WH03,686,344
2024-04-01,PRD008,WH03,621,344
2024-04-08,PRD008,WH03,715,344
2024-04-15,PRD008,WH03,658,344
2024-04-22,PRD008,WH03,630,344
2024-04-29,PRD008,WH03,724,344
2024-05-06,PRD008,WH03,778,344
2024-05-13,PRD008,WH03,744,344
2024-05-20,PRD008,WH03,793,344
2024-05-27,PRD008,WH03,827,344
2024-06-03,PRD008,WH03,797,344
2024-06-10,PRD008,WH03,779,344
2024-06-17,PRD008,WH03,877,344
2024-06-24,PRD008,WH03,907,344
2024-07-01,PRD008,WH03,873,344
2024-07-08,PRD008,WH03,837,344
2024-07-15,PRD008,WH03,787,344
2024-07-22,PRD008,WH03,751,344
2024-07-29,PRD008,WH03,803,344
2024-08-05,PRD008,WH03,801,344
2024-08-12,PRD008,WH03,892,344
2024-08-19,PRD008,WH03,891,344
2024-08-26,PRD008,WH03,802,344
2024-09-02,PRD008,WH03,848,344
2024-09-09,PRD008,WH03,909,344
2024-09-16,PRD008,WH03,832,344
2024-09-23,PRD008,WH03,775,344
2024-09-30,PRD008,WH03,852,344
2024-10-07,PRD008,WH03,813,344
2024-10-14,PRD008,WH03,826,344
2024-10-21,PRD008,WH03,713,344
2024-10-28,PRD008,WH03,710,344
2024-11-04,PRD008,WH03,655,344
2024-11-11,PRD008,WH03,574,344
2024-11-18,PRD008,WH03,563,344
2024-11-25,PRD008,WH03,633,344
2024-12-02,PRD008,WH03,724,344
2024-12-09,PRD008,WH03,727,344
2024-12-16,PRD008,WH03,776,344
2024-12-23,PRD008,WH03,775,344
2024-12-30,PRD008,WH03,859,344
2025-01-06,PRD008,WH03,840,344
2025-01-13,PRD008,WH03,919,344
2025-01-20,PRD008,WH03,888,344
2025-01-27,PRD008,WH03,957,344
2025-02-03,PRD008,WH03,1038,344
2025-02-10,PRD008,WH03,1118,344
2025-02-17,PRD008,WH03,1217,344
2025-02-24,PRD008,WH03,1231,344
2025-03-03,PRD008,WH03,1111,344
2025-03-10,PRD008,WH03,1087,344
2025-03-17,PRD008,WH03,1009,344
2025-03-24,PRD008,WH03,1001,344
2025-03-31,PRD008,WH03,893,344
2025-04-07,PRD008,WH03,911,344
2025-04-14,PRD008,WH03,901,344
2025-04-21,PRD008,WH03,999,344
2025-04-28,PRD008,WH03,913,344
2025-05-05,PRD008,WH03,830,344
2025-05-12,PRD008,WH03,926,344
2025-05-19,PRD008,WH03,916,344
2025-05-26,PRD008,WH03,899,344
2025-06-02,PRD008,WH03,951,344
2025-06-09,PRD008,WH03,881,344
2025-06-16,PRD008,WH03,775,344
2025-06-23,PRD008,WH03,713,344
2025-06-30,PRD008,WH03,658,344
2025-07-07,PRD008,WH03,664,344
2025-07-14,PRD008,WH03,685,344
2025-07-21,PRD008,WH03,578,344
2025-07-28,PRD008,WH03,576,344
2025-08-04,PRD008,WH03,624,344
2025-08-11,PRD008,WH03,627,344
2025-08-18,PRD008,WH03,658,344
2025-08-25,PRD008,WH03,670,344
2025-09-01,PRD008,WH03,583,344
2025-09-08,PRD008,WH03,570,344
2025-09-15,PRD008,WH03,609,344
2025-09-22,PRD008,WH03,580,344
2025-09-29,PRD008,WH03,505,344
2025-10-06,PRD008,WH03,589,344
2025-10-13,PRD008,WH03,484,344
2025-10-20,PRD008,WH03,448,344
2025-10-27,PRD008,WH03,349,344
2025-11-03,PRD008,WH03,443,344
2025-11-10,PRD008,WH03,354,344
2025-11-17,PRD008,WH03,437,344
2025-11-24,PRD008,WH03,485,344
2025-12-01,PRD008,WH03,386,344
2025-12-08,PRD008,WH03,318,344
2025-12-15,PRD008,WH03,348,344
2025-12-22,PRD008,WH03,390,344
2025-12-29,PRD008,WH03,358,344
2024-01-01,PRD009,WH03,388,162
2024-01-08,PRD009,WH03,329,162
2024-01-15,PRD009,WH03,253,162
2024-01-22,PRD009,WH03,226,162
2024-01-29,PRD009,WH03,290,162
2024-02-05,PRD009,WH03,364,162
2024-02-12,PRD009,WH03,426,162
2024-02-19,PRD009,WH03,464,162
2024-02-26,PRD009,WH03,525,162
2024-03-04,PRD009,WH03,568,162
2024-03-11,PRD009,WH03,610,162
2024-03-18,PRD009,WH03,503,162
2024-03-25,PRD009,WH03,532,162
2024-04-01,PRD009,WH03,554,162
2024-04-08,PRD009,WH03,648,162
2024-04-15,PRD009,WH03,599,162
2024-04-22,PRD009,WH03,656,162
2024-04-29,PRD009,WH03,559,162
2024-05-06,PRD009,WH03,608,162
2024-05-13,PRD009,WH03,527,162
2024-05-20,PRD009,WH03,526,162
2024-05-27,PRD009,WH03,582,162
2024-06-03,PRD009,WH03,532,162
2024-06-10,PRD009,WH03,525,162
2024-06-17,PRD009,WH03,541,162
2024-06-24,PRD009,WH03,548,162
2024-07-01,PRD009,WH03,598,162
2024-07-08,PRD009,WH03,539,162
2024-07-15,PRD009,WH03,438,162
2024-07-22,PRD009,WH03,464,162
2024-07-29,PRD009,WH03,457,162
2024-08-05,PRD009,WH03,357,162
2024-08-12,PRD009,WH03,454,162
2024-08-19,PRD009,WH03,342,162
2024-08-26,PRD009,WH03,321,162
2024-09-02,PRD009,WH03,261,162
2024-09-09,PRD009,WH03,174,162
2024-09-16,PRD009,WH03,161,162
2024-09-23,PRD009,WH03,238,162
2024-09-30,PRD009,WH03,278,162
2024-10-07,PRD009,WH03,364,162
2024-10-14,PRD009,WH03,325,162
2024-10-21,PRD009,WH03,291,162
2024-10-28,PRD009,WH03,229,162
2024-11-04,PRD009,WH03,179,162
2024-11-11,PRD009,WH03,200,162
2024-11-18,PRD009,WH03,285,162
2024-11-25,PRD009,WH03,217,162
2024-12-02,PRD009,WH03,278,162
2024-12-09,PRD009,WH03,241,162
2024-12-16,PRD009,WH03,218,162
2024-12-23,PRD009,WH03,191,162
2024-12-30,PRD009,WH03,114,162
2025-01-06,PRD009,WH03,150,162
2025-01-13,PRD009,WH03,164,162
2025-01-20,PRD009,WH03,137,162
2025-01-27,PRD009,WH03,110,162
2025-02-03,PRD009,WH03,35,162
2025-02-10,PRD009,WH03,4,162
2025-02-17,PRD009,WH03,80,162
2025-02-24,PRD009,WH03,48,162
2025-03-03,PRD009,WH03,46,162
2025-03-10,PRD009,WH03,19,162
2025-03-17,PRD009,WH03,60,162
2025-03-24,PRD009,WH03,0,162
2025-03-31,PRD009,WH03,0,162
2025-04-07,PRD009,WH03,0,162
2025-04-14,PRD009,WH03,0,162
2025-04-21,PRD009,WH03,0,162
2025-04-28,PRD009,WH03,0,162
2025-05-05,PRD009,WH03,94,162
2025-05-12,PRD009,WH03,33,162
2025-05-19,PRD009,WH03,0,162
2025-05-26,PRD009,WH03,0,162
2025-06-02,PRD009,WH03,0,162
2025-06-09,PRD009,WH03,0,162
2025-06-16,PRD009,WH03,0,162
2025-06-23,PRD009,WH03,87,162
2025-06-30,PRD009,WH03,0,162
2025-07-07,PRD009,WH03,20,162
2025-07-14,PRD009,WH03,69,162
2025-07-21,PRD009,WH03,26,162
2025-07-28,PRD009,WH03,0,162
2025-08-04,PRD009,WH03,42,162
2025-08-11,PRD009,WH03,0,162
2025-08-18,PRD009,WH03,0,162
2025-08-25,PRD009,WH03,0,162
2025-09-01,PRD009,WH03,0,162
2025-09-08,PRD009,WH03,73,162
2025-09-15,PRD009,WH03,44,162
2025-09-22,PRD009,WH03,120,162
2025-09-29,PRD009,WH03,216,162
2025-10-06,PRD009,WH03,224,162
2025-10-13,PRD009,WH03,282,162
2025-10-20,PRD009,WH03,247,162
2025-10-27,PRD009,WH03,325,162
2025-11-03,PRD009,WH03,258,162
2025-11-10,PRD009,WH03,352,162
2025-11-17,PRD009,WH03,447,162
2025-11-24,PRD009,WH03,352,162
2025-12-01,PRD009,WH03,309,162
2025-12-08,PRD009,WH03,283,162
2025-12-15,PRD009,WH03,381,162
2025-12-22,PRD009,WH03,282,162
2025-12-29,PRD009,WH03,338,162
2024-01-01,PRD010,WH03,773,489
2024-01-08,PRD010,WH03,797,489
2024-01-15,PRD010,WH03,784,489
2024-01-22,PRD010,WH03,757,489
2024-01-29,PRD010,WH03,824,489
2024-02-05,PRD010,WH03,916,489
2024-02-12,PRD010,WH03,931,489
2024-02-19,PRD010,WH03,999,489
2024-02-26,PRD010,WH03,939,489
2024-03-04,PRD010,WH03,820,489
2024-03-11,PRD010,WH03,747,489
2024-03-18,PRD010,WH03,672,489
2024-03-25,PRD010,WH03,612,489
2024-04-01,PRD010,WH03,625,489
2024-04-08,PRD010,WH03,517,489
2024-04-15,PRD010,WH03,553,489
2024-04-22,PRD010,WH03,495,489
2024-04-29,PRD010,WH03,473,489
2024-05-06,PRD010,WH03,398,489
2024-05-13,PRD010,WH03,439,489
2024-05-20,PRD010,WH03,402,489
2024-05-27,PRD010,WH03,387,489
2024-06-03,PRD010,WH03,409,489
2024-06-10,PRD010,WH03,410,489
2024-06-17,PRD010,WH03,363,489
2024-06-24,PRD010,WH03,266,489
2024-07-01,PRD010,WH03,227,489
2024-07-08,PRD010,WH03,237,489
2024-07-15,PRD010,WH03,144,489
2024-07-22,PRD010,WH03,201,489
2024-07-29,PRD010,WH03,156,489
2024-08-05,PRD010,WH03,179,489
2024-08-12,PRD010,WH03,235,489
2024-08-19,PRD010,WH03,284,489
2024-08-26,PRD010,WH03,166,489
2024-09-02,PRD010,WH03,206,489
2024-09-09,PRD010,WH03,301,489
2024-09-16,PRD010,WH03,181,489
2024-09-23,PRD010,WH03,111,489
2024-09-30,PRD010,WH03,115,489
2024-10-07,PRD010,WH03,200,489
2024-10-14,PRD010,WH03,216,489
2024-10-21,PRD010,WH03,111,489
2024-10-28,PRD010,WH03,191,489
2024-11-04,PRD010,WH03,274,489
2024-11-11,PRD010,WH03,312,489
2024-11-18,PRD010,WH03,240,489
2024-11-25,PRD010,WH03,125,489
2024-12-02,PRD010,WH03,107,489
2024-12-09,PRD010,WH03,102,489
2024-12-16,PRD010,WH03,11,489
2024-12-23,PRD010,WH03,0,489
2024-12-30,PRD010,WH03,52,489
2025-01-06,PRD010,WH03,31,489
2025-01-13,PRD010,WH03,0,489
2025-01-20,PRD010,WH03,0,489
2025-01-27,PRD010,WH03,59,489
2025-02-03,PRD010,WH03,0,489
2025-02-10,PRD010,WH03,0,489
2025-02-17,PRD010,WH03,93,489
2025-02-24,PRD010,WH03,40,489
2025-03-03,PRD010,WH03,23,489
2025-03-10,PRD010,WH03,103,489
2025-03-17,PRD010,WH03,67,489
2025-03-24,PRD010,WH03,0,489
2025-03-31,PRD010,WH03,0,489
2025-04-07,PRD010,WH03,27,489
2025-04-14,PRD010,WH03,0,489
2025-04-21,PRD010,WH03,64,489
2025-04-28,PRD010,WH03,158,489
2025-05-05,PRD010,WH03,133,489
2025-05-12,PRD010,WH03,228,489
2025-05-19,PRD010,WH03,279,489
2025-05-26,PRD010,WH03,297,489
2025-06-02,PRD010,WH03,304,489
2025-06-09,PRD010,WH03,344,489
2025-06-16,PRD010,WH03,442,489
2025-06-23,PRD010,WH03,380,489
2025-06-30,PRD010,WH03,474,489
2025-07-07,PRD010,WH03,421,489
2025-07-14,PRD010,WH03,349,489
2025-07-21,PRD010,WH03,243,489
2025-07-28,PRD010,WH03,253,489
2025-08-04,PRD010,WH03,327,489
2025-08-11,PRD010,WH03,423,489
2025-08-18,PRD010,WH03,388,489
2025-08-25,PRD010,WH03,406,489
2025-09-01,PRD010,WH03,360,489
2025-09-08,PRD010,WH03,422,489
2025-09-15,PRD010,WH03,309,489
2025-09-22,PRD010,WH03,225,489
2025-09-29,PRD010,WH03,260,489
2025-10-06,PRD010,WH03,159,489
2025-10-13,PRD010,WH03,153,489
2025-10-20,PRD010,WH03,54,489
2025-10-27,PRD010,WH03,0,489
2025-11-03,PRD010,WH03,53,489
2025-11-10,PRD010,WH03,44,489
2025-11-17,PRD010,WH03,126,489
2025-11-24,PRD010,WH03,28,489
2025-12-01,PRD010,WH03,5,489
2025-12-08,PRD010,WH03,0,489
2025-12-15,PRD010,WH03,57,489
2025-12-22,PRD010,WH03,0,489
2025-12-29,PRD010,WH03,95,489
2024-01-01,PRD011,WH03,798,162
2024-01-08,PRD011,WH03,835,162
2024-01-15,PRD011,WH03,737,162
2024-01-22,PRD011,WH03,681,162
2024-01-29,PRD011,WH03,578,162
2024-02-05,PRD011,WH03,637,162
2024-02-12,PRD011,WH03,711,162
2024-02-19,PRD011,WH03,806,162
2024-02-26,PRD011,WH03,710,162
2024-03-04,PRD011,WH03,591,162
2024-03-11,PRD011,WH03,656,162
2024-03-18,PRD011,WH03,749,162
2024-03-25,PRD011,WH03,701,162
2024-04-01,PRD011,WH03,699,162
2024-04-08,PRD011,WH03,632,162
2024-04-15,PRD011,WH03,655,162
2024-04-22,PRD011,WH03,725,162
2024-04-29,PRD011,WH03,647,162
2024-05-06,PRD011,WH03,631,162
2024-05-13,PRD011,WH03,682,162
2024-05-20,PRD011,WH03,577,162
2024-05-27,PRD011,WH03,663,162
2024-06-03,PRD011,WH03,549,162
2024-06-10,PRD011,WH03,583,162
2024-06-17,PRD011,WH03,480,162
2024-06-24,PRD011,WH03,494,162
2024-07-01,PRD011,WH03,459,162
2024-07-08,PRD011,WH03,400,162
2024-07-15,PRD011,WH03,340,162
2024-07-22,PRD011,WH03,409,162
2024-07-29,PRD011,WH03,350,162
2024-08-05,PRD011,WH03,242,162
2024-08-12,PRD011,WH03,180,162
2024-08-19,PRD011,WH03,270,162
2024-08-26,PRD011,WH03,303,162
2024-09-02,PRD011,WH03,199,162
2024-09-09,PRD011,WH03,223,162
2024-09-16,PRD011,WH03,118,162
2024-09-23,PRD011,WH03,182,162
2024-09-30,PRD011,WH03,74,162
2024-10-07,PRD011,WH03,150,162
2024-10-14,PRD011,WH03,48,162
2024-10-21,PRD011,WH03,20,162
2024-10-28,PRD011,WH03,118,162
2024-11-04,PRD011,WH03,73,162
2024-11-11,PRD011,WH03,72,162
2024-11-18,PRD011,WH03,5,162
2024-11-25,PRD011,WH03,81,162
2024-12-02,PRD011,WH03,149,162
2024-12-09,PRD011,WH03,205,162
2024-12-16,PRD011,WH03,241,162
2024-12-23,PRD011,WH03,307,162
2024-12-30,PRD011,WH03,209,162
2025-01-06,PRD011,WH03,277,162
2025-01-13,PRD011,WH03,278,162
2025-01-20,PRD011,WH03,286,162
2025-01-27,PRD011,WH03,272,162
2025-02-03,PRD011,WH03,220,162
2025-02-10,PRD011,WH03,147,162
2025-02-17,PRD011,WH03,30,162
2025-02-24,PRD011,WH03,0,162
2025-03-03,PRD011,WH03,50,162
2025-03-10,PRD011,WH03,0,162
2025-03-17,PRD011,WH03,0,162
2025-03-24,PRD011,WH03,0,162
2025-03-31,PRD011,WH03,0,162
2025-04-07,PRD011,WH03,63,162
2025-04-14,PRD011,WH03,19,162
2025-04-21,PRD011,WH03,76,162
2025-04-28,PRD011,WH03,145,162
2025-05-05,PRD011,WH03,33,162
2025-05-12,PRD011,WH03,71,162
2025-05-19,PRD011,WH03,129,162
2025-05-26,PRD011,WH03,126,162
2025-06-02,PRD011,WH03,183,162
2025-06-09,PRD011,WH03,167,162
2025-06-16,PRD011,WH03,255,162
2025-06-23,PRD011,WH03,339,162
2025-06-30,PRD011,WH03,338,162
2025-07-07,PRD011,WH03,375,162
2025-07-14,PRD011,WH03,280,162
2025-07-21,PRD011,WH03,269,162
2025-07-28,PRD011,WH03,287,162
2025-08-04,PRD011,WH03,297,162
2025-08-11,PRD011,WH03,358,162
2025-08-18,PRD011,WH03,448,162
2025-08-25,PRD011,WH03,477,162
2025-09-01,PRD011,WH03,533,162
2025-09-08,PRD011,WH03,467,162
2025-09-15,PRD011,WH03,432,162
2025-09-22,PRD011,WH03,374,162
2025-09-29,PRD011,WH03,349,162
2025-10-06,PRD011,WH03,427,162
2025-10-13,PRD011,WH03,370,162
2025-10-20,PRD011,WH03,366,162
2025-10-27,PRD011,WH03,333,162
2025-11-03,PRD011,WH03,285,162
2025-11-10,PRD011,WH03,211,162
2025-11-17,PRD011,WH03,179,162
2025-11-24,PRD011,WH03,144,162
2025-12-01,PRD011,WH03,175,162
2025-12-08,PRD011,WH03,98,162
2025-12-15,PRD011,WH03,112,162
2025-12-22,PRD011,WH03,172,162
2025-12-29,PRD011,WH03,202,162
2024-01-01,PRD012,WH03,208,269
2024-01-08,PRD012,WH03,187,269
2024-01-15,PRD012,WH03,135,269
2024-01-22,PRD012,WH03,37,269
2024-01-29,PRD012,WH03,0,269
2024-02-05,PRD012,WH03,92,269
2024-02-12,PRD012,WH03,0,269
2024-02-19,PRD012,WH03,73,269
2024-02-26,PRD012,WH03,165,269
2024-03-04,PRD012,WH03,158,269
2024-03-11,PRD012,WH03,55,269
2024-03-18,PRD012,WH03,102,269
2024-03-25,PRD012,WH03,0,269
2024-04-01,PRD012,WH03,25,269
2024-04-08,PRD012,WH03,111,269
2024-04-15,PRD012,WH03,49,269
2024-04-22,PRD012,WH03,3,269
2024-04-29,PRD012,WH03,0,269
2024-05-06,PRD012,WH03,83,269
2024-05-13,PRD012,WH03,155,269
2024-05-20,PRD012,WH03,157,269
2024-05-27,PRD012,WH03,68,269
2024-06-03,PRD012,WH03,10,269
2024-06-10,PRD012,WH03,27,269
2024-06-17,PRD012,WH03,46,269
2024-06-24,PRD012,WH03,140,269
2024-07-01,PRD012,WH03,110,269
2024-07-08,PRD012,WH03,0,269
2024-07-15,PRD012,WH03,0,269
2024-07-22,PRD012,WH03,0,269
2024-07-29,PRD012,WH03,0,269
2024-08-05,PRD012,WH03,0,269
2024-08-12,PRD012,WH03,30,269
2024-08-19,PRD012,WH03,0,269
2024-08-26,PRD012,WH03,0,269
2024-09-02,PRD012,WH03,0,269
2024-09-09,PRD012,WH03,4,269
2024-09-16,PRD012,WH03,0,269
2024-09-23,PRD012,WH03,82,269
2024-09-30,PRD012,WH03,137,269
2024-10-07,PRD012,WH03,153,269
2024-10-14,PRD012,WH03,56,269
2024-10-21,PRD012,WH03,0,269
2024-10-28,PRD012,WH03,0,269
2024-11-04,PRD012,WH03,0,269
2024-11-11,PRD012,WH03,0,269
2024-11-18,PRD012,WH03,0,269
2024-11-25,PRD012,WH03,82,269
2024-12-02,PRD012,WH03,72,269
2024-12-09,PRD012,WH03,54,269
2024-12-16,PRD012,WH03,0,269
2024-12-23,PRD012,WH03,0,269
2024-12-30,PRD012,WH03,13,269
2025-01-06,PRD012,WH03,0,269
2025-01-13,PRD012,WH03,0,269
2025-01-20,PRD012,WH03,0,269
2025-01-27,PRD012,WH03,22,269
2025-02-03,PRD012,WH03,32,269
2025-02-10,PRD012,WH03,0,269
2025-02-17,PRD012,WH03,20,269
2025-02-24,PRD012,WH03,0,269
2025-03-03,PRD012,WH03,0,269
2025-03-10,PRD012,WH03,87,269
2025-03-17,PRD012,WH03,97,269
2025-03-24,PRD012,WH03,0,269
2025-03-31,PRD012,WH03,39,269
2025-04-07,PRD012,WH03,136,269
2025-04-14,PRD012,WH03,171,269
2025-04-21,PRD012,WH03,176,269
2025-04-28,PRD012,WH03,146,269
2025-05-05,PRD012,WH03,130,269
2025-05-12,PRD012,WH03,218,269
2025-05-19,PRD012,WH03,273,269
2025-05-26,PRD012,WH03,328,269
2025-06-02,PRD012,WH03,234,269
2025-06-09,PRD012,WH03,125,269
2025-06-16,PRD012,WH03,167,269
2025-06-23,PRD012,WH03,193,269
2025-06-30,PRD012,WH03,217,269
2025-07-07,PRD012,WH03,233,269
2025-07-14,PRD012,WH03,286,269
2025-07-21,PRD012,WH03,305,269
2025-07-28,PRD012,WH03,217,269
2025-08-04,PRD012,WH03,303,269
2025-08-11,PRD012,WH03,339,269
2025-08-18,PRD012,WH03,359,269
2025-08-25,PRD012,WH03,433,269
2025-09-01,PRD012,WH03,498,269
2025-09-08,PRD012,WH03,462,269
2025-09-15,PRD012,WH03,444,269
2025-09-22,PRD012,WH03,422,269
2025-09-29,PRD012,WH03,401,269
2025-10-06,PRD012,WH03,375,269
2025-10-13,PRD012,WH03,331,269
2025-10-20,PRD012,WH03,273,269
2025-10-27,PRD012,WH03,362,269
2025-11-03,PRD012,WH03,259,269
2025-11-10,PRD012,WH03,276,269
2025-11-17,PRD012,WH03,283,269
2025-11-24,PRD012,WH03,272,269
2025-12-01,PRD012,WH03,231,269
2025-12-08,PRD012,WH03,197,269
2025-12-15,PRD012,WH03,235,269
2025-12-22,PRD012,WH03,295,269
2025-12-29,PRD012,WH03,218,269
2024-01-01,PRD013,WH03,440,273
2024-01-08,PRD013,WH03,399,273
2024-01-15,PRD013,WH03,335,273
2024-01-22,PRD013,WH03,330,273
2024-01-29,PRD013,WH03,298,273
2024-02-05,PRD013,WH03,342,273
2024-02-12,PRD013,WH03,397,273
2024-02-19,PRD013,WH03,359,273
2024-02-26,PRD013,WH03,360,273
2024-03-04,PRD013,WH03,366,273
2024-03-11,PRD013,WH03,363,273
2024-03-18,PRD013,WH03,338,273
2024-03-25,PRD013,WH03,331,273
2024-04-01,PRD013,WH03,311,273
2024-04-08,PRD013,WH03,377,273
2024-04-15,PRD013,WH03,359,273
2024-04-22,PRD013,WH03,250,273
2024-04-29,PRD013,WH03,272,273
2024-05-06,PRD013,WH03,335,273
2024-05-13,PRD013,WH03,293,273
2024-05-20,PRD013,WH03,256,273
2024-05-27,PRD013,WH03,195,273
2024-06-03,PRD013,WH03,144,273
2024-06-10,PRD013,WH03,42,273
2024-06-17,PRD013,WH03,102,273
2024-06-24,PRD013,WH03,138,273
2024-07-01,PRD013,WH03,207,273
2024-07-08,PRD013,WH03,204,273
2024-07-15,PRD013,WH03,238,273
2024-07-22,PRD013,WH03,243,273
2024-07-29,PRD013,WH03,232,273
2024-08-05,PRD013,WH03,194,273
2024-08-12,PRD013,WH03,113,273
2024-08-19,PRD013,WH03,28,273
2024-08-26,PRD013,WH03,104,273
2024-09-02,PRD013,WH03,131,273
2024-09-09,PRD013,WH03,58,273
2024-09-16,PRD013,WH03,136,273
2024-09-23,PRD013,WH03,113,273
2024-09-30,PRD013,WH03,47,273
2024-10-07,PRD013,WH03,112,273
2024-10-14,PRD013,WH03,211,273
2024-10-21,PRD013,WH03,129,273
2024-10-28,PRD013,WH03,118,273
2024-11-04,PRD013,WH03,83,273
2024-11-11,PRD013,WH03,131,273
2024-11-18,PRD013,WH03,60,273
2024-11-25,PRD013,WH03,126,273
2024-12-02,PRD013,WH03,189,273
2024-12-09,PRD013,WH03,249,273
2024-12-16,PRD013,WH03,319,273
2024-12-23,PRD013,WH03,367,273
2024-12-30,PRD013,WH03,276,273
2025-01-06,PRD013,WH03,210,273
2025-01-13,PRD013,WH03,302,273
2025-01-20,PRD013,WH03,242,273
2025-01-27,PRD013,WH03,289,273
2025-02-03,PRD013,WH03,369,273
2025-02-10,PRD013,WH03,284,273
2025-02-17,PRD013,WH03,304,273
2025-02-24,PRD013,WH03,357,273
2025-03-03,PRD013,WH03,355,273
2025-03-10,PRD013,WH03,331,273
2025-03-17,PRD013,WH03,300,273
2025-03-24,PRD013,WH03,180,273
2025-03-31,PRD013,WH03,247,273
2025-04-07,PRD013,WH03,128,273
2025-04-14,PRD013,WH03,43,273
2025-04-21,PRD013,WH03,95,273
2025-04-28,PRD013,WH03,54,273
2025-05-05,PRD013,WH03,70,273
2025-05-12,PRD013,WH03,0,273
2025-05-19,PRD013,WH03,46,273
2025-05-26,PRD013,WH03,0,273
2025-06-02,PRD013,WH03,66,273
2025-06-09,PRD013,WH03,31,273
2025-06-16,PRD013,WH03,0,273
2025-06-23,PRD013,WH03,0,273
2025-06-30,PRD013,WH03,23,273
2025-07-07,PRD013,WH03,25,273
2025-07-14,PRD013,WH03,0,273
2025-07-21,PRD013,WH03,0,273
2025-07-28,PRD013,WH03,72,273
2025-08-04,PRD013,WH03,5,273
2025-08-11,PRD013,WH03,0,273
2025-08-18,PRD013,WH03,0,273
2025-08-25,PRD013,WH03,0,273
2025-09-01,PRD013,WH03,0,273
2025-09-08,PRD013,WH03,93,273
2025-09-15,PRD013,WH03,157,273
2025-09-22,PRD013,WH03,48,273
2025-09-29,PRD013,WH03,51,273
2025-10-06,PRD013,WH03,124,273
2025-10-13,PRD013,WH03,104,273
2025-10-20,PRD013,WH03,0,273
2025-10-27,PRD013,WH03,0,273
2025-11-03,PRD013,WH03,11,273
2025-11-10,PRD013,WH03,0,273
2025-11-17,PRD013,WH03,72,273
2025-11-24,PRD013,WH03,85,273
2025-12-01,PRD013,WH03,154,273
2025-12-08,PRD013,WH03,154,273
2025-12-15,PRD013,WH03,73,273
2025-12-22,PRD013,WH03,38,273
2025-12-29,PRD013,WH03,0,273
2024-01-01,PRD014,WH03,413,175
2024-01-08,PRD014,WH03,358,175
2024-01-15,PRD014,WH03,360,175
2024-01-22,PRD014,WH03,365,175
2024-01-29,PRD014,WH03,262,175
2024-02-05,PRD014,WH03,342,175
2024-02-12,PRD014,WH03,291,175
2024-02-19,PRD014,WH03,204,175
2024-02-26,PRD014,WH03,95,175
2024-03-04,PRD014,WH03,0,175
2024-03-11,PRD014,WH03,0,175
2024-03-18,PRD014,WH03,97,175
2024-03-25,PRD014,WH03,104,175
2024-04-01,PRD014,WH03,0,175
2024-04-08,PRD014,WH03,0,175
2024-04-15,PRD014,WH03,86,175
2024-04-22,PRD014,WH03,0,175
2024-04-29,PRD014,WH03,28,175
2024-05-06,PRD014,WH03,0,175
2024-05-13,PRD014,WH03,0,175
2024-05-20,PRD014,WH03,0,175
2024-05-27,PRD014,WH03,65,175
2024-06-03,PRD014,WH03,0,175
2024-06-10,PRD014,WH03,91,175
2024-06-17,PRD014,WH03,0,175
2024-06-24,PRD014,WH03,0,175
2024-07-01,PRD014,WH03,23,175
2024-07-08,PRD014,WH03,105,175
2024-07-15,PRD014,WH03,145,175
2024-07-22,PRD014,WH03,110,175
2024-07-29,PRD014,WH03,206,175
2024-08-05,PRD014,WH03,246,175
2024-08-12,PRD014,WH03,226,175
2024-08-19,PRD014,WH03,203,175
2024-08-26,PRD014,WH03,225,175
2024-09-02,PRD014,WH03,169,175
2024-09-09,PRD014,WH03,164,175
2024-09-16,PRD014,WH03,175,175
2024-09-23,PRD014,WH03,263,175
2024-09-30,PRD014,WH03,362,175
2024-10-07,PRD014,WH03,273,175
2024-10-14,PRD014,WH03,288,175
2024-10-21,PRD014,WH03,203,175
2024-10-28,PRD014,WH03,182,175
2024-11-04,PRD014,WH03,272,175
2024-11-11,PRD014,WH03,207,175
2024-11-18,PRD014,WH03,174,175
2024-11-25,PRD014,WH03,184,175
2024-12-02,PRD014,WH03,205,175
2024-12-09,PRD014,WH03,288,175
2024-12-16,PRD014,WH03,262,175
2024-12-23,PRD014,WH03,175,175
2024-12-30,PRD014,WH03,90,175
2025-01-06,PRD014,WH03,132,175
2025-01-13,PRD014,WH03,43,175
2025-01-20,PRD014,WH03,130,175
2025-01-27,PRD014,WH03,10,175
2025-02-03,PRD014,WH03,0,175
2025-02-10,PRD014,WH03,20,175
2025-02-17,PRD014,WH03,0,175
2025-02-24,PRD014,WH03,0,175
2025-03-03,PRD014,WH03,32,175
2025-03-10,PRD014,WH03,0,175
2025-03-17,PRD014,WH03,12,175
2025-03-24,PRD014,WH03,16,175
2025-03-31,PRD014,WH03,86,175
2025-04-07,PRD014,WH03,178,175
2025-04-14,PRD014,WH03,133,175
2025-04-21,PRD014,WH03,64,175
2025-04-28,PRD014,WH03,117,175
2025-05-05,PRD014,WH03,201,175
2025-05-12,PRD014,WH03,275,175
2025-05-19,PRD014,WH03,358,175
2025-05-26,PRD014,WH03,412,175
2025-06-02,PRD014,WH03,453,175
2025-06-09,PRD014,WH03,352,175
2025-06-16,PRD014,WH03,398,175
2025-06-23,PRD014,WH03,329,175
2025-06-30,PRD014,WH03,258,175
2025-07-07,PRD014,WH03,205,175
2025-07-14,PRD014,WH03,125,175
2025-07-21,PRD014,WH03,175,175
2025-07-28,PRD014,WH03,103,175
2025-08-04,PRD014,WH03,53,175
2025-08-11,PRD014,WH03,0,175
2025-08-18,PRD014,WH03,0,175
2025-08-25,PRD014,WH03,0,175
2025-09-01,PRD014,WH03,0,175
2025-09-08,PRD014,WH03,0,175
2025-09-15,PRD014,WH03,84,175
2025-09-22,PRD014,WH03,120,175
2025-09-29,PRD014,WH03,168,175
2025-10-06,PRD014,WH03,132,175
2025-10-13,PRD014,WH03,185,175
2025-10-20,PRD014,WH03,89,175
2025-10-27,PRD014,WH03,0,175
2025-11-03,PRD014,WH03,0,175
2025-11-10,PRD014,WH03,0,175
2025-11-17,PRD014,WH03,0,175
2025-11-24,PRD014,WH03,0,175
2025-12-01,PRD014,WH03,0,175
2025-12-08,PRD014,WH03,0,175
2025-12-15,PRD014,WH03,0,175
2025-12-22,PRD014,WH03,79,175
2025-12-29,PRD014,WH03,105,175
2024-01-01,PRD015,WH03,589,221
2024-01-08,PRD015,WH03,597,221
2024-01-15,PRD015,WH03,581,221
2024-01-22,PRD015,WH03,480,221
2024-01-29,PRD015,WH03,570,221
2024-02-05,PRD015,WH03,572,221
2024-02-12,PRD015,WH03,659,221
2024-02-19,PRD015,WH03,612,221
2024-02-26,PRD015,WH03,557,221
2024-03-04,PRD015,WH03,501,221
2024-03-11,PRD015,WH03,516,221
2024-03-18,PRD015,WH03,404,221
2024-03-25,PRD015,WH03,322,221
2024-04-01,PRD015,WH03,265,221
2024-04-08,PRD015,WH03,267,221
2024-04-15,PRD015,WH03,203,221
2024-04-22,PRD015,WH03,292,221
2024-04-29,PRD015,WH03,314,221
2024-05-06,PRD015,WH03,299,221
2024-05-13,PRD015,WH03,258,221
2024-05-20,PRD015,WH03,222,221
2024-05-27,PRD015,WH03,254,221
2024-06-03,PRD015,WH03,349,221
2024-06-10,PRD015,WH03,372,221
2024-06-17,PRD015,WH03,428,221
2024-06-24,PRD015,WH03,380,221
2024-07-01,PRD015,WH03,338,221
2024-07-08,PRD015,WH03,265,221
2024-07-15,PRD015,WH03,349,221
2024-07-22,PRD015,WH03,288,221
2024-07-29,PRD015,WH03,228,221
2024-08-05,PRD015,WH03,225,221
2024-08-12,PRD015,WH03,148,221
2024-08-19,PRD015,WH03,51,221
2024-08-26,PRD015,WH03,109,221
2024-09-02,PRD015,WH03,21,221
2024-09-09,PRD015,WH03,40,221
2024-09-16,PRD015,WH03,57,221
2024-09-23,PRD015,WH03,95,221
2024-09-30,PRD015,WH03,158,221
2024-10-07,PRD015,WH03,41,221
2024-10-14,PRD015,WH03,22,221
2024-10-21,PRD015,WH03,65,221
2024-10-28,PRD015,WH03,0,221
2024-11-04,PRD015,WH03,74,221
2024-11-11,PRD015,WH03,103,221
2024-11-18,PRD015,WH03,195,221
2024-11-25,PRD015,WH03,240,221
2024-12-02,PRD015,WH03,293,221
2024-12-09,PRD015,WH03,367,221
2024-12-16,PRD015,WH03,275,221
2024-12-23,PRD015,WH03,255,221
2024-12-30,PRD015,WH03,185,221
2025-01-06,PRD015,WH03,252,221
2025-01-13,PRD015,WH03,318,221
2025-01-20,PRD015,WH03,330,221
2025-01-27,PRD015,WH03,212,221
2025-02-03,PRD015,WH03,205,221
2025-02-10,PRD015,WH03,276,221
2025-02-17,PRD015,WH03,249,221
2025-02-24,PRD015,WH03,175,221
2025-03-03,PRD015,WH03,94,221
2025-03-10,PRD015,WH03,0,221
2025-03-17,PRD015,WH03,0,221
2025-03-24,PRD015,WH03,63,221
2025-03-31,PRD015,WH03,147,221
2025-04-07,PRD015,WH03,144,221
2025-04-14,PRD015,WH03,205,221
2025-04-21,PRD015,WH03,168,221
2025-04-28,PRD015,WH03,124,221
2025-05-05,PRD015,WH03,9,221
2025-05-12,PRD015,WH03,0,221
2025-05-19,PRD015,WH03,0,221
2025-05-26,PRD015,WH03,33,221
2025-06-02,PRD015,WH03,0,221
2025-06-09,PRD015,WH03,6,221
2025-06-16,PRD015,WH03,0,221
2025-06-23,PRD015,WH03,35,221
2025-06-30,PRD015,WH03,118,221
2025-07-07,PRD015,WH03,50,221
2025-07-14,PRD015,WH03,0,221
2025-07-21,PRD015,WH03,47,221
2025-07-28,PRD015,WH03,122,221
2025-08-04,PRD015,WH03,217,221
2025-08-11,PRD015,WH03,111,221
2025-08-18,PRD015,WH03,206,221
2025-08-25,PRD015,WH03,98,221
2025-09-01,PRD015,WH03,172,221
2025-09-08,PRD015,WH03,270,221
2025-09-15,PRD015,WH03,322,221
2025-09-22,PRD015,WH03,280,221
2025-09-29,PRD015,WH03,313,221
2025-10-06,PRD015,WH03,248,221
2025-10-13,PRD015,WH03,150,221
2025-10-20,PRD015,WH03,68,221
2025-10-27,PRD015,WH03,44,221
2025-11-03,PRD015,WH03,0,221
2025-11-10,PRD015,WH03,21,221
2025-11-17,PRD015,WH03,0,221
2025-11-24,PRD015,WH03,0,221
2025-12-01,PRD015,WH03,19,221
2025-12-08,PRD015,WH03,0,221
2025-12-15,PRD015,WH03,0,221
2025-12-22,PRD015,WH03,0,221
2025-12-29,PRD015,WH03,0,221
2024-01-01,PRD016,WH03,562,465
2024-01-08,PRD016,WH03,557,465
2024-01-15,PRD016,WH03,529,465
2024-01-22,PRD016,WH03,530,465
2024-01-29,PRD016,WH03,608,465
2024-02-05,PRD016,WH03,522,465
2024-02-12,PRD016,WH03,494,465
2024-02-19,PRD016,WH03,453,465
2024-02-26,PRD016,WH03,404,465
2024-03-04,PRD016,WH03,462,465
2024-03-11,PRD016,WH03,528,465
2024-03-18,PRD016,WH03,608,465
2024-03-25,PRD016,WH03,507,465
2024-04-01,PRD016,WH03,508,465
2024-04-08,PRD016,WH03,534,465
2024-04-15,PRD016,WH03,429,465
2024-04-22,PRD016,WH03,370,465
2024-04-29,PRD016,WH03,278,465
2024-05-06,PRD016,WH03,255,465
2024-05-13,PRD016,WH03,226,465
2024-05-20,PRD016,WH03,139,465
2024-05-27,PRD016,WH03,99,465
2024-06-03,PRD016,WH03,0,465
2024-06-10,PRD016,WH03,0,465
2024-06-17,PRD016,WH03,0,465
2024-06-24,PRD016,WH03,0,465
2024-07-01,PRD016,WH03,0,465
2024-07-08,PRD016,WH03,66,465
2024-07-15,PRD016,WH03,9,465
2024-07-22,PRD016,WH03,54,465
2024-07-29,PRD016,WH03,0,465
2024-08-05,PRD016,WH03,0,465
2024-08-12,PRD016,WH03,0,465
2024-08-19,PRD016,WH03,0,465
2024-08-26,PRD016,WH03,89,465
2024-09-02,PRD016,WH03,102,465
2024-09-09,PRD016,WH03,0,465
2024-09-16,PRD016,WH03,47,465
2024-09-23,PRD016,WH03,4,465
2024-09-30,PRD016,WH03,0,465
2024-10-07,PRD016,WH03,0,465
2024-10-14,PRD016,WH03,24,465
2024-10-21,PRD016,WH03,82,465
2024-10-28,PRD016,WH03,116,465
2024-11-04,PRD016,WH03,160,465
2024-11-11,PRD016,WH03,65,465
2024-11-18,PRD016,WH03,150,465
2024-11-25,PRD016,WH03,217,465
2024-12-02,PRD016,WH03,196,465
2024-12-09,PRD016,WH03,163,465
2024-12-16,PRD016,WH03,191,465
2024-12-23,PRD016,WH03,135,465
2024-12-30,PRD016,WH03,76,465
2025-01-06,PRD016,WH03,125,465
2025-01-13,PRD016,WH03,100,465
2025-01-20,PRD016,WH03,42,465
2025-01-27,PRD016,WH03,124,465
2025-02-03,PRD016,WH03,61,465
2025-02-10,PRD016,WH03,52,465
2025-02-17,PRD016,WH03,12,465
2025-02-24,PRD016,WH03,0,465
2025-03-03,PRD016,WH03,0,465
2025-03-10,PRD016,WH03,0,465
2025-03-17,PRD016,WH03,0,465
2025-03-24,PRD016,WH03,26,465
2025-03-31,PRD016,WH03,12,465
2025-04-07,PRD016,WH03,8,465
2025-04-14,PRD016,WH03,0,465
2025-04-21,PRD016,WH03,0,465
2025-04-28,PRD016,WH03,12,465
2025-05-05,PRD016,WH03,85,465
2025-05-12,PRD016,WH03,0,465
2025-05-19,PRD016,WH03,48,465
2025-05-26,PRD016,WH03,80,465
2025-06-02,PRD016,WH03,75,465
2025-06-09,PRD016,WH03,38,465
2025-06-16,PRD016,WH03,0,465
2025-06-23,PRD016,WH03,0,465
2025-06-30,PRD016,WH03,19,465
2025-07-07,PRD016,WH03,0,465
2025-07-14,PRD016,WH03,95,465
2025-07-21,PRD016,WH03,55,465
2025-07-28,PRD016,WH03,78,465
2025-08-04,PRD016,WH03,12,465
2025-08-11,PRD016,WH03,57,465
2025-08-18,PRD016,WH03,0,465
2025-08-25,PRD016,WH03,6,465
2025-09-01,PRD016,WH03,21,465
2025-09-08,PRD016,WH03,0,465
2025-09-15,PRD016,WH03,0,465
2025-09-22,PRD016,WH03,95,465
2025-09-29,PRD016,WH03,44,465
2025-10-06,PRD016,WH03,97,465
2025-10-13,PRD016,WH03,113,465
2025-10-20,PRD016,WH03,187,465
2025-10-27,PRD016,WH03,166,465
2025-11-03,PRD016,WH03,68,465
2025-11-10,PRD016,WH03,0,465
2025-11-17,PRD016,WH03,0,465
2025-11-24,PRD016,WH03,0,465
2025-12-01,PRD016,WH03,0,465
2025-12-08,PRD016,WH03,88,465
2025-12-15,PRD016,WH03,0,465
2025-12-22,PRD016,WH03,0,465
2025-12-29,PRD016,WH03,0,465
2024-01-01,PRD017,WH03,322,233
2024-01-08,PRD017,WH03,215,233
2024-01-15,PRD017,WH03,174,233
2024-01-22,PRD017,WH03,111,233
2024-01-29,PRD017,WH03,58,233
2024-02-05,PRD017,WH03,10,233
2024-02-12,PRD017,WH03,0,233
2024-02-19,PRD017,WH03,22,233
2024-02-26,PRD017,WH03,83,233
2024-03-04,PRD017,WH03,27,233
2024-03-11,PRD017,WH03,0,233
2024-03-18,PRD017,WH03,18,233
2024-03-25,PRD017,WH03,0,233
2024-04-01,PRD017,WH03,0,233
2024-04-08,PRD017,WH03,43,233
2024-04-15,PRD017,WH03,0,233
2024-04-22,PRD017,WH03,0,233
2024-04-29,PRD017,WH03,0,233
2024-05-06,PRD017,WH03,75,233
2024-05-13,PRD017,WH03,61,233
2024-05-20,PRD017,WH03,0,233
2024-05-27,PRD017,WH03,0,233
2024-06-03,PRD017,WH03,0,233
2024-06-10,PRD017,WH03,43,233
2024-06-17,PRD017,WH03,0,233
2024-06-24,PRD017,WH03,0,233
2024-07-01,PRD017,WH03,83,233
2024-07-08,PRD017,WH03,109,233
2024-07-15,PRD017,WH03,25,233
2024-07-22,PRD017,WH03,0,233
2024-07-29,PRD017,WH03,81,233
2024-08-05,PRD017,WH03,124,233
2024-08-12,PRD017,WH03,74,233
2024-08-19,PRD017,WH03,45,233
2024-08-26,PRD017,WH03,52,233
2024-09-02,PRD017,WH03,100,233
2024-09-09,PRD017,WH03,22,233
2024-09-16,PRD017,WH03,0,233
2024-09-23,PRD017,WH03,44,233
2024-09-30,PRD017,WH03,116,233
2024-10-07,PRD017,WH03,49,233
2024-10-14,PRD017,WH03,142,233
2024-10-21,PRD017,WH03,139,233
2024-10-28,PRD017,WH03,168,233
2024-11-04,PRD017,WH03,222,233
2024-11-11,PRD017,WH03,274,233
2024-11-18,PRD017,WH03,369,233
2024-11-25,PRD017,WH03,401,233
2024-12-02,PRD017,WH03,300,233
2024-12-09,PRD017,WH03,209,233
2024-12-16,PRD017,WH03,267,233
2024-12-23,PRD017,WH03,345,233
2024-12-30,PRD017,WH03,355,233
2025-01-06,PRD017,WH03,304,233
2025-01-13,PRD017,WH03,263,233
2025-01-20,PRD017,WH03,219,233
2025-01-27,PRD017,WH03,105,233
2025-02-03,PRD017,WH03,13,233
2025-02-10,PRD017,WH03,75,233
2025-02-17,PRD017,WH03,157,233
2025-02-24,PRD017,WH03,38,233
2025-03-03,PRD017,WH03,43,233
2025-03-10,PRD017,WH03,138,233
2025-03-17,PRD017,WH03,171,233
2025-03-24,PRD017,WH03,223,233
2025-03-31,PRD017,WH03,156,233
2025-04-07,PRD017,WH03,150,233
2025-04-14,PRD017,WH03,67,233
2025-04-21,PRD017,WH03,0,233
2025-04-28,PRD017,WH03,0,233
2025-05-05,PRD017,WH03,0,233
2025-05-12,PRD017,WH03,0,233
2025-05-19,PRD017,WH03,54,233
2025-05-26,PRD017,WH03,27,233
2025-06-02,PRD017,WH03,112,233
2025-06-09,PRD017,WH03,167,233
2025-06-16,PRD017,WH03,124,233
2025-06-23,PRD017,WH03,209,233
2025-06-30,PRD017,WH03,240,233
2025-07-07,PRD017,WH03,201,233
2025-07-14,PRD017,WH03,210,233
2025-07-21,PRD017,WH03,185,233
2025-07-28,PRD017,WH03,154,233
2025-08-04,PRD017,WH03,64,233
2025-08-11,PRD017,WH03,92,233
2025-08-18,PRD017,WH03,49,233
2025-08-25,PRD017,WH03,0,233
2025-09-01,PRD017,WH03,0,233
2025-09-08,PRD017,WH03,54,233
2025-09-15,PRD017,WH03,62,233
2025-09-22,PRD017,WH03,103,233
2025-09-29,PRD017,WH03,142,233
2025-10-06,PRD017,WH03,212,233
2025-10-13,PRD017,WH03,154,233
2025-10-20,PRD017,WH03,213,233
2025-10-27,PRD017,WH03,259,233
2025-11-03,PRD017,WH03,214,233
2025-11-10,PRD017,WH03,141,233
2025-11-17,PRD017,WH03,151,233
2025-11-24,PRD017,WH03,172,233
2025-12-01,PRD017,WH03,137,233
2025-12-08,PRD017,WH03,42,233
2025-12-15,PRD017,WH03,0,233
2025-12-22,PRD017,WH03,94,233
2025-12-29,PRD017,WH03,76,233
2024-01-01,PRD018,WH03,667,304
2024-01-08,PRD018,WH03,572,304
2024-01-15,PRD018,WH03,558,304
2024-01-22,PRD018,WH03,618,304
2024-01-29,PRD018,WH03,689,304
2024-02-05,PRD018,WH03,722,304
2024-02-12,PRD018,WH03,691,304
2024-02-19,PRD018,WH03,685,304
2024-02-26,PRD018,WH03,688,304
2024-03-04,PRD018,WH03,724,304
2024-03-11,PRD018,WH03,699,304
2024-03-18,PRD018,WH03,639,304
2024-03-25,PRD018,WH03,660,304
2024-04-01,PRD018,WH03,720,304
2024-04-08,PRD018,WH03,786,304
2024-04-15,PRD018,WH03,862,304
2024-04-22,PRD018,WH03,899,304
2024-04-29,PRD018,WH03,800,304
2024-05-06,PRD018,WH03,888,304
2024-05-13,PRD018,WH03,861,304
2024-05-20,PRD018,WH03,874,304
2024-05-27,PRD018,WH03,758,304
2024-06-03,PRD018,WH03,678,304
2024-06-10,PRD018,WH03,657,304
2024-06-17,PRD018,WH03,622,304
2024-06-24,PRD018,WH03,548,304
2024-07-01,PRD018,WH03,450,304
2024-07-08,PRD018,WH03,406,304
2024-07-15,PRD018,WH03,466,304
2024-07-22,PRD018,WH03,513,304
2024-07-29,PRD018,WH03,500,304
2024-08-05,PRD018,WH03,506,304
2024-08-12,PRD018,WH03,574,304
2024-08-19,PRD018,WH03,533,304
2024-08-26,PRD018,WH03,426,304
2024-09-02,PRD018,WH03,327,304
2024-09-09,PRD018,WH03,274,304
2024-09-16,PRD018,WH03,234,304
2024-09-23,PRD018,WH03,244,304
2024-09-30,PRD018,WH03,318,304
2024-10-07,PRD018,WH03,398,304
2024-10-14,PRD018,WH03,443,304
2024-10-21,PRD018,WH03,329,304
2024-10-28,PRD018,WH03,349,304
2024-11-04,PRD018,WH03,324,304
2024-11-11,PRD018,WH03,386,304
2024-11-18,PRD018,WH03,267,304
2024-11-25,PRD018,WH03,254,304
2024-12-02,PRD018,WH03,298,304
2024-12-09,PRD018,WH03,287,304
2024-12-16,PRD018,WH03,371,304
2024-12-23,PRD018,WH03,343,304
2024-12-30,PRD018,WH03,427,304
2025-01-06,PRD018,WH03,484,304
2025-01-13,PRD018,WH03,511,304
2025-01-20,PRD018,WH03,439,304
2025-01-27,PRD018,WH03,457,304
2025-02-03,PRD018,WH03,386,304
2025-02-10,PRD018,WH03,306,304
2025-02-17,PRD018,WH03,304,304
2025-02-24,PRD018,WH03,256,304
2025-03-03,PRD018,WH03,139,304
2025-03-10,PRD018,WH03,61,304
2025-03-17,PRD018,WH03,147,304
2025-03-24,PRD018,WH03,57,304
2025-03-31,PRD018,WH03,66,304
2025-04-07,PRD018,WH03,0,304
2025-04-14,PRD018,WH03,0,304
2025-04-21,PRD018,WH03,0,304
2025-04-28,PRD018,WH03,37,304
2025-05-05,PRD018,WH03,88,304
2025-05-12,PRD018,WH03,81,304
2025-05-19,PRD018,WH03,175,304
2025-05-26,PRD018,WH03,129,304
2025-06-02,PRD018,WH03,44,304
2025-06-09,PRD018,WH03,0,304
2025-06-16,PRD018,WH03,0,304
2025-06-23,PRD018,WH03,0,304
2025-06-30,PRD018,WH03,0,304
2025-07-07,PRD018,WH03,0,304
2025-07-14,PRD018,WH03,29,304
2025-07-21,PRD018,WH03,0,304
2025-07-28,PRD018,WH03,0,304
2025-08-04,PRD018,WH03,10,304
2025-08-11,PRD018,WH03,0,304
2025-08-18,PRD018,WH03,0,304
2025-08-25,PRD018,WH03,0,304
2025-09-01,PRD018,WH03,0,304
2025-09-08,PRD018,WH03,44,304
2025-09-15,PRD018,WH03,106,304
2025-09-22,PRD018,WH03,29,304
2025-09-29,PRD018,WH03,0,304
2025-10-06,PRD018,WH03,0,304
2025-10-13,PRD018,WH03,67,304
2025-10-20,PRD018,WH03,5,304
2025-10-27,PRD018,WH03,64,304
2025-11-03,PRD018,WH03,75,304
2025-11-10,PRD018,WH03,84,304
2025-11-17,PRD018,WH03,108,304
2025-11-24,PRD018,WH03,200,304
2025-12-01,PRD018,WH03,291,304
2025-12-08,PRD018,WH03,328,304
2025-12-15,PRD018,WH03,383,304
2025-12-22,PRD018,WH03,369,304
2025-12-29,PRD018,WH03,378,304
2024-01-01,PRD019,WH03,660,421
2024-01-08,PRD019,WH03,694,421
2024-01-15,PRD019,WH03,722,421
2024-01-22,PRD019,WH03,818,421
2024-01-29,PRD019,WH03,790,421
2024-02-05,PRD019,WH03,802,421
2024-02-12,PRD019,WH03,746,421
2024-02-19,PRD019,WH03,650,421
2024-02-26,PRD019,WH03,554,421
2024-03-04,PRD019,WH03,481,421
2024-03-11,PRD019,WH03,371,421
2024-03-18,PRD019,WH03,269,421
2024-03-25,PRD019,WH03,166,421
2024-04-01,PRD019,WH03,52,421
2024-04-08,PRD019,WH03,56,421
2024-04-15,PRD019,WH03,22,421
2024-04-22,PRD019,WH03,0,421
2024-04-29,PRD019,WH03,28,421
2024-05-06,PRD019,WH03,35,421
2024-05-13,PRD019,WH03,0,421
2024-05-20,PRD019,WH03,0,421
2024-05-27,PRD019,WH03,98,421
2024-06-03,PRD019,WH03,111,421
2024-06-10,PRD019,WH03,195,421
2024-06-17,PRD019,WH03,265,421
2024-06-24,PRD019,WH03,290,421
2024-07-01,PRD019,WH03,196,421
2024-07-08,PRD019,WH03,290,421
2024-07-15,PRD019,WH03,343,421
2024-07-22,PRD019,WH03,344,421
2024-07-29,PRD019,WH03,269,421
2024-08-05,PRD019,WH03,233,421
2024-08-12,PRD019,WH03,329,421
2024-08-19,PRD019,WH03,253,421
2024-08-26,PRD019,WH03,175,421
2024-09-02,PRD019,WH03,262,421
2024-09-09,PRD019,WH03,191,421
2024-09-16,PRD019,WH03,150,421
2024-09-23,PRD019,WH03,50,421
2024-09-30,PRD019,WH03,57,421
2024-10-07,PRD019,WH03,0,421
2024-10-14,PRD019,WH03,99,421
2024-10-21,PRD019,WH03,8,421
2024-10-28,PRD019,WH03,13,421
2024-11-04,PRD019,WH03,21,421
2024-11-11,PRD019,WH03,97,421
2024-11-18,PRD019,WH03,9,421
2024-11-25,PRD019,WH03,0,421
2024-12-02,PRD019,WH03,0,421
2024-12-09,PRD019,WH03,0,421
2024-12-16,PRD019,WH03,92,421
2024-12-23,PRD019,WH03,60,421
2024-12-30,PRD019,WH03,85,421
2025-01-06,PRD019,WH03,104,421
2025-01-13,PRD019,WH03,123,421
2025-01-20,PRD019,WH03,194,421
2025-01-27,PRD019,WH03,102,421
2025-02-03,PRD019,WH03,187,421
2025-02-10,PRD019,WH03,143,421
2025-02-17,PRD019,WH03,41,421
2025-02-24,PRD019,WH03,4,421
2025-03-03,PRD019,WH03,0,421
2025-03-10,PRD019,WH03,0,421
2025-03-17,PRD019,WH03,51,421
2025-03-24,PRD019,WH03,4,421
2025-03-31,PRD019,WH03,0,421
2025-04-07,PRD019,WH03,24,421
2025-04-14,PRD019,WH03,38,421
2025-04-21,PRD019,WH03,18,421
2025-04-28,PRD019,WH03,0,421
2025-05-05,PRD019,WH03,0,421
2025-05-12,PRD019,WH03,84,421
2025-05-19,PRD019,WH03,23,421
2025-05-26,PRD019,WH03,42,421
2025-06-02,PRD019,WH03,0,421
2025-06-09,PRD019,WH03,55,421
2025-06-16,PRD019,WH03,113,421
2025-06-23,PRD019,WH03,93,421
2025-06-30,PRD019,WH03,39,421
2025-07-07,PRD019,WH03,106,421
2025-07-14,PRD019,WH03,123,421
2025-07-21,PRD019,WH03,25,421
2025-07-28,PRD019,WH03,36,421
2025-08-04,PRD019,WH03,41,421
2025-08-11,PRD019,WH03,0,421
2025-08-18,PRD019,WH03,72,421
2025-08-25,PRD019,WH03,140,421
2025-09-01,PRD019,WH03,88,421
2025-09-08,PRD019,WH03,164,421
2025-09-15,PRD019,WH03,90,421
2025-09-22,PRD019,WH03,0,421
2025-09-29,PRD019,WH03,4,421
2025-10-06,PRD019,WH03,73,421
2025-10-13,PRD019,WH03,23,421
2025-10-20,PRD019,WH03,0,421
2025-10-27,PRD019,WH03,0,421
2025-11-03,PRD019,WH03,0,421
2025-11-10,PRD019,WH03,0,421
2025-11-17,PRD019,WH03,79,421
2025-11-24,PRD019,WH03,116,421
2025-12-01,PRD019,WH03,26,421
2025-12-08,PRD019,WH03,49,421
2025-12-15,PRD019,WH03,20,421
2025-12-22,PRD019,WH03,92,421
2025-12-29,PRD019,WH03,0,421
2024-01-01,PRD020,WH03,462,444
2024-01-08,PRD020,WH03,556,444
2024-01-15,PRD020,WH03,531,444
2024-01-22,PRD020,WH03,503,444
2024-01-29,PRD020,WH03,477,444
2024-02-05,PRD020,WH03,415,444
2024-02-12,PRD020,WH03,441,444
2024-02-19,PRD020,WH03,329,444
2024-02-26,PRD020,WH03,304,444
2024-03-04,PRD020,WH03,278,444
2024-03-11,PRD020,WH03,354,444
2024-03-18,PRD020,WH03,256,444
2024-03-25,PRD020,WH03,245,444
2024-04-01,PRD020,WH03,307,444
2024-04-08,PRD020,WH03,271,444
2024-04-15,PRD020,WH03,170,444
2024-04-22,PRD020,WH03,190,444
2024-04-29,PRD020,WH03,178,444
2024-05-06,PRD020,WH03,114,444
2024-05-13,PRD020,WH03,141,444
2024-05-20,PRD020,WH03,144,444
2024-05-27,PRD020,WH03,198,444
2024-06-03,PRD020,WH03,282,444
2024-06-10,PRD020,WH03,296,444
2024-06-17,PRD020,WH03,337,444
2024-06-24,PRD020,WH03,400,444
2024-07-01,PRD020,WH03,395,444
2024-07-08,PRD020,WH03,455,444
2024-07-15,PRD020,WH03,515,444
2024-07-22,PRD020,WH03,475,444
2024-07-29,PRD020,WH03,417,444
2024-08-05,PRD020,WH03,454,444
2024-08-12,PRD020,WH03,529,444
2024-08-19,PRD020,WH03,412,444
2024-08-26,PRD020,WH03,456,444
2024-09-02,PRD020,WH03,374,444
2024-09-09,PRD020,WH03,289,444
2024-09-16,PRD020,WH03,311,444
2024-09-23,PRD020,WH03,404,444
2024-09-30,PRD020,WH03,358,444
2024-10-07,PRD020,WH03,401,444
2024-10-14,PRD020,WH03,376,444
2024-10-21,PRD020,WH03,274,444
2024-10-28,PRD020,WH03,169,444
2024-11-04,PRD020,WH03,122,444
2024-11-11,PRD020,WH03,210,444
2024-11-18,PRD020,WH03,260,444
2024-11-25,PRD020,WH03,273,444
2024-12-02,PRD020,WH03,261,444
2024-12-09,PRD020,WH03,262,444
2024-12-16,PRD020,WH03,256,444
2024-12-23,PRD020,WH03,347,444
2024-12-30,PRD020,WH03,240,444
2025-01-06,PRD020,WH03,275,444
2025-01-13,PRD020,WH03,288,444
2025-01-20,PRD020,WH03,314,444
2025-01-27,PRD020,WH03,300,444
2025-02-03,PRD020,WH03,185,444
2025-02-10,PRD020,WH03,69,444
2025-02-17,PRD020,WH03,142,444
2025-02-24,PRD020,WH03,69,444
2025-03-03,PRD020,WH03,146,444
2025-03-10,PRD020,WH03,167,444
2025-03-17,PRD020,WH03,124,444
2025-03-24,PRD020,WH03,97,444
2025-03-31,PRD020,WH03,21,444
2025-04-07,PRD020,WH03,68,444
2025-04-14,PRD020,WH03,163,444
2025-04-21,PRD020,WH03,200,444
2025-04-28,PRD020,WH03,154,444
2025-05-05,PRD020,WH03,111,444
2025-05-12,PRD020,WH03,140,444
2025-05-19,PRD020,WH03,150,444
2025-05-26,PRD020,WH03,186,444
2025-06-02,PRD020,WH03,113,444
2025-06-09,PRD020,WH03,0,444
2025-06-16,PRD020,WH03,56,444
2025-06-23,PRD020,WH03,70,444
2025-06-30,PRD020,WH03,101,444
2025-07-07,PRD020,WH03,113,444
2025-07-14,PRD020,WH03,76,444
2025-07-21,PRD020,WH03,19,444
2025-07-28,PRD020,WH03,31,444
2025-08-04,PRD020,WH03,87,444
2025-08-11,PRD020,WH03,164,444
2025-08-18,PRD020,WH03,263,444
2025-08-25,PRD020,WH03,157,444
2025-09-01,PRD020,WH03,95,444
2025-09-08,PRD020,WH03,64,444
2025-09-15,PRD020,WH03,60,444
2025-09-22,PRD020,WH03,48,444
2025-09-29,PRD020,WH03,0,444
2025-10-06,PRD020,WH03,0,444
2025-10-13,PRD020,WH03,0,444
2025-10-20,PRD020,WH03,54,444
2025-10-27,PRD020,WH03,41,444
2025-11-03,PRD020,WH03,89,444
2025-11-10,PRD020,WH03,24,444
2025-11-17,PRD020,WH03,105,444
2025-11-24,PRD020,WH03,160,444
2025-12-01,PRD020,WH03,101,444
2025-12-08,PRD020,WH03,69,444
2025-12-15,PRD020,WH03,33,444
2025-12-22,PRD020,WH03,71,444
2025-12-29,PRD020,WH03,144,444
2024-01-01,PRD021,WH03,700,250
2024-01-08,PRD021,WH03,723,250
2024-01-15,PRD021,WH03,765,250
2024-01-22,PRD021,WH03,821,250
2024-01-29,PRD021,WH03,859,250
2024-02-05,PRD021,WH03,814,250
2024-02-12,PRD021,WH03,747,250
2024-02-19,PRD021,WH03,649,250
2024-02-26,PRD021,WH03,630,250
2024-03-04,PRD021,WH03,526,250
2024-03-11,PRD021,WH03,513,250
2024-03-18,PRD021,WH03,406,250
2024-03-25,PRD021,WH03,382,250
2024-04-01,PRD021,WH03,437,250
2024-04-08,PRD021,WH03,364,250
2024-04-15,PRD021,WH03,249,250
2024-04-22,PRD021,WH03,151,250
2024-04-29,PRD021,WH03,78,250
2024-05-06,PRD021,WH03,134,250
2024-05-13,PRD021,WH03,74,250
2024-05-20,PRD021,WH03,112,250
2024-05-27,PRD021,WH03,124,250
2024-06-03,PRD021,WH03,70,250
2024-06-10,PRD021,WH03,115,250
2024-06-17,PRD021,WH03,150,250
2024-06-24,PRD021,WH03,60,250
2024-07-01,PRD021,WH03,125,250
2024-07-08,PRD021,WH03,186,250
2024-07-15,PRD021,WH03,82,250
2024-07-22,PRD021,WH03,0,250
2024-07-29,PRD021,WH03,71,250
2024-08-05,PRD021,WH03,0,250
2024-08-12,PRD021,WH03,0,250
2024-08-19,PRD021,WH03,92,250
2024-08-26,PRD021,WH03,146,250
2024-09-02,PRD021,WH03,238,250
2024-09-09,PRD021,WH03,123,250
2024-09-16,PRD021,WH03,12,250
2024-09-23,PRD021,WH03,0,250
2024-09-30,PRD021,WH03,0,250
2024-10-07,PRD021,WH03,0,250
2024-10-14,PRD021,WH03,30,250
2024-10-21,PRD021,WH03,0,250
2024-10-28,PRD021,WH03,95,250
2024-11-04,PRD021,WH03,117,250
2024-11-11,PRD021,WH03,211,250
2024-11-18,PRD021,WH03,223,250
2024-11-25,PRD021,WH03,143,250
2024-12-02,PRD021,WH03,170,250
2024-12-09,PRD021,WH03,177,250
2024-12-16,PRD021,WH03,108,250
2024-12-23,PRD021,WH03,0,250
2024-12-30,PRD021,WH03,0,250
2025-01-06,PRD021,WH03,0,250
2025-01-13,PRD021,WH03,34,250
2025-01-20,PRD021,WH03,0,250
2025-01-27,PRD021,WH03,0,250
2025-02-03,PRD021,WH03,0,250
2025-02-10,PRD021,WH03,0,250
2025-02-17,PRD021,WH03,4,250
2025-02-24,PRD021,WH03,1,250
2025-03-03,PRD021,WH03,0,250
2025-03-10,PRD021,WH03,0,250
2025-03-17,PRD021,WH03,84,250
2025-03-24,PRD021,WH03,0,250
2025-03-31,PRD021,WH03,23,250
2025-04-07,PRD021,WH03,0,250
2025-04-14,PRD021,WH03,53,250
2025-04-21,PRD021,WH03,43,250
2025-04-28,PRD021,WH03,0,250
2025-05-05,PRD021,WH03,38,250
2025-05-12,PRD021,WH03,0,250
2025-05-19,PRD021,WH03,46,250
2025-05-26,PRD021,WH03,59,250
2025-06-02,PRD021,WH03,48,250
2025-06-09,PRD021,WH03,11,250
2025-06-16,PRD021,WH03,67,250
2025-06-23,PRD021,WH03,51,250
2025-06-30,PRD021,WH03,79,250
2025-07-07,PRD021,WH03,102,250
2025-07-14,PRD021,WH03,134,250
2025-07-21,PRD021,WH03,180,250
2025-07-28,PRD021,WH03,95,250
2025-08-04,PRD021,WH03,81,250
2025-08-11,PRD021,WH03,122,250
2025-08-18,PRD021,WH03,73,250
2025-08-25,PRD021,WH03,0,250
2025-09-01,PRD021,WH03,64,250
2025-09-08,PRD021,WH03,0,250
2025-09-15,PRD021,WH03,0,250
2025-09-22,PRD021,WH03,0,250
2025-09-29,PRD021,WH03,0,250
2025-10-06,PRD021,WH03,0,250
2025-10-13,PRD021,WH03,0,250
2025-10-20,PRD021,WH03,84,250
2025-10-27,PRD021,WH03,124,250
2025-11-03,PRD021,WH03,165,250
2025-11-10,PRD021,WH03,76,250
2025-11-17,PRD021,WH03,138,250
2025-11-24,PRD021,WH03,46,250
2025-12-01,PRD021,WH03,80,250
2025-12-08,PRD021,WH03,61,250
2025-12-15,PRD021,WH03,145,250
2025-12-22,PRD021,WH03,150,250
2025-12-29,PRD021,WH03,115,250
2024-01-01,PRD022,WH03,409,375
2024-01-08,PRD022,WH03,430,375
2024-01-15,PRD022,WH03,439,375
2024-01-22,PRD022,WH03,325,375
2024-01-29,PRD022,WH03,285,375
2024-02-05,PRD022,WH03,325,375
2024-02-12,PRD022,WH03,226,375
2024-02-19,PRD022,WH03,119,375
2024-02-26,PRD022,WH03,180,375
2024-03-04,PRD022,WH03,188,375
2024-03-11,PRD022,WH03,267,375
2024-03-18,PRD022,WH03,187,375
2024-03-25,PRD022,WH03,202,375
2024-04-01,PRD022,WH03,110,375
2024-04-08,PRD022,WH03,70,375
2024-04-15,PRD022,WH03,40,375
2024-04-22,PRD022,WH03,0,375
2024-04-29,PRD022,WH03,15,375
2024-05-06,PRD022,WH03,11,375
2024-05-13,PRD022,WH03,24,375
2024-05-20,PRD022,WH03,82,375
2024-05-27,PRD022,WH03,0,375
2024-06-03,PRD022,WH03,86,375
2024-06-10,PRD022,WH03,25,375
2024-06-17,PRD022,WH03,0,375
2024-06-24,PRD022,WH03,0,375
2024-07-01,PRD022,WH03,0,375
2024-07-08,PRD022,WH03,74,375
2024-07-15,PRD022,WH03,93,375
2024-07-22,PRD022,WH03,79,375
2024-07-29,PRD022,WH03,153,375
2024-08-05,PRD022,WH03,200,375
2024-08-12,PRD022,WH03,144,375
2024-08-19,PRD022,WH03,40,375
2024-08-26,PRD022,WH03,42,375
2024-09-02,PRD022,WH03,67,375
2024-09-09,PRD022,WH03,0,375
2024-09-16,PRD022,WH03,6,375
2024-09-23,PRD022,WH03,72,375
2024-09-30,PRD022,WH03,91,375
2024-10-07,PRD022,WH03,0,375
2024-10-14,PRD022,WH03,29,375
2024-10-21,PRD022,WH03,14,375
2024-10-28,PRD022,WH03,0,375
2024-11-04,PRD022,WH03,0,375
2024-11-11,PRD022,WH03,0,375
2024-11-18,PRD022,WH03,0,375
2024-11-25,PRD022,WH03,24,375
2024-12-02,PRD022,WH03,110,375
2024-12-09,PRD022,WH03,123,375
2024-12-16,PRD022,WH03,73,375
2024-12-23,PRD022,WH03,2,375
2024-12-30,PRD022,WH03,0,375
2025-01-06,PRD022,WH03,0,375
2025-01-13,PRD022,WH03,2,375
2025-01-20,PRD022,WH03,18,375
2025-01-27,PRD022,WH03,0,375
2025-02-03,PRD022,WH03,0,375
2025-02-10,PRD022,WH03,0,375
2025-02-17,PRD022,WH03,0,375
2025-02-24,PRD022,WH03,0,375
2025-03-03,PRD022,WH03,0,375
2025-03-10,PRD022,WH03,89,375
2025-03-17,PRD022,WH03,157,375
2025-03-24,PRD022,WH03,202,375
2025-03-31,PRD022,WH03,147,375
2025-04-07,PRD022,WH03,233,375
2025-04-14,PRD022,WH03,251,375
2025-04-21,PRD022,WH03,133,375
2025-04-28,PRD022,WH03,149,375
2025-05-05,PRD022,WH03,137,375
2025-05-12,PRD022,WH03,59,375
2025-05-19,PRD022,WH03,153,375
2025-05-26,PRD022,WH03,223,375
2025-06-02,PRD022,WH03,211,375
2025-06-09,PRD022,WH03,228,375
2025-06-16,PRD022,WH03,208,375
2025-06-23,PRD022,WH03,175,375
2025-06-30,PRD022,WH03,177,375
2025-07-07,PRD022,WH03,88,375
2025-07-14,PRD022,WH03,35,375
2025-07-21,PRD022,WH03,17,375
2025-07-28,PRD022,WH03,31,375
2025-08-04,PRD022,WH03,83,375
2025-08-11,PRD022,WH03,8,375
2025-08-18,PRD022,WH03,0,375
2025-08-25,PRD022,WH03,36,375
2025-09-01,PRD022,WH03,0,375
2025-09-08,PRD022,WH03,80,375
2025-09-15,PRD022,WH03,65,375
2025-09-22,PRD022,WH03,118,375
2025-09-29,PRD022,WH03,127,375
2025-10-06,PRD022,WH03,9,375
2025-10-13,PRD022,WH03,0,375
2025-10-20,PRD022,WH03,91,375
2025-10-27,PRD022,WH03,140,375
2025-11-03,PRD022,WH03,87,375
2025-11-10,PRD022,WH03,156,375
2025-11-17,PRD022,WH03,65,375
2025-11-24,PRD022,WH03,0,375
2025-12-01,PRD022,WH03,48,375
2025-12-08,PRD022,WH03,0,375
2025-12-15,PRD022,WH03,0,375
2025-12-22,PRD022,WH03,0,375
2025-12-29,PRD022,WH03,38,375
2024-01-01,PRD023,WH03,157,197
2024-01-08,PRD023,WH03,186,197
2024-01-15,PRD023,WH03,183,197
2024-01-22,PRD023,WH03,242,197
2024-01-29,PRD023,WH03,308,197
2024-02-05,PRD023,WH03,328,197
2024-02-12,PRD023,WH03,427,197
2024-02-19,PRD023,WH03,431,197
2024-02-26,PRD023,WH03,489,197
2024-03-04,PRD023,WH03,535,197
2024-03-11,PRD023,WH03,473,197
2024-03-18,PRD023,WH03,480,197
2024-03-25,PRD023,WH03,526,197
2024-04-01,PRD023,WH03,476,197
2024-04-08,PRD023,WH03,572,197
2024-04-15,PRD023,WH03,627,197
2024-04-22,PRD023,WH03,571,197
2024-04-29,PRD023,WH03,500,197
2024-05-06,PRD023,WH03,553,197
2024-05-13,PRD023,WH03,467,197
2024-05-20,PRD023,WH03,409,197
2024-05-27,PRD023,WH03,363,197
2024-06-03,PRD023,WH03,340,197
2024-06-10,PRD023,WH03,429,197
2024-06-17,PRD023,WH03,339,197
2024-06-24,PRD023,WH03,278,197
2024-07-01,PRD023,WH03,173,197
2024-07-08,PRD023,WH03,103,197
2024-07-15,PRD023,WH03,92,197
2024-07-22,PRD023,WH03,26,197
2024-07-29,PRD023,WH03,0,197
2024-08-05,PRD023,WH03,0,197
2024-08-12,PRD023,WH03,0,197
2024-08-19,PRD023,WH03,31,197
2024-08-26,PRD023,WH03,8,197
2024-09-02,PRD023,WH03,0,197
2024-09-09,PRD023,WH03,18,197
2024-09-16,PRD023,WH03,0,197
2024-09-23,PRD023,WH03,0,197
2024-09-30,PRD023,WH03,0,197
2024-10-07,PRD023,WH03,23,197
2024-10-14,PRD023,WH03,41,197
2024-10-21,PRD023,WH03,0,197
2024-10-28,PRD023,WH03,50,197
2024-11-04,PRD023,WH03,8,197
2024-11-11,PRD023,WH03,101,197
2024-11-18,PRD023,WH03,86,197
2024-11-25,PRD023,WH03,7,197
2024-12-02,PRD023,WH03,0,197
2024-12-09,PRD023,WH03,96,197
2024-12-16,PRD023,WH03,61,197
2024-12-23,PRD023,WH03,135,197
2024-12-30,PRD023,WH03,117,197
2025-01-06,PRD023,WH03,26,197
2025-01-13,PRD023,WH03,0,197
2025-01-20,PRD023,WH03,0,197
2025-01-27,PRD023,WH03,0,197
2025-02-03,PRD023,WH03,10,197
2025-02-10,PRD023,WH03,64,197
2025-02-17,PRD023,WH03,152,197
2025-02-24,PRD023,WH03,236,197
2025-03-03,PRD023,WH03,176,197
2025-03-10,PRD023,WH03,239,197
2025-03-17,PRD023,WH03,126,197
2025-03-24,PRD023,WH03,37,197
2025-03-31,PRD023,WH03,0,197
2025-04-07,PRD023,WH03,33,197
2025-04-14,PRD023,WH03,0,197
2025-04-21,PRD023,WH03,0,197
2025-04-28,PRD023,WH03,15,197
2025-05-05,PRD023,WH03,0,197
2025-05-12,PRD023,WH03,27,197
2025-05-19,PRD023,WH03,15,197
2025-05-26,PRD023,WH03,35,197
2025-06-02,PRD023,WH03,87,197
2025-06-09,PRD023,WH03,83,197
2025-06-16,PRD023,WH03,98,197
2025-06-23,PRD023,WH03,123,197
2025-06-30,PRD023,WH03,156,197
2025-07-07,PRD023,WH03,247,197
2025-07-14,PRD023,WH03,159,197
2025-07-21,PRD023,WH03,46,197
2025-07-28,PRD023,WH03,37,197
2025-08-04,PRD023,WH03,120,197
2025-08-11,PRD023,WH03,65,197
2025-08-18,PRD023,WH03,88,197
2025-08-25,PRD023,WH03,81,197
2025-09-01,PRD023,WH03,67,197
2025-09-08,PRD023,WH03,0,197
2025-09-15,PRD023,WH03,18,197
2025-09-22,PRD023,WH03,106,197
2025-09-29,PRD023,WH03,93,197
2025-10-06,PRD023,WH03,66,197
2025-10-13,PRD023,WH03,0,197
2025-10-20,PRD023,WH03,15,197
2025-10-27,PRD023,WH03,109,197
2025-11-03,PRD023,WH03,62,197
2025-11-10,PRD023,WH03,11,197
2025-11-17,PRD023,WH03,18,197
2025-11-24,PRD023,WH03,21,197
2025-12-01,PRD023,WH03,0,197
2025-12-08,PRD023,WH03,2,197
2025-12-15,PRD023,WH03,84,197
2025-12-22,PRD023,WH03,68,197
2025-12-29,PRD023,WH03,162,197
2024-01-01,PRD024,WH03,203,395
2024-01-08,PRD024,WH03,181,395
2024-01-15,PRD024,WH03,109,395
2024-01-22,PRD024,WH03,131,395
2024-01-29,PRD024,WH03,15,395
2024-02-05,PRD024,WH03,0,395
2024-02-12,PRD024,WH03,48,395
2024-02-19,PRD024,WH03,12,395
2024-02-26,PRD024,WH03,0,395
2024-03-04,PRD024,WH03,0,395
2024-03-11,PRD024,WH03,82,395
2024-03-18,PRD024,WH03,160,395
2024-03-25,PRD024,WH03,115,395
2024-04-01,PRD024,WH03,62,395
2024-04-08,PRD024,WH03,0,395
2024-04-15,PRD024,WH03,0,395
2024-04-22,PRD024,WH03,0,395
2024-04-29,PRD024,WH03,67,395
2024-05-06,PRD024,WH03,12,395
2024-05-13,PRD024,WH03,35,395
2024-05-20,PRD024,WH03,0,395
2024-05-27,PRD024,WH03,94,395
2024-06-03,PRD024,WH03,152,395
2024-06-10,PRD024,WH03,54,395
2024-06-17,PRD024,WH03,112,395
2024-06-24,PRD024,WH03,109,395
2024-07-01,PRD024,WH03,43,395
2024-07-08,PRD024,WH03,39,395
2024-07-15,PRD024,WH03,12,395
2024-07-22,PRD024,WH03,0,395
2024-07-29,PRD024,WH03,52,395
2024-08-05,PRD024,WH03,15,395
2024-08-12,PRD024,WH03,0,395
2024-08-19,PRD024,WH03,0,395
2024-08-26,PRD024,WH03,0,395
2024-09-02,PRD024,WH03,53,395
2024-09-09,PRD024,WH03,148,395
2024-09-16,PRD024,WH03,85,395
2024-09-23,PRD024,WH03,118,395
2024-09-30,PRD024,WH03,63,395
2024-10-07,PRD024,WH03,0,395
2024-10-14,PRD024,WH03,0,395
2024-10-21,PRD024,WH03,52,395
2024-10-28,PRD024,WH03,32,395
2024-11-04,PRD024,WH03,0,395
2024-11-11,PRD024,WH03,0,395
2024-11-18,PRD024,WH03,56,395
2024-11-25,PRD024,WH03,3,395
2024-12-02,PRD024,WH03,0,395
2024-12-09,PRD024,WH03,0,395
2024-12-16,PRD024,WH03,0,395
2024-12-23,PRD024,WH03,0,395
2024-12-30,PRD024,WH03,0,395
2025-01-06,PRD024,WH03,0,395
2025-01-13,PRD024,WH03,74,395
2025-01-20,PRD024,WH03,0,395
2025-01-27,PRD024,WH03,40,395
2025-02-03,PRD024,WH03,32,395
2025-02-10,PRD024,WH03,0,395
2025-02-17,PRD024,WH03,77,395
2025-02-24,PRD024,WH03,84,395
2025-03-03,PRD024,WH03,167,395
2025-03-10,PRD024,WH03,218,395
2025-03-17,PRD024,WH03,308,395
2025-03-24,PRD024,WH03,299,395
2025-03-31,PRD024,WH03,203,395
2025-04-07,PRD024,WH03,259,395
2025-04-14,PRD024,WH03,348,395
2025-04-21,PRD024,WH03,370,395
2025-04-28,PRD024,WH03,351,395
2025-05-05,PRD024,WH03,385,395
2025-05-12,PRD024,WH03,480,395
2025-05-19,PRD024,WH03,466,395
2025-05-26,PRD024,WH03,366,395
2025-06-02,PRD024,WH03,324,395
2025-06-09,PRD024,WH03,229,395
2025-06-16,PRD024,WH03,118,395
2025-06-23,PRD024,WH03,192,395
2025-06-30,PRD024,WH03,237,395
2025-07-07,PRD024,WH03,171,395
2025-07-14,PRD024,WH03,119,395
2025-07-21,PRD024,WH03,86,395
2025-07-28,PRD024,WH03,69,395
2025-08-04,PRD024,WH03,145,395
2025-08-11,PRD024,WH03,56,395
2025-08-18,PRD024,WH03,25,395
2025-08-25,PRD024,WH03,0,395
2025-09-01,PRD024,WH03,0,395
2025-09-08,PRD024,WH03,0,395
2025-09-15,PRD024,WH03,0,395
2025-09-22,PRD024,WH03,0,395
2025-09-29,PRD024,WH03,0,395
2025-10-06,PRD024,WH03,62,395
2025-10-13,PRD024,WH03,11,395
2025-10-20,PRD024,WH03,0,395
2025-10-27,PRD024,WH03,20,395
2025-11-03,PRD024,WH03,77,395
2025-11-10,PRD024,WH03,102,395
2025-11-17,PRD024,WH03,138,395
2025-11-24,PRD024,WH03,27,395
2025-12-01,PRD024,WH03,0,395
2025-12-08,PRD024,WH03,0,395
2025-12-15,PRD024,WH03,10,395
2025-12-22,PRD024,WH03,0,395
2025-12-29,PRD024,WH03,0,395
2024-01-01,PRD025,WH03,788,401
2024-01-08,PRD025,WH03,842,401
2024-01-15,PRD025,WH03,875,401
2024-01-22,PRD025,WH03,914,401
2024-01-29,PRD025,WH03,948,401
2024-02-05,PRD025,WH03,902,401
2024-02-12,PRD025,WH03,899,401
2024-02-19,PRD025,WH03,901,401
2024-02-26,PRD025,WH03,885,401
2024-03-04,PRD025,WH03,962,401
2024-03-11,PRD025,WH03,849,401
2024-03-18,PRD025,WH03,836,401
2024-03-25,PRD025,WH03,803,401
2024-04-01,PRD025,WH03,700,401
2024-04-08,PRD025,WH03,780,401
2024-04-15,PRD025,WH03,681,401
2024-04-22,PRD025,WH03,677,401
2024-04-29,PRD025,WH03,747,401
2024-05-06,PRD025,WH03,676,401
2024-05-13,PRD025,WH03,629,401
2024-05-20,PRD025,WH03,637,401
2024-05-27,PRD025,WH03,647,401
2024-06-03,PRD025,WH03,634,401
2024-06-10,PRD025,WH03,731,401
2024-06-17,PRD025,WH03,794,401
2024-06-24,PRD025,WH03,808,401
2024-07-01,PRD025,WH03,842,401
2024-07-08,PRD025,WH03,736,401
2024-07-15,PRD025,WH03,702,401
2024-07-22,PRD025,WH03,794,401
2024-07-29,PRD025,WH03,783,401
2024-08-05,PRD025,WH03,739,401
2024-08-12,PRD025,WH03,778,401
2024-08-19,PRD025,WH03,706,401
2024-08-26,PRD025,WH03,669,401
2024-09-02,PRD025,WH03,660,401
2024-09-09,PRD025,WH03,736,401
2024-09-16,PRD025,WH03,775,401
2024-09-23,PRD025,WH03,775,401
2024-09-30,PRD025,WH03,707,401
2024-10-07,PRD025,WH03,742,401
2024-10-14,PRD025,WH03,726,401
2024-10-21,PRD025,WH03,697,401
2024-10-28,PRD025,WH03,652,401
2024-11-04,PRD025,WH03,729,401
2024-11-11,PRD025,WH03,826,401
2024-11-18,PRD025,WH03,914,401
2024-11-25,PRD025,WH03,829,401
2024-12-02,PRD025,WH03,898,401
2024-12-09,PRD025,WH03,915,401
2024-12-16,PRD025,WH03,884,401
2024-12-23,PRD025,WH03,843,401
2024-12-30,PRD025,WH03,930,401
2025-01-06,PRD025,WH03,933,401
2025-01-13,PRD025,WH03,954,401
2025-01-20,PRD025,WH03,948,401
2025-01-27,PRD025,WH03,852,401
2025-02-03,PRD025,WH03,924,401
2025-02-10,PRD025,WH03,970,401
2025-02-17,PRD025,WH03,1020,401
2025-02-24,PRD025,WH03,979,401
2025-03-03,PRD025,WH03,955,401
2025-03-10,PRD025,WH03,1048,401
2025-03-17,PRD025,WH03,1147,401
2025-03-24,PRD025,WH03,1204,401
2025-03-31,PRD025,WH03,1234,401
2025-04-07,PRD025,WH03,1243,401
2025-04-14,PRD025,WH03,1265,401
2025-04-21,PRD025,WH03,1259,401
2025-04-28,PRD025,WH03,1182,401
2025-05-05,PRD025,WH03,1233,401
2025-05-12,PRD025,WH03,1175,401
2025-05-19,PRD025,WH03,1160,401
2025-05-26,PRD025,WH03,1150,401
2025-06-02,PRD025,WH03,1194,401
2025-06-09,PRD025,WH03,1078,401
2025-06-16,PRD025,WH03,989,401
2025-06-23,PRD025,WH03,1083,401
2025-06-30,PRD025,WH03,985,401
2025-07-07,PRD025,WH03,961,401
2025-07-14,PRD025,WH03,1038,401
2025-07-21,PRD025,WH03,1093,401
2025-07-28,PRD025,WH03,1005,401
2025-08-04,PRD025,WH03,904,401
2025-08-11,PRD025,WH03,913,401
2025-08-18,PRD025,WH03,1004,401
2025-08-25,PRD025,WH03,970,401
2025-09-01,PRD025,WH03,964,401
2025-09-08,PRD025,WH03,1061,401
2025-09-15,PRD025,WH03,994,401
2025-09-22,PRD025,WH03,1027,401
2025-09-29,PRD025,WH03,1036,401
2025-10-06,PRD025,WH03,1109,401
2025-10-13,PRD025,WH03,1085,401
2025-10-20,PRD025,WH03,1038,401
2025-10-27,PRD025,WH03,1073,401
2025-11-03,PRD025,WH03,967,401
2025-11-10,PRD025,WH03,928,401
2025-11-17,PRD025,WH03,1026,401
2025-11-24,PRD025,WH03,1006,401
2025-12-01,PRD025,WH03,937,401
2025-12-08,PRD025,WH03,983,401
2025-12-15,PRD025,WH03,970,401
2025-12-22,PRD025,WH03,1053,401
2025-12-29,PRD025,WH03,946,401
2024-01-01,PRD001,WH04,82,308
2024-01-08,PRD001,WH04,7,308
2024-01-15,PRD001,WH04,0,308
2024-01-22,PRD001,WH04,66,308
2024-01-29,PRD001,WH04,0,308
2024-02-05,PRD001,WH04,0,308
2024-02-12,PRD001,WH04,0,308
2024-02-19,PRD001,WH04,9,308
2024-02-26,PRD001,WH04,97,308
2024-03-04,PRD001,WH04,39,308
2024-03-11,PRD001,WH04,46,308
2024-03-18,PRD001,WH04,78,308
2024-03-25,PRD001,WH04,152,308
2024-04-01,PRD001,WH04,72,308
2024-04-08,PRD001,WH04,6,308
2024-04-15,PRD001,WH04,0,308
2024-04-22,PRD001,WH04,0,308
2024-04-29,PRD001,WH04,34,308
2024-05-06,PRD001,WH04,55,308
2024-05-13,PRD001,WH04,0,308
2024-05-20,PRD001,WH04,0,308
2024-05-27,PRD001,WH04,17,308
2024-06-03,PRD001,WH04,77,308
2024-06-10,PRD001,WH04,165,308
2024-06-17,PRD001,WH04,243,308
2024-06-24,PRD001,WH04,341,308
2024-07-01,PRD001,WH04,388,308
2024-07-08,PRD001,WH04,291,308
2024-07-15,PRD001,WH04,308,308
2024-07-22,PRD001,WH04,236,308
2024-07-29,PRD001,WH04,271,308
2024-08-05,PRD001,WH04,256,308
2024-08-12,PRD001,WH04,296,308
2024-08-19,PRD001,WH04,350,308
2024-08-26,PRD001,WH04,242,308
2024-09-02,PRD001,WH04,293,308
2024-09-09,PRD001,WH04,265,308
2024-09-16,PRD001,WH04,171,308
2024-09-23,PRD001,WH04,125,308
2024-09-30,PRD001,WH04,78,308
2024-10-07,PRD001,WH04,0,308
2024-10-14,PRD001,WH04,85,308
2024-10-21,PRD001,WH04,177,308
2024-10-28,PRD001,WH04,96,308
2024-11-04,PRD001,WH04,64,308
2024-11-11,PRD001,WH04,78,308
2024-11-18,PRD001,WH04,164,308
2024-11-25,PRD001,WH04,243,308
2024-12-02,PRD001,WH04,223,308
2024-12-09,PRD001,WH04,188,308
2024-12-16,PRD001,WH04,144,308
2024-12-23,PRD001,WH04,62,308
2024-12-30,PRD001,WH04,0,308
2025-01-06,PRD001,WH04,35,308
2025-01-13,PRD001,WH04,93,308
2025-01-20,PRD001,WH04,52,308
2025-01-27,PRD001,WH04,2,308
2025-02-03,PRD001,WH04,0,308
2025-02-10,PRD001,WH04,64,308
2025-02-17,PRD001,WH04,141,308
2025-02-24,PRD001,WH04,163,308
2025-03-03,PRD001,WH04,167,308
2025-03-10,PRD001,WH04,48,308
2025-03-17,PRD001,WH04,67,308
2025-03-24,PRD001,WH04,24,308
2025-03-31,PRD001,WH04,84,308
2025-04-07,PRD001,WH04,78,308
2025-04-14,PRD001,WH04,17,308
2025-04-21,PRD001,WH04,0,308
2025-04-28,PRD001,WH04,50,308
2025-05-05,PRD001,WH04,0,308
2025-05-12,PRD001,WH04,35,308
2025-05-19,PRD001,WH04,0,308
2025-05-26,PRD001,WH04,42,308
2025-06-02,PRD001,WH04,0,308
2025-06-09,PRD001,WH04,0,308
2025-06-16,PRD001,WH04,0,308
2025-06-23,PRD001,WH04,53,308
2025-06-30,PRD001,WH04,58,308
2025-07-07,PRD001,WH04,109,308
2025-07-14,PRD001,WH04,160,308
2025-07-21,PRD001,WH04,44,308
2025-07-28,PRD001,WH04,43,308
2025-08-04,PRD001,WH04,96,308
2025-08-11,PRD001,WH04,149,308
2025-08-18,PRD001,WH04,233,308
2025-08-25,PRD001,WH04,177,308
2025-09-01,PRD001,WH04,85,308
2025-09-08,PRD001,WH04,0,308
2025-09-15,PRD001,WH04,0,308
2025-09-22,PRD001,WH04,0,308
2025-09-29,PRD001,WH04,43,308
2025-10-06,PRD001,WH04,88,308
2025-10-13,PRD001,WH04,81,308
2025-10-20,PRD001,WH04,79,308
2025-10-27,PRD001,WH04,46,308
2025-11-03,PRD001,WH04,71,308
2025-11-10,PRD001,WH04,0,308
2025-11-17,PRD001,WH04,0,308
2025-11-24,PRD001,WH04,11,308
2025-12-01,PRD001,WH04,56,308
2025-12-08,PRD001,WH04,17,308
2025-12-15,PRD001,WH04,88,308
2025-12-22,PRD001,WH04,88,308
2025-12-29,PRD001,WH04,39,308
2024-01-01,PRD002,WH04,483,460
2024-01-08,PRD002,WH04,382,460
2024-01-15,PRD002,WH04,449,460
2024-01-22,PRD002,WH04,437,460
2024-01-29,PRD002,WH04,479,460
2024-02-05,PRD002,WH04,567,460
2024-02-12,PRD002,WH04,483,460
2024-02-19,PRD002,WH04,565,460
2024-02-26,PRD002,WH04,635,460
2024-03-04,PRD002,WH04,638,460
2024-03-11,PRD002,WH04,552,460
2024-03-18,PRD002,WH04,611,460
2024-03-25,PRD002,WH04,636,460
2024-04-01,PRD002,WH04,700,460
2024-04-08,PRD002,WH04,687,460
2024-04-15,PRD002,WH04,586,460
2024-04-22,PRD002,WH04,576,460
2024-04-29,PRD002,WH04,642,460
2024-05-06,PRD002,WH04,589,460
2024-05-13,PRD002,WH04,622,460
2024-05-20,PRD002,WH04,514,460
2024-05-27,PRD002,WH04,542,460
2024-06-03,PRD002,WH04,525,460
2024-06-10,PRD002,WH04,492,460
2024-06-17,PRD002,WH04,471,460
2024-06-24,PRD002,WH04,533,460
2024-07-01,PRD002,WH04,454,460
2024-07-08,PRD002,WH04,416,460
2024-07-15,PRD002,WH04,394,460
2024-07-22,PRD002,WH04,296,460
2024-07-29,PRD002,WH04,373,460
2024-08-05,PRD002,WH04,424,460
2024-08-12,PRD002,WH04,329,460
2024-08-19,PRD002,WH04,401,460
2024-08-26,PRD002,WH04,356,460
2024-09-02,PRD002,WH04,349,460
2024-09-09,PRD002,WH04,279,460
2024-09-16,PRD002,WH04,232,460
2024-09-23,PRD002,WH04,201,460
2024-09-30,PRD002,WH04,235,460
2024-10-07,PRD002,WH04,279,460
2024-10-14,PRD002,WH04,198,460
2024-10-21,PRD002,WH04,104,460
2024-10-28,PRD002,WH04,48,460
2024-11-04,PRD002,WH04,115,460
2024-11-11,PRD002,WH04,50,460
2024-11-18,PRD002,WH04,41,460
2024-11-25,PRD002,WH04,126,460
2024-12-02,PRD002,WH04,57,460
2024-12-09,PRD002,WH04,37,460
2024-12-16,PRD002,WH04,97,460
2024-12-23,PRD002,WH04,0,460
2024-12-30,PRD002,WH04,39,460
2025-01-06,PRD002,WH04,129,460
2025-01-13,PRD002,WH04,208,460
2025-01-20,PRD002,WH04,250,460
2025-01-27,PRD002,WH04,178,460
2025-02-03,PRD002,WH04,199,460
2025-02-10,PRD002,WH04,265,460
2025-02-17,PRD002,WH04,277,460
2025-02-24,PRD002,WH04,251,460
2025-03-03,PRD002,WH04,162,460
2025-03-10,PRD002,WH04,257,460
2025-03-17,PRD002,WH04,286,460
2025-03-24,PRD002,WH04,226,460
2025-03-31,PRD002,WH04,254,460
2025-04-07,PRD002,WH04,166,460
2025-04-14,PRD002,WH04,252,460
2025-04-21,PRD002,WH04,182,460
2025-04-28,PRD002,WH04,237,460
2025-05-05,PRD002,WH04,259,460
2025-05-12,PRD002,WH04,141,460
2025-05-19,PRD002,WH04,205,460
2025-05-26,PRD002,WH04,140,460
2025-06-02,PRD002,WH04,81,460
2025-06-09,PRD002,WH04,0,460
2025-06-16,PRD002,WH04,0,460
2025-06-23,PRD002,WH04,0,460
2025-06-30,PRD002,WH04,0,460
2025-07-07,PRD002,WH04,63,460
2025-07-14,PRD002,WH04,118,460
2025-07-21,PRD002,WH04,88,460
2025-07-28,PRD002,WH04,100,460
2025-08-04,PRD002,WH04,197,460
2025-08-11,PRD002,WH04,218,460
2025-08-18,PRD002,WH04,138,460
2025-08-25,PRD002,WH04,205,460
2025-09-01,PRD002,WH04,134,460
2025-09-08,PRD002,WH04,76,460
2025-09-15,PRD002,WH04,20,460
2025-09-22,PRD002,WH04,59,460
2025-09-29,PRD002,WH04,157,460
2025-10-06,PRD002,WH04,54,460
2025-10-13,PRD002,WH04,0,460
2025-10-20,PRD002,WH04,48,460
2025-10-27,PRD002,WH04,34,460
2025-11-03,PRD002,WH04,34,460
2025-11-10,PRD002,WH04,0,460
2025-11-17,PRD002,WH04,0,460
2025-11-24,PRD002,WH04,58,460
2025-12-01,PRD002,WH04,0,460
2025-12-08,PRD002,WH04,12,460
2025-12-15,PRD002,WH04,2,460
2025-12-22,PRD002,WH04,0,460
2025-12-29,PRD002,WH04,0,460
2024-01-01,PRD003,WH04,237,214
2024-01-08,PRD003,WH04,325,214
2024-01-15,PRD003,WH04,305,214
2024-01-22,PRD003,WH04,323,214
2024-01-29,PRD003,WH04,318,214
2024-02-05,PRD003,WH04,239,214
2024-02-12,PRD003,WH04,309,214
2024-02-19,PRD003,WH04,357,214
2024-02-26,PRD003,WH04,425,214
2024-03-04,PRD003,WH04,462,214
2024-03-11,PRD003,WH04,482,214
2024-03-18,PRD003,WH04,564,214
2024-03-25,PRD003,WH04,578,214
2024-04-01,PRD003,WH04,572,214
2024-04-08,PRD003,WH04,509,214
2024-04-15,PRD003,WH04,558,214
2024-04-22,PRD003,WH04,629,214
2024-04-29,PRD003,WH04,623,214
2024-05-06,PRD003,WH04,623,214
2024-05-13,PRD003,WH04,547,214
2024-05-20,PRD003,WH04,511,214
2024-05-27,PRD003,WH04,461,214
2024-06-03,PRD003,WH04,490,214
2024-06-10,PRD003,WH04,482,214
2024-06-17,PRD003,WH04,365,214
2024-06-24,PRD003,WH04,451,214
2024-07-01,PRD003,WH04,450,214
2024-07-08,PRD003,WH04,496,214
2024-07-15,PRD003,WH04,485,214
2024-07-22,PRD003,WH04,449,214
2024-07-29,PRD003,WH04,497,214
2024-08-05,PRD003,WH04,417,214
2024-08-12,PRD003,WH04,465,214
2024-08-19,PRD003,WH04,500,214
2024-08-26,PRD003,WH04,550,214
2024-09-02,PRD003,WH04,557,214
2024-09-09,PRD003,WH04,628,214
2024-09-16,PRD003,WH04,641,214
2024-09-23,PRD003,WH04,586,214
2024-09-30,PRD003,WH04,592,214
2024-10-07,PRD003,WH04,586,214
2024-10-14,PRD003,WH04,624,214
2024-10-21,PRD003,WH04,594,214
2024-10-28,PRD003,WH04,482,214
2024-11-04,PRD003,WH04,362,214
2024-11-11,PRD003,WH04,256,214
2024-11-18,PRD003,WH04,286,214
2024-11-25,PRD003,WH04,310,214
2024-12-02,PRD003,WH04,247,214
2024-12-09,PRD003,WH04,197,214
2024-12-16,PRD003,WH04,180,214
2024-12-23,PRD003,WH04,254,214
2024-12-30,PRD003,WH04,231,214
2025-01-06,PRD003,WH04,291,214
2025-01-13,PRD003,WH04,253,214
2025-01-20,PRD003,WH04,162,214
2025-01-27,PRD003,WH04,51,214
2025-02-03,PRD003,WH04,0,214
2025-02-10,PRD003,WH04,49,214
2025-02-17,PRD003,WH04,104,214
2025-02-24,PRD003,WH04,111,214
2025-03-03,PRD003,WH04,101,214
2025-03-10,PRD003,WH04,190,214
2025-03-17,PRD003,WH04,92,214
2025-03-24,PRD003,WH04,186,214
2025-03-31,PRD003,WH04,197,214
2025-04-07,PRD003,WH04,277,214
2025-04-14,PRD003,WH04,359,214
2025-04-21,PRD003,WH04,303,214
2025-04-28,PRD003,WH04,320,214
2025-05-05,PRD003,WH04,310,214
2025-05-12,PRD003,WH04,203,214
2025-05-19,PRD003,WH04,174,214
2025-05-26,PRD003,WH04,164,214
2025-06-02,PRD003,WH04,79,214
2025-06-09,PRD003,WH04,174,214
2025-06-16,PRD003,WH04,81,214
2025-06-23,PRD003,WH04,19,214
2025-06-30,PRD003,WH04,0,214
2025-07-07,PRD003,WH04,85,214
2025-07-14,PRD003,WH04,86,214
2025-07-21,PRD003,WH04,34,214
2025-07-28,PRD003,WH04,29,214
2025-08-04,PRD003,WH04,53,214
2025-08-11,PRD003,WH04,52,214
2025-08-18,PRD003,WH04,29,214
2025-08-25,PRD003,WH04,30,214
2025-09-01,PRD003,WH04,74,214
2025-09-08,PRD003,WH04,143,214
2025-09-15,PRD003,WH04,240,214
2025-09-22,PRD003,WH04,233,214
2025-09-29,PRD003,WH04,271,214
2025-10-06,PRD003,WH04,370,214
2025-10-13,PRD003,WH04,405,214
2025-10-20,PRD003,WH04,465,214
2025-10-27,PRD003,WH04,380,214
2025-11-03,PRD003,WH04,387,214
2025-11-10,PRD003,WH04,420,214
2025-11-17,PRD003,WH04,385,214
2025-11-24,PRD003,WH04,292,214
2025-12-01,PRD003,WH04,360,214
2025-12-08,PRD003,WH04,347,214
2025-12-15,PRD003,WH04,354,214
2025-12-22,PRD003,WH04,255,214
2025-12-29,PRD003,WH04,312,214
2024-01-01,PRD004,WH04,433,221
2024-01-08,PRD004,WH04,381,221
2024-01-15,PRD004,WH04,271,221
2024-01-22,PRD004,WH04,366,221
2024-01-29,PRD004,WH04,283,221
2024-02-05,PRD004,WH04,281,221
2024-02-12,PRD004,WH04,347,221
2024-02-19,PRD004,WH04,399,221
2024-02-26,PRD004,WH04,322,221
2024-03-04,PRD004,WH04,226,221
2024-03-11,PRD004,WH04,121,221
2024-03-18,PRD004,WH04,124,221
2024-03-25,PRD004,WH04,151,221
2024-04-01,PRD004,WH04,212,221
2024-04-08,PRD004,WH04,232,221
2024-04-15,PRD004,WH04,274,221
2024-04-22,PRD004,WH04,293,221
2024-04-29,PRD004,WH04,363,221
2024-05-06,PRD004,WH04,246,221
2024-05-13,PRD004,WH04,161,221
2024-05-20,PRD004,WH04,134,221
2024-05-27,PRD004,WH04,95,221
2024-06-03,PRD004,WH04,67,221
2024-06-10,PRD004,WH04,83,221
2024-06-17,PRD004,WH04,164,221
2024-06-24,PRD004,WH04,53,221
2024-07-01,PRD004,WH04,113,221
2024-07-08,PRD004,WH04,0,221
2024-07-15,PRD004,WH04,0,221
2024-07-22,PRD004,WH04,0,221
2024-07-29,PRD004,WH04,26,221
2024-08-05,PRD004,WH04,77,221
2024-08-12,PRD004,WH04,0,221
2024-08-19,PRD004,WH04,0,221
2024-08-26,PRD004,WH04,0,221
2024-09-02,PRD004,WH04,0,221
2024-09-09,PRD004,WH04,0,221
2024-09-16,PRD004,WH04,0,221
2024-09-23,PRD004,WH04,67,221
2024-09-30,PRD004,WH04,120,221
2024-10-07,PRD004,WH04,14,221
2024-10-14,PRD004,WH04,0,221
2024-10-21,PRD004,WH04,0,221
2024-10-28,PRD004,WH04,2,221
2024-11-04,PRD004,WH04,9,221
2024-11-11,PRD004,WH04,0,221
2024-11-18,PRD004,WH04,68,221
2024-11-25,PRD004,WH04,110,221
2024-12-02,PRD004,WH04,24,221
2024-12-09,PRD004,WH04,0,221
2024-12-16,PRD004,WH04,56,221
2024-12-23,PRD004,WH04,146,221
2024-12-30,PRD004,WH04,120,221
2025-01-06,PRD004,WH04,1,221
2025-01-13,PRD004,WH04,42,221
2025-01-20,PRD004,WH04,31,221
2025-01-27,PRD004,WH04,0,221
2025-02-03,PRD004,WH04,71,221
2025-02-10,PRD004,WH04,0,221
2025-02-17,PRD004,WH04,0,221
2025-02-24,PRD004,WH04,85,221
2025-03-03,PRD004,WH04,127,221
2025-03-10,PRD004,WH04,160,221
2025-03-17,PRD004,WH04,83,221
2025-03-24,PRD004,WH04,97,221
2025-03-31,PRD004,WH04,15,221
2025-04-07,PRD004,WH04,0,221
2025-04-14,PRD004,WH04,86,221
2025-04-21,PRD004,WH04,106,221
2025-04-28,PRD004,WH04,197,221
2025-05-05,PRD004,WH04,174,221
2025-05-12,PRD004,WH04,143,221
2025-05-19,PRD004,WH04,26,221
2025-05-26,PRD004,WH04,3,221
2025-06-02,PRD004,WH04,0,221
2025-06-09,PRD004,WH04,0,221
2025-06-16,PRD004,WH04,0,221
2025-06-23,PRD004,WH04,0,221
2025-06-30,PRD004,WH04,90,221
2025-07-07,PRD004,WH04,12,221
2025-07-14,PRD004,WH04,0,221
2025-07-21,PRD004,WH04,0,221
2025-07-28,PRD004,WH04,97,221
2025-08-04,PRD004,WH04,0,221
2025-08-11,PRD004,WH04,0,221
2025-08-18,PRD004,WH04,0,221
2025-08-25,PRD004,WH04,0,221
2025-09-01,PRD004,WH04,0,221
2025-09-08,PRD004,WH04,91,221
2025-09-15,PRD004,WH04,37,221
2025-09-22,PRD004,WH04,0,221
2025-09-29,PRD004,WH04,0,221
2025-10-06,PRD004,WH04,0,221
2025-10-13,PRD004,WH04,0,221
2025-10-20,PRD004,WH04,0,221
2025-10-27,PRD004,WH04,6,221
2025-11-03,PRD004,WH04,0,221
2025-11-10,PRD004,WH04,0,221
2025-11-17,PRD004,WH04,0,221
2025-11-24,PRD004,WH04,80,221
2025-12-01,PRD004,WH04,62,221
2025-12-08,PRD004,WH04,3,221
2025-12-15,PRD004,WH04,0,221
2025-12-22,PRD004,WH04,71,221
2025-12-29,PRD004,WH04,24,221
2024-01-01,PRD005,WH04,476,423
2024-01-08,PRD005,WH04,408,423
2024-01-15,PRD005,WH04,418,423
2024-01-22,PRD005,WH04,437,423
2024-01-29,PRD005,WH04,440,423
2024-02-05,PRD005,WH04,339,423
2024-02-12,PRD005,WH04,243,423
2024-02-19,PRD005,WH04,339,423
2024-02-26,PRD005,WH04,246,423
2024-03-04,PRD005,WH04,141,423
2024-03-11,PRD005,WH04,199,423
2024-03-18,PRD005,WH04,246,423
2024-03-25,PRD005,WH04,146,423
2024-04-01,PRD005,WH04,96,423
2024-04-08,PRD005,WH04,51,423
2024-04-15,PRD005,WH04,36,423
2024-04-22,PRD005,WH04,0,423
2024-04-29,PRD005,WH04,89,423
2024-05-06,PRD005,WH04,107,423
2024-05-13,PRD005,WH04,146,423
2024-05-20,PRD005,WH04,146,423
2024-05-27,PRD005,WH04,122,423
2024-06-03,PRD005,WH04,176,423
2024-06-10,PRD005,WH04,228,423
2024-06-17,PRD005,WH04,314,423
2024-06-24,PRD005,WH04,211,423
2024-07-01,PRD005,WH04,304,423
2024-07-08,PRD005,WH04,317,423
2024-07-15,PRD005,WH04,383,423
2024-07-22,PRD005,WH04,476,423
2024-07-29,PRD005,WH04,361,423
2024-08-05,PRD005,WH04,255,423
2024-08-12,PRD005,WH04,236,423
2024-08-19,PRD005,WH04,209,423
2024-08-26,PRD005,WH04,277,423
2024-09-02,PRD005,WH04,274,423
2024-09-09,PRD005,WH04,183,423
2024-09-16,PRD005,WH04,236,423
2024-09-23,PRD005,WH04,327,423
2024-09-30,PRD005,WH04,351,423
2024-10-07,PRD005,WH04,433,423
2024-10-14,PRD005,WH04,426,423
2024-10-21,PRD005,WH04,389,423
2024-10-28,PRD005,WH04,373,423
2024-11-04,PRD005,WH04,464,423
2024-11-11,PRD005,WH04,351,423
2024-11-18,PRD005,WH04,408,423
2024-11-25,PRD005,WH04,432,423
2024-12-02,PRD005,WH04,368,423
2024-12-09,PRD005,WH04,433,423
2024-12-16,PRD005,WH04,516,423
2024-12-23,PRD005,WH04,491,423
2024-12-30,PRD005,WH04,584,423
2025-01-06,PRD005,WH04,490,423
2025-01-13,PRD005,WH04,427,423
2025-01-20,PRD005,WH04,407,423
2025-01-27,PRD005,WH04,465,423
2025-02-03,PRD005,WH04,519,423
2025-02-10,PRD005,WH04,455,423
2025-02-17,PRD005,WH04,384,423
2025-02-24,PRD005,WH04,353,423
2025-03-03,PRD005,WH04,391,423
2025-03-10,PRD005,WH04,299,423
2025-03-17,PRD005,WH04,202,423
2025-03-24,PRD005,WH04,272,423
2025-03-31,PRD005,WH04,219,423
2025-04-07,PRD005,WH04,304,423
2025-04-14,PRD005,WH04,260,423
2025-04-21,PRD005,WH04,290,423
2025-04-28,PRD005,WH04,177,423
2025-05-05,PRD005,WH04,69,423
2025-05-12,PRD005,WH04,77,423
2025-05-19,PRD005,WH04,147,423
2025-05-26,PRD005,WH04,53,423
2025-06-02,PRD005,WH04,13,423
2025-06-09,PRD005,WH04,61,423
2025-06-16,PRD005,WH04,77,423
2025-06-23,PRD005,WH04,0,423
2025-06-30,PRD005,WH04,0,423
2025-07-07,PRD005,WH04,0,423
2025-07-14,PRD005,WH04,28,423
2025-07-21,PRD005,WH04,14,423
2025-07-28,PRD005,WH04,0,423
2025-08-04,PRD005,WH04,55,423
2025-08-11,PRD005,WH04,2,423
2025-08-18,PRD005,WH04,23,423
2025-08-25,PRD005,WH04,72,423
2025-09-01,PRD005,WH04,138,423
2025-09-08,PRD005,WH04,220,423
2025-09-15,PRD005,WH04,161,423
2025-09-22,PRD005,WH04,44,423
2025-09-29,PRD005,WH04,0,423
2025-10-06,PRD005,WH04,41,423
2025-10-13,PRD005,WH04,53,423
2025-10-20,PRD005,WH04,0,423
2025-10-27,PRD005,WH04,0,423
2025-11-03,PRD005,WH04,0,423
2025-11-10,PRD005,WH04,0,423
2025-11-17,PRD005,WH04,0,423
2025-11-24,PRD005,WH04,0,423
2025-12-01,PRD005,WH04,0,423
2025-12-08,PRD005,WH04,32,423
2025-12-15,PRD005,WH04,62,423
2025-12-22,PRD005,WH04,105,423
2025-12-29,PRD005,WH04,137,423
2024-01-01,PRD006,WH04,772,229
2024-01-08,PRD006,WH04,761,229
2024-01-15,PRD006,WH04,805,229
2024-01-22,PRD006,WH04,769,229
2024-01-29,PRD006,WH04,781,229
2024-02-05,PRD006,WH04,812,229
2024-02-12,PRD006,WH04,893,229
2024-02-19,PRD006,WH04,966,229
2024-02-26,PRD006,WH04,1063,229
2024-03-04,PRD006,WH04,1143,229
2024-03-11,PRD006,WH04,1070,229
2024-03-18,PRD006,WH04,1107,229
2024-03-25,PRD006,WH04,1025,229
2024-04-01,PRD006,WH04,1004,229
2024-04-08,PRD006,WH04,1074,229
2024-04-15,PRD006,WH04,1010,229
2024-04-22,PRD006,WH04,961,229
2024-04-29,PRD006,WH04,1029,229
2024-05-06,PRD006,WH04,911,229
2024-05-13,PRD006,WH04,922,229
2024-05-20,PRD006,WH04,890,229
2024-05-27,PRD006,WH04,946,229
2024-06-03,PRD006,WH04,916,229
2024-06-10,PRD006,WH04,939,229
2024-06-17,PRD006,WH04,841,229
2024-06-24,PRD006,WH04,746,229
2024-07-01,PRD006,WH04,832,229
2024-07-08,PRD006,WH04,826,229
2024-07-15,PRD006,WH04,731,229
2024-07-22,PRD006,WH04,736,229
2024-07-29,PRD006,WH04,734,229
2024-08-05,PRD006,WH04,766,229
2024-08-12,PRD006,WH04,815,229
2024-08-19,PRD006,WH04,897,229
2024-08-26,PRD006,WH04,853,229
2024-09-02,PRD006,WH04,776,229
2024-09-09,PRD006,WH04,656,229
2024-09-16,PRD006,WH04,699,229
2024-09-23,PRD006,WH04,673,229
2024-09-30,PRD006,WH04,667,229
2024-10-07,PRD006,WH04,568,229
2024-10-14,PRD006,WH04,547,229
2024-10-21,PRD006,WH04,559,229
2024-10-28,PRD006,WH04,555,229
2024-11-04,PRD006,WH04,581,229
2024-11-11,PRD006,WH04,572,229
2024-11-18,PRD006,WH04,666,229
2024-11-25,PRD006,WH04,606,229
2024-12-02,PRD006,WH04,571,229
2024-12-09,PRD006,WH04,507,229
2024-12-16,PRD006,WH04,481,229
2024-12-23,PRD006,WH04,509,229
2024-12-30,PRD006,WH04,455,229
2025-01-06,PRD006,WH04,387,229
2025-01-13,PRD006,WH04,454,229
2025-01-20,PRD006,WH04,394,229
2025-01-27,PRD006,WH04,348,229
2025-02-03,PRD006,WH04,239,229
2025-02-10,PRD006,WH04,160,229
2025-02-17,PRD006,WH04,167,229
2025-02-24,PRD006,WH04,263,229
2025-03-03,PRD006,WH04,318,229
2025-03-10,PRD006,WH04,282,229
2025-03-17,PRD006,WH04,360,229
2025-03-24,PRD006,WH04,442,229
2025-03-31,PRD006,WH04,514,229
2025-04-07,PRD006,WH04,599,229
2025-04-14,PRD006,WH04,653,229
2025-04-21,PRD006,WH04,555,229
2025-04-28,PRD006,WH04,477,229
2025-05-05,PRD006,WH04,425,229
2025-05-12,PRD006,WH04,344,229
2025-05-19,PRD006,WH04,279,229
2025-05-26,PRD006,WH04,227,229
2025-06-02,PRD006,WH04,172,229
2025-06-09,PRD006,WH04,217,229
2025-06-16,PRD006,WH04,166,229
2025-06-23,PRD006,WH04,126,229
2025-06-30,PRD006,WH04,138,229
2025-07-07,PRD006,WH04,95,229
2025-07-14,PRD006,WH04,34,229
2025-07-21,PRD006,WH04,0,229
2025-07-28,PRD006,WH04,0,229
2025-08-04,PRD006,WH04,0,229
2025-08-11,PRD006,WH04,0,229
2025-08-18,PRD006,WH04,0,229
2025-08-25,PRD006,WH04,0,229
2025-09-01,PRD006,WH04,0,229
2025-09-08,PRD006,WH04,1,229
2025-09-15,PRD006,WH04,0,229
2025-09-22,PRD006,WH04,96,229
2025-09-29,PRD006,WH04,58,229
2025-10-06,PRD006,WH04,133,229
2025-10-13,PRD006,WH04,202,229
2025-10-20,PRD006,WH04,88,229
2025-10-27,PRD006,WH04,177,229
2025-11-03,PRD006,WH04,71,229
2025-11-10,PRD006,WH04,62,229
2025-11-17,PRD006,WH04,20,229
2025-11-24,PRD006,WH04,93,229
2025-12-01,PRD006,WH04,77,229
2025-12-08,PRD006,WH04,120,229
2025-12-15,PRD006,WH04,58,229
2025-12-22,PRD006,WH04,8,229
2025-12-29,PRD006,WH04,0,229
2024-01-01,PRD007,WH04,570,491
2024-01-08,PRD007,WH04,470,491
2024-01-15,PRD007,WH04,526,491
2024-01-22,PRD007,WH04,417,491
2024-01-29,PRD007,WH04,304,491
2024-02-05,PRD007,WH04,268,491
2024-02-12,PRD007,WH04,316,491
2024-02-19,PRD007,WH04,219,491
2024-02-26,PRD007,WH04,262,491
2024-03-04,PRD007,WH04,143,491
2024-03-11,PRD007,WH04,179,491
2024-03-18,PRD007,WH04,71,491
2024-03-25,PRD007,WH04,39,491
2024-04-01,PRD007,WH04,0,491
2024-04-08,PRD007,WH04,0,491
2024-04-15,PRD007,WH04,0,491
2024-04-22,PRD007,WH04,65,491
2024-04-29,PRD007,WH04,44,491
2024-05-06,PRD007,WH04,62,491
2024-05-13,PRD007,WH04,98,491
2024-05-20,PRD007,WH04,0,491
2024-05-27,PRD007,WH04,20,491
2024-06-03,PRD007,WH04,0,491
2024-06-10,PRD007,WH04,49,491
2024-06-17,PRD007,WH04,65,491
2024-06-24,PRD007,WH04,0,491
2024-07-01,PRD007,WH04,0,491
2024-07-08,PRD007,WH04,34,491
2024-07-15,PRD007,WH04,0,491
2024-07-22,PRD007,WH04,0,491
2024-07-29,PRD007,WH04,98,491
2024-08-05,PRD007,WH04,145,491
2024-08-12,PRD007,WH04,113,491
2024-08-19,PRD007,WH04,4,491
2024-08-26,PRD007,WH04,83,491
2024-09-02,PRD007,WH04,119,491
2024-09-09,PRD007,WH04,131,491
2024-09-16,PRD007,WH04,198,491
2024-09-23,PRD007,WH04,224,491
2024-09-30,PRD007,WH04,266,491
2024-10-07,PRD007,WH04,191,491
2024-10-14,PRD007,WH04,244,491
2024-10-21,PRD007,WH04,296,491
2024-10-28,PRD007,WH04,214,491
2024-11-04,PRD007,WH04,262,491
2024-11-11,PRD007,WH04,252,491
2024-11-18,PRD007,WH04,242,491
2024-11-25,PRD007,WH04,210,491
2024-12-02,PRD007,WH04,107,491
2024-12-09,PRD007,WH04,173,491
2024-12-16,PRD007,WH04,139,491
2024-12-23,PRD007,WH04,176,491
2024-12-30,PRD007,WH04,120,491
2025-01-06,PRD007,WH04,217,491
2025-01-13,PRD007,WH04,308,491
2025-01-20,PRD007,WH04,292,491
2025-01-27,PRD007,WH04,340,491
2025-02-03,PRD007,WH04,432,491
2025-02-10,PRD007,WH04,366,491
2025-02-17,PRD007,WH04,432,491
2025-02-24,PRD007,WH04,356,491
2025-03-03,PRD007,WH04,319,491
2025-03-10,PRD007,WH04,265,491
2025-03-17,PRD007,WH04,161,491
2025-03-24,PRD007,WH04,131,491
2025-03-31,PRD007,WH04,92,491
2025-04-07,PRD007,WH04,173,491
2025-04-14,PRD007,WH04,72,491
2025-04-21,PRD007,WH04,102,491
2025-04-28,PRD007,WH04,173,491
2025-05-05,PRD007,WH04,188,491
2025-05-12,PRD007,WH04,170,491
2025-05-19,PRD007,WH04,242,491
2025-05-26,PRD007,WH04,239,491
2025-06-02,PRD007,WH04,178,491
2025-06-09,PRD007,WH04,64,491
2025-06-16,PRD007,WH04,75,491
2025-06-23,PRD007,WH04,110,491
2025-06-30,PRD007,WH04,8,491
2025-07-07,PRD007,WH04,21,491
2025-07-14,PRD007,WH04,22,491
2025-07-21,PRD007,WH04,0,491
2025-07-28,PRD007,WH04,0,491
2025-08-04,PRD007,WH04,0,491
2025-08-11,PRD007,WH04,26,491
2025-08-18,PRD007,WH04,114,491
2025-08-25,PRD007,WH04,86,491
2025-09-01,PRD007,WH04,114,491
2025-09-08,PRD007,WH04,0,491
2025-09-15,PRD007,WH04,24,491
2025-09-22,PRD007,WH04,69,491
2025-09-29,PRD007,WH04,10,491
2025-10-06,PRD007,WH04,5,491
2025-10-13,PRD007,WH04,52,491
2025-10-20,PRD007,WH04,0,491
2025-10-27,PRD007,WH04,34,491
2025-11-03,PRD007,WH04,31,491
2025-11-10,PRD007,WH04,69,491
2025-11-17,PRD007,WH04,46,491
2025-11-24,PRD007,WH04,115,491
2025-12-01,PRD007,WH04,20,491
2025-12-08,PRD007,WH04,97,491
2025-12-15,PRD007,WH04,7,491
2025-12-22,PRD007,WH04,0,491
2025-12-29,PRD007,WH04,22,491
2024-01-01,PRD008,WH04,483,344
2024-01-08,PRD008,WH04,580,344
2024-01-15,PRD008,WH04,496,344
2024-01-22,PRD008,WH04,381,344
2024-01-29,PRD008,WH04,284,344
2024-02-05,PRD008,WH04,210,344
2024-02-12,PRD008,WH04,281,344
2024-02-19,PRD008,WH04,282,344
2024-02-26,PRD008,WH04,197,344
2024-03-04,PRD008,WH04,159,344
2024-03-11,PRD008,WH04,94,344
2024-03-18,PRD008,WH04,55,344
2024-03-25,PRD008,WH04,14,344
2024-04-01,PRD008,WH04,0,344
2024-04-08,PRD008,WH04,0,344
2024-04-15,PRD008,WH04,0,344
2024-04-22,PRD008,WH04,1,344
2024-04-29,PRD008,WH04,0,344
2024-05-06,PRD008,WH04,16,344
2024-05-13,PRD008,WH04,110,344
2024-05-20,PRD008,WH04,63,344
2024-05-27,PRD008,WH04,160,344
2024-06-03,PRD008,WH04,148,344
2024-06-10,PRD008,WH04,194,344
2024-06-17,PRD008,WH04,140,344
2024-06-24,PRD008,WH04,103,344
2024-07-01,PRD008,WH04,63,344
2024-07-08,PRD008,WH04,52,344
2024-07-15,PRD008,WH04,106,344
2024-07-22,PRD008,WH04,13,344
2024-07-29,PRD008,WH04,21,344
2024-08-05,PRD008,WH04,0,344
2024-08-12,PRD008,WH04,96,344
2024-08-19,PRD008,WH04,72,344
2024-08-26,PRD008,WH04,1,344
2024-09-02,PRD008,WH04,0,344
2024-09-09,PRD008,WH04,0,344
2024-09-16,PRD008,WH04,46,344
2024-09-23,PRD008,WH04,53,344
2024-09-30,PRD008,WH04,60,344
2024-10-07,PRD008,WH04,117,344
2024-10-14,PRD008,WH04,147,344
2024-10-21,PRD008,WH04,207,344
2024-10-28,PRD008,WH04,220,344
2024-11-04,PRD008,WH04,310,344
2024-11-11,PRD008,WH04,327,344
2024-11-18,PRD008,WH04,222,344
2024-11-25,PRD008,WH04,306,344
2024-12-02,PRD008,WH04,207,344
2024-12-09,PRD008,WH04,152,344
2024-12-16,PRD008,WH04,201,344
2024-12-23,PRD008,WH04,170,344
2024-12-30,PRD008,WH04,54,344
2025-01-06,PRD008,WH04,98,344
2025-01-13,PRD008,WH04,63,344
2025-01-20,PRD008,WH04,121,344
2025-01-27,PRD008,WH04,210,344
2025-02-03,PRD008,WH04,182,344
2025-02-10,PRD008,WH04,208,344
2025-02-17,PRD008,WH04,91,344
2025-02-24,PRD008,WH04,170,344
2025-03-03,PRD008,WH04,76,344
2025-03-10,PRD008,WH04,10,344
2025-03-17,PRD008,WH04,0,344
2025-03-24,PRD008,WH04,0,344
2025-03-31,PRD008,WH04,0,344
2025-04-07,PRD008,WH04,68,344
2025-04-14,PRD008,WH04,15,344
2025-04-21,PRD008,WH04,0,344
2025-04-28,PRD008,WH04,0,344
2025-05-05,PRD008,WH04,0,344
2025-05-12,PRD008,WH04,82,344
2025-05-19,PRD008,WH04,0,344
2025-05-26,PRD008,WH04,0,344
2025-06-02,PRD008,WH04,0,344
2025-06-09,PRD008,WH04,2,344
2025-06-16,PRD008,WH04,0,344
2025-06-23,PRD008,WH04,43,344
2025-06-30,PRD008,WH04,116,344
2025-07-07,PRD008,WH04,212,344
2025-07-14,PRD008,WH04,187,344
2025-07-21,PRD008,WH04,259,344
2025-07-28,PRD008,WH04,235,344
2025-08-04,PRD008,WH04,248,344
2025-08-11,PRD008,WH04,268,344
2025-08-18,PRD008,WH04,292,344
2025-08-25,PRD008,WH04,251,344
2025-09-01,PRD008,WH04,168,344
2025-09-08,PRD008,WH04,133,344
2025-09-15,PRD008,WH04,183,344
2025-09-22,PRD008,WH04,103,344
2025-09-29,PRD008,WH04,181,344
2025-10-06,PRD008,WH04,62,344
2025-10-13,PRD008,WH04,70,344
2025-10-20,PRD008,WH04,0,344
2025-10-27,PRD008,WH04,23,344
2025-11-03,PRD008,WH04,0,344
2025-11-10,PRD008,WH04,79,344
2025-11-17,PRD008,WH04,176,344
2025-11-24,PRD008,WH04,66,344
2025-12-01,PRD008,WH04,147,344
2025-12-08,PRD008,WH04,94,344
2025-12-15,PRD008,WH04,152,344
2025-12-22,PRD008,WH04,208,344
2025-12-29,PRD008,WH04,238,344
2024-01-01,PRD009,WH04,780,162
2024-01-08,PRD009,WH04,841,162
2024-01-15,PRD009,WH04,868,162
2024-01-22,PRD009,WH04,824,162
2024-01-29,PRD009,WH04,898,162
2024-02-05,PRD009,WH04,923,162
2024-02-12,PRD009,WH04,1000,162
2024-02-19,PRD009,WH04,893,162
2024-02-26,PRD009,WH04,840,162
2024-03-04,PRD009,WH04,846,162
2024-03-11,PRD009,WH04,815,162
2024-03-18,PRD009,WH04,770,162
2024-03-25,PRD009,WH04,838,162
2024-04-01,PRD009,WH04,883,162
2024-04-08,PRD009,WH04,878,162
2024-04-15,PRD009,WH04,815,162
2024-04-22,PRD009,WH04,914,162
2024-04-29,PRD009,WH04,962,162
2024-05-06,PRD009,WH04,975,162
2024-05-13,PRD009,WH04,986,162
2024-05-20,PRD009,WH04,937,162
2024-05-27,PRD009,WH04,988,162
2024-06-03,PRD009,WH04,962,162
2024-06-10,PRD009,WH04,845,162
2024-06-17,PRD009,WH04,752,162
2024-06-24,PRD009,WH04,766,162
2024-07-01,PRD009,WH04,782,162
2024-07-08,PRD009,WH04,856,162
2024-07-15,PRD009,WH04,788,162
2024-07-22,PRD009,WH04,815,162
2024-07-29,PRD009,WH04,713,162
2024-08-05,PRD009,WH04,736,162
2024-08-12,PRD009,WH04,746,162
2024-08-19,PRD009,WH04,631,162
2024-08-26,PRD009,WH04,612,162
2024-09-02,PRD009,WH04,605,162
2024-09-09,PRD009,WH04,538,162
2024-09-16,PRD009,WH04,515,162
2024-09-23,PRD009,WH04,600,162
2024-09-30,PRD009,WH04,505,162
2024-10-07,PRD009,WH04,418,162
2024-10-14,PRD009,WH04,306,162
2024-10-21,PRD009,WH04,305,162
2024-10-28,PRD009,WH04,367,162
2024-11-04,PRD009,WH04,407,162
2024-11-11,PRD009,WH04,346,162
2024-11-18,PRD009,WH04,372,162
2024-11-25,PRD009,WH04,452,162
2024-12-02,PRD009,WH04,370,162
2024-12-09,PRD009,WH04,255,162
2024-12-16,PRD009,WH04,157,162
2024-12-23,PRD009,WH04,93,162
2024-12-30,PRD009,WH04,81,162
2025-01-06,PRD009,WH04,97,162
2025-01-13,PRD009,WH04,194,162
2025-01-20,PRD009,WH04,83,162
2025-01-27,PRD009,WH04,32,162
2025-02-03,PRD009,WH04,0,162
2025-02-10,PRD009,WH04,0,162
2025-02-17,PRD009,WH04,3,162
2025-02-24,PRD009,WH04,78,162
2025-03-03,PRD009,WH04,68,162
2025-03-10,PRD009,WH04,25,162
2025-03-17,PRD009,WH04,0,162
2025-03-24,PRD009,WH04,0,162
2025-03-31,PRD009,WH04,0,162
2025-04-07,PRD009,WH04,72,162
2025-04-14,PRD009,WH04,0,162
2025-04-21,PRD009,WH04,0,162
2025-04-28,PRD009,WH04,24,162
2025-05-05,PRD009,WH04,45,162
2025-05-12,PRD009,WH04,133,162
2025-05-19,PRD009,WH04,186,162
2025-05-26,PRD009,WH04,209,162
2025-06-02,PRD009,WH04,159,162
2025-06-09,PRD009,WH04,213,162
2025-06-16,PRD009,WH04,168,162
2025-06-23,PRD009,WH04,70,162
2025-06-30,PRD009,WH04,61,162
2025-07-07,PRD009,WH04,74,162
2025-07-14,PRD009,WH04,119,162
2025-07-21,PRD009,WH04,28,162
2025-07-28,PRD009,WH04,0,162
2025-08-04,PRD009,WH04,0,162
2025-08-11,PRD009,WH04,3,162
2025-08-18,PRD009,WH04,77,162
2025-08-25,PRD009,WH04,60,162
2025-09-01,PRD009,WH04,0,162
2025-09-08,PRD009,WH04,0,162
2025-09-15,PRD009,WH04,0,162
2025-09-22,PRD009,WH04,55,162
2025-09-29,PRD009,WH04,36,162
2025-10-06,PRD009,WH04,24,162
2025-10-13,PRD009,WH04,0,162
2025-10-20,PRD009,WH04,0,162
2025-10-27,PRD009,WH04,56,162
2025-11-03,PRD009,WH04,0,162
2025-11-10,PRD009,WH04,0,162
2025-11-17,PRD009,WH04,0,162
2025-11-24,PRD009,WH04,61,162
2025-12-01,PRD009,WH04,50,162
2025-12-08,PRD009,WH04,55,162
2025-12-15,PRD009,WH04,0,162
2025-12-22,PRD009,WH04,0,162
2025-12-29,PRD009,WH04,0,162
2024-01-01,PRD010,WH04,153,489
2024-01-08,PRD010,WH04,122,489
2024-01-15,PRD010,WH04,20,489
2024-01-22,PRD010,WH04,42,489
2024-01-29,PRD010,WH04,0,489
2024-02-05,PRD010,WH04,0,489
2024-02-12,PRD010,WH04,0,489
2024-02-19,PRD010,WH04,0,489
2024-02-26,PRD010,WH04,0,489
2024-03-04,PRD010,WH04,0,489
2024-03-11,PRD010,WH04,0,489
2024-03-18,PRD010,WH04,0,489
2024-03-25,PRD010,WH04,0,489
2024-04-01,PRD010,WH04,0,489
2024-04-08,PRD010,WH04,79,489
2024-04-15,PRD010,WH04,126,489
2024-04-22,PRD010,WH04,155,489
2024-04-29,PRD010,WH04,130,489
2024-05-06,PRD010,WH04,19,489
2024-05-13,PRD010,WH04,65,489
2024-05-20,PRD010,WH04,46,489
2024-05-27,PRD010,WH04,104,489
2024-06-03,PRD010,WH04,28,489
2024-06-10,PRD010,WH04,26,489
2024-06-17,PRD010,WH04,24,489
2024-06-24,PRD010,WH04,0,489
2024-07-01,PRD010,WH04,82,489
2024-07-08,PRD010,WH04,0,489
2024-07-15,PRD010,WH04,0,489
2024-07-22,PRD010,WH04,84,489
2024-07-29,PRD010,WH04,66,489
2024-08-05,PRD010,WH04,142,489
2024-08-12,PRD010,WH04,202,489
2024-08-19,PRD010,WH04,273,489
2024-08-26,PRD010,WH04,198,489
2024-09-02,PRD010,WH04,230,489
2024-09-09,PRD010,WH04,177,489
2024-09-16,PRD010,WH04,103,489
2024-09-23,PRD010,WH04,11,489
2024-09-30,PRD010,WH04,0,489
2024-10-07,PRD010,WH04,0,489
2024-10-14,PRD010,WH04,0,489
2024-10-21,PRD010,WH04,0,489
2024-10-28,PRD010,WH04,82,489
2024-11-04,PRD010,WH04,0,489
2024-11-11,PRD010,WH04,0,489
2024-11-18,PRD010,WH04,0,489
2024-11-25,PRD010,WH04,0,489
2024-12-02,PRD010,WH04,18,489
2024-12-09,PRD010,WH04,68,489
2024-12-16,PRD010,WH04,148,489
2024-12-23,PRD010,WH04,158,489
2024-12-30,PRD010,WH04,86,489
2025-01-06,PRD010,WH04,142,489
2025-01-13,PRD010,WH04,193,489
2025-01-20,PRD010,WH04,206,489
2025-01-27,PRD010,WH04,133,489
2025-02-03,PRD010,WH04,229,489
2025-02-10,PRD010,WH04,179,489
2025-02-17,PRD010,WH04,213,489
2025-02-24,PRD010,WH04,270,489
2025-03-03,PRD010,WH04,363,489
2025-03-10,PRD010,WH04,363,489
2025-03-17,PRD010,WH04,325,489
2025-03-24,PRD010,WH04,298,489
2025-03-31,PRD010,WH04,263,489
2025-04-07,PRD010,WH04,293,489
2025-04-14,PRD010,WH04,376,489
2025-04-21,PRD010,WH04,321,489
2025-04-28,PRD010,WH04,229,489
2025-05-05,PRD010,WH04,122,489
2025-05-12,PRD010,WH04,74,489
2025-05-19,PRD010,WH04,62,489
2025-05-26,PRD010,WH04,31,489
2025-06-02,PRD010,WH04,0,489
2025-06-09,PRD010,WH04,12,489
2025-06-16,PRD010,WH04,105,489
2025-06-23,PRD010,WH04,171,489
2025-06-30,PRD010,WH04,143,489
2025-07-07,PRD010,WH04,99,489
2025-07-14,PRD010,WH04,124,489
2025-07-21,PRD010,WH04,74,489
2025-07-28,PRD010,WH04,158,489
2025-08-04,PRD010,WH04,226,489
2025-08-11,PRD010,WH04,214,489
2025-08-18,PRD010,WH04,205,489
2025-08-25,PRD010,WH04,132,489
2025-09-01,PRD010,WH04,96,489
2025-09-08,PRD010,WH04,195,489
2025-09-15,PRD010,WH04,118,489
2025-09-22,PRD010,WH04,116,489
2025-09-29,PRD010,WH04,161,489
2025-10-06,PRD010,WH04,171,489
2025-10-13,PRD010,WH04,168,489
2025-10-20,PRD010,WH04,203,489
2025-10-27,PRD010,WH04,264,489
2025-11-03,PRD010,WH04,188,489
2025-11-10,PRD010,WH04,153,489
2025-11-17,PRD010,WH04,203,489
2025-11-24,PRD010,WH04,189,489
2025-12-01,PRD010,WH04,229,489
2025-12-08,PRD010,WH04,222,489
2025-12-15,PRD010,WH04,242,489
2025-12-22,PRD010,WH04,162,489
2025-12-29,PRD010,WH04,226,489
2024-01-01,PRD011,WH04,316,162
2024-01-08,PRD011,WH04,328,162
2024-01-15,PRD011,WH04,215,162
2024-01-22,PRD011,WH04,288,162
2024-01-29,PRD011,WH04,211,162
2024-02-05,PRD011,WH04,261,162
2024-02-12,PRD011,WH04,245,162
2024-02-19,PRD011,WH04,205,162
2024-02-26,PRD011,WH04,216,162
2024-03-04,PRD011,WH04,114,162
2024-03-11,PRD011,WH04,155,162
2024-03-18,PRD011,WH04,224,162
2024-03-25,PRD011,WH04,184,162
2024-04-01,PRD011,WH04,152,162
2024-04-08,PRD011,WH04,164,162
2024-04-15,PRD011,WH04,159,162
2024-04-22,PRD011,WH04,119,162
2024-04-29,PRD011,WH04,137,162
2024-05-06,PRD011,WH04,74,162
2024-05-13,PRD011,WH04,97,162
2024-05-20,PRD011,WH04,56,162
2024-05-27,PRD011,WH04,133,162
2024-06-03,PRD011,WH04,94,162
2024-06-10,PRD011,WH04,91,162
2024-06-17,PRD011,WH04,0,162
2024-06-24,PRD011,WH04,0,162
2024-07-01,PRD011,WH04,0,162
2024-07-08,PRD011,WH04,0,162
2024-07-15,PRD011,WH04,14,162
2024-07-22,PRD011,WH04,96,162
2024-07-29,PRD011,WH04,22,162
2024-08-05,PRD011,WH04,44,162
2024-08-12,PRD011,WH04,24,162
2024-08-19,PRD011,WH04,0,162
2024-08-26,PRD011,WH04,0,162
2024-09-02,PRD011,WH04,0,162
2024-09-09,PRD011,WH04,43,162
2024-09-16,PRD011,WH04,67,162
2024-09-23,PRD011,WH04,0,162
2024-09-30,PRD011,WH04,0,162
2024-10-07,PRD011,WH04,34,162
2024-10-14,PRD011,WH04,0,162
2024-10-21,PRD011,WH04,30,162
2024-10-28,PRD011,WH04,0,162
2024-11-04,PRD011,WH04,7,162
2024-11-11,PRD011,WH04,11,162
2024-11-18,PRD011,WH04,19,162
2024-11-25,PRD011,WH04,76,162
2024-12-02,PRD011,WH04,18,162
2024-12-09,PRD011,WH04,19,162
2024-12-16,PRD011,WH04,0,162
2024-12-23,PRD011,WH04,0,162
2024-12-30,PRD011,WH04,6,162
2025-01-06,PRD011,WH04,0,162
2025-01-13,PRD011,WH04,44,162
2025-01-20,PRD011,WH04,32,162
2025-01-27,PRD011,WH04,38,162
2025-02-03,PRD011,WH04,60,162
2025-02-10,PRD011,WH04,49,162
2025-02-17,PRD011,WH04,0,162
2025-02-24,PRD011,WH04,89,162
2025-03-03,PRD011,WH04,24,162
2025-03-10,PRD011,WH04,99,162
2025-03-17,PRD011,WH04,7,162
2025-03-24,PRD011,WH04,101,162
2025-03-31,PRD011,WH04,23,162
2025-04-07,PRD011,WH04,0,162
2025-04-14,PRD011,WH04,27,162
2025-04-21,PRD011,WH04,120,162
2025-04-28,PRD011,WH04,11,162
2025-05-05,PRD011,WH04,14,162
2025-05-12,PRD011,WH04,2,162
2025-05-19,PRD011,WH04,99,162
2025-05-26,PRD011,WH04,0,162
2025-06-02,PRD011,WH04,68,162
2025-06-09,PRD011,WH04,159,162
2025-06-16,PRD011,WH04,138,162
2025-06-23,PRD011,WH04,93,162
2025-06-30,PRD011,WH04,161,162
2025-07-07,PRD011,WH04,49,162
2025-07-14,PRD011,WH04,25,162
2025-07-21,PRD011,WH04,29,162
2025-07-28,PRD011,WH04,124,162
2025-08-04,PRD011,WH04,204,162
2025-08-11,PRD011,WH04,235,162
2025-08-18,PRD011,WH04,311,162
2025-08-25,PRD011,WH04,326,162
2025-09-01,PRD011,WH04,284,162
2025-09-08,PRD011,WH04,336,162
2025-09-15,PRD011,WH04,396,162
2025-09-22,PRD011,WH04,295,162
2025-09-29,PRD011,WH04,232,162
2025-10-06,PRD011,WH04,190,162
2025-10-13,PRD011,WH04,283,162
2025-10-20,PRD011,WH04,232,162
2025-10-27,PRD011,WH04,213,162
2025-11-03,PRD011,WH04,203,162
2025-11-10,PRD011,WH04,243,162
2025-11-17,PRD011,WH04,311,162
2025-11-24,PRD011,WH04,329,162
2025-12-01,PRD011,WH04,428,162
2025-12-08,PRD011,WH04,438,162
2025-12-15,PRD011,WH04,427,162
2025-12-22,PRD011,WH04,355,162
2025-12-29,PRD011,WH04,419,162
2024-01-01,PRD012,WH04,202,269
2024-01-08,PRD012,WH04,201,269
2024-01-15,PRD012,WH04,91,269
2024-01-22,PRD012,WH04,71,269
2024-01-29,PRD012,WH04,59,269
2024-02-05,PRD012,WH04,121,269
2024-02-12,PRD012,WH04,107,269
2024-02-19,PRD012,WH04,36,269
2024-02-26,PRD012,WH04,58,269
2024-03-04,PRD012,WH04,69,269
2024-03-11,PRD012,WH04,0,269
2024-03-18,PRD012,WH04,59,269
2024-03-25,PRD012,WH04,0,269
2024-04-01,PRD012,WH04,0,269
2024-04-08,PRD012,WH04,81,269
2024-04-15,PRD012,WH04,54,269
2024-04-22,PRD012,WH04,0,269
2024-04-29,PRD012,WH04,89,269
2024-05-06,PRD012,WH04,113,269
2024-05-13,PRD012,WH04,125,269
2024-05-20,PRD012,WH04,76,269
2024-05-27,PRD012,WH04,81,269
2024-06-03,PRD012,WH04,29,269
2024-06-10,PRD012,WH04,0,269
2024-06-17,PRD012,WH04,0,269
2024-06-24,PRD012,WH04,98,269
2024-07-01,PRD012,WH04,9,269
2024-07-08,PRD012,WH04,23,269
2024-07-15,PRD012,WH04,0,269
2024-07-22,PRD012,WH04,0,269
2024-07-29,PRD012,WH04,57,269
2024-08-05,PRD012,WH04,24,269
2024-08-12,PRD012,WH04,0,269
2024-08-19,PRD012,WH04,50,269
2024-08-26,PRD012,WH04,74,269
2024-09-02,PRD012,WH04,152,269
2024-09-09,PRD012,WH04,240,269
2024-09-16,PRD012,WH04,139,269
2024-09-23,PRD012,WH04,237,269
2024-09-30,PRD012,WH04,161,269
2024-10-07,PRD012,WH04,242,269
2024-10-14,PRD012,WH04,319,269
2024-10-21,PRD012,WH04,374,269
2024-10-28,PRD012,WH04,413,269
2024-11-04,PRD012,WH04,416,269
2024-11-11,PRD012,WH04,431,269
2024-11-18,PRD012,WH04,354,269
2024-11-25,PRD012,WH04,295,269
2024-12-02,PRD012,WH04,282,269
2024-12-09,PRD012,WH04,244,269
2024-12-16,PRD012,WH04,206,269
2024-12-23,PRD012,WH04,107,269
2024-12-30,PRD012,WH04,149,269
2025-01-06,PRD012,WH04,184,269
2025-01-13,PRD012,WH04,224,269
2025-01-20,PRD012,WH04,109,269
2025-01-27,PRD012,WH04,128,269
2025-02-03,PRD012,WH04,104,269
2025-02-10,PRD012,WH04,33,269
2025-02-17,PRD012,WH04,33,269
2025-02-24,PRD012,WH04,0,269
2025-03-03,PRD012,WH04,0,269
2025-03-10,PRD012,WH04,0,269
2025-03-17,PRD012,WH04,44,269
2025-03-24,PRD012,WH04,39,269
2025-03-31,PRD012,WH04,40,269
2025-04-07,PRD012,WH04,114,269
2025-04-14,PRD012,WH04,93,269
2025-04-21,PRD012,WH04,33,269
2025-04-28,PRD012,WH04,4,269
2025-05-05,PRD012,WH04,0,269
2025-05-12,PRD012,WH04,0,269
2025-05-19,PRD012,WH04,61,269
2025-05-26,PRD012,WH04,7,269
2025-06-02,PRD012,WH04,100,269
2025-06-09,PRD012,WH04,37,269
2025-06-16,PRD012,WH04,0,269
2025-06-23,PRD012,WH04,86,269
2025-06-30,PRD012,WH04,64,269
2025-07-07,PRD012,WH04,27,269
2025-07-14,PRD012,WH04,77,269
2025-07-21,PRD012,WH04,152,269
2025-07-28,PRD012,WH04,124,269
2025-08-04,PRD012,WH04,215,269
2025-08-11,PRD012,WH04,123,269
2025-08-18,PRD012,WH04,144,269
2025-08-25,PRD012,WH04,152,269
2025-09-01,PRD012,WH04,49,269
2025-09-08,PRD012,WH04,137,269
2025-09-15,PRD012,WH04,31,269
2025-09-22,PRD012,WH04,26,269
2025-09-29,PRD012,WH04,0,269
2025-10-06,PRD012,WH04,0,269
2025-10-13,PRD012,WH04,0,269
2025-10-20,PRD012,WH04,0,269
2025-10-27,PRD012,WH04,41,269
2025-11-03,PRD012,WH04,59,269
2025-11-10,PRD012,WH04,128,269
2025-11-17,PRD012,WH04,54,269
2025-11-24,PRD012,WH04,0,269
2025-12-01,PRD012,WH04,0,269
2025-12-08,PRD012,WH04,39,269
2025-12-15,PRD012,WH04,0,269
2025-12-22,PRD012,WH04,0,269
2025-12-29,PRD012,WH04,48,269
2024-01-01,PRD013,WH04,459,273
2024-01-08,PRD013,WH04,414,273
2024-01-15,PRD013,WH04,422,273
2024-01-22,PRD013,WH04,317,273
2024-01-29,PRD013,WH04,340,273
2024-02-05,PRD013,WH04,350,273
2024-02-12,PRD013,WH04,330,273
2024-02-19,PRD013,WH04,303,273
2024-02-26,PRD013,WH04,185,273
2024-03-04,PRD013,WH04,244,273
2024-03-11,PRD013,WH04,154,273
2024-03-18,PRD013,WH04,68,273
2024-03-25,PRD013,WH04,65,273
2024-04-01,PRD013,WH04,122,273
2024-04-08,PRD013,WH04,205,273
2024-04-15,PRD013,WH04,197,273
2024-04-22,PRD013,WH04,293,273
2024-04-29,PRD013,WH04,195,273
2024-05-06,PRD013,WH04,155,273
2024-05-13,PRD013,WH04,99,273
2024-05-20,PRD013,WH04,187,273
2024-05-27,PRD013,WH04,184,273
2024-06-03,PRD013,WH04,172,273
2024-06-10,PRD013,WH04,110,273
2024-06-17,PRD013,WH04,152,273
2024-06-24,PRD013,WH04,94,273
2024-07-01,PRD013,WH04,119,273
2024-07-08,PRD013,WH04,8,273
2024-07-15,PRD013,WH04,0,273
2024-07-22,PRD013,WH04,2,273
2024-07-29,PRD013,WH04,4,273
2024-08-05,PRD013,WH04,0,273
2024-08-12,PRD013,WH04,0,273
2024-08-19,PRD013,WH04,0,273
2024-08-26,PRD013,WH04,0,273
2024-09-02,PRD013,WH04,37,273
2024-09-09,PRD013,WH04,134,273
2024-09-16,PRD013,WH04,212,273
2024-09-23,PRD013,WH04,112,273
2024-09-30,PRD013,WH04,102,273
2024-10-07,PRD013,WH04,95,273
2024-10-14,PRD013,WH04,147,273
2024-10-21,PRD013,WH04,123,273
2024-10-28,PRD013,WH04,120,273
2024-11-04,PRD013,WH04,177,273
2024-11-11,PRD013,WH04,187,273
2024-11-18,PRD013,WH04,142,273
2024-11-25,PRD013,WH04,54,273
2024-12-02,PRD013,WH04,149,273
2024-12-09,PRD013,WH04,99,273
2024-12-16,PRD013,WH04,36,273
2024-12-23,PRD013,WH04,0,273
2024-12-30,PRD013,WH04,0,273
2025-01-06,PRD013,WH04,0,273
2025-01-13,PRD013,WH04,61,273
2025-01-20,PRD013,WH04,0,273
2025-01-27,PRD013,WH04,0,273
2025-02-03,PRD013,WH04,0,273
2025-02-10,PRD013,WH04,0,273
2025-02-17,PRD013,WH04,0,273
2025-02-24,PRD013,WH04,0,273
2025-03-03,PRD013,WH04,93,273
2025-03-10,PRD013,WH04,5,273
2025-03-17,PRD013,WH04,87,273
2025-03-24,PRD013,WH04,0,273
2025-03-31,PRD013,WH04,0,273
2025-04-07,PRD013,WH04,0,273
2025-04-14,PRD013,WH04,22,273
2025-04-21,PRD013,WH04,0,273
2025-04-28,PRD013,WH04,0,273
2025-05-05,PRD013,WH04,0,273
2025-05-12,PRD013,WH04,0,273
2025-05-19,PRD013,WH04,0,273
2025-05-26,PRD013,WH04,0,273
2025-06-02,PRD013,WH04,85,273
2025-06-09,PRD013,WH04,175,273
2025-06-16,PRD013,WH04,270,273
2025-06-23,PRD013,WH04,206,273
2025-06-30,PRD013,WH04,258,273
2025-07-07,PRD013,WH04,336,273
2025-07-14,PRD013,WH04,233,273
2025-07-21,PRD013,WH04,219,273
2025-07-28,PRD013,WH04,271,273
2025-08-04,PRD013,WH04,199,273
2025-08-11,PRD013,WH04,93,273
2025-08-18,PRD013,WH04,147,273
2025-08-25,PRD013,WH04,148,273
2025-09-01,PRD013,WH04,160,273
2025-09-08,PRD013,WH04,144,273
2025-09-15,PRD013,WH04,123,273
2025-09-22,PRD013,WH04,192,273
2025-09-29,PRD013,WH04,283,273
2025-10-06,PRD013,WH04,297,273
2025-10-13,PRD013,WH04,250,273
2025-10-20,PRD013,WH04,322,273
2025-10-27,PRD013,WH04,299,273
2025-11-03,PRD013,WH04,265,273
2025-11-10,PRD013,WH04,238,273
2025-11-17,PRD013,WH04,285,273
2025-11-24,PRD013,WH04,247,273
2025-12-01,PRD013,WH04,183,273
2025-12-08,PRD013,WH04,223,273
2025-12-15,PRD013,WH04,182,273
2025-12-22,PRD013,WH04,223,273
2025-12-29,PRD013,WH04,260,273
2024-01-01,PRD014,WH04,166,175
2024-01-08,PRD014,WH04,61,175
2024-01-15,PRD014,WH04,23,175
2024-01-22,PRD014,WH04,0,175
2024-01-29,PRD014,WH04,0,175
2024-02-05,PRD014,WH04,0,175
2024-02-12,PRD014,WH04,88,175
2024-02-19,PRD014,WH04,0,175
2024-02-26,PRD014,WH04,0,175
2024-03-04,PRD014,WH04,19,175
2024-03-11,PRD014,WH04,64,175
2024-03-18,PRD014,WH04,117,175
2024-03-25,PRD014,WH04,90,175
2024-04-01,PRD014,WH04,159,175
2024-04-08,PRD014,WH04,108,175
2024-04-15,PRD014,WH04,64,175
2024-04-22,PRD014,WH04,0,175
2024-04-29,PRD014,WH04,0,175
2024-05-06,PRD014,WH04,12,175
2024-05-13,PRD014,WH04,0,175
2024-05-20,PRD014,WH04,0,175
2024-05-27,PRD014,WH04,80,175
2024-06-03,PRD014,WH04,0,175
2024-06-10,PRD014,WH04,0,175
2024-06-17,PRD014,WH04,19,175
2024-06-24,PRD014,WH04,10,175
2024-07-01,PRD014,WH04,0,175
2024-07-08,PRD014,WH04,54,175
2024-07-15,PRD014,WH04,103,175
2024-07-22,PRD014,WH04,183,175
2024-07-29,PRD014,WH04,151,175
2024-08-05,PRD014,WH04,60,175
2024-08-12,PRD014,WH04,0,175
2024-08-19,PRD014,WH04,0,175
2024-08-26,PRD014,WH04,0,175
2024-09-02,PRD014,WH04,0,175
2024-09-09,PRD014,WH04,30,175
2024-09-16,PRD014,WH04,107,175
2024-09-23,PRD014,WH04,81,175
2024-09-30,PRD014,WH04,66,175
2024-10-07,PRD014,WH04,23,175
2024-10-14,PRD014,WH04,57,175
2024-10-21,PRD014,WH04,0,175
2024-10-28,PRD014,WH04,2,175
2024-11-04,PRD014,WH04,0,175
2024-11-11,PRD014,WH04,85,175
2024-11-18,PRD014,WH04,47,175
2024-11-25,PRD014,WH04,64,175
2024-12-02,PRD014,WH04,63,175
2024-12-09,PRD014,WH04,115,175
2024-12-16,PRD014,WH04,178,175
2024-12-23,PRD014,WH04,88,175
2024-12-30,PRD014,WH04,186,175
2025-01-06,PRD014,WH04,233,175
2025-01-13,PRD014,WH04,115,175
2025-01-20,PRD014,WH04,169,175
2025-01-27,PRD014,WH04,140,175
2025-02-03,PRD014,WH04,131,175
2025-02-10,PRD014,WH04,162,175
2025-02-17,PRD014,WH04,180,175
2025-02-24,PRD014,WH04,262,175
2025-03-03,PRD014,WH04,172,175
2025-03-10,PRD014,WH04,98,175
2025-03-17,PRD014,WH04,55,175
2025-03-24,PRD014,WH04,105,175
2025-03-31,PRD014,WH04,0,175
2025-04-07,PRD014,WH04,0,175
2025-04-14,PRD014,WH04,0,175
2025-04-21,PRD014,WH04,0,175
2025-04-28,PRD014,WH04,8,175
2025-05-05,PRD014,WH04,0,175
2025-05-12,PRD014,WH04,0,175
2025-05-19,PRD014,WH04,43,175
2025-05-26,PRD014,WH04,123,175
2025-06-02,PRD014,WH04,82,175
2025-06-09,PRD014,WH04,130,175
2025-06-16,PRD014,WH04,115,175
2025-06-23,PRD014,WH04,187,175
2025-06-30,PRD014,WH04,191,175
2025-07-07,PRD014,WH04,103,175
2025-07-14,PRD014,WH04,48,175
2025-07-21,PRD014,WH04,54,175
2025-07-28,PRD014,WH04,39,175
2025-08-04,PRD014,WH04,34,175
2025-08-11,PRD014,WH04,0,175
2025-08-18,PRD014,WH04,0,175
2025-08-25,PRD014,WH04,99,175
2025-09-01,PRD014,WH04,109,175
2025-09-08,PRD014,WH04,160,175
2025-09-15,PRD014,WH04,178,175
2025-09-22,PRD014,WH04,58,175
2025-09-29,PRD014,WH04,113,175
2025-10-06,PRD014,WH04,190,175
2025-10-13,PRD014,WH04,239,175
2025-10-20,PRD014,WH04,323,175
2025-10-27,PRD014,WH04,375,175
2025-11-03,PRD014,WH04,345,175
2025-11-10,PRD014,WH04,439,175
2025-11-17,PRD014,WH04,352,175
2025-11-24,PRD014,WH04,338,175
2025-12-01,PRD014,WH04,249,175
2025-12-08,PRD014,WH04,189,175
2025-12-15,PRD014,WH04,74,175
2025-12-22,PRD014,WH04,57,175
2025-12-29,PRD014,WH04,142,175
2024-01-01,PRD015,WH04,291,221
2024-01-08,PRD015,WH04,360,221
2024-01-15,PRD015,WH04,274,221
2024-01-22,PRD015,WH04,164,221
2024-01-29,PRD015,WH04,185,221
2024-02-05,PRD015,WH04,173,221
2024-02-12,PRD015,WH04,97,221
2024-02-19,PRD015,WH04,2,221
2024-02-26,PRD015,WH04,99,221
2024-03-04,PRD015,WH04,18,221
2024-03-11,PRD015,WH04,59,221
2024-03-18,PRD015,WH04,17,221
2024-03-25,PRD015,WH04,0,221
2024-04-01,PRD015,WH04,0,221
2024-04-08,PRD015,WH04,0,221
2024-04-15,PRD015,WH04,29,221
2024-04-22,PRD015,WH04,77,221
2024-04-29,PRD015,WH04,15,221
2024-05-06,PRD015,WH04,0,221
2024-05-13,PRD015,WH04,39,221
2024-05-20,PRD015,WH04,0,221
2024-05-27,PRD015,WH04,0,221
2024-06-03,PRD015,WH04,0,221
2024-06-10,PRD015,WH04,11,221
2024-06-17,PRD015,WH04,0,221
2024-06-24,PRD015,WH04,83,221
2024-07-01,PRD015,WH04,63,221
2024-07-08,PRD015,WH04,0,221
2024-07-15,PRD015,WH04,0,221
2024-07-22,PRD015,WH04,0,221
2024-07-29,PRD015,WH04,0,221
2024-08-05,PRD015,WH04,0,221
2024-08-12,PRD015,WH04,21,221
2024-08-19,PRD015,WH04,101,221
2024-08-26,PRD015,WH04,13,221
2024-09-02,PRD015,WH04,36,221
2024-09-09,PRD015,WH04,0,221
2024-09-16,PRD015,WH04,23,221
2024-09-23,PRD015,WH04,0,221
2024-09-30,PRD015,WH04,0,221
2024-10-07,PRD015,WH04,0,221
2024-10-14,PRD015,WH04,19,221
2024-10-21,PRD015,WH04,0,221
2024-10-28,PRD015,WH04,0,221
2024-11-04,PRD015,WH04,0,221
2024-11-11,PRD015,WH04,92,221
2024-11-18,PRD015,WH04,105,221
2024-11-25,PRD015,WH04,136,221
2024-12-02,PRD015,WH04,28,221
2024-12-09,PRD015,WH04,87,221
2024-12-16,PRD015,WH04,91,221
2024-12-23,PRD015,WH04,190,221
2024-12-30,PRD015,WH04,150,221
2025-01-06,PRD015,WH04,231,221
2025-01-13,PRD015,WH04,315,221
2025-01-20,PRD015,WH04,265,221
2025-01-27,PRD015,WH04,245,221
2025-02-03,PRD015,WH04,193,221
2025-02-10,PRD015,WH04,170,221
2025-02-17,PRD015,WH04,191,221
2025-02-24,PRD015,WH04,197,221
2025-03-03,PRD015,WH04,289,221
2025-03-10,PRD015,WH04,250,221
2025-03-17,PRD015,WH04,335,221
2025-03-24,PRD015,WH04,305,221
2025-03-31,PRD015,WH04,351,221
2025-04-07,PRD015,WH04,406,221
2025-04-14,PRD015,WH04,311,221
2025-04-21,PRD015,WH04,218,221
2025-04-28,PRD015,WH04,162,221
2025-05-05,PRD015,WH04,54,221
2025-05-12,PRD015,WH04,32,221
2025-05-19,PRD015,WH04,31,221
2025-05-26,PRD015,WH04,0,221
2025-06-02,PRD015,WH04,52,221
2025-06-09,PRD015,WH04,0,221
2025-06-16,PRD015,WH04,0,221
2025-06-23,PRD015,WH04,0,221
2025-06-30,PRD015,WH04,8,221
2025-07-07,PRD015,WH04,0,221
2025-07-14,PRD015,WH04,0,221
2025-07-21,PRD015,WH04,45,221
2025-07-28,PRD015,WH04,0,221
2025-08-04,PRD015,WH04,0,221
2025-08-11,PRD015,WH04,70,221
2025-08-18,PRD015,WH04,1,221
2025-08-25,PRD015,WH04,0,221
2025-09-01,PRD015,WH04,0,221
2025-09-08,PRD015,WH04,56,221
2025-09-15,PRD015,WH04,67,221
2025-09-22,PRD015,WH04,0,221
2025-09-29,PRD015,WH04,39,221
2025-10-06,PRD015,WH04,0,221
2025-10-13,PRD015,WH04,38,221
2025-10-20,PRD015,WH04,55,221
2025-10-27,PRD015,WH04,97,221
2025-11-03,PRD015,WH04,144,221
2025-11-10,PRD015,WH04,228,221
2025-11-17,PRD015,WH04,295,221
2025-11-24,PRD015,WH04,380,221
2025-12-01,PRD015,WH04,455,221
2025-12-08,PRD015,WH04,454,221
2025-12-15,PRD015,WH04,433,221
2025-12-22,PRD015,WH04,443,221
2025-12-29,PRD015,WH04,437,221
2024-01-01,PRD016,WH04,811,465
2024-01-08,PRD016,WH04,693,465
2024-01-15,PRD016,WH04,636,465
2024-01-22,PRD016,WH04,691,465
2024-01-29,PRD016,WH04,693,465
2024-02-05,PRD016,WH04,753,465
2024-02-12,PRD016,WH04,768,465
2024-02-19,PRD016,WH04,822,465
2024-02-26,PRD016,WH04,762,465
2024-03-04,PRD016,WH04,757,465
2024-03-11,PRD016,WH04,663,465
2024-03-18,PRD016,WH04,615,465
2024-03-25,PRD016,WH04,692,465
2024-04-01,PRD016,WH04,591,465
2024-04-08,PRD016,WH04,570,465
2024-04-15,PRD016,WH04,587,465
2024-04-22,PRD016,WH04,494,465
2024-04-29,PRD016,WH04,569,465
2024-05-06,PRD016,WH04,628,465
2024-05-13,PRD016,WH04,637,465
2024-05-20,PRD016,WH04,682,465
2024-05-27,PRD016,WH04,690,465
2024-06-03,PRD016,WH04,740,465
2024-06-10,PRD016,WH04,805,465
2024-06-17,PRD016,WH04,876,465
2024-06-24,PRD016,WH04,886,465
2024-07-01,PRD016,WH04,834,465
2024-07-08,PRD016,WH04,831,465
2024-07-15,PRD016,WH04,718,465
2024-07-22,PRD016,WH04,741,465
2024-07-29,PRD016,WH04,696,465
2024-08-05,PRD016,WH04,787,465
2024-08-12,PRD016,WH04,808,465
2024-08-19,PRD016,WH04,907,465
2024-08-26,PRD016,WH04,912,465
2024-09-02,PRD016,WH04,824,465
2024-09-09,PRD016,WH04,746,465
2024-09-16,PRD016,WH04,667,465
2024-09-23,PRD016,WH04,592,465
2024-09-30,PRD016,WH04,646,465
2024-10-07,PRD016,WH04,636,465
2024-10-14,PRD016,WH04,603,465
2024-10-21,PRD016,WH04,484,465
2024-10-28,PRD016,WH04,465,465
2024-11-04,PRD016,WH04,414,465
2024-11-11,PRD016,WH04,326,465
2024-11-18,PRD016,WH04,402,465
2024-11-25,PRD016,WH04,340,465
2024-12-02,PRD016,WH04,391,465
2024-12-09,PRD016,WH04,358,465
2024-12-16,PRD016,WH04,393,465
2024-12-23,PRD016,WH04,448,465
2024-12-30,PRD016,WH04,519,465
2025-01-06,PRD016,WH04,511,465
2025-01-13,PRD016,WH04,576,465
2025-01-20,PRD016,WH04,601,465
2025-01-27,PRD016,WH04,569,465
2025-02-03,PRD016,WH04,613,465
2025-02-10,PRD016,WH04,521,465
2025-02-17,PRD016,WH04,580,465
2025-02-24,PRD016,WH04,520,465
2025-03-03,PRD016,WH04,515,465
2025-03-10,PRD016,WH04,471,465
2025-03-17,PRD016,WH04,531,465
2025-03-24,PRD016,WH04,523,465
2025-03-31,PRD016,WH04,610,465
2025-04-07,PRD016,WH04,566,465
2025-04-14,PRD016,WH04,593,465
2025-04-21,PRD016,WH04,539,465
2025-04-28,PRD016,WH04,520,465
2025-05-05,PRD016,WH04,570,465
2025-05-12,PRD016,WH04,635,465
2025-05-19,PRD016,WH04,617,465
2025-05-26,PRD016,WH04,638,465
2025-06-02,PRD016,WH04,529,465
2025-06-09,PRD016,WH04,441,465
2025-06-16,PRD016,WH04,401,465
2025-06-23,PRD016,WH04,490,465
2025-06-30,PRD016,WH04,476,465
2025-07-07,PRD016,WH04,367,465
2025-07-14,PRD016,WH04,291,465
2025-07-21,PRD016,WH04,196,465
2025-07-28,PRD016,WH04,231,465
2025-08-04,PRD016,WH04,315,465
2025-08-11,PRD016,WH04,295,465
2025-08-18,PRD016,WH04,314,465
2025-08-25,PRD016,WH04,250,465
2025-09-01,PRD016,WH04,255,465
2025-09-08,PRD016,WH04,266,465
2025-09-15,PRD016,WH04,357,465
2025-09-22,PRD016,WH04,421,465
2025-09-29,PRD016,WH04,310,465
2025-10-06,PRD016,WH04,238,465
2025-10-13,PRD016,WH04,162,465
2025-10-20,PRD016,WH04,88,465
2025-10-27,PRD016,WH04,169,465
2025-11-03,PRD016,WH04,151,465
2025-11-10,PRD016,WH04,186,465
2025-11-17,PRD016,WH04,77,465
2025-11-24,PRD016,WH04,106,465
2025-12-01,PRD016,WH04,177,465
2025-12-08,PRD016,WH04,141,465
2025-12-15,PRD016,WH04,193,465
2025-12-22,PRD016,WH04,87,465
2025-12-29,PRD016,WH04,174,465
2024-01-01,PRD017,WH04,403,233
2024-01-08,PRD017,WH04,460,233
2024-01-15,PRD017,WH04,546,233
2024-01-22,PRD017,WH04,504,233
2024-01-29,PRD017,WH04,598,233
2024-02-05,PRD017,WH04,597,233
2024-02-12,PRD017,WH04,558,233
2024-02-19,PRD017,WH04,480,233
2024-02-26,PRD017,WH04,520,233
2024-03-04,PRD017,WH04,492,233
2024-03-11,PRD017,WH04,536,233
2024-03-18,PRD017,WH04,560,233
2024-03-25,PRD017,WH04,593,233
2024-04-01,PRD017,WH04,643,233
2024-04-08,PRD017,WH04,580,233
2024-04-15,PRD017,WH04,468,233
2024-04-22,PRD017,WH04,368,233
2024-04-29,PRD017,WH04,351,233
2024-05-06,PRD017,WH04,295,233
2024-05-13,PRD017,WH04,365,233
2024-05-20,PRD017,WH04,317,233
2024-05-27,PRD017,WH04,351,233
2024-06-03,PRD017,WH04,436,233
2024-06-10,PRD017,WH04,351,233
2024-06-17,PRD017,WH04,417,233
2024-06-24,PRD017,WH04,391,233
2024-07-01,PRD017,WH04,444,233
2024-07-08,PRD017,WH04,353,233
2024-07-15,PRD017,WH04,442,233
2024-07-22,PRD017,WH04,338,233
2024-07-29,PRD017,WH04,322,233
2024-08-05,PRD017,WH04,410,233
2024-08-12,PRD017,WH04,341,233
2024-08-19,PRD017,WH04,334,233
2024-08-26,PRD017,WH04,388,233
2024-09-02,PRD017,WH04,359,233
2024-09-09,PRD017,WH04,326,233
2024-09-16,PRD017,WH04,242,233
2024-09-23,PRD017,WH04,220,233
2024-09-30,PRD017,WH04,191,233
2024-10-07,PRD017,WH04,212,233
2024-10-14,PRD017,WH04,127,233
2024-10-21,PRD017,WH04,169,233
2024-10-28,PRD017,WH04,106,233
2024-11-04,PRD017,WH04,163,233
2024-11-11,PRD017,WH04,176,233
2024-11-18,PRD017,WH04,245,233
2024-11-25,PRD017,WH04,186,233
2024-12-02,PRD017,WH04,103,233
2024-12-09,PRD017,WH04,97,233
2024-12-16,PRD017,WH04,189,233
2024-12-23,PRD017,WH04,288,233
2024-12-30,PRD017,WH04,176,233
2025-01-06,PRD017,WH04,68,233
2025-01-13,PRD017,WH04,27,233
2025-01-20,PRD017,WH04,17,233
2025-01-27,PRD017,WH04,9,233
2025-02-03,PRD017,WH04,0,233
2025-02-10,PRD017,WH04,0,233
2025-02-17,PRD017,WH04,0,233
2025-02-24,PRD017,WH04,0,233
2025-03-03,PRD017,WH04,0,233
2025-03-10,PRD017,WH04,0,233
2025-03-17,PRD017,WH04,0,233
2025-03-24,PRD017,WH04,0,233
2025-03-31,PRD017,WH04,0,233
2025-04-07,PRD017,WH04,0,233
2025-04-14,PRD017,WH04,53,233
2025-04-21,PRD017,WH04,104,233
2025-04-28,PRD017,WH04,186,233
2025-05-05,PRD017,WH04,242,233
2025-05-12,PRD017,WH04,286,233
2025-05-19,PRD017,WH04,206,233
2025-05-26,PRD017,WH04,235,233
2025-06-02,PRD017,WH04,156,233
2025-06-09,PRD017,WH04,93,233
2025-06-16,PRD017,WH04,24,233
2025-06-23,PRD017,WH04,0,233
2025-06-30,PRD017,WH04,0,233
2025-07-07,PRD017,WH04,20,233
2025-07-14,PRD017,WH04,89,233
2025-07-21,PRD017,WH04,4,233
2025-07-28,PRD017,WH04,63,233
2025-08-04,PRD017,WH04,0,233
2025-08-11,PRD017,WH04,44,233
2025-08-18,PRD017,WH04,70,233
2025-08-25,PRD017,WH04,71,233
2025-09-01,PRD017,WH04,136,233
2025-09-08,PRD017,WH04,134,233
2025-09-15,PRD017,WH04,37,233
2025-09-22,PRD017,WH04,0,233
2025-09-29,PRD017,WH04,0,233
2025-10-06,PRD017,WH04,2,233
2025-10-13,PRD017,WH04,13,233
2025-10-20,PRD017,WH04,0,233
2025-10-27,PRD017,WH04,0,233
2025-11-03,PRD017,WH04,0,233
2025-11-10,PRD017,WH04,28,233
2025-11-17,PRD017,WH04,1,233
2025-11-24,PRD017,WH04,0,233
2025-12-01,PRD017,WH04,0,233
2025-12-08,PRD017,WH04,12,233
2025-12-15,PRD017,WH04,35,233
2025-12-22,PRD017,WH04,5,233
2025-12-29,PRD017,WH04,24,233
2024-01-01,PRD018,WH04,292,304
2024-01-08,PRD018,WH04,365,304
2024-01-15,PRD018,WH04,444,304
2024-01-22,PRD018,WH04,494,304
2024-01-29,PRD018,WH04,482,304
2024-02-05,PRD018,WH04,514,304
2024-02-12,PRD018,WH04,491,304
2024-02-19,PRD018,WH04,544,304
2024-02-26,PRD018,WH04,552,304
2024-03-04,PRD018,WH04,509,304
2024-03-11,PRD018,WH04,548,304
2024-03-18,PRD018,WH04,616,304
2024-03-25,PRD018,WH04,652,304
2024-04-01,PRD018,WH04,579,304
2024-04-08,PRD018,WH04,578,304
2024-04-15,PRD018,WH04,540,304
2024-04-22,PRD018,WH04,513,304
2024-04-29,PRD018,WH04,415,304
2024-05-06,PRD018,WH04,363,304
2024-05-13,PRD018,WH04,457,304
2024-05-20,PRD018,WH04,456,304
2024-05-27,PRD018,WH04,434,304
2024-06-03,PRD018,WH04,494,304
2024-06-10,PRD018,WH04,444,304
2024-06-17,PRD018,WH04,529,304
2024-06-24,PRD018,WH04,627,304
2024-07-01,PRD018,WH04,634,304
2024-07-08,PRD018,WH04,600,304
2024-07-15,PRD018,WH04,587,304
2024-07-22,PRD018,WH04,620,304
2024-07-29,PRD018,WH04,570,304
2024-08-05,PRD018,WH04,470,304
2024-08-12,PRD018,WH04,565,304
2024-08-19,PRD018,WH04,653,304
2024-08-26,PRD018,WH04,659,304
2024-09-02,PRD018,WH04,598,304
2024-09-09,PRD018,WH04,532,304
2024-09-16,PRD018,WH04,536,304
2024-09-23,PRD018,WH04,522,304
2024-09-30,PRD018,WH04,602,304
2024-10-07,PRD018,WH04,688,304
2024-10-14,PRD018,WH04,678,304
2024-10-21,PRD018,WH04,625,304
2024-10-28,PRD018,WH04,592,304
2024-11-04,PRD018,WH04,566,304
2024-11-11,PRD018,WH04,457,304
2024-11-18,PRD018,WH04,444,304
2024-11-25,PRD018,WH04,459,304
2024-12-02,PRD018,WH04,355,304
2024-12-09,PRD018,WH04,277,304
2024-12-16,PRD018,WH04,165,304
2024-12-23,PRD018,WH04,61,304
2024-12-30,PRD018,WH04,84,304
2025-01-06,PRD018,WH04,14,304
2025-01-13,PRD018,WH04,0,304
2025-01-20,PRD018,WH04,0,304
2025-01-27,PRD018,WH04,0,304
2025-02-03,PRD018,WH04,0,304
2025-02-10,PRD018,WH04,0,304
2025-02-17,PRD018,WH04,0,304
2025-02-24,PRD018,WH04,74,304
2025-03-03,PRD018,WH04,150,304
2025-03-10,PRD018,WH04,149,304
2025-03-17,PRD018,WH04,169,304
2025-03-24,PRD018,WH04,61,304
2025-03-31,PRD018,WH04,96,304
2025-04-07,PRD018,WH04,96,304
2025-04-14,PRD018,WH04,22,304
2025-04-21,PRD018,WH04,73,304
2025-04-28,PRD018,WH04,143,304
2025-05-05,PRD018,WH04,219,304
2025-05-12,PRD018,WH04,246,304
2025-05-19,PRD018,WH04,217,304
2025-05-26,PRD018,WH04,132,304
2025-06-02,PRD018,WH04,56,304
2025-06-09,PRD018,WH04,60,304
2025-06-16,PRD018,WH04,51,304
2025-06-23,PRD018,WH04,55,304
2025-06-30,PRD018,WH04,16,304
2025-07-07,PRD018,WH04,80,304
2025-07-14,PRD018,WH04,46,304
2025-07-21,PRD018,WH04,16,304
2025-07-28,PRD018,WH04,25,304
2025-08-04,PRD018,WH04,0,304
2025-08-11,PRD018,WH04,0,304
2025-08-18,PRD018,WH04,0,304
2025-08-25,PRD018,WH04,0,304
2025-09-01,PRD018,WH04,0,304
2025-09-08,PRD018,WH04,55,304
2025-09-15,PRD018,WH04,149,304
2025-09-22,PRD018,WH04,108,304
2025-09-29,PRD018,WH04,141,304
2025-10-06,PRD018,WH04,45,304
2025-10-13,PRD018,WH04,0,304
2025-10-20,PRD018,WH04,0,304
2025-10-27,PRD018,WH04,93,304
2025-11-03,PRD018,WH04,45,304
2025-11-10,PRD018,WH04,0,304
2025-11-17,PRD018,WH04,52,304
2025-11-24,PRD018,WH04,0,304
2025-12-01,PRD018,WH04,0,304
2025-12-08,PRD018,WH04,0,304
2025-12-15,PRD018,WH04,0,304
2025-12-22,PRD018,WH04,0,304
2025-12-29,PRD018,WH04,0,304
2024-01-01,PRD019,WH04,767,421
2024-01-08,PRD019,WH04,714,421
2024-01-15,PRD019,WH04,707,421
2024-01-22,PRD019,WH04,639,421
2024-01-29,PRD019,WH04,660,421
2024-02-05,PRD019,WH04,619,421
2024-02-12,PRD019,WH04,609,421
2024-02-19,PRD019,WH04,571,421
2024-02-26,PRD019,WH04,572,421
2024-03-04,PRD019,WH04,582,421
2024-03-11,PRD019,WH04,503,421
2024-03-18,PRD019,WH04,577,421
2024-03-25,PRD019,WH04,634,421
2024-04-01,PRD019,WH04,533,421
2024-04-08,PRD019,WH04,595,421
2024-04-15,PRD019,WH04,668,421
2024-04-22,PRD019,WH04,759,421
2024-04-29,PRD019,WH04,691,421
2024-05-06,PRD019,WH04,724,421
2024-05-13,PRD019,WH04,622,421
2024-05-20,PRD019,WH04,618,421
2024-05-27,PRD019,WH04,621,421
2024-06-03,PRD019,WH04,691,421
2024-06-10,PRD019,WH04,687,421
2024-06-17,PRD019,WH04,680,421
2024-06-24,PRD019,WH04,592,421
2024-07-01,PRD019,WH04,582,421
2024-07-08,PRD019,WH04,559,421
2024-07-15,PRD019,WH04,466,421
2024-07-22,PRD019,WH04,393,421
2024-07-29,PRD019,WH04,325,421
2024-08-05,PRD019,WH04,388,421
2024-08-12,PRD019,WH04,444,421
2024-08-19,PRD019,WH04,529,421
2024-08-26,PRD019,WH04,471,421
2024-09-02,PRD019,WH04,492,421
2024-09-09,PRD019,WH04,486,421
2024-09-16,PRD019,WH04,522,421
2024-09-23,PRD019,WH04,454,421
2024-09-30,PRD019,WH04,359,421
2024-10-07,PRD019,WH04,361,421
2024-10-14,PRD019,WH04,401,421
2024-10-21,PRD019,WH04,477,421
2024-10-28,PRD019,WH04,462,421
2024-11-04,PRD019,WH04,535,421
2024-11-11,PRD019,WH04,487,421
2024-11-18,PRD019,WH04,385,421
2024-11-25,PRD019,WH04,483,421
2024-12-02,PRD019,WH04,484,421
2024-12-09,PRD019,WH04,550,421
2024-12-16,PRD019,WH04,648,421
2024-12-23,PRD019,WH04,745,421
2024-12-30,PRD019,WH04,702,421
2025-01-06,PRD019,WH04,712,421
2025-01-13,PRD019,WH04,777,421
2025-01-20,PRD019,WH04,805,421
2025-01-27,PRD019,WH04,730,421
2025-02-03,PRD019,WH04,710,421
2025-02-10,PRD019,WH04,757,421
2025-02-17,PRD019,WH04,836,421
2025-02-24,PRD019,WH04,785,421
2025-03-03,PRD019,WH04,858,421
2025-03-10,PRD019,WH04,794,421
2025-03-17,PRD019,WH04,807,421
2025-03-24,PRD019,WH04,805,421
2025-03-31,PRD019,WH04,871,421
2025-04-07,PRD019,WH04,789,421
2025-04-14,PRD019,WH04,871,421
2025-04-21,PRD019,WH04,876,421
2025-04-28,PRD019,WH04,824,421
2025-05-05,PRD019,WH04,777,421
2025-05-12,PRD019,WH04,708,421
2025-05-19,PRD019,WH04,698,421
2025-05-26,PRD019,WH04,680,421
2025-06-02,PRD019,WH04,597,421
2025-06-09,PRD019,WH04,547,421
2025-06-16,PRD019,WH04,537,421
2025-06-23,PRD019,WH04,626,421
2025-06-30,PRD019,WH04,579,421
2025-07-07,PRD019,WH04,643,421
2025-07-14,PRD019,WH04,657,421
2025-07-21,PRD019,WH04,572,421
2025-07-28,PRD019,WH04,501,421
2025-08-04,PRD019,WH04,452,421
2025-08-11,PRD019,WH04,371,421
2025-08-18,PRD019,WH04,452,421
2025-08-25,PRD019,WH04,371,421
2025-09-01,PRD019,WH04,301,421
2025-09-08,PRD019,WH04,400,421
2025-09-15,PRD019,WH04,369,421
2025-09-22,PRD019,WH04,268,421
2025-09-29,PRD019,WH04,149,421
2025-10-06,PRD019,WH04,138,421
2025-10-13,PRD019,WH04,232,421
2025-10-20,PRD019,WH04,262,421
2025-10-27,PRD019,WH04,222,421
2025-11-03,PRD019,WH04,270,421
2025-11-10,PRD019,WH04,334,421
2025-11-17,PRD019,WH04,362,421
2025-11-24,PRD019,WH04,280,421
2025-12-01,PRD019,WH04,313,421
2025-12-08,PRD019,WH04,287,421
2025-12-15,PRD019,WH04,238,421
2025-12-22,PRD019,WH04,168,421
2025-12-29,PRD019,WH04,118,421
2024-01-01,PRD020,WH04,569,444
2024-01-08,PRD020,WH04,626,444
2024-01-15,PRD020,WH04,528,444
2024-01-22,PRD020,WH04,484,444
2024-01-29,PRD020,WH04,482,444
2024-02-05,PRD020,WH04,403,444
2024-02-12,PRD020,WH04,324,444
2024-02-19,PRD020,WH04,295,444
2024-02-26,PRD020,WH04,342,444
2024-03-04,PRD020,WH04,376,444
2024-03-11,PRD020,WH04,351,444
2024-03-18,PRD020,WH04,378,444
2024-03-25,PRD020,WH04,447,444
2024-04-01,PRD020,WH04,339,444
2024-04-08,PRD020,WH04,388,444
2024-04-15,PRD020,WH04,394,444
2024-04-22,PRD020,WH04,339,444
2024-04-29,PRD020,WH04,261,444
2024-05-06,PRD020,WH04,351,444
2024-05-13,PRD020,WH04,279,444
2024-05-20,PRD020,WH04,365,444
2024-05-27,PRD020,WH04,335,444
2024-06-03,PRD020,WH04,354,444
2024-06-10,PRD020,WH04,273,444
2024-06-17,PRD020,WH04,354,444
2024-06-24,PRD020,WH04,357,444
2024-07-01,PRD020,WH04,328,444
2024-07-08,PRD020,WH04,327,444
2024-07-15,PRD020,WH04,402,444
2024-07-22,PRD020,WH04,413,444
2024-07-29,PRD020,WH04,384,444
2024-08-05,PRD020,WH04,305,444
2024-08-12,PRD020,WH04,324,444
2024-08-19,PRD020,WH04,316,444
2024-08-26,PRD020,WH04,217,444
2024-09-02,PRD020,WH04,164,444
2024-09-09,PRD020,WH04,132,444
2024-09-16,PRD020,WH04,125,444
2024-09-23,PRD020,WH04,76,444
2024-09-30,PRD020,WH04,26,444
2024-10-07,PRD020,WH04,41,444
2024-10-14,PRD020,WH04,0,444
2024-10-21,PRD020,WH04,0,444
2024-10-28,PRD020,WH04,0,444
2024-11-04,PRD020,WH04,80,444
2024-11-11,PRD020,WH04,148,444
2024-11-18,PRD020,WH04,58,444
2024-11-25,PRD020,WH04,50,444
2024-12-02,PRD020,WH04,0,444
2024-12-09,PRD020,WH04,86,444
2024-12-16,PRD020,WH04,111,444
2024-12-23,PRD020,WH04,44,444
2024-12-30,PRD020,WH04,91,444
2025-01-06,PRD020,WH04,149,444
2025-01-13,PRD020,WH04,230,444
2025-01-20,PRD020,WH04,309,444
2025-01-27,PRD020,WH04,277,444
2025-02-03,PRD020,WH04,320,444
2025-02-10,PRD020,WH04,205,444
2025-02-17,PRD020,WH04,107,444
2025-02-24,PRD020,WH04,34,444
2025-03-03,PRD020,WH04,13,444
2025-03-10,PRD020,WH04,40,444
2025-03-17,PRD020,WH04,108,444
2025-03-24,PRD020,WH04,74,444
2025-03-31,PRD020,WH04,136,444
2025-04-07,PRD020,WH04,102,444
2025-04-14,PRD020,WH04,98,444
2025-04-21,PRD020,WH04,13,444
2025-04-28,PRD020,WH04,2,444
2025-05-05,PRD020,WH04,0,444
2025-05-12,PRD020,WH04,0,444
2025-05-19,PRD020,WH04,0,444
2025-05-26,PRD020,WH04,0,444
2025-06-02,PRD020,WH04,0,444
2025-06-09,PRD020,WH04,0,444
2025-06-16,PRD020,WH04,0,444
2025-06-23,PRD020,WH04,69,444
2025-06-30,PRD020,WH04,113,444
2025-07-07,PRD020,WH04,157,444
2025-07-14,PRD020,WH04,194,444
2025-07-21,PRD020,WH04,268,444
2025-07-28,PRD020,WH04,180,444
2025-08-04,PRD020,WH04,120,444
2025-08-11,PRD020,WH04,47,444
2025-08-18,PRD020,WH04,97,444
2025-08-25,PRD020,WH04,56,444
2025-09-01,PRD020,WH04,91,444
2025-09-08,PRD020,WH04,0,444
2025-09-15,PRD020,WH04,0,444
2025-09-22,PRD020,WH04,0,444
2025-09-29,PRD020,WH04,0,444
2025-10-06,PRD020,WH04,0,444
2025-10-13,PRD020,WH04,0,444
2025-10-20,PRD020,WH04,0,444
2025-10-27,PRD020,WH04,0,444
2025-11-03,PRD020,WH04,0,444
2025-11-10,PRD020,WH04,0,444
2025-11-17,PRD020,WH04,24,444
2025-11-24,PRD020,WH04,0,444
2025-12-01,PRD020,WH04,27,444
2025-12-08,PRD020,WH04,47,444
2025-12-15,PRD020,WH04,67,444
2025-12-22,PRD020,WH04,105,444
2025-12-29,PRD020,WH04,6,444
2024-01-01,PRD021,WH04,360,250
2024-01-08,PRD021,WH04,275,250
2024-01-15,PRD021,WH04,250,250
2024-01-22,PRD021,WH04,142,250
2024-01-29,PRD021,WH04,233,250
2024-02-05,PRD021,WH04,137,250
2024-02-12,PRD021,WH04,69,250
2024-02-19,PRD021,WH04,34,250
2024-02-26,PRD021,WH04,108,250
2024-03-04,PRD021,WH04,156,250
2024-03-11,PRD021,WH04,151,250
2024-03-18,PRD021,WH04,59,250
2024-03-25,PRD021,WH04,107,250
2024-04-01,PRD021,WH04,54,250
2024-04-08,PRD021,WH04,143,250
2024-04-15,PRD021,WH04,76,250
2024-04-22,PRD021,WH04,123,250
2024-04-29,PRD021,WH04,151,250
2024-05-06,PRD021,WH04,125,250
2024-05-13,PRD021,WH04,102,250
2024-05-20,PRD021,WH04,126,250
2024-05-27,PRD021,WH04,122,250
2024-06-03,PRD021,WH04,91,250
2024-06-10,PRD021,WH04,59,250
2024-06-17,PRD021,WH04,0,250
2024-06-24,PRD021,WH04,0,250
2024-07-01,PRD021,WH04,0,250
2024-07-08,PRD021,WH04,99,250
2024-07-15,PRD021,WH04,144,250
2024-07-22,PRD021,WH04,217,250
2024-07-29,PRD021,WH04,148,250
2024-08-05,PRD021,WH04,222,250
2024-08-12,PRD021,WH04,258,250
2024-08-19,PRD021,WH04,293,250
2024-08-26,PRD021,WH04,360,250
2024-09-02,PRD021,WH04,341,250
2024-09-09,PRD021,WH04,311,250
2024-09-16,PRD021,WH04,197,250
2024-09-23,PRD021,WH04,225,250
2024-09-30,PRD021,WH04,142,250
2024-10-07,PRD021,WH04,227,250
2024-10-14,PRD021,WH04,222,250
2024-10-21,PRD021,WH04,145,250
2024-10-28,PRD021,WH04,239,250
2024-11-04,PRD021,WH04,170,250
2024-11-11,PRD021,WH04,148,250
2024-11-18,PRD021,WH04,120,250
2024-11-25,PRD021,WH04,200,250
2024-12-02,PRD021,WH04,130,250
2024-12-09,PRD021,WH04,160,250
2024-12-16,PRD021,WH04,108,250
2024-12-23,PRD021,WH04,1,250
2024-12-30,PRD021,WH04,0,250
2025-01-06,PRD021,WH04,22,250
2025-01-13,PRD021,WH04,27,250
2025-01-20,PRD021,WH04,30,250
2025-01-27,PRD021,WH04,72,250
2025-02-03,PRD021,WH04,0,250
2025-02-10,PRD021,WH04,0,250
2025-02-17,PRD021,WH04,0,250
2025-02-24,PRD021,WH04,0,250
2025-03-03,PRD021,WH04,28,250
2025-03-10,PRD021,WH04,50,250
2025-03-17,PRD021,WH04,0,250
2025-03-24,PRD021,WH04,0,250
2025-03-31,PRD021,WH04,0,250
2025-04-07,PRD021,WH04,0,250
2025-04-14,PRD021,WH04,0,250
2025-04-21,PRD021,WH04,0,250
2025-04-28,PRD021,WH04,0,250
2025-05-05,PRD021,WH04,0,250
2025-05-12,PRD021,WH04,53,250
2025-05-19,PRD021,WH04,13,250
2025-05-26,PRD021,WH04,18,250
2025-06-02,PRD021,WH04,0,250
2025-06-09,PRD021,WH04,6,250
2025-06-16,PRD021,WH04,23,250
2025-06-23,PRD021,WH04,9,250
2025-06-30,PRD021,WH04,66,250
2025-07-07,PRD021,WH04,129,250
2025-07-14,PRD021,WH04,208,250
2025-07-21,PRD021,WH04,88,250
2025-07-28,PRD021,WH04,0,250
2025-08-04,PRD021,WH04,0,250
2025-08-11,PRD021,WH04,0,250
2025-08-18,PRD021,WH04,33,250
2025-08-25,PRD021,WH04,50,250
2025-09-01,PRD021,WH04,147,250
2025-09-08,PRD021,WH04,212,250
2025-09-15,PRD021,WH04,136,250
2025-09-22,PRD021,WH04,33,250
2025-09-29,PRD021,WH04,0,250
2025-10-06,PRD021,WH04,64,250
2025-10-13,PRD021,WH04,138,250
2025-10-20,PRD021,WH04,173,250
2025-10-27,PRD021,WH04,133,250
2025-11-03,PRD021,WH04,27,250
2025-11-10,PRD021,WH04,69,250
2025-11-17,PRD021,WH04,118,250
2025-11-24,PRD021,WH04,150,250
2025-12-01,PRD021,WH04,170,250
2025-12-08,PRD021,WH04,115,250
2025-12-15,PRD021,WH04,93,250
2025-12-22,PRD021,WH04,29,250
2025-12-29,PRD021,WH04,0,250
2024-01-01,PRD022,WH04,530,375
2024-01-08,PRD022,WH04,494,375
2024-01-15,PRD022,WH04,512,375
2024-01-22,PRD022,WH04,504,375
2024-01-29,PRD022,WH04,500,375
2024-02-05,PRD022,WH04,436,375
2024-02-12,PRD022,WH04,486,375
2024-02-19,PRD022,WH04,478,375
2024-02-26,PRD022,WH04,532,375
2024-03-04,PRD022,WH04,453,375
2024-03-11,PRD022,WH04,464,375
2024-03-18,PRD022,WH04,533,375
2024-03-25,PRD022,WH04,565,375
2024-04-01,PRD022,WH04,478,375
2024-04-08,PRD022,WH04,413,375
2024-04-15,PRD022,WH04,361,375
2024-04-22,PRD022,WH04,281,375
2024-04-29,PRD022,WH04,321,375
2024-05-06,PRD022,WH04,244,375
2024-05-13,PRD022,WH04,322,375
2024-05-20,PRD022,WH04,293,375
2024-05-27,PRD022,WH04,256,375
2024-06-03,PRD022,WH04,209,375
2024-06-10,PRD022,WH04,246,375
2024-06-17,PRD022,WH04,241,375
2024-06-24,PRD022,WH04,244,375
2024-07-01,PRD022,WH04,318,375
2024-07-08,PRD022,WH04,225,375
2024-07-15,PRD022,WH04,144,375
2024-07-22,PRD022,WH04,126,375
2024-07-29,PRD022,WH04,36,375
2024-08-05,PRD022,WH04,0,375
2024-08-12,PRD022,WH04,0,375
2024-08-19,PRD022,WH04,0,375
2024-08-26,PRD022,WH04,0,375
2024-09-02,PRD022,WH04,39,375
2024-09-09,PRD022,WH04,30,375
2024-09-16,PRD022,WH04,0,375
2024-09-23,PRD022,WH04,92,375
2024-09-30,PRD022,WH04,184,375
2024-10-07,PRD022,WH04,234,375
2024-10-14,PRD022,WH04,159,375
2024-10-21,PRD022,WH04,251,375
2024-10-28,PRD022,WH04,285,375
2024-11-04,PRD022,WH04,257,375
2024-11-11,PRD022,WH04,342,375
2024-11-18,PRD022,WH04,358,375
2024-11-25,PRD022,WH04,248,375
2024-12-02,PRD022,WH04,198,375
2024-12-09,PRD022,WH04,210,375
2024-12-16,PRD022,WH04,161,375
2024-12-23,PRD022,WH04,99,375
2024-12-30,PRD022,WH04,45,375
2025-01-06,PRD022,WH04,85,375
2025-01-13,PRD022,WH04,47,375
2025-01-20,PRD022,WH04,0,375
2025-01-27,PRD022,WH04,0,375
2025-02-03,PRD022,WH04,0,375
2025-02-10,PRD022,WH04,48,375
2025-02-17,PRD022,WH04,0,375
2025-02-24,PRD022,WH04,18,375
2025-03-03,PRD022,WH04,60,375
2025-03-10,PRD022,WH04,79,375
2025-03-17,PRD022,WH04,98,375
2025-03-24,PRD022,WH04,103,375
2025-03-31,PRD022,WH04,80,375
2025-04-07,PRD022,WH04,9,375
2025-04-14,PRD022,WH04,9,375
2025-04-21,PRD022,WH04,67,375
2025-04-28,PRD022,WH04,67,375
2025-05-05,PRD022,WH04,110,375
2025-05-12,PRD022,WH04,19,375
2025-05-19,PRD022,WH04,67,375
2025-05-26,PRD022,WH04,77,375
2025-06-02,PRD022,WH04,54,375
2025-06-09,PRD022,WH04,110,375
2025-06-16,PRD022,WH04,172,375
2025-06-23,PRD022,WH04,211,375
2025-06-30,PRD022,WH04,297,375
2025-07-07,PRD022,WH04,298,375
2025-07-14,PRD022,WH04,313,375
2025-07-21,PRD022,WH04,243,375
2025-07-28,PRD022,WH04,225,375
2025-08-04,PRD022,WH04,153,375
2025-08-11,PRD022,WH04,105,375
2025-08-18,PRD022,WH04,202,375
2025-08-25,PRD022,WH04,272,375
2025-09-01,PRD022,WH04,173,375
2025-09-08,PRD022,WH04,167,375
2025-09-15,PRD022,WH04,212,375
2025-09-22,PRD022,WH04,185,375
2025-09-29,PRD022,WH04,225,375
2025-10-06,PRD022,WH04,246,375
2025-10-13,PRD022,WH04,194,375
2025-10-20,PRD022,WH04,83,375
2025-10-27,PRD022,WH04,134,375
2025-11-03,PRD022,WH04,141,375
2025-11-10,PRD022,WH04,173,375
2025-11-17,PRD022,WH04,264,375
2025-11-24,PRD022,WH04,323,375
2025-12-01,PRD022,WH04,277,375
2025-12-08,PRD022,WH04,207,375
2025-12-15,PRD022,WH04,137,375
2025-12-22,PRD022,WH04,50,375
2025-12-29,PRD022,WH04,0,375
2024-01-01,PRD023,WH04,103,197
2024-01-08,PRD023,WH04,82,197
2024-01-15,PRD023,WH04,142,197
2024-01-22,PRD023,WH04,73,197
2024-01-29,PRD023,WH04,108,197
2024-02-05,PRD023,WH04,61,197
2024-02-12,PRD023,WH04,156,197
2024-02-19,PRD023,WH04,83,197
2024-02-26,PRD023,WH04,163,197
2024-03-04,PRD023,WH04,176,197
2024-03-11,PRD023,WH04,92,197
2024-03-18,PRD023,WH04,0,197
2024-03-25,PRD023,WH04,0,197
2024-04-01,PRD023,WH04,0,197
2024-04-08,PRD023,WH04,48,197
2024-04-15,PRD023,WH04,107,197
2024-04-22,PRD023,WH04,20,197
2024-04-29,PRD023,WH04,0,197
2024-05-06,PRD023,WH04,36,197
2024-05-13,PRD023,WH04,0,197
2024-05-20,PRD023,WH04,0,197
2024-05-27,PRD023,WH04,0,197
2024-06-03,PRD023,WH04,0,197
2024-06-10,PRD023,WH04,71,197
2024-06-17,PRD023,WH04,72,197
2024-06-24,PRD023,WH04,91,197
2024-07-01,PRD023,WH04,121,197
2024-07-08,PRD023,WH04,129,197
2024-07-15,PRD023,WH04,110,197
2024-07-22,PRD023,WH04,142,197
2024-07-29,PRD023,WH04,187,197
2024-08-05,PRD023,WH04,189,197
2024-08-12,PRD023,WH04,187,197
2024-08-19,PRD023,WH04,70,197
2024-08-26,PRD023,WH04,120,197
2024-09-02,PRD023,WH04,89,197
2024-09-09,PRD023,WH04,157,197
2024-09-16,PRD023,WH04,68,197
2024-09-23,PRD023,WH04,103,197
2024-09-30,PRD023,WH04,143,197
2024-10-07,PRD023,WH04,177,197
2024-10-14,PRD023,WH04,185,197
2024-10-21,PRD023,WH04,72,197
2024-10-28,PRD023,WH04,164,197
2024-11-04,PRD023,WH04,66,197
2024-11-11,PRD023,WH04,66,197
2024-11-18,PRD023,WH04,105,197
2024-11-25,PRD023,WH04,115,197
2024-12-02,PRD023,WH04,38,197
2024-12-09,PRD023,WH04,99,197
2024-12-16,PRD023,WH04,0,197
2024-12-23,PRD023,WH04,0,197
2024-12-30,PRD023,WH04,56,197
2025-01-06,PRD023,WH04,122,197
2025-01-13,PRD023,WH04,186,197
2025-01-20,PRD023,WH04,282,197
2025-01-27,PRD023,WH04,222,197
2025-02-03,PRD023,WH04,285,197
2025-02-10,PRD023,WH04,333,197
2025-02-17,PRD023,WH04,226,197
2025-02-24,PRD023,WH04,316,197
2025-03-03,PRD023,WH04,272,197
2025-03-10,PRD023,WH04,316,197
2025-03-17,PRD023,WH04,236,197
2025-03-24,PRD023,WH04,273,197
2025-03-31,PRD023,WH04,244,197
2025-04-07,PRD023,WH04,293,197
2025-04-14,PRD023,WH04,208,197
2025-04-21,PRD023,WH04,143,197
2025-04-28,PRD023,WH04,93,197
2025-05-05,PRD023,WH04,183,197
2025-05-12,PRD023,WH04,175,197
2025-05-19,PRD023,WH04,132,197
2025-05-26,PRD023,WH04,124,197
2025-06-02,PRD023,WH04,29,197
2025-06-09,PRD023,WH04,0,197
2025-06-16,PRD023,WH04,21,197
2025-06-23,PRD023,WH04,67,197
2025-06-30,PRD023,WH04,42,197
2025-07-07,PRD023,WH04,32,197
2025-07-14,PRD023,WH04,0,197
2025-07-21,PRD023,WH04,0,197
2025-07-28,PRD023,WH04,51,197
2025-08-04,PRD023,WH04,0,197
2025-08-11,PRD023,WH04,0,197
2025-08-18,PRD023,WH04,0,197
2025-08-25,PRD023,WH04,77,197
2025-09-01,PRD023,WH04,154,197
2025-09-08,PRD023,WH04,164,197
2025-09-15,PRD023,WH04,50,197
2025-09-22,PRD023,WH04,0,197
2025-09-29,PRD023,WH04,89,197
2025-10-06,PRD023,WH04,33,197
2025-10-13,PRD023,WH04,67,197
2025-10-20,PRD023,WH04,0,197
2025-10-27,PRD023,WH04,0,197
2025-11-03,PRD023,WH04,0,197
2025-11-10,PRD023,WH04,31,197
2025-11-17,PRD023,WH04,1,197
2025-11-24,PRD023,WH04,0,197
2025-12-01,PRD023,WH04,0,197
2025-12-08,PRD023,WH04,0,197
2025-12-15,PRD023,WH04,0,197
2025-12-22,PRD023,WH04,0,197
2025-12-29,PRD023,WH04,0,197
2024-01-01,PRD024,WH04,616,395
2024-01-08,PRD024,WH04,596,395
2024-01-15,PRD024,WH04,558,395
2024-01-22,PRD024,WH04,452,395
2024-01-29,PRD024,WH04,508,395
2024-02-05,PRD024,WH04,474,395
2024-02-12,PRD024,WH04,396,395
2024-02-19,PRD024,WH04,409,395
2024-02-26,PRD024,WH04,338,395
2024-03-04,PRD024,WH04,263,395
2024-03-11,PRD024,WH04,244,395
2024-03-18,PRD024,WH04,163,395
2024-03-25,PRD024,WH04,72,395
2024-04-01,PRD024,WH04,71,395
2024-04-08,PRD024,WH04,24,395
2024-04-15,PRD024,WH04,0,395
2024-04-22,PRD024,WH04,0,395
2024-04-29,PRD024,WH04,36,395
2024-05-06,PRD024,WH04,132,395
2024-05-13,PRD024,WH04,154,395
2024-05-20,PRD024,WH04,178,395
2024-05-27,PRD024,WH04,193,395
2024-06-03,PRD024,WH04,146,395
2024-06-10,PRD024,WH04,199,395
2024-06-17,PRD024,WH04,135,395
2024-06-24,PRD024,WH04,93,395
2024-07-01,PRD024,WH04,78,395
2024-07-08,PRD024,WH04,113,395
2024-07-15,PRD024,WH04,210,395
2024-07-22,PRD024,WH04,173,395
2024-07-29,PRD024,WH04,129,395
2024-08-05,PRD024,WH04,39,395
2024-08-12,PRD024,WH04,0,395
2024-08-19,PRD024,WH04,0,395
2024-08-26,PRD024,WH04,0,395
2024-09-02,PRD024,WH04,0,395
2024-09-09,PRD024,WH04,85,395
2024-09-16,PRD024,WH04,68,395
2024-09-23,PRD024,WH04,0,395
2024-09-30,PRD024,WH04,91,395
2024-10-07,PRD024,WH04,11,395
2024-10-14,PRD024,WH04,53,395
2024-10-21,PRD024,WH04,0,395
2024-10-28,PRD024,WH04,71,395
2024-11-04,PRD024,WH04,70,395
2024-11-11,PRD024,WH04,156,395
2024-11-18,PRD024,WH04,91,395
2024-11-25,PRD024,WH04,47,395
2024-12-02,PRD024,WH04,0,395
2024-12-09,PRD024,WH04,0,395
2024-12-16,PRD024,WH04,0,395
2024-12-23,PRD024,WH04,0,395
2024-12-30,PRD024,WH04,83,395
2025-01-06,PRD024,WH04,0,395
2025-01-13,PRD024,WH04,0,395
2025-01-20,PRD024,WH04,11,395
2025-01-27,PRD024,WH04,69,395
2025-02-03,PRD024,WH04,0,395
2025-02-10,PRD024,WH04,80,395
2025-02-17,PRD024,WH04,0,395
2025-02-24,PRD024,WH04,78,395
2025-03-03,PRD024,WH04,0,395
2025-03-10,PRD024,WH04,0,395
2025-03-17,PRD024,WH04,4,395
2025-03-24,PRD024,WH04,34,395
2025-03-31,PRD024,WH04,0,395
2025-04-07,PRD024,WH04,0,395
2025-04-14,PRD024,WH04,96,395
2025-04-21,PRD024,WH04,170,395
2025-04-28,PRD024,WH04,102,395
2025-05-05,PRD024,WH04,35,395
2025-05-12,PRD024,WH04,34,395
2025-05-19,PRD024,WH04,0,395
2025-05-26,PRD024,WH04,27,395
2025-06-02,PRD024,WH04,0,395
2025-06-09,PRD024,WH04,0,395
2025-06-16,PRD024,WH04,58,395
2025-06-23,PRD024,WH04,86,395
2025-06-30,PRD024,WH04,91,395
2025-07-07,PRD024,WH04,146,395
2025-07-14,PRD024,WH04,79,395
2025-07-21,PRD024,WH04,57,395
2025-07-28,PRD024,WH04,80,395
2025-08-04,PRD024,WH04,46,395
2025-08-11,PRD024,WH04,113,395
2025-08-18,PRD024,WH04,195,395
2025-08-25,PRD024,WH04,214,395
2025-09-01,PRD024,WH04,192,395
2025-09-08,PRD024,WH04,268,395
2025-09-15,PRD024,WH04,250,395
2025-09-22,PRD024,WH04,185,395
2025-09-29,PRD024,WH04,108,395
2025-10-06,PRD024,WH04,153,395
2025-10-13,PRD024,WH04,54,395
2025-10-20,PRD024,WH04,14,395
2025-10-27,PRD024,WH04,0,395
2025-11-03,PRD024,WH04,0,395
2025-11-10,PRD024,WH04,0,395
2025-11-17,PRD024,WH04,0,395
2025-11-24,PRD024,WH04,20,395
2025-12-01,PRD024,WH04,0,395
2025-12-08,PRD024,WH04,53,395
2025-12-15,PRD024,WH04,119,395
2025-12-22,PRD024,WH04,77,395
2025-12-29,PRD024,WH04,102,395
2024-01-01,PRD025,WH04,332,401
2024-01-08,PRD025,WH04,414,401
2024-01-15,PRD025,WH04,395,401
2024-01-22,PRD025,WH04,345,401
2024-01-29,PRD025,WH04,329,401
2024-02-05,PRD025,WH04,368,401
2024-02-12,PRD025,WH04,452,401
2024-02-19,PRD025,WH04,475,401
2024-02-26,PRD025,WH04,572,401
2024-03-04,PRD025,WH04,571,401
2024-03-11,PRD025,WH04,573,401
2024-03-18,PRD025,WH04,620,401
2024-03-25,PRD025,WH04,668,401
2024-04-01,PRD025,WH04,729,401
2024-04-08,PRD025,WH04,642,401
2024-04-15,PRD025,WH04,606,401
2024-04-22,PRD025,WH04,631,401
2024-04-29,PRD025,WH04,530,401
2024-05-06,PRD025,WH04,485,401
2024-05-13,PRD025,WH04,449,401
2024-05-20,PRD025,WH04,432,401
2024-05-27,PRD025,WH04,448,401
2024-06-03,PRD025,WH04,502,401
2024-06-10,PRD025,WH04,570,401
2024-06-17,PRD025,WH04,572,401
2024-06-24,PRD025,WH04,590,401
2024-07-01,PRD025,WH04,586,401
2024-07-08,PRD025,WH04,604,401
2024-07-15,PRD025,WH04,511,401
2024-07-22,PRD025,WH04,599,401
2024-07-29,PRD025,WH04,591,401
2024-08-05,PRD025,WH04,622,401
2024-08-12,PRD025,WH04,650,401
2024-08-19,PRD025,WH04,636,401
2024-08-26,PRD025,WH04,621,401
2024-09-02,PRD025,WH04,535,401
2024-09-09,PRD025,WH04,579,401
2024-09-16,PRD025,WH04,469,401
2024-09-23,PRD025,WH04,380,401
2024-09-30,PRD025,WH04,362,401
2024-10-07,PRD025,WH04,395,401
2024-10-14,PRD025,WH04,420,401
2024-10-21,PRD025,WH04,503,401
2024-10-28,PRD025,WH04,402,401
2024-11-04,PRD025,WH04,315,401
2024-11-11,PRD025,WH04,285,401
2024-11-18,PRD025,WH04,281,401
2024-11-25,PRD025,WH04,342,401
2024-12-02,PRD025,WH04,319,401
2024-12-09,PRD025,WH04,263,401
2024-12-16,PRD025,WH04,221,401
2024-12-23,PRD025,WH04,242,401
2024-12-30,PRD025,WH04,164,401
2025-01-06,PRD025,WH04,198,401
2025-01-13,PRD025,WH04,272,401
2025-01-20,PRD025,WH04,274,401
2025-01-27,PRD025,WH04,283,401
2025-02-03,PRD025,WH04,238,401
2025-02-10,PRD025,WH04,240,401
2025-02-17,PRD025,WH04,182,401
2025-02-24,PRD025,WH04,240,401
2025-03-03,PRD025,WH04,229,401
2025-03-10,PRD025,WH04,323,401
2025-03-17,PRD025,WH04,379,401
2025-03-24,PRD025,WH04,331,401
2025-03-31,PRD025,WH04,225,401
2025-04-07,PRD025,WH04,233,401
2025-04-14,PRD025,WH04,149,401
2025-04-21,PRD025,WH04,131,401
2025-04-28,PRD025,WH04,20,401
2025-05-05,PRD025,WH04,48,401
2025-05-12,PRD025,WH04,0,401
2025-05-19,PRD025,WH04,57,401
2025-05-26,PRD025,WH04,98,401
2025-06-02,PRD025,WH04,180,401
2025-06-09,PRD025,WH04,235,401
2025-06-16,PRD025,WH04,296,401
2025-06-23,PRD025,WH04,285,401
2025-06-30,PRD025,WH04,232,401
2025-07-07,PRD025,WH04,185,401
2025-07-14,PRD025,WH04,202,401
2025-07-21,PRD025,WH04,184,401
2025-07-28,PRD025,WH04,222,401
2025-08-04,PRD025,WH04,215,401
2025-08-11,PRD025,WH04,210,401
2025-08-18,PRD025,WH04,215,401
2025-08-25,PRD025,WH04,207,401
2025-09-01,PRD025,WH04,97,401
2025-09-08,PRD025,WH04,0,401
2025-09-15,PRD025,WH04,94,401
2025-09-22,PRD025,WH04,78,401
2025-09-29,PRD025,WH04,160,401
2025-10-06,PRD025,WH04,172,401
2025-10-13,PRD025,WH04,201,401
2025-10-20,PRD025,WH04,247,401
2025-10-27,PRD025,WH04,295,401
2025-11-03,PRD025,WH04,313,401
2025-11-10,PRD025,WH04,378,401
2025-11-17,PRD025,WH04,268,401
2025-11-24,PRD025,WH04,195,401
2025-12-01,PRD025,WH04,196,401
2025-12-08,PRD025,WH04,275,401
2025-12-15,PRD025,WH04,207,401
2025-12-22,PRD025,WH04,143,401
2025-12-29,PRD025,WH04,190,401
2024-01-01,PRD001,WH05,279,308
2024-01-08,PRD001,WH05,348,308
2024-01-15,PRD001,WH05,288,308
2024-01-22,PRD001,WH05,219,308
2024-01-29,PRD001,WH05,254,308
2024-02-05,PRD001,WH05,327,308
2024-02-12,PRD001,WH05,283,308
2024-02-19,PRD001,WH05,204,308
2024-02-26,PRD001,WH05,161,308
2024-03-04,PRD001,WH05,109,308
2024-03-11,PRD001,WH05,151,308
2024-03-18,PRD001,WH05,128,308
2024-03-25,PRD001,WH05,16,308
2024-04-01,PRD001,WH05,0,308
2024-04-08,PRD001,WH05,0,308
2024-04-15,PRD001,WH05,0,308
2024-04-22,PRD001,WH05,0,308
2024-04-29,PRD001,WH05,0,308
2024-05-06,PRD001,WH05,5,308
2024-05-13,PRD001,WH05,0,308
2024-05-20,PRD001,WH05,0,308
2024-05-27,PRD001,WH05,0,308
2024-06-03,PRD001,WH05,39,308
2024-06-10,PRD001,WH05,70,308
2024-06-17,PRD001,WH05,0,308
2024-06-24,PRD001,WH05,0,308
2024-07-01,PRD001,WH05,0,308
2024-07-08,PRD001,WH05,46,308
2024-07-15,PRD001,WH05,93,308
2024-07-22,PRD001,WH05,115,308
2024-07-29,PRD001,WH05,171,308
2024-08-05,PRD001,WH05,110,308
2024-08-12,PRD001,WH05,131,308
2024-08-19,PRD001,WH05,153,308
2024-08-26,PRD001,WH05,44,308
2024-09-02,PRD001,WH05,69,308
2024-09-09,PRD001,WH05,0,308
2024-09-16,PRD001,WH05,13,308
2024-09-23,PRD001,WH05,81,308
2024-09-30,PRD001,WH05,0,308
2024-10-07,PRD001,WH05,0,308
2024-10-14,PRD001,WH05,0,308
2024-10-21,PRD001,WH05,0,308
2024-10-28,PRD001,WH05,25,308
2024-11-04,PRD001,WH05,5,308
2024-11-11,PRD001,WH05,0,308
2024-11-18,PRD001,WH05,31,308
2024-11-25,PRD001,WH05,5,308
2024-12-02,PRD001,WH05,103,308
2024-12-09,PRD001,WH05,198,308
2024-12-16,PRD001,WH05,245,308
2024-12-23,PRD001,WH05,247,308
2024-12-30,PRD001,WH05,278,308
2025-01-06,PRD001,WH05,341,308
2025-01-13,PRD001,WH05,265,308
2025-01-20,PRD001,WH05,284,308
2025-01-27,PRD001,WH05,330,308
2025-02-03,PRD001,WH05,428,308
2025-02-10,PRD001,WH05,464,308
2025-02-17,PRD001,WH05,467,308
2025-02-24,PRD001,WH05,347,308
2025-03-03,PRD001,WH05,355,308
2025-03-10,PRD001,WH05,354,308
2025-03-17,PRD001,WH05,398,308
2025-03-24,PRD001,WH05,417,308
2025-03-31,PRD001,WH05,364,308
2025-04-07,PRD001,WH05,314,308
2025-04-14,PRD001,WH05,369,308
2025-04-21,PRD001,WH05,288,308
2025-04-28,PRD001,WH05,310,308
2025-05-05,PRD001,WH05,343,308
2025-05-12,PRD001,WH05,405,308
2025-05-19,PRD001,WH05,437,308
2025-05-26,PRD001,WH05,411,308
2025-06-02,PRD001,WH05,411,308
2025-06-09,PRD001,WH05,460,308
2025-06-16,PRD001,WH05,364,308
2025-06-23,PRD001,WH05,268,308
2025-06-30,PRD001,WH05,300,308
2025-07-07,PRD001,WH05,196,308
2025-07-14,PRD001,WH05,150,308
2025-07-21,PRD001,WH05,50,308
2025-07-28,PRD001,WH05,115,308
2025-08-04,PRD001,WH05,10,308
2025-08-11,PRD001,WH05,0,308
2025-08-18,PRD001,WH05,14,308
2025-08-25,PRD001,WH05,0,308
2025-09-01,PRD001,WH05,12,308
2025-09-08,PRD001,WH05,0,308
2025-09-15,PRD001,WH05,0,308
2025-09-22,PRD001,WH05,32,308
2025-09-29,PRD001,WH05,47,308
2025-10-06,PRD001,WH05,55,308
2025-10-13,PRD001,WH05,124,308
2025-10-20,PRD001,WH05,164,308
2025-10-27,PRD001,WH05,249,308
2025-11-03,PRD001,WH05,303,308
2025-11-10,PRD001,WH05,242,308
2025-11-17,PRD001,WH05,164,308
2025-11-24,PRD001,WH05,176,308
2025-12-01,PRD001,WH05,145,308
2025-12-08,PRD001,WH05,127,308
2025-12-15,PRD001,WH05,28,308
2025-12-22,PRD001,WH05,98,308
2025-12-29,PRD001,WH05,0,308
2024-01-01,PRD002,WH05,435,460
2024-01-08,PRD002,WH05,317,460
2024-01-15,PRD002,WH05,197,460
2024-01-22,PRD002,WH05,215,460
2024-01-29,PRD002,WH05,209,460
2024-02-05,PRD002,WH05,285,460
2024-02-12,PRD002,WH05,257,460
2024-02-19,PRD002,WH05,153,460
2024-02-26,PRD002,WH05,161,460
2024-03-04,PRD002,WH05,201,460
2024-03-11,PRD002,WH05,254,460
2024-03-18,PRD002,WH05,291,460
2024-03-25,PRD002,WH05,247,460
2024-04-01,PRD002,WH05,178,460
2024-04-08,PRD002,WH05,166,460
2024-04-15,PRD002,WH05,182,460
2024-04-22,PRD002,WH05,261,460
2024-04-29,PRD002,WH05,215,460
2024-05-06,PRD002,WH05,225,460
2024-05-13,PRD002,WH05,280,460
2024-05-20,PRD002,WH05,185,460
2024-05-27,PRD002,WH05,148,460
2024-06-03,PRD002,WH05,80,460
2024-06-10,PRD002,WH05,99,460
2024-06-17,PRD002,WH05,44,460
2024-06-24,PRD002,WH05,134,460
2024-07-01,PRD002,WH05,206,460
2024-07-08,PRD002,WH05,178,460
2024-07-15,PRD002,WH05,80,460
2024-07-22,PRD002,WH05,0,460
2024-07-29,PRD002,WH05,50,460
2024-08-05,PRD002,WH05,34,460
2024-08-12,PRD002,WH05,124,460
2024-08-19,PRD002,WH05,214,460
2024-08-26,PRD002,WH05,152,460
2024-09-02,PRD002,WH05,140,460
2024-09-09,PRD002,WH05,144,460
2024-09-16,PRD002,WH05,117,460
2024-09-23,PRD002,WH05,93,460
2024-09-30,PRD002,WH05,161,460
2024-10-07,PRD002,WH05,210,460
2024-10-14,PRD002,WH05,200,460
2024-10-21,PRD002,WH05,182,460
2024-10-28,PRD002,WH05,254,460
2024-11-04,PRD002,WH05,157,460
2024-11-11,PRD002,WH05,150,460
2024-11-18,PRD002,WH05,64,460
2024-11-25,PRD002,WH05,0,460
2024-12-02,PRD002,WH05,5,460
2024-12-09,PRD002,WH05,0,460
2024-12-16,PRD002,WH05,0,460
2024-12-23,PRD002,WH05,22,460
2024-12-30,PRD002,WH05,0,460
2025-01-06,PRD002,WH05,0,460
2025-01-13,PRD002,WH05,0,460
2025-01-20,PRD002,WH05,5,460
2025-01-27,PRD002,WH05,68,460
2025-02-03,PRD002,WH05,0,460
2025-02-10,PRD002,WH05,94,460
2025-02-17,PRD002,WH05,166,460
2025-02-24,PRD002,WH05,190,460
2025-03-03,PRD002,WH05,128,460
2025-03-10,PRD002,WH05,18,460
2025-03-17,PRD002,WH05,27,460
2025-03-24,PRD002,WH05,0,460
2025-03-31,PRD002,WH05,65,460
2025-04-07,PRD002,WH05,14,460
2025-04-14,PRD002,WH05,0,460
2025-04-21,PRD002,WH05,62,460
2025-04-28,PRD002,WH05,55,460
2025-05-05,PRD002,WH05,65,460
2025-05-12,PRD002,WH05,53,460
2025-05-19,PRD002,WH05,9,460
2025-05-26,PRD002,WH05,82,460
2025-06-02,PRD002,WH05,53,460
2025-06-09,PRD002,WH05,0,460
2025-06-16,PRD002,WH05,0,460
2025-06-23,PRD002,WH05,0,460
2025-06-30,PRD002,WH05,0,460
2025-07-07,PRD002,WH05,0,460
2025-07-14,PRD002,WH05,0,460
2025-07-21,PRD002,WH05,0,460
2025-07-28,PRD002,WH05,3,460
2025-08-04,PRD002,WH05,5,460
2025-08-11,PRD002,WH05,12,460
2025-08-18,PRD002,WH05,0,460
2025-08-25,PRD002,WH05,53,460
2025-09-01,PRD002,WH05,0,460
2025-09-08,PRD002,WH05,0,460
2025-09-15,PRD002,WH05,48,460
2025-09-22,PRD002,WH05,39,460
2025-09-29,PRD002,WH05,0,460
2025-10-06,PRD002,WH05,0,460
2025-10-13,PRD002,WH05,0,460
2025-10-20,PRD002,WH05,53,460
2025-10-27,PRD002,WH05,120,460
2025-11-03,PRD002,WH05,173,460
2025-11-10,PRD002,WH05,269,460
2025-11-17,PRD002,WH05,366,460
2025-11-24,PRD002,WH05,319,460
2025-12-01,PRD002,WH05,199,460
2025-12-08,PRD002,WH05,140,460
2025-12-15,PRD002,WH05,193,460
2025-12-22,PRD002,WH05,219,460
2025-12-29,PRD002,WH05,101,460
2024-01-01,PRD003,WH05,550,214
2024-01-08,PRD003,WH05,532,214
2024-01-15,PRD003,WH05,597,214
2024-01-22,PRD003,WH05,566,214
2024-01-29,PRD003,WH05,566,214
2024-02-05,PRD003,WH05,524,214
2024-02-12,PRD003,WH05,466,214
2024-02-19,PRD003,WH05,422,214
2024-02-26,PRD003,WH05,425,214
2024-03-04,PRD003,WH05,314,214
2024-03-11,PRD003,WH05,375,214
2024-03-18,PRD003,WH05,400,214
2024-03-25,PRD003,WH05,348,214
2024-04-01,PRD003,WH05,286,214
2024-04-08,PRD003,WH05,337,214
2024-04-15,PRD003,WH05,393,214
2024-04-22,PRD003,WH05,372,214
2024-04-29,PRD003,WH05,362,214
2024-05-06,PRD003,WH05,425,214
2024-05-13,PRD003,WH05,452,214
2024-05-20,PRD003,WH05,483,214
2024-05-27,PRD003,WH05,569,214
2024-06-03,PRD003,WH05,616,214
2024-06-10,PRD003,WH05,553,214
2024-06-17,PRD003,WH05,583,214
2024-06-24,PRD003,WH05,503,214
2024-07-01,PRD003,WH05,569,214
2024-07-08,PRD003,WH05,590,214
2024-07-15,PRD003,WH05,512,214
2024-07-22,PRD003,WH05,494,214
2024-07-29,PRD003,WH05,512,214
2024-08-05,PRD003,WH05,477,214
2024-08-12,PRD003,WH05,455,214
2024-08-19,PRD003,WH05,493,214
2024-08-26,PRD003,WH05,389,214
2024-09-02,PRD003,WH05,350,214
2024-09-09,PRD003,WH05,410,214
2024-09-16,PRD003,WH05,335,214
2024-09-23,PRD003,WH05,323,214
2024-09-30,PRD003,WH05,408,214
2024-10-07,PRD003,WH05,440,214
2024-10-14,PRD003,WH05,472,214
2024-10-21,PRD003,WH05,534,214
2024-10-28,PRD003,WH05,538,214
2024-11-04,PRD003,WH05,567,214
2024-11-11,PRD003,WH05,664,214
2024-11-18,PRD003,WH05,713,214
2024-11-25,PRD003,WH05,604,214
2024-12-02,PRD003,WH05,666,214
2024-12-09,PRD003,WH05,588,214
2024-12-16,PRD003,WH05,505,214
2024-12-23,PRD003,WH05,389,214
2024-12-30,PRD003,WH05,322,214
2025-01-06,PRD003,WH05,218,214
2025-01-13,PRD003,WH05,310,214
2025-01-20,PRD003,WH05,298,214
2025-01-27,PRD003,WH05,322,214
2025-02-03,PRD003,WH05,233,214
2025-02-10,PRD003,WH05,174,214
2025-02-17,PRD003,WH05,87,214
2025-02-24,PRD003,WH05,153,214
2025-03-03,PRD003,WH05,101,214
2025-03-10,PRD003,WH05,70,214
2025-03-17,PRD003,WH05,81,214
2025-03-24,PRD003,WH05,69,214
2025-03-31,PRD003,WH05,160,214
2025-04-07,PRD003,WH05,111,214
2025-04-14,PRD003,WH05,60,214
2025-04-21,PRD003,WH05,148,214
2025-04-28,PRD003,WH05,134,214
2025-05-05,PRD003,WH05,141,214
2025-05-12,PRD003,WH05,237,214
2025-05-19,PRD003,WH05,248,214
2025-05-26,PRD003,WH05,269,214
2025-06-02,PRD003,WH05,357,214
2025-06-09,PRD003,WH05,424,214
2025-06-16,PRD003,WH05,510,214
2025-06-23,PRD003,WH05,606,214
2025-06-30,PRD003,WH05,536,214
2025-07-07,PRD003,WH05,556,214
2025-07-14,PRD003,WH05,637,214
2025-07-21,PRD003,WH05,620,214
2025-07-28,PRD003,WH05,529,214
2025-08-04,PRD003,WH05,618,214
2025-08-11,PRD003,WH05,564,214
2025-08-18,PRD003,WH05,461,214
2025-08-25,PRD003,WH05,361,214
2025-09-01,PRD003,WH05,329,214
2025-09-08,PRD003,WH05,252,214
2025-09-15,PRD003,WH05,188,214
2025-09-22,PRD003,WH05,251,214
2025-09-29,PRD003,WH05,234,214
2025-10-06,PRD003,WH05,160,214
2025-10-13,PRD003,WH05,174,214
2025-10-20,PRD003,WH05,168,214
2025-10-27,PRD003,WH05,244,214
2025-11-03,PRD003,WH05,324,214
2025-11-10,PRD003,WH05,396,214
2025-11-17,PRD003,WH05,401,214
2025-11-24,PRD003,WH05,299,214
2025-12-01,PRD003,WH05,347,214
2025-12-08,PRD003,WH05,322,214
2025-12-15,PRD003,WH05,267,214
2025-12-22,PRD003,WH05,228,214
2025-12-29,PRD003,WH05,252,214
2024-01-01,PRD004,WH05,519,221
2024-01-08,PRD004,WH05,526,221
2024-01-15,PRD004,WH05,601,221
2024-01-22,PRD004,WH05,655,221
2024-01-29,PRD004,WH05,727,221
2024-02-05,PRD004,WH05,748,221
2024-02-12,PRD004,WH05,704,221
2024-02-19,PRD004,WH05,695,221
2024-02-26,PRD004,WH05,718,221
2024-03-04,PRD004,WH05,630,221
2024-03-11,PRD004,WH05,608,221
2024-03-18,PRD004,WH05,620,221
2024-03-25,PRD004,WH05,683,221
2024-04-01,PRD004,WH05,599,221
2024-04-08,PRD004,WH05,618,221
2024-04-15,PRD004,WH05,608,221
2024-04-22,PRD004,WH05,560,221
2024-04-29,PRD004,WH05,632,221
2024-05-06,PRD004,WH05,548,221
2024-05-13,PRD004,WH05,509,221
2024-05-20,PRD004,WH05,581,221
2024-05-27,PRD004,WH05,507,221
2024-06-03,PRD004,WH05,521,221
2024-06-10,PRD004,WH05,423,221
2024-06-17,PRD004,WH05,319,221
2024-06-24,PRD004,WH05,368,221
2024-07-01,PRD004,WH05,309,221
2024-07-08,PRD004,WH05,291,221
2024-07-15,PRD004,WH05,272,221
2024-07-22,PRD004,WH05,333,221
2024-07-29,PRD004,WH05,384,221
2024-08-05,PRD004,WH05,312,221
2024-08-12,PRD004,WH05,222,221
2024-08-19,PRD004,WH05,272,221
2024-08-26,PRD004,WH05,161,221
2024-09-02,PRD004,WH05,143,221
2024-09-09,PRD004,WH05,71,221
2024-09-16,PRD004,WH05,72,221
2024-09-23,PRD004,WH05,91,221
2024-09-30,PRD004,WH05,7,221
2024-10-07,PRD004,WH05,0,221
2024-10-14,PRD004,WH05,0,221
2024-10-21,PRD004,WH05,40,221
2024-10-28,PRD004,WH05,92,221
2024-11-04,PRD004,WH05,18,221
2024-11-11,PRD004,WH05,0,221
2024-11-18,PRD004,WH05,0,221
2024-11-25,PRD004,WH05,60,221
2024-12-02,PRD004,WH05,94,221
2024-12-09,PRD004,WH05,80,221
2024-12-16,PRD004,WH05,146,221
2024-12-23,PRD004,WH05,116,221
2024-12-30,PRD004,WH05,70,221
2025-01-06,PRD004,WH05,127,221
2025-01-13,PRD004,WH05,208,221
2025-01-20,PRD004,WH05,235,221
2025-01-27,PRD004,WH05,211,221
2025-02-03,PRD004,WH05,209,221
2025-02-10,PRD004,WH05,272,221
2025-02-17,PRD004,WH05,169,221
2025-02-24,PRD004,WH05,256,221
2025-03-03,PRD004,WH05,328,221
2025-03-10,PRD004,WH05,286,221
2025-03-17,PRD004,WH05,347,221
2025-03-24,PRD004,WH05,231,221
2025-03-31,PRD004,WH05,125,221
2025-04-07,PRD004,WH05,194,221
2025-04-14,PRD004,WH05,159,221
2025-04-21,PRD004,WH05,147,221
2025-04-28,PRD004,WH05,192,221
2025-05-05,PRD004,WH05,116,221
2025-05-12,PRD004,WH05,212,221
2025-05-19,PRD004,WH05,152,221
2025-05-26,PRD004,WH05,83,221
2025-06-02,PRD004,WH05,150,221
2025-06-09,PRD004,WH05,129,221
2025-06-16,PRD004,WH05,160,221
2025-06-23,PRD004,WH05,102,221
2025-06-30,PRD004,WH05,169,221
2025-07-07,PRD004,WH05,58,221
2025-07-14,PRD004,WH05,0,221
2025-07-21,PRD004,WH05,75,221
2025-07-28,PRD004,WH05,69,221
2025-08-04,PRD004,WH05,0,221
2025-08-11,PRD004,WH05,80,221
2025-08-18,PRD004,WH05,3,221
2025-08-25,PRD004,WH05,0,221
2025-09-01,PRD004,WH05,2,221
2025-09-08,PRD004,WH05,5,221
2025-09-15,PRD004,WH05,0,221
2025-09-22,PRD004,WH05,0,221
2025-09-29,PRD004,WH05,0,221
2025-10-06,PRD004,WH05,0,221
2025-10-13,PRD004,WH05,0,221
2025-10-20,PRD004,WH05,26,221
2025-10-27,PRD004,WH05,0,221
2025-11-03,PRD004,WH05,96,221
2025-11-10,PRD004,WH05,102,221
2025-11-17,PRD004,WH05,168,221
2025-11-24,PRD004,WH05,94,221
2025-12-01,PRD004,WH05,83,221
2025-12-08,PRD004,WH05,33,221
2025-12-15,PRD004,WH05,108,221
2025-12-22,PRD004,WH05,94,221
2025-12-29,PRD004,WH05,103,221
2024-01-01,PRD005,WH05,575,423
2024-01-08,PRD005,WH05,607,423
2024-01-15,PRD005,WH05,648,423
2024-01-22,PRD005,WH05,628,423
2024-01-29,PRD005,WH05,688,423
2024-02-05,PRD005,WH05,592,423
2024-02-12,PRD005,WH05,621,423
2024-02-19,PRD005,WH05,613,423
2024-02-26,PRD005,WH05,657,423
2024-03-04,PRD005,WH05,665,423
2024-03-11,PRD005,WH05,704,423
2024-03-18,PRD005,WH05,790,423
2024-03-25,PRD005,WH05,717,423
2024-04-01,PRD005,WH05,802,423
2024-04-08,PRD005,WH05,816,423
2024-04-15,PRD005,WH05,762,423
2024-04-22,PRD005,WH05,707,423
2024-04-29,PRD005,WH05,771,423
2024-05-06,PRD005,WH05,767,423
2024-05-13,PRD005,WH05,682,423
2024-05-20,PRD005,WH05,654,423
2024-05-27,PRD005,WH05,607,423
2024-06-03,PRD005,WH05,499,423
2024-06-10,PRD005,WH05,499,423
2024-06-17,PRD005,WH05,461,423
2024-06-24,PRD005,WH05,512,423
2024-07-01,PRD005,WH05,601,423
2024-07-08,PRD005,WH05,542,423
2024-07-15,PRD005,WH05,617,423
2024-07-22,PRD005,WH05,671,423
2024-07-29,PRD005,WH05,708,423
2024-08-05,PRD005,WH05,788,423
2024-08-12,PRD005,WH05,830,423
2024-08-19,PRD005,WH05,760,423
2024-08-26,PRD005,WH05,692,423
2024-09-02,PRD005,WH05,709,423
2024-09-09,PRD005,WH05,759,423
2024-09-16,PRD005,WH05,741,423
2024-09-23,PRD005,WH05,621,423
2024-09-30,PRD005,WH05,502,423
2024-10-07,PRD005,WH05,482,423
2024-10-14,PRD005,WH05,494,423
2024-10-21,PRD005,WH05,533,423
2024-10-28,PRD005,WH05,521,423
2024-11-04,PRD005,WH05,495,423
2024-11-11,PRD005,WH05,413,423
2024-11-18,PRD005,WH05,448,423
2024-11-25,PRD005,WH05,398,423
2024-12-02,PRD005,WH05,328,423
2024-12-09,PRD005,WH05,323,423
2024-12-16,PRD005,WH05,332,423
2024-12-23,PRD005,WH05,286,423
2024-12-30,PRD005,WH05,213,423
2025-01-06,PRD005,WH05,303,423
2025-01-13,PRD005,WH05,209,423
2025-01-20,PRD005,WH05,264,423
2025-01-27,PRD005,WH05,207,423
2025-02-03,PRD005,WH05,301,423
2025-02-10,PRD005,WH05,378,423
2025-02-17,PRD005,WH05,434,423
2025-02-24,PRD005,WH05,450,423
2025-03-03,PRD005,WH05,362,423
2025-03-10,PRD005,WH05,264,423
2025-03-17,PRD005,WH05,236,423
2025-03-24,PRD005,WH05,219,423
2025-03-31,PRD005,WH05,224,423
2025-04-07,PRD005,WH05,173,423
2025-04-14,PRD005,WH05,240,423
2025-04-21,PRD005,WH05,264,423
2025-04-28,PRD005,WH05,273,423
2025-05-05,PRD005,WH05,191,423
2025-05-12,PRD005,WH05,84,423
2025-05-19,PRD005,WH05,43,423
2025-05-26,PRD005,WH05,87,423
2025-06-02,PRD005,WH05,54,423
2025-06-09,PRD005,WH05,1,423
2025-06-16,PRD005,WH05,0,423
2025-06-23,PRD005,WH05,0,423
2025-06-30,PRD005,WH05,97,423
2025-07-07,PRD005,WH05,0,423
2025-07-14,PRD005,WH05,25,423
2025-07-21,PRD005,WH05,124,423
2025-07-28,PRD005,WH05,223,423
2025-08-04,PRD005,WH05,261,423
2025-08-11,PRD005,WH05,280,423
2025-08-18,PRD005,WH05,372,423
2025-08-25,PRD005,WH05,411,423
2025-09-01,PRD005,WH05,358,423
2025-09-08,PRD005,WH05,388,423
2025-09-15,PRD005,WH05,453,423
2025-09-22,PRD005,WH05,473,423
2025-09-29,PRD005,WH05,474,423
2025-10-06,PRD005,WH05,498,423
2025-10-13,PRD005,WH05,399,423
2025-10-20,PRD005,WH05,351,423
2025-10-27,PRD005,WH05,236,423
2025-11-03,PRD005,WH05,188,423
2025-11-10,PRD005,WH05,133,423
2025-11-17,PRD005,WH05,71,423
2025-11-24,PRD005,WH05,12,423
2025-12-01,PRD005,WH05,27,423
2025-12-08,PRD005,WH05,82,423
2025-12-15,PRD005,WH05,67,423
2025-12-22,PRD005,WH05,0,423
2025-12-29,PRD005,WH05,0,423
2024-01-01,PRD006,WH05,732,229
2024-01-08,PRD006,WH05,718,229
2024-01-15,PRD006,WH05,766,229
2024-01-22,PRD006,WH05,648,229
2024-01-29,PRD006,WH05,551,229
2024-02-05,PRD006,WH05,458,229
2024-02-12,PRD006,WH05,463,229
2024-02-19,PRD006,WH05,403,229
2024-02-26,PRD006,WH05,337,229
2024-03-04,PRD006,WH05,258,229
2024-03-11,PRD006,WH05,210,229
2024-03-18,PRD006,WH05,93,229
2024-03-25,PRD006,WH05,63,229
2024-04-01,PRD006,WH05,73,229
2024-04-08,PRD006,WH05,155,229
2024-04-15,PRD006,WH05,107,229
2024-04-22,PRD006,WH05,176,229
2024-04-29,PRD006,WH05,230,229
2024-05-06,PRD006,WH05,203,229
2024-05-13,PRD006,WH05,245,229
2024-05-20,PRD006,WH05,186,229
2024-05-27,PRD006,WH05,254,229
2024-06-03,PRD006,WH05,276,229
2024-06-10,PRD006,WH05,230,229
2024-06-17,PRD006,WH05,289,229
2024-06-24,PRD006,WH05,232,229
2024-07-01,PRD006,WH05,214,229
2024-07-08,PRD006,WH05,277,229
2024-07-15,PRD006,WH05,315,229
2024-07-22,PRD006,WH05,196,229
2024-07-29,PRD006,WH05,146,229
2024-08-05,PRD006,WH05,86,229
2024-08-12,PRD006,WH05,150,229
2024-08-19,PRD006,WH05,129,229
2024-08-26,PRD006,WH05,17,229
2024-09-02,PRD006,WH05,0,229
2024-09-09,PRD006,WH05,59,229
2024-09-16,PRD006,WH05,0,229
2024-09-23,PRD006,WH05,0,229
2024-09-30,PRD006,WH05,0,229
2024-10-07,PRD006,WH05,22,229
2024-10-14,PRD006,WH05,0,229
2024-10-21,PRD006,WH05,0,229
2024-10-28,PRD006,WH05,61,229
2024-11-04,PRD006,WH05,129,229
2024-11-11,PRD006,WH05,150,229
2024-11-18,PRD006,WH05,249,229
2024-11-25,PRD006,WH05,200,229
2024-12-02,PRD006,WH05,257,229
2024-12-09,PRD006,WH05,228,229
2024-12-16,PRD006,WH05,137,229
2024-12-23,PRD006,WH05,185,229
2024-12-30,PRD006,WH05,76,229
2025-01-06,PRD006,WH05,38,229
2025-01-13,PRD006,WH05,99,229
2025-01-20,PRD006,WH05,24,229
2025-01-27,PRD006,WH05,100,229
2025-02-03,PRD006,WH05,55,229
2025-02-10,PRD006,WH05,4,229
2025-02-17,PRD006,WH05,0,229
2025-02-24,PRD006,WH05,0,229
2025-03-03,PRD006,WH05,0,229
2025-03-10,PRD006,WH05,25,229
2025-03-17,PRD006,WH05,57,229
2025-03-24,PRD006,WH05,122,229
2025-03-31,PRD006,WH05,185,229
2025-04-07,PRD006,WH05,92,229
2025-04-14,PRD006,WH05,148,229
2025-04-21,PRD006,WH05,243,229
2025-04-28,PRD006,WH05,209,229
2025-05-05,PRD006,WH05,153,229
2025-05-12,PRD006,WH05,238,229
2025-05-19,PRD006,WH05,200,229
2025-05-26,PRD006,WH05,117,229
2025-06-02,PRD006,WH05,93,229
2025-06-09,PRD006,WH05,73,229
2025-06-16,PRD006,WH05,150,229
2025-06-23,PRD006,WH05,63,229
2025-06-30,PRD006,WH05,93,229
2025-07-07,PRD006,WH05,63,229
2025-07-14,PRD006,WH05,84,229
2025-07-21,PRD006,WH05,177,229
2025-07-28,PRD006,WH05,94,229
2025-08-04,PRD006,WH05,51,229
2025-08-11,PRD006,WH05,144,229
2025-08-18,PRD006,WH05,68,229
2025-08-25,PRD006,WH05,8,229
2025-09-01,PRD006,WH05,24,229
2025-09-08,PRD006,WH05,106,229
2025-09-15,PRD006,WH05,189,229
2025-09-22,PRD006,WH05,157,229
2025-09-29,PRD006,WH05,166,229
2025-10-06,PRD006,WH05,54,229
2025-10-13,PRD006,WH05,111,229
2025-10-20,PRD006,WH05,163,229
2025-10-27,PRD006,WH05,77,229
2025-11-03,PRD006,WH05,80,229
2025-11-10,PRD006,WH05,21,229
2025-11-17,PRD006,WH05,106,229
2025-11-24,PRD006,WH05,78,229
2025-12-01,PRD006,WH05,142,229
2025-12-08,PRD006,WH05,232,229
2025-12-15,PRD006,WH05,211,229
2025-12-22,PRD006,WH05,136,229
2025-12-29,PRD006,WH05,212,229
2024-01-01,PRD007,WH05,157,491
2024-01-08,PRD007,WH05,250,491
2024-01-15,PRD007,WH05,243,491
2024-01-22,PRD007,WH05,197,491
2024-01-29,PRD007,WH05,234,491
2024-02-05,PRD007,WH05,163,491
2024-02-12,PRD007,WH05,135,491
2024-02-19,PRD007,WH05,29,491
2024-02-26,PRD007,WH05,0,491
2024-03-04,PRD007,WH05,46,491
2024-03-11,PRD007,WH05,134,491
2024-03-18,PRD007,WH05,201,491
2024-03-25,PRD007,WH05,235,491
2024-04-01,PRD007,WH05,168,491
2024-04-08,PRD007,WH05,49,491
2024-04-15,PRD007,WH05,0,491
2024-04-22,PRD007,WH05,0,491
2024-04-29,PRD007,WH05,94,491
2024-05-06,PRD007,WH05,20,491
2024-05-13,PRD007,WH05,0,491
2024-05-20,PRD007,WH05,55,491
2024-05-27,PRD007,WH05,119,491
2024-06-03,PRD007,WH05,63,491
2024-06-10,PRD007,WH05,128,491
2024-06-17,PRD007,WH05,125,491
2024-06-24,PRD007,WH05,183,491
2024-07-01,PRD007,WH05,109,491
2024-07-08,PRD007,WH05,65,491
2024-07-15,PRD007,WH05,14,491
2024-07-22,PRD007,WH05,55,491
2024-07-29,PRD007,WH05,99,491
2024-08-05,PRD007,WH05,186,491
2024-08-12,PRD007,WH05,248,491
2024-08-19,PRD007,WH05,223,491
2024-08-26,PRD007,WH05,146,491
2024-09-02,PRD007,WH05,232,491
2024-09-09,PRD007,WH05,227,491
2024-09-16,PRD007,WH05,174,491
2024-09-23,PRD007,WH05,224,491
2024-09-30,PRD007,WH05,179,491
2024-10-07,PRD007,WH05,196,491
2024-10-14,PRD007,WH05,269,491
2024-10-21,PRD007,WH05,236,491
2024-10-28,PRD007,WH05,131,491
2024-11-04,PRD007,WH05,45,491
2024-11-11,PRD007,WH05,0,491
2024-11-18,PRD007,WH05,88,491
2024-11-25,PRD007,WH05,39,491
2024-12-02,PRD007,WH05,11,491
2024-12-09,PRD007,WH05,80,491
2024-12-16,PRD007,WH05,0,491
2024-12-23,PRD007,WH05,5,491
2024-12-30,PRD007,WH05,54,491
2025-01-06,PRD007,WH05,142,491
2025-01-13,PRD007,WH05,25,491
2025-01-20,PRD007,WH05,95,491
2025-01-27,PRD007,WH05,0,491
2025-02-03,PRD007,WH05,18,491
2025-02-10,PRD007,WH05,0,491
2025-02-17,PRD007,WH05,68,491
2025-02-24,PRD007,WH05,16,491
2025-03-03,PRD007,WH05,75,491
2025-03-10,PRD007,WH05,15,491
2025-03-17,PRD007,WH05,0,491
2025-03-24,PRD007,WH05,0,491
2025-03-31,PRD007,WH05,0,491
2025-04-07,PRD007,WH05,0,491
2025-04-14,PRD007,WH05,0,491
2025-04-21,PRD007,WH05,98,491
2025-04-28,PRD007,WH05,121,491
2025-05-05,PRD007,WH05,121,491
2025-05-12,PRD007,WH05,108,491
2025-05-19,PRD007,WH05,82,491
2025-05-26,PRD007,WH05,93,491
2025-06-02,PRD007,WH05,24,491
2025-06-09,PRD007,WH05,26,491
2025-06-16,PRD007,WH05,0,491
2025-06-23,PRD007,WH05,55,491
2025-06-30,PRD007,WH05,30,491
2025-07-07,PRD007,WH05,7,491
2025-07-14,PRD007,WH05,65,491
2025-07-21,PRD007,WH05,117,491
2025-07-28,PRD007,WH05,111,491
2025-08-04,PRD007,WH05,198,491
2025-08-11,PRD007,WH05,254,491
2025-08-18,PRD007,WH05,317,491
2025-08-25,PRD007,WH05,199,491
2025-09-01,PRD007,WH05,120,491
2025-09-08,PRD007,WH05,198,491
2025-09-15,PRD007,WH05,247,491
2025-09-22,PRD007,WH05,339,491
2025-09-29,PRD007,WH05,317,491
2025-10-06,PRD007,WH05,297,491
2025-10-13,PRD007,WH05,205,491
2025-10-20,PRD007,WH05,229,491
2025-10-27,PRD007,WH05,215,491
2025-11-03,PRD007,WH05,307,491
2025-11-10,PRD007,WH05,342,491
2025-11-17,PRD007,WH05,281,491
2025-11-24,PRD007,WH05,375,491
2025-12-01,PRD007,WH05,474,491
2025-12-08,PRD007,WH05,400,491
2025-12-15,PRD007,WH05,404,491
2025-12-22,PRD007,WH05,294,491
2025-12-29,PRD007,WH05,238,491
2024-01-01,PRD008,WH05,126,344
2024-01-08,PRD008,WH05,194,344
2024-01-15,PRD008,WH05,278,344
2024-01-22,PRD008,WH05,200,344
2024-01-29,PRD008,WH05,246,344
2024-02-05,PRD008,WH05,242,344
2024-02-12,PRD008,WH05,340,344
2024-02-19,PRD008,WH05,220,344
2024-02-26,PRD008,WH05,108,344
2024-03-04,PRD008,WH05,200,344
2024-03-11,PRD008,WH05,153,344
2024-03-18,PRD008,WH05,169,344
2024-03-25,PRD008,WH05,179,344
2024-04-01,PRD008,WH05,215,344
2024-04-08,PRD008,WH05,180,344
2024-04-15,PRD008,WH05,101,344
2024-04-22,PRD008,WH05,85,344
2024-04-29,PRD008,WH05,7,344
2024-05-06,PRD008,WH05,0,344
2024-05-13,PRD008,WH05,31,344
2024-05-20,PRD008,WH05,0,344
2024-05-27,PRD008,WH05,0,344
2024-06-03,PRD008,WH05,0,344
2024-06-10,PRD008,WH05,33,344
2024-06-17,PRD008,WH05,23,344
2024-06-24,PRD008,WH05,81,344
2024-07-01,PRD008,WH05,15,344
2024-07-08,PRD008,WH05,0,344
2024-07-15,PRD008,WH05,2,344
2024-07-22,PRD008,WH05,0,344
2024-07-29,PRD008,WH05,42,344
2024-08-05,PRD008,WH05,1,344
2024-08-12,PRD008,WH05,0,344
2024-08-19,PRD008,WH05,56,344
2024-08-26,PRD008,WH05,14,344
2024-09-02,PRD008,WH05,0,344
2024-09-09,PRD008,WH05,85,344
2024-09-16,PRD008,WH05,165,344
2024-09-23,PRD008,WH05,182,344
2024-09-30,PRD008,WH05,276,344
2024-10-07,PRD008,WH05,328,344
2024-10-14,PRD008,WH05,341,344
2024-10-21,PRD008,WH05,376,344
2024-10-28,PRD008,WH05,268,344
2024-11-04,PRD008,WH05,224,344
2024-11-11,PRD008,WH05,167,344
2024-11-18,PRD008,WH05,156,344
2024-11-25,PRD008,WH05,149,344
2024-12-02,PRD008,WH05,186,344
2024-12-09,PRD008,WH05,184,344
2024-12-16,PRD008,WH05,196,344
2024-12-23,PRD008,WH05,146,344
2024-12-30,PRD008,WH05,143,344
2025-01-06,PRD008,WH05,77,344
2025-01-13,PRD008,WH05,174,344
2025-01-20,PRD008,WH05,268,344
2025-01-27,PRD008,WH05,327,344
2025-02-03,PRD008,WH05,234,344
2025-02-10,PRD008,WH05,137,344
2025-02-17,PRD008,WH05,221,344
2025-02-24,PRD008,WH05,277,344
2025-03-03,PRD008,WH05,361,344
2025-03-10,PRD008,WH05,335,344
2025-03-17,PRD008,WH05,334,344
2025-03-24,PRD008,WH05,306,344
2025-03-31,PRD008,WH05,361,344
2025-04-07,PRD008,WH05,399,344
2025-04-14,PRD008,WH05,430,344
2025-04-21,PRD008,WH05,419,344
2025-04-28,PRD008,WH05,497,344
2025-05-05,PRD008,WH05,396,344
2025-05-12,PRD008,WH05,277,344
2025-05-19,PRD008,WH05,366,344
2025-05-26,PRD008,WH05,449,344
2025-06-02,PRD008,WH05,386,344
2025-06-09,PRD008,WH05,319,344
2025-06-16,PRD008,WH05,411,344
2025-06-23,PRD008,WH05,329,344
2025-06-30,PRD008,WH05,227,344
2025-07-07,PRD008,WH05,176,344
2025-07-14,PRD008,WH05,128,344
2025-07-21,PRD008,WH05,123,344
2025-07-28,PRD008,WH05,134,344
2025-08-04,PRD008,WH05,33,344
2025-08-11,PRD008,WH05,43,344
2025-08-18,PRD008,WH05,0,344
2025-08-25,PRD008,WH05,0,344
2025-09-01,PRD008,WH05,0,344
2025-09-08,PRD008,WH05,76,344
2025-09-15,PRD008,WH05,151,344
2025-09-22,PRD008,WH05,177,344
2025-09-29,PRD008,WH05,157,344
2025-10-06,PRD008,WH05,52,344
2025-10-13,PRD008,WH05,81,344
2025-10-20,PRD008,WH05,168,344
2025-10-27,PRD008,WH05,196,344
2025-11-03,PRD008,WH05,259,344
2025-11-10,PRD008,WH05,326,344
2025-11-17,PRD008,WH05,239,344
2025-11-24,PRD008,WH05,315,344
2025-12-01,PRD008,WH05,402,344
2025-12-08,PRD008,WH05,347,344
2025-12-15,PRD008,WH05,239,344
2025-12-22,PRD008,WH05,233,344
2025-12-29,PRD008,WH05,190,344
2024-01-01,PRD009,WH05,315,162
2024-01-08,PRD009,WH05,390,162
2024-01-15,PRD009,WH05,375,162
2024-01-22,PRD009,WH05,456,162
2024-01-29,PRD009,WH05,509,162
2024-02-05,PRD009,WH05,404,162
2024-02-12,PRD009,WH05,466,162
2024-02-19,PRD009,WH05,484,162
2024-02-26,PRD009,WH05,396,162
2024-03-04,PRD009,WH05,361,162
2024-03-11,PRD009,WH05,357,162
2024-03-18,PRD009,WH05,414,162
2024-03-25,PRD009,WH05,473,162
2024-04-01,PRD009,WH05,427,162
2024-04-08,PRD009,WH05,526,162
2024-04-15,PRD009,WH05,467,162
2024-04-22,PRD009,WH05,515,162
2024-04-29,PRD009,WH05,405,162
2024-05-06,PRD009,WH05,406,162
2024-05-13,PRD009,WH05,292,162
2024-05-20,PRD009,WH05,250,162
2024-05-27,PRD009,WH05,341,162
2024-06-03,PRD009,WH05,364,162
2024-06-10,PRD009,WH05,272,162
2024-06-17,PRD009,WH05,156,162
2024-06-24,PRD009,WH05,248,162
2024-07-01,PRD009,WH05,191,162
2024-07-08,PRD009,WH05,213,162
2024-07-15,PRD009,WH05,226,162
2024-07-22,PRD009,WH05,154,162
2024-07-29,PRD009,WH05,248,162
2024-08-05,PRD009,WH05,235,162
2024-08-12,PRD009,WH05,293,162
2024-08-19,PRD009,WH05,214,162
2024-08-26,PRD009,WH05,202,162
2024-09-02,PRD009,WH05,174,162
2024-09-09,PRD009,WH05,118,162
2024-09-16,PRD009,WH05,2,162
2024-09-23,PRD009,WH05,82,162
2024-09-30,PRD009,WH05,168,162
2024-10-07,PRD009,WH05,160,162
2024-10-14,PRD009,WH05,63,162
2024-10-21,PRD009,WH05,0,162
2024-10-28,PRD009,WH05,0,162
2024-11-04,PRD009,WH05,0,162
2024-11-11,PRD009,WH05,46,162
2024-11-18,PRD009,WH05,128,162
2024-11-25,PRD009,WH05,96,162
2024-12-02,PRD009,WH05,165,162
2024-12-09,PRD009,WH05,254,162
2024-12-16,PRD009,WH05,347,162
2024-12-23,PRD009,WH05,286,162
2024-12-30,PRD009,WH05,206,162
2025-01-06,PRD009,WH05,291,162
2025-01-13,PRD009,WH05,180,162
2025-01-20,PRD009,WH05,140,162
2025-01-27,PRD009,WH05,112,162
2025-02-03,PRD009,WH05,61,162
2025-02-10,PRD009,WH05,75,162
2025-02-17,PRD009,WH05,0,162
2025-02-24,PRD009,WH05,0,162
2025-03-03,PRD009,WH05,42,162
2025-03-10,PRD009,WH05,104,162
2025-03-17,PRD009,WH05,0,162
2025-03-24,PRD009,WH05,0,162
2025-03-31,PRD009,WH05,68,162
2025-04-07,PRD009,WH05,12,162
2025-04-14,PRD009,WH05,0,162
2025-04-21,PRD009,WH05,65,162
2025-04-28,PRD009,WH05,0,162
2025-05-05,PRD009,WH05,82,162
2025-05-12,PRD009,WH05,13,162
2025-05-19,PRD009,WH05,0,162
2025-05-26,PRD009,WH05,0,162
2025-06-02,PRD009,WH05,0,162
2025-06-09,PRD009,WH05,0,162
2025-06-16,PRD009,WH05,63,162
2025-06-23,PRD009,WH05,20,162
2025-06-30,PRD009,WH05,22,162
2025-07-07,PRD009,WH05,0,162
2025-07-14,PRD009,WH05,0,162
2025-07-21,PRD009,WH05,0,162
2025-07-28,PRD009,WH05,40,162
2025-08-04,PRD009,WH05,0,162
2025-08-11,PRD009,WH05,84,162
2025-08-18,PRD009,WH05,108,162
2025-08-25,PRD009,WH05,98,162
2025-09-01,PRD009,WH05,16,162
2025-09-08,PRD009,WH05,0,162
2025-09-15,PRD009,WH05,13,162
2025-09-22,PRD009,WH05,42,162
2025-09-29,PRD009,WH05,8,162
2025-10-06,PRD009,WH05,0,162
2025-10-13,PRD009,WH05,0,162
2025-10-20,PRD009,WH05,0,162
2025-10-27,PRD009,WH05,0,162
2025-11-03,PRD009,WH05,1,162
2025-11-10,PRD009,WH05,73,162
2025-11-17,PRD009,WH05,84,162
2025-11-24,PRD009,WH05,159,162
2025-12-01,PRD009,WH05,95,162
2025-12-08,PRD009,WH05,136,162
2025-12-15,PRD009,WH05,45,162
2025-12-22,PRD009,WH05,91,162
2025-12-29,PRD009,WH05,177,162
2024-01-01,PRD010,WH05,747,489
2024-01-08,PRD010,WH05,698,489
2024-01-15,PRD010,WH05,795,489
2024-01-22,PRD010,WH05,691,489
2024-01-29,PRD010,WH05,664,489
2024-02-05,PRD010,WH05,668,489
2024-02-12,PRD010,WH05,646,489
2024-02-19,PRD010,WH05,537,489
2024-02-26,PRD010,WH05,422,489
2024-03-04,PRD010,WH05,458,489
2024-03-11,PRD010,WH05,479,489
2024-03-18,PRD010,WH05,359,489
2024-03-25,PRD010,WH05,457,489
2024-04-01,PRD010,WH05,503,489
2024-04-08,PRD010,WH05,388,489
2024-04-15,PRD010,WH05,378,489
2024-04-22,PRD010,WH05,369,489
2024-04-29,PRD010,WH05,420,489
2024-05-06,PRD010,WH05,468,489
2024-05-13,PRD010,WH05,442,489
2024-05-20,PRD010,WH05,434,489
2024-05-27,PRD010,WH05,473,489
2024-06-03,PRD010,WH05,449,489
2024-06-10,PRD010,WH05,540,489
2024-06-17,PRD010,WH05,424,489
2024-06-24,PRD010,WH05,350,489
2024-07-01,PRD010,WH05,374,489
2024-07-08,PRD010,WH05,286,489
2024-07-15,PRD010,WH05,335,489
2024-07-22,PRD010,WH05,365,489
2024-07-29,PRD010,WH05,314,489
2024-08-05,PRD010,WH05,243,489
2024-08-12,PRD010,WH05,279,489
2024-08-19,PRD010,WH05,222,489
2024-08-26,PRD010,WH05,105,489
2024-09-02,PRD010,WH05,105,489
2024-09-09,PRD010,WH05,119,489
2024-09-16,PRD010,WH05,77,489
2024-09-23,PRD010,WH05,146,489
2024-09-30,PRD010,WH05,84,489
2024-10-07,PRD010,WH05,112,489
2024-10-14,PRD010,WH05,7,489
2024-10-21,PRD010,WH05,0,489
2024-10-28,PRD010,WH05,20,489
2024-11-04,PRD010,WH05,35,489
2024-11-11,PRD010,WH05,0,489
2024-11-18,PRD010,WH05,10,489
2024-11-25,PRD010,WH05,0,489
2024-12-02,PRD010,WH05,53,489
2024-12-09,PRD010,WH05,122,489
2024-12-16,PRD010,WH05,24,489
2024-12-23,PRD010,WH05,39,489
2024-12-30,PRD010,WH05,66,489
2025-01-06,PRD010,WH05,0,489
2025-01-13,PRD010,WH05,82,489
2025-01-20,PRD010,WH05,15,489
2025-01-27,PRD010,WH05,42,489
2025-02-03,PRD010,WH05,0,489
2025-02-10,PRD010,WH05,0,489
2025-02-17,PRD010,WH05,24,489
2025-02-24,PRD010,WH05,0,489
2025-03-03,PRD010,WH05,72,489
2025-03-10,PRD010,WH05,148,489
2025-03-17,PRD010,WH05,125,489
2025-03-24,PRD010,WH05,201,489
2025-03-31,PRD010,WH05,184,489
2025-04-07,PRD010,WH05,172,489
2025-04-14,PRD010,WH05,251,489
2025-04-21,PRD010,WH05,198,489
2025-04-28,PRD010,WH05,120,489
2025-05-05,PRD010,WH05,139,489
2025-05-12,PRD010,WH05,112,489
2025-05-19,PRD010,WH05,202,489
2025-05-26,PRD010,WH05,103,489
2025-06-02,PRD010,WH05,202,489
2025-06-09,PRD010,WH05,175,489
2025-06-16,PRD010,WH05,252,489
2025-06-23,PRD010,WH05,256,489
2025-06-30,PRD010,WH05,283,489
2025-07-07,PRD010,WH05,276,489
2025-07-14,PRD010,WH05,298,489
2025-07-21,PRD010,WH05,292,489
2025-07-28,PRD010,WH05,179,489
2025-08-04,PRD010,WH05,95,489
2025-08-11,PRD010,WH05,130,489
2025-08-18,PRD010,WH05,20,489
2025-08-25,PRD010,WH05,0,489
2025-09-01,PRD010,WH05,0,489
2025-09-08,PRD010,WH05,0,489
2025-09-15,PRD010,WH05,0,489
2025-09-22,PRD010,WH05,0,489
2025-09-29,PRD010,WH05,83,489
2025-10-06,PRD010,WH05,171,489
2025-10-13,PRD010,WH05,58,489
2025-10-20,PRD010,WH05,0,489
2025-10-27,PRD010,WH05,0,489
2025-11-03,PRD010,WH05,67,489
2025-11-10,PRD010,WH05,8,489
2025-11-17,PRD010,WH05,0,489
2025-11-24,PRD010,WH05,0,489
2025-12-01,PRD010,WH05,67,489
2025-12-08,PRD010,WH05,125,489
2025-12-15,PRD010,WH05,88,489
2025-12-22,PRD010,WH05,31,489
2025-12-29,PRD010,WH05,0,489
2024-01-01,PRD011,WH05,430,162
2024-01-08,PRD011,WH05,357,162
2024-01-15,PRD011,WH05,382,162
2024-01-22,PRD011,WH05,281,162
2024-01-29,PRD011,WH05,361,162
2024-02-05,PRD011,WH05,435,162
2024-02-12,PRD011,WH05,354,162
2024-02-19,PRD011,WH05,335,162
2024-02-26,PRD011,WH05,232,162
2024-03-04,PRD011,WH05,251,162
2024-03-11,PRD011,WH05,250,162
2024-03-18,PRD011,WH05,212,162
2024-03-25,PRD011,WH05,245,162
2024-04-01,PRD011,WH05,221,162
2024-04-08,PRD011,WH05,133,162
2024-04-15,PRD011,WH05,146,162
2024-04-22,PRD011,WH05,143,162
2024-04-29,PRD011,WH05,208,162
2024-05-06,PRD011,WH05,272,162
2024-05-13,PRD011,WH05,279,162
2024-05-20,PRD011,WH05,295,162
2024-05-27,PRD011,WH05,312,162
2024-06-03,PRD011,WH05,363,162
2024-06-10,PRD011,WH05,423,162
2024-06-17,PRD011,WH05,457,162
2024-06-24,PRD011,WH05,417,162
2024-07-01,PRD011,WH05,476,162
2024-07-08,PRD011,WH05,439,162
2024-07-15,PRD011,WH05,510,162
2024-07-22,PRD011,WH05,571,162
2024-07-29,PRD011,WH05,591,162
2024-08-05,PRD011,WH05,629,162
2024-08-12,PRD011,WH05,717,162
2024-08-19,PRD011,WH05,773,162
2024-08-26,PRD011,WH05,855,162
2024-09-02,PRD011,WH05,889,162
2024-09-09,PRD011,WH05,781,162
2024-09-16,PRD011,WH05,834,162
2024-09-23,PRD011,WH05,764,162
2024-09-30,PRD011,WH05,814,162
2024-10-07,PRD011,WH05,797,162
2024-10-14,PRD011,WH05,795,162
2024-10-21,PRD011,WH05,774,162
2024-10-28,PRD011,WH05,732,162
2024-11-04,PRD011,WH05,825,162
2024-11-11,PRD011,WH05,921,162
2024-11-18,PRD011,WH05,819,162
2024-11-25,PRD011,WH05,727,162
2024-12-02,PRD011,WH05,693,162
2024-12-09,PRD011,WH05,783,162
2024-12-16,PRD011,WH05,857,162
2024-12-23,PRD011,WH05,883,162
2024-12-30,PRD011,WH05,775,162
2025-01-06,PRD011,WH05,751,162
2025-01-13,PRD011,WH05,718,162
2025-01-20,PRD011,WH05,635,162
2025-01-27,PRD011,WH05,677,162
2025-02-03,PRD011,WH05,589,162
2025-02-10,PRD011,WH05,513,162
2025-02-17,PRD011,WH05,577,162
2025-02-24,PRD011,WH05,505,162
2025-03-03,PRD011,WH05,578,162
2025-03-10,PRD011,WH05,540,162
2025-03-17,PRD011,WH05,458,162
2025-03-24,PRD011,WH05,384,162
2025-03-31,PRD011,WH05,424,162
2025-04-07,PRD011,WH05,394,162
2025-04-14,PRD011,WH05,451,162
2025-04-21,PRD011,WH05,524,162
2025-04-28,PRD011,WH05,436,162
2025-05-05,PRD011,WH05,492,162
2025-05-12,PRD011,WH05,570,162
2025-05-19,PRD011,WH05,587,162
2025-05-26,PRD011,WH05,622,162
2025-06-02,PRD011,WH05,590,162
2025-06-09,PRD011,WH05,564,162
2025-06-16,PRD011,WH05,615,162
2025-06-23,PRD011,WH05,620,162
2025-06-30,PRD011,WH05,512,162
2025-07-07,PRD011,WH05,420,162
2025-07-14,PRD011,WH05,339,162
2025-07-21,PRD011,WH05,355,162
2025-07-28,PRD011,WH05,391,162
2025-08-04,PRD011,WH05,402,162
2025-08-11,PRD011,WH05,362,162
2025-08-18,PRD011,WH05,450,162
2025-08-25,PRD011,WH05,476,162
2025-09-01,PRD011,WH05,470,162
2025-09-08,PRD011,WH05,525,162
2025-09-15,PRD011,WH05,599,162
2025-09-22,PRD011,WH05,579,162
2025-09-29,PRD011,WH05,628,162
2025-10-06,PRD011,WH05,621,162
2025-10-13,PRD011,WH05,710,162
2025-10-20,PRD011,WH05,802,162
2025-10-27,PRD011,WH05,739,162
2025-11-03,PRD011,WH05,706,162
2025-11-10,PRD011,WH05,644,162
2025-11-17,PRD011,WH05,667,162
2025-11-24,PRD011,WH05,672,162
2025-12-01,PRD011,WH05,657,162
2025-12-08,PRD011,WH05,596,162
2025-12-15,PRD011,WH05,670,162
2025-12-22,PRD011,WH05,694,162
2025-12-29,PRD011,WH05,765,162
2024-01-01,PRD012,WH05,382,269
2024-01-08,PRD012,WH05,460,269
2024-01-15,PRD012,WH05,443,269
2024-01-22,PRD012,WH05,472,269
2024-01-29,PRD012,WH05,358,269
2024-02-05,PRD012,WH05,334,269
2024-02-12,PRD012,WH05,218,269
2024-02-19,PRD012,WH05,238,269
2024-02-26,PRD012,WH05,127,269
2024-03-04,PRD012,WH05,148,269
2024-03-11,PRD012,WH05,98,269
2024-03-18,PRD012,WH05,136,269
2024-03-25,PRD012,WH05,19,269
2024-04-01,PRD012,WH05,8,269
2024-04-08,PRD012,WH05,0,269
2024-04-15,PRD012,WH05,0,269
2024-04-22,PRD012,WH05,0,269
2024-04-29,PRD012,WH05,7,269
2024-05-06,PRD012,WH05,0,269
2024-05-13,PRD012,WH05,85,269
2024-05-20,PRD012,WH05,171,269
2024-05-27,PRD012,WH05,107,269
2024-06-03,PRD012,WH05,21,269
2024-06-10,PRD012,WH05,0,269
2024-06-17,PRD012,WH05,21,269
2024-06-24,PRD012,WH05,0,269
2024-07-01,PRD012,WH05,31,269
2024-07-08,PRD012,WH05,0,269
2024-07-15,PRD012,WH05,1,269
2024-07-22,PRD012,WH05,61,269
2024-07-29,PRD012,WH05,55,269
2024-08-05,PRD012,WH05,142,269
2024-08-12,PRD012,WH05,120,269
2024-08-19,PRD012,WH05,26,269
2024-08-26,PRD012,WH05,3,269
2024-09-02,PRD012,WH05,95,269
2024-09-09,PRD012,WH05,0,269
2024-09-16,PRD012,WH05,40,269
2024-09-23,PRD012,WH05,139,269
2024-09-30,PRD012,WH05,109,269
2024-10-07,PRD012,WH05,5,269
2024-10-14,PRD012,WH05,70,269
2024-10-21,PRD012,WH05,57,269
2024-10-28,PRD012,WH05,0,269
2024-11-04,PRD012,WH05,0,269
2024-11-11,PRD012,WH05,0,269
2024-11-18,PRD012,WH05,0,269
2024-11-25,PRD012,WH05,5,269
2024-12-02,PRD012,WH05,29,269
2024-12-09,PRD012,WH05,103,269
2024-12-16,PRD012,WH05,39,269
2024-12-23,PRD012,WH05,52,269
2024-12-30,PRD012,WH05,115,269
2025-01-06,PRD012,WH05,211,269
2025-01-13,PRD012,WH05,160,269
2025-01-20,PRD012,WH05,139,269
2025-01-27,PRD012,WH05,121,269
2025-02-03,PRD012,WH05,100,269
2025-02-10,PRD012,WH05,157,269
2025-02-17,PRD012,WH05,103,269
2025-02-24,PRD012,WH05,145,269
2025-03-03,PRD012,WH05,135,269
2025-03-10,PRD012,WH05,161,269
2025-03-17,PRD012,WH05,115,269
2025-03-24,PRD012,WH05,137,269
2025-03-31,PRD012,WH05,53,269
2025-04-07,PRD012,WH05,28,269
2025-04-14,PRD012,WH05,66,269
2025-04-21,PRD012,WH05,128,269
2025-04-28,PRD012,WH05,93,269
2025-05-05,PRD012,WH05,43,269
2025-05-12,PRD012,WH05,51,269
2025-05-19,PRD012,WH05,26,269
2025-05-26,PRD012,WH05,0,269
2025-06-02,PRD012,WH05,0,269
2025-06-09,PRD012,WH05,41,269
2025-06-16,PRD012,WH05,0,269
2025-06-23,PRD012,WH05,34,269
2025-06-30,PRD012,WH05,0,269
2025-07-07,PRD012,WH05,0,269
2025-07-14,PRD012,WH05,23,269
2025-07-21,PRD012,WH05,27,269
2025-07-28,PRD012,WH05,112,269
2025-08-04,PRD012,WH05,106,269
2025-08-11,PRD012,WH05,10,269
2025-08-18,PRD012,WH05,0,269
2025-08-25,PRD012,WH05,0,269
2025-09-01,PRD012,WH05,75,269
2025-09-08,PRD012,WH05,157,269
2025-09-15,PRD012,WH05,108,269
2025-09-22,PRD012,WH05,174,269
2025-09-29,PRD012,WH05,150,269
2025-10-06,PRD012,WH05,218,269
2025-10-13,PRD012,WH05,183,269
2025-10-20,PRD012,WH05,77,269
2025-10-27,PRD012,WH05,17,269
2025-11-03,PRD012,WH05,36,269
2025-11-10,PRD012,WH05,0,269
2025-11-17,PRD012,WH05,31,269
2025-11-24,PRD012,WH05,0,269
2025-12-01,PRD012,WH05,0,269
2025-12-08,PRD012,WH05,0,269
2025-12-15,PRD012,WH05,69,269
2025-12-22,PRD012,WH05,0,269
2025-12-29,PRD012,WH05,0,269
2024-01-01,PRD013,WH05,354,273
2024-01-08,PRD013,WH05,331,273
2024-01-15,PRD013,WH05,319,273
2024-01-22,PRD013,WH05,245,273
2024-01-29,PRD013,WH05,231,273
2024-02-05,PRD013,WH05,246,273
2024-02-12,PRD013,WH05,176,273
2024-02-19,PRD013,WH05,261,273
2024-02-26,PRD013,WH05,248,273
2024-03-04,PRD013,WH05,164,273
2024-03-11,PRD013,WH05,124,273
2024-03-18,PRD013,WH05,174,273
2024-03-25,PRD013,WH05,267,273
2024-04-01,PRD013,WH05,331,273
2024-04-08,PRD013,WH05,254,273
2024-04-15,PRD013,WH05,326,273
2024-04-22,PRD013,WH05,382,273
2024-04-29,PRD013,WH05,300,273
2024-05-06,PRD013,WH05,383,273
2024-05-13,PRD013,WH05,382,273
2024-05-20,PRD013,WH05,291,273
2024-05-27,PRD013,WH05,250,273
2024-06-03,PRD013,WH05,195,273
2024-06-10,PRD013,WH05,125,273
2024-06-17,PRD013,WH05,83,273
2024-06-24,PRD013,WH05,8,273
2024-07-01,PRD013,WH05,23,273
2024-07-08,PRD013,WH05,36,273
2024-07-15,PRD013,WH05,102,273
2024-07-22,PRD013,WH05,99,273
2024-07-29,PRD013,WH05,80,273
2024-08-05,PRD013,WH05,0,273
2024-08-12,PRD013,WH05,0,273
2024-08-19,PRD013,WH05,0,273
2024-08-26,PRD013,WH05,0,273
2024-09-02,PRD013,WH05,10,273
2024-09-09,PRD013,WH05,0,273
2024-09-16,PRD013,WH05,95,273
2024-09-23,PRD013,WH05,89,273
2024-09-30,PRD013,WH05,30,273
2024-10-07,PRD013,WH05,125,273
2024-10-14,PRD013,WH05,34,273
2024-10-21,PRD013,WH05,0,273
2024-10-28,PRD013,WH05,19,273
2024-11-04,PRD013,WH05,0,273
2024-11-11,PRD013,WH05,57,273
2024-11-18,PRD013,WH05,146,273
2024-11-25,PRD013,WH05,171,273
2024-12-02,PRD013,WH05,143,273
2024-12-09,PRD013,WH05,69,273
2024-12-16,PRD013,WH05,11,273
2024-12-23,PRD013,WH05,62,273
2024-12-30,PRD013,WH05,90,273
2025-01-06,PRD013,WH05,145,273
2025-01-13,PRD013,WH05,90,273
2025-01-20,PRD013,WH05,1,273
2025-01-27,PRD013,WH05,0,273
2025-02-03,PRD013,WH05,52,273
2025-02-10,PRD013,WH05,110,273
2025-02-17,PRD013,WH05,42,273
2025-02-24,PRD013,WH05,32,273
2025-03-03,PRD013,WH05,32,273
2025-03-10,PRD013,WH05,67,273
2025-03-17,PRD013,WH05,35,273
2025-03-24,PRD013,WH05,0,273
2025-03-31,PRD013,WH05,0,273
2025-04-07,PRD013,WH05,68,273
2025-04-14,PRD013,WH05,71,273
2025-04-21,PRD013,WH05,86,273
2025-04-28,PRD013,WH05,139,273
2025-05-05,PRD013,WH05,49,273
2025-05-12,PRD013,WH05,0,273
2025-05-19,PRD013,WH05,0,273
2025-05-26,PRD013,WH05,0,273
2025-06-02,PRD013,WH05,62,273
2025-06-09,PRD013,WH05,26,273
2025-06-16,PRD013,WH05,70,273
2025-06-23,PRD013,WH05,35,273
2025-06-30,PRD013,WH05,72,273
2025-07-07,PRD013,WH05,34,273
2025-07-14,PRD013,WH05,0,273
2025-07-21,PRD013,WH05,0,273
2025-07-28,PRD013,WH05,20,273
2025-08-04,PRD013,WH05,0,273
2025-08-11,PRD013,WH05,0,273
2025-08-18,PRD013,WH05,0,273
2025-08-25,PRD013,WH05,28,273
2025-09-01,PRD013,WH05,59,273
2025-09-08,PRD013,WH05,44,273
2025-09-15,PRD013,WH05,0,273
2025-09-22,PRD013,WH05,0,273
2025-09-29,PRD013,WH05,29,273
2025-10-06,PRD013,WH05,123,273
2025-10-13,PRD013,WH05,51,273
2025-10-20,PRD013,WH05,0,273
2025-10-27,PRD013,WH05,0,273
2025-11-03,PRD013,WH05,27,273
2025-11-10,PRD013,WH05,66,273
2025-11-17,PRD013,WH05,123,273
2025-11-24,PRD013,WH05,107,273
2025-12-01,PRD013,WH05,112,273
2025-12-08,PRD013,WH05,181,273
2025-12-15,PRD013,WH05,203,273
2025-12-22,PRD013,WH05,252,273
2025-12-29,PRD013,WH05,142,273
2024-01-01,PRD014,WH05,211,175
2024-01-08,PRD014,WH05,212,175
2024-01-15,PRD014,WH05,129,175
2024-01-22,PRD014,WH05,89,175
2024-01-29,PRD014,WH05,157,175
2024-02-05,PRD014,WH05,225,175
2024-02-12,PRD014,WH05,197,175
2024-02-19,PRD014,WH05,91,175
2024-02-26,PRD014,WH05,126,175
2024-03-04,PRD014,WH05,92,175
2024-03-11,PRD014,WH05,38,175
2024-03-18,PRD014,WH05,0,175
2024-03-25,PRD014,WH05,0,175
2024-04-01,PRD014,WH05,68,175
2024-04-08,PRD014,WH05,0,175
2024-04-15,PRD014,WH05,0,175
2024-04-22,PRD014,WH05,31,175
2024-04-29,PRD014,WH05,0,175
2024-05-06,PRD014,WH05,0,175
2024-05-13,PRD014,WH05,0,175
2024-05-20,PRD014,WH05,0,175
2024-05-27,PRD014,WH05,0,175
2024-06-03,PRD014,WH05,0,175
2024-06-10,PRD014,WH05,93,175
2024-06-17,PRD014,WH05,51,175
2024-06-24,PRD014,WH05,0,175
2024-07-01,PRD014,WH05,0,175
2024-07-08,PRD014,WH05,58,175
2024-07-15,PRD014,WH05,12,175
2024-07-22,PRD014,WH05,0,175
2024-07-29,PRD014,WH05,48,175
2024-08-05,PRD014,WH05,16,175
2024-08-12,PRD014,WH05,105,175
2024-08-19,PRD014,WH05,147,175
2024-08-26,PRD014,WH05,131,175
2024-09-02,PRD014,WH05,54,175
2024-09-09,PRD014,WH05,0,175
2024-09-16,PRD014,WH05,63,175
2024-09-23,PRD014,WH05,154,175
2024-09-30,PRD014,WH05,91,175
2024-10-07,PRD014,WH05,141,175
2024-10-14,PRD014,WH05,207,175
2024-10-21,PRD014,WH05,269,175
2024-10-28,PRD014,WH05,185,175
2024-11-04,PRD014,WH05,226,175
2024-11-11,PRD014,WH05,279,175
2024-11-18,PRD014,WH05,334,175
2024-11-25,PRD014,WH05,431,175
2024-12-02,PRD014,WH05,478,175
2024-12-09,PRD014,WH05,377,175
2024-12-16,PRD014,WH05,426,175
2024-12-23,PRD014,WH05,377,175
2024-12-30,PRD014,WH05,448,175
2025-01-06,PRD014,WH05,478,175
2025-01-13,PRD014,WH05,408,175
2025-01-20,PRD014,WH05,386,175
2025-01-27,PRD014,WH05,405,175
2025-02-03,PRD014,WH05,463,175
2025-02-10,PRD014,WH05,470,175
2025-02-17,PRD014,WH05,352,175
2025-02-24,PRD014,WH05,238,175
2025-03-03,PRD014,WH05,282,175
2025-03-10,PRD014,WH05,181,175
2025-03-17,PRD014,WH05,276,175
2025-03-24,PRD014,WH05,341,175
2025-03-31,PRD014,WH05,309,175
2025-04-07,PRD014,WH05,207,175
2025-04-14,PRD014,WH05,113,175
2025-04-21,PRD014,WH05,197,175
2025-04-28,PRD014,WH05,162,175
2025-05-05,PRD014,WH05,205,175
2025-05-12,PRD014,WH05,272,175
2025-05-19,PRD014,WH05,174,175
2025-05-26,PRD014,WH05,265,175
2025-06-02,PRD014,WH05,302,175
2025-06-09,PRD014,WH05,307,175
2025-06-16,PRD014,WH05,397,175
2025-06-23,PRD014,WH05,495,175
2025-06-30,PRD014,WH05,413,175
2025-07-07,PRD014,WH05,401,175
2025-07-14,PRD014,WH05,395,175
2025-07-21,PRD014,WH05,340,175
2025-07-28,PRD014,WH05,323,175
2025-08-04,PRD014,WH05,236,175
2025-08-11,PRD014,WH05,252,175
2025-08-18,PRD014,WH05,344,175
2025-08-25,PRD014,WH05,307,175
2025-09-01,PRD014,WH05,294,175
2025-09-08,PRD014,WH05,285,175
2025-09-15,PRD014,WH05,236,175
2025-09-22,PRD014,WH05,293,175
2025-09-29,PRD014,WH05,385,175
2025-10-06,PRD014,WH05,344,175
2025-10-13,PRD014,WH05,224,175
2025-10-20,PRD014,WH05,105,175
2025-10-27,PRD014,WH05,181,175
2025-11-03,PRD014,WH05,95,175
2025-11-10,PRD014,WH05,48,175
2025-11-17,PRD014,WH05,100,175
2025-11-24,PRD014,WH05,0,175
2025-12-01,PRD014,WH05,70,175
2025-12-08,PRD014,WH05,0,175
2025-12-15,PRD014,WH05,86,175
2025-12-22,PRD014,WH05,68,175
2025-12-29,PRD014,WH05,50,175
2024-01-01,PRD015,WH05,359,221
2024-01-08,PRD015,WH05,364,221
2024-01-15,PRD015,WH05,410,221
2024-01-22,PRD015,WH05,390,221
2024-01-29,PRD015,WH05,477,221
2024-02-05,PRD015,WH05,534,221
2024-02-12,PRD015,WH05,473,221
2024-02-19,PRD015,WH05,439,221
2024-02-26,PRD015,WH05,465,221
2024-03-04,PRD015,WH05,354,221
2024-03-11,PRD015,WH05,237,221
2024-03-18,PRD015,WH05,213,221
2024-03-25,PRD015,WH05,259,221
2024-04-01,PRD015,WH05,215,221
2024-04-08,PRD015,WH05,169,221
2024-04-15,PRD015,WH05,91,221
2024-04-22,PRD015,WH05,170,221
2024-04-29,PRD015,WH05,147,221
2024-05-06,PRD015,WH05,63,221
2024-05-13,PRD015,WH05,155,221
2024-05-20,PRD015,WH05,149,221
2024-05-27,PRD015,WH05,46,221
2024-06-03,PRD015,WH05,0,221
2024-06-10,PRD015,WH05,53,221
2024-06-17,PRD015,WH05,110,221
2024-06-24,PRD015,WH05,134,221
2024-07-01,PRD015,WH05,164,221
2024-07-08,PRD015,WH05,49,221
2024-07-15,PRD015,WH05,147,221
2024-07-22,PRD015,WH05,189,221
2024-07-29,PRD015,WH05,189,221
2024-08-05,PRD015,WH05,105,221
2024-08-12,PRD015,WH05,73,221
2024-08-19,PRD015,WH05,1,221
2024-08-26,PRD015,WH05,11,221
2024-09-02,PRD015,WH05,58,221
2024-09-09,PRD015,WH05,125,221
2024-09-16,PRD015,WH05,39,221
2024-09-23,PRD015,WH05,86,221
2024-09-30,PRD015,WH05,152,221
2024-10-07,PRD015,WH05,163,221
2024-10-14,PRD015,WH05,211,221
2024-10-21,PRD015,WH05,145,221
2024-10-28,PRD015,WH05,157,221
2024-11-04,PRD015,WH05,101,221
2024-11-11,PRD015,WH05,139,221
2024-11-18,PRD015,WH05,78,221
2024-11-25,PRD015,WH05,128,221
2024-12-02,PRD015,WH05,16,221
2024-12-09,PRD015,WH05,0,221
2024-12-16,PRD015,WH05,0,221
2024-12-23,PRD015,WH05,65,221
2024-12-30,PRD015,WH05,88,221
2025-01-06,PRD015,WH05,165,221
2025-01-13,PRD015,WH05,132,221
2025-01-20,PRD015,WH05,100,221
2025-01-27,PRD015,WH05,13,221
2025-02-03,PRD015,WH05,3,221
2025-02-10,PRD015,WH05,0,221
2025-02-17,PRD015,WH05,0,221
2025-02-24,PRD015,WH05,92,221
2025-03-03,PRD015,WH05,176,221
2025-03-10,PRD015,WH05,221,221
2025-03-17,PRD015,WH05,150,221
2025-03-24,PRD015,WH05,123,221
2025-03-31,PRD015,WH05,142,221
2025-04-07,PRD015,WH05,118,221
2025-04-14,PRD015,WH05,155,221
2025-04-21,PRD015,WH05,206,221
2025-04-28,PRD015,WH05,300,221
2025-05-05,PRD015,WH05,396,221
2025-05-12,PRD015,WH05,369,221
2025-05-19,PRD015,WH05,367,221
2025-05-26,PRD015,WH05,370,221
2025-06-02,PRD015,WH05,469,221
2025-06-09,PRD015,WH05,468,221
2025-06-16,PRD015,WH05,349,221
2025-06-23,PRD015,WH05,430,221
2025-06-30,PRD015,WH05,409,221
2025-07-07,PRD015,WH05,297,221
2025-07-14,PRD015,WH05,247,221
2025-07-21,PRD015,WH05,138,221
2025-07-28,PRD015,WH05,179,221
2025-08-04,PRD015,WH05,137,221
2025-08-11,PRD015,WH05,193,221
2025-08-18,PRD015,WH05,251,221
2025-08-25,PRD015,WH05,270,221
2025-09-01,PRD015,WH05,261,221
2025-09-08,PRD015,WH05,266,221
2025-09-15,PRD015,WH05,151,221
2025-09-22,PRD015,WH05,56,221
2025-09-29,PRD015,WH05,132,221
2025-10-06,PRD015,WH05,60,221
2025-10-13,PRD015,WH05,118,221
2025-10-20,PRD015,WH05,71,221
2025-10-27,PRD015,WH05,35,221
2025-11-03,PRD015,WH05,134,221
2025-11-10,PRD015,WH05,182,221
2025-11-17,PRD015,WH05,72,221
2025-11-24,PRD015,WH05,57,221
2025-12-01,PRD015,WH05,0,221
2025-12-08,PRD015,WH05,21,221
2025-12-15,PRD015,WH05,0,221
2025-12-22,PRD015,WH05,0,221
2025-12-29,PRD015,WH05,0,221
2024-01-01,PRD016,WH05,110,465
2024-01-08,PRD016,WH05,131,465
2024-01-15,PRD016,WH05,214,465
2024-01-22,PRD016,WH05,119,465
2024-01-29,PRD016,WH05,199,465
2024-02-05,PRD016,WH05,209,465
2024-02-12,PRD016,WH05,304,465
2024-02-19,PRD016,WH05,232,465
2024-02-26,PRD016,WH05,152,465
2024-03-04,PRD016,WH05,50,465
2024-03-11,PRD016,WH05,48,465
2024-03-18,PRD016,WH05,67,465
2024-03-25,PRD016,WH05,1,465
2024-04-01,PRD016,WH05,0,465
2024-04-08,PRD016,WH05,0,465
2024-04-15,PRD016,WH05,0,465
2024-04-22,PRD016,WH05,49,465
2024-04-29,PRD016,WH05,121,465
2024-05-06,PRD016,WH05,29,465
2024-05-13,PRD016,WH05,0,465
2024-05-20,PRD016,WH05,0,465
2024-05-27,PRD016,WH05,15,465
2024-06-03,PRD016,WH05,0,465
2024-06-10,PRD016,WH05,35,465
2024-06-17,PRD016,WH05,84,465
2024-06-24,PRD016,WH05,176,465
2024-07-01,PRD016,WH05,177,465
2024-07-08,PRD016,WH05,187,465
2024-07-15,PRD016,WH05,126,465
2024-07-22,PRD016,WH05,115,465
2024-07-29,PRD016,WH05,45,465
2024-08-05,PRD016,WH05,130,465
2024-08-12,PRD016,WH05,133,465
2024-08-19,PRD016,WH05,159,465
2024-08-26,PRD016,WH05,42,465
2024-09-02,PRD016,WH05,8,465
2024-09-09,PRD016,WH05,22,465
2024-09-16,PRD016,WH05,0,465
2024-09-23,PRD016,WH05,23,465
2024-09-30,PRD016,WH05,26,465
2024-10-07,PRD016,WH05,0,465
2024-10-14,PRD016,WH05,60,465
2024-10-21,PRD016,WH05,122,465
2024-10-28,PRD016,WH05,21,465
2024-11-04,PRD016,WH05,0,465
2024-11-11,PRD016,WH05,0,465
2024-11-18,PRD016,WH05,11,465
2024-11-25,PRD016,WH05,0,465
2024-12-02,PRD016,WH05,7,465
2024-12-09,PRD016,WH05,0,465
2024-12-16,PRD016,WH05,88,465
2024-12-23,PRD016,WH05,0,465
2024-12-30,PRD016,WH05,0,465
2025-01-06,PRD016,WH05,0,465
2025-01-13,PRD016,WH05,0,465
2025-01-20,PRD016,WH05,6,465
2025-01-27,PRD016,WH05,0,465
2025-02-03,PRD016,WH05,0,465
2025-02-10,PRD016,WH05,6,465
2025-02-17,PRD016,WH05,0,465
2025-02-24,PRD016,WH05,0,465
2025-03-03,PRD016,WH05,0,465
2025-03-10,PRD016,WH05,10,465
2025-03-17,PRD016,WH05,0,465
2025-03-24,PRD016,WH05,62,465
2025-03-31,PRD016,WH05,106,465
2025-04-07,PRD016,WH05,32,465
2025-04-14,PRD016,WH05,0,465
2025-04-21,PRD016,WH05,43,465
2025-04-28,PRD016,WH05,0,465
2025-05-05,PRD016,WH05,14,465
2025-05-12,PRD016,WH05,52,465
2025-05-19,PRD016,WH05,120,465
2025-05-26,PRD016,WH05,173,465
2025-06-02,PRD016,WH05,67,465
2025-06-09,PRD016,WH05,87,465
2025-06-16,PRD016,WH05,116,465
2025-06-23,PRD016,WH05,173,465
2025-06-30,PRD016,WH05,232,465
2025-07-07,PRD016,WH05,295,465
2025-07-14,PRD016,WH05,346,465
2025-07-21,PRD016,WH05,312,465
2025-07-28,PRD016,WH05,386,465
2025-08-04,PRD016,WH05,285,465
2025-08-11,PRD016,WH05,247,465
2025-08-18,PRD016,WH05,172,465
2025-08-25,PRD016,WH05,99,465
2025-09-01,PRD016,WH05,136,465
2025-09-08,PRD016,WH05,57,465
2025-09-15,PRD016,WH05,0,465
2025-09-22,PRD016,WH05,0,465
2025-09-29,PRD016,WH05,0,465
2025-10-06,PRD016,WH05,4,465
2025-10-13,PRD016,WH05,0,465
2025-10-20,PRD016,WH05,0,465
2025-10-27,PRD016,WH05,19,465
2025-11-03,PRD016,WH05,0,465
2025-11-10,PRD016,WH05,0,465
2025-11-17,PRD016,WH05,24,465
2025-11-24,PRD016,WH05,104,465
2025-12-01,PRD016,WH05,62,465
2025-12-08,PRD016,WH05,94,465
2025-12-15,PRD016,WH05,0,465
2025-12-22,PRD016,WH05,0,465
2025-12-29,PRD016,WH05,0,465
2024-01-01,PRD017,WH05,585,233
2024-01-08,PRD017,WH05,509,233
2024-01-15,PRD017,WH05,503,233
2024-01-22,PRD017,WH05,547,233
2024-01-29,PRD017,WH05,453,233
2024-02-05,PRD017,WH05,362,233
2024-02-12,PRD017,WH05,394,233
2024-02-19,PRD017,WH05,365,233
2024-02-26,PRD017,WH05,325,233
2024-03-04,PRD017,WH05,230,233
2024-03-11,PRD017,WH05,308,233
2024-03-18,PRD017,WH05,234,233
2024-03-25,PRD017,WH05,152,233
2024-04-01,PRD017,WH05,115,233
2024-04-08,PRD017,WH05,130,233
2024-04-15,PRD017,WH05,128,233
2024-04-22,PRD017,WH05,163,233
2024-04-29,PRD017,WH05,185,233
2024-05-06,PRD017,WH05,273,233
2024-05-13,PRD017,WH05,243,233
2024-05-20,PRD017,WH05,276,233
2024-05-27,PRD017,WH05,208,233
2024-06-03,PRD017,WH05,230,233
2024-06-10,PRD017,WH05,292,233
2024-06-17,PRD017,WH05,312,233
2024-06-24,PRD017,WH05,211,233
2024-07-01,PRD017,WH05,299,233
2024-07-08,PRD017,WH05,267,233
2024-07-15,PRD017,WH05,257,233
2024-07-22,PRD017,WH05,221,233
2024-07-29,PRD017,WH05,108,233
2024-08-05,PRD017,WH05,4,233
2024-08-12,PRD017,WH05,0,233
2024-08-19,PRD017,WH05,0,233
2024-08-26,PRD017,WH05,0,233
2024-09-02,PRD017,WH05,0,233
2024-09-09,PRD017,WH05,3,233
2024-09-16,PRD017,WH05,20,233
2024-09-23,PRD017,WH05,105,233
2024-09-30,PRD017,WH05,187,233
2024-10-07,PRD017,WH05,141,233
2024-10-14,PRD017,WH05,49,233
2024-10-21,PRD017,WH05,72,233
2024-10-28,PRD017,WH05,98,233
2024-11-04,PRD017,WH05,63,233
2024-11-11,PRD017,WH05,94,233
2024-11-18,PRD017,WH05,144,233
2024-11-25,PRD017,WH05,79,233
2024-12-02,PRD017,WH05,66,233
2024-12-09,PRD017,WH05,49,233
2024-12-16,PRD017,WH05,0,233
2024-12-23,PRD017,WH05,16,233
2024-12-30,PRD017,WH05,0,233
2025-01-06,PRD017,WH05,0,233
2025-01-13,PRD017,WH05,40,233
2025-01-20,PRD017,WH05,0,233
2025-01-27,PRD017,WH05,98,233
2025-02-03,PRD017,WH05,69,233
2025-02-10,PRD017,WH05,0,233
2025-02-17,PRD017,WH05,52,233
2025-02-24,PRD017,WH05,95,233
2025-03-03,PRD017,WH05,6,233
2025-03-10,PRD017,WH05,0,233
2025-03-17,PRD017,WH05,33,233
2025-03-24,PRD017,WH05,0,233
2025-03-31,PRD017,WH05,40,233
2025-04-07,PRD017,WH05,135,233
2025-04-14,PRD017,WH05,185,233
2025-04-21,PRD017,WH05,198,233
2025-04-28,PRD017,WH05,129,233
2025-05-05,PRD017,WH05,68,233
2025-05-12,PRD017,WH05,25,233
2025-05-19,PRD017,WH05,0,233
2025-05-26,PRD017,WH05,6,233
2025-06-02,PRD017,WH05,0,233
2025-06-09,PRD017,WH05,0,233
2025-06-16,PRD017,WH05,0,233
2025-06-23,PRD017,WH05,66,233
2025-06-30,PRD017,WH05,0,233
2025-07-07,PRD017,WH05,1,233
2025-07-14,PRD017,WH05,32,233
2025-07-21,PRD017,WH05,0,233
2025-07-28,PRD017,WH05,0,233
2025-08-04,PRD017,WH05,0,233
2025-08-11,PRD017,WH05,0,233
2025-08-18,PRD017,WH05,27,233
2025-08-25,PRD017,WH05,59,233
2025-09-01,PRD017,WH05,98,233
2025-09-08,PRD017,WH05,48,233
2025-09-15,PRD017,WH05,0,233
2025-09-22,PRD017,WH05,92,233
2025-09-29,PRD017,WH05,0,233
2025-10-06,PRD017,WH05,0,233
2025-10-13,PRD017,WH05,0,233
2025-10-20,PRD017,WH05,71,233
2025-10-27,PRD017,WH05,0,233
2025-11-03,PRD017,WH05,75,233
2025-11-10,PRD017,WH05,37,233
2025-11-17,PRD017,WH05,0,233
2025-11-24,PRD017,WH05,72,233
2025-12-01,PRD017,WH05,143,233
2025-12-08,PRD017,WH05,193,233
2025-12-15,PRD017,WH05,120,233
2025-12-22,PRD017,WH05,129,233
2025-12-29,PRD017,WH05,202,233
2024-01-01,PRD018,WH05,254,304
2024-01-08,PRD018,WH05,328,304
2024-01-15,PRD018,WH05,240,304
2024-01-22,PRD018,WH05,142,304
2024-01-29,PRD018,WH05,231,304
2024-02-05,PRD018,WH05,300,304
2024-02-12,PRD018,WH05,381,304
2024-02-19,PRD018,WH05,319,304
2024-02-26,PRD018,WH05,293,304
2024-03-04,PRD018,WH05,380,304
2024-03-11,PRD018,WH05,371,304
2024-03-18,PRD018,WH05,359,304
2024-03-25,PRD018,WH05,265,304
2024-04-01,PRD018,WH05,340,304
2024-04-08,PRD018,WH05,390,304
2024-04-15,PRD018,WH05,323,304
2024-04-22,PRD018,WH05,395,304
2024-04-29,PRD018,WH05,320,304
2024-05-06,PRD018,WH05,339,304
2024-05-13,PRD018,WH05,401,304
2024-05-20,PRD018,WH05,390,304
2024-05-27,PRD018,WH05,455,304
2024-06-03,PRD018,WH05,438,304
2024-06-10,PRD018,WH05,454,304
2024-06-17,PRD018,WH05,426,304
2024-06-24,PRD018,WH05,351,304
2024-07-01,PRD018,WH05,395,304
2024-07-08,PRD018,WH05,467,304
2024-07-15,PRD018,WH05,429,304
2024-07-22,PRD018,WH05,385,304
2024-07-29,PRD018,WH05,328,304
2024-08-05,PRD018,WH05,280,304
2024-08-12,PRD018,WH05,181,304
2024-08-19,PRD018,WH05,213,304
2024-08-26,PRD018,WH05,229,304
2024-09-02,PRD018,WH05,271,304
2024-09-09,PRD018,WH05,331,304
2024-09-16,PRD018,WH05,256,304
2024-09-23,PRD018,WH05,309,304
2024-09-30,PRD018,WH05,251,304
2024-10-07,PRD018,WH05,315,304
2024-10-14,PRD018,WH05,300,304
2024-10-21,PRD018,WH05,380,304
2024-10-28,PRD018,WH05,266,304
2024-11-04,PRD018,WH05,354,304
2024-11-11,PRD018,WH05,309,304
2024-11-18,PRD018,WH05,261,304
2024-11-25,PRD018,WH05,146,304
2024-12-02,PRD018,WH05,113,304
2024-12-09,PRD018,WH05,11,304
2024-12-16,PRD018,WH05,13,304
2024-12-23,PRD018,WH05,0,304
2024-12-30,PRD018,WH05,0,304
2025-01-06,PRD018,WH05,88,304
2025-01-13,PRD018,WH05,93,304
2025-01-20,PRD018,WH05,50,304
2025-01-27,PRD018,WH05,0,304
2025-02-03,PRD018,WH05,2,304
2025-02-10,PRD018,WH05,65,304
2025-02-17,PRD018,WH05,26,304
2025-02-24,PRD018,WH05,0,304
2025-03-03,PRD018,WH05,0,304
2025-03-10,PRD018,WH05,0,304
2025-03-17,PRD018,WH05,87,304
2025-03-24,PRD018,WH05,71,304
2025-03-31,PRD018,WH05,96,304
2025-04-07,PRD018,WH05,114,304
2025-04-14,PRD018,WH05,94,304
2025-04-21,PRD018,WH05,165,304
2025-04-28,PRD018,WH05,78,304
2025-05-05,PRD018,WH05,0,304
2025-05-12,PRD018,WH05,73,304
2025-05-19,PRD018,WH05,116,304
2025-05-26,PRD018,WH05,22,304
2025-06-02,PRD018,WH05,0,304
2025-06-09,PRD018,WH05,87,304
2025-06-16,PRD018,WH05,45,304
2025-06-23,PRD018,WH05,53,304
2025-06-30,PRD018,WH05,150,304
2025-07-07,PRD018,WH05,129,304
2025-07-14,PRD018,WH05,203,304
2025-07-21,PRD018,WH05,275,304
2025-07-28,PRD018,WH05,286,304
2025-08-04,PRD018,WH05,175,304
2025-08-11,PRD018,WH05,151,304
2025-08-18,PRD018,WH05,101,304
2025-08-25,PRD018,WH05,59,304
2025-09-01,PRD018,WH05,139,304
2025-09-08,PRD018,WH05,87,304
2025-09-15,PRD018,WH05,127,304
2025-09-22,PRD018,WH05,48,304
2025-09-29,PRD018,WH05,40,304
2025-10-06,PRD018,WH05,44,304
2025-10-13,PRD018,WH05,0,304
2025-10-20,PRD018,WH05,70,304
2025-10-27,PRD018,WH05,0,304
2025-11-03,PRD018,WH05,26,304
2025-11-10,PRD018,WH05,114,304
2025-11-17,PRD018,WH05,150,304
2025-11-24,PRD018,WH05,242,304
2025-12-01,PRD018,WH05,200,304
2025-12-08,PRD018,WH05,201,304
2025-12-15,PRD018,WH05,298,304
2025-12-22,PRD018,WH05,180,304
2025-12-29,PRD018,WH05,165,304
2024-01-01,PRD019,WH05,729,421
2024-01-08,PRD019,WH05,721,421
2024-01-15,PRD019,WH05,734,421
2024-01-22,PRD019,WH05,690,421
2024-01-29,PRD019,WH05,768,421
2024-02-05,PRD019,WH05,688,421
2024-02-12,PRD019,WH05,647,421
2024-02-19,PRD019,WH05,659,421
2024-02-26,PRD019,WH05,619,421
2024-03-04,PRD019,WH05,691,421
2024-03-11,PRD019,WH05,771,421
2024-03-18,PRD019,WH05,771,421
2024-03-25,PRD019,WH05,828,421
2024-04-01,PRD019,WH05,784,421
2024-04-08,PRD019,WH05,755,421
2024-04-15,PRD019,WH05,783,421
2024-04-22,PRD019,WH05,733,421
2024-04-29,PRD019,WH05,809,421
2024-05-06,PRD019,WH05,744,421
2024-05-13,PRD019,WH05,823,421
2024-05-20,PRD019,WH05,853,421
2024-05-27,PRD019,WH05,765,421
2024-06-03,PRD019,WH05,837,421
2024-06-10,PRD019,WH05,810,421
2024-06-17,PRD019,WH05,841,421
2024-06-24,PRD019,WH05,807,421
2024-07-01,PRD019,WH05,707,421
2024-07-08,PRD019,WH05,663,421
2024-07-15,PRD019,WH05,656,421
2024-07-22,PRD019,WH05,633,421
2024-07-29,PRD019,WH05,681,421
2024-08-05,PRD019,WH05,775,421
2024-08-12,PRD019,WH05,739,421
2024-08-19,PRD019,WH05,739,421
2024-08-26,PRD019,WH05,640,421
2024-09-02,PRD019,WH05,630,421
2024-09-09,PRD019,WH05,555,421
2024-09-16,PRD019,WH05,591,421
2024-09-23,PRD019,WH05,523,421
2024-09-30,PRD019,WH05,425,421
2024-10-07,PRD019,WH05,326,421
2024-10-14,PRD019,WH05,303,421
2024-10-21,PRD019,WH05,318,421
2024-10-28,PRD019,WH05,285,421
2024-11-04,PRD019,WH05,208,421
2024-11-11,PRD019,WH05,224,421
2024-11-18,PRD019,WH05,225,421
2024-11-25,PRD019,WH05,135,421
2024-12-02,PRD019,WH05,25,421
2024-12-09,PRD019,WH05,0,421
2024-12-16,PRD019,WH05,0,421
2024-12-23,PRD019,WH05,0,421
2024-12-30,PRD019,WH05,61,421
2025-01-06,PRD019,WH05,7,421
2025-01-13,PRD019,WH05,0,421
2025-01-20,PRD019,WH05,0,421
2025-01-27,PRD019,WH05,0,421
2025-02-03,PRD019,WH05,0,421
2025-02-10,PRD019,WH05,29,421
2025-02-17,PRD019,WH05,49,421
2025-02-24,PRD019,WH05,46,421
2025-03-03,PRD019,WH05,0,421
2025-03-10,PRD019,WH05,65,421
2025-03-17,PRD019,WH05,133,421
2025-03-24,PRD019,WH05,232,421
2025-03-31,PRD019,WH05,260,421
2025-04-07,PRD019,WH05,293,421
2025-04-14,PRD019,WH05,213,421
2025-04-21,PRD019,WH05,262,421
2025-04-28,PRD019,WH05,320,421
2025-05-05,PRD019,WH05,408,421
2025-05-12,PRD019,WH05,476,421
2025-05-19,PRD019,WH05,480,421
2025-05-26,PRD019,WH05,477,421
2025-06-02,PRD019,WH05,363,421
2025-06-09,PRD019,WH05,332,421
2025-06-16,PRD019,WH05,396,421
2025-06-23,PRD019,WH05,461,421
2025-06-30,PRD019,WH05,364,421
2025-07-07,PRD019,WH05,260,421
2025-07-14,PRD019,WH05,325,421
2025-07-21,PRD019,WH05,268,421
2025-07-28,PRD019,WH05,161,421
2025-08-04,PRD019,WH05,172,421
2025-08-11,PRD019,WH05,259,421
2025-08-18,PRD019,WH05,158,421
2025-08-25,PRD019,WH05,198,421
2025-09-01,PRD019,WH05,126,421
2025-09-08,PRD019,WH05,151,421
2025-09-15,PRD019,WH05,58,421
2025-09-22,PRD019,WH05,19,421
2025-09-29,PRD019,WH05,0,421
2025-10-06,PRD019,WH05,0,421
2025-10-13,PRD019,WH05,0,421
2025-10-20,PRD019,WH05,0,421
2025-10-27,PRD019,WH05,76,421
2025-11-03,PRD019,WH05,61,421
2025-11-10,PRD019,WH05,126,421
2025-11-17,PRD019,WH05,41,421
2025-11-24,PRD019,WH05,111,421
2025-12-01,PRD019,WH05,54,421
2025-12-08,PRD019,WH05,0,421
2025-12-15,PRD019,WH05,0,421
2025-12-22,PRD019,WH05,48,421
2025-12-29,PRD019,WH05,0,421
2024-01-01,PRD020,WH05,769,444
2024-01-08,PRD020,WH05,798,444
2024-01-15,PRD020,WH05,859,444
2024-01-22,PRD020,WH05,943,444
2024-01-29,PRD020,WH05,997,444
2024-02-05,PRD020,WH05,945,444
2024-02-12,PRD020,WH05,855,444
2024-02-19,PRD020,WH05,814,444
2024-02-26,PRD020,WH05,723,444
2024-03-04,PRD020,WH05,692,444
2024-03-11,PRD020,WH05,782,444
2024-03-18,PRD020,WH05,798,444
2024-03-25,PRD020,WH05,859,444
2024-04-01,PRD020,WH05,821,444
2024-04-08,PRD020,WH05,769,444
2024-04-15,PRD020,WH05,771,444
2024-04-22,PRD020,WH05,660,444
2024-04-29,PRD020,WH05,636,444
2024-05-06,PRD020,WH05,732,444
2024-05-13,PRD020,WH05,747,444
2024-05-20,PRD020,WH05,810,444
2024-05-27,PRD020,WH05,715,444
2024-06-03,PRD020,WH05,626,444
2024-06-10,PRD020,WH05,630,444
2024-06-17,PRD020,WH05,724,444
2024-06-24,PRD020,WH05,615,444
2024-07-01,PRD020,WH05,660,444
2024-07-08,PRD020,WH05,571,444
2024-07-15,PRD020,WH05,546,444
2024-07-22,PRD020,WH05,579,444
2024-07-29,PRD020,WH05,588,444
2024-08-05,PRD020,WH05,634,444
2024-08-12,PRD020,WH05,612,444
2024-08-19,PRD020,WH05,496,444
2024-08-26,PRD020,WH05,587,444
2024-09-02,PRD020,WH05,526,444
2024-09-09,PRD020,WH05,614,444
2024-09-16,PRD020,WH05,644,444
2024-09-23,PRD020,WH05,639,444
2024-09-30,PRD020,WH05,706,444
2024-10-07,PRD020,WH05,625,444
2024-10-14,PRD020,WH05,613,444
2024-10-21,PRD020,WH05,696,444
2024-10-28,PRD020,WH05,632,444
2024-11-04,PRD020,WH05,570,444
2024-11-11,PRD020,WH05,477,444
2024-11-18,PRD020,WH05,489,444
2024-11-25,PRD020,WH05,582,444
2024-12-02,PRD020,WH05,589,444
2024-12-09,PRD020,WH05,470,444
2024-12-16,PRD020,WH05,390,444
2024-12-23,PRD020,WH05,335,444
2024-12-30,PRD020,WH05,247,444
2025-01-06,PRD020,WH05,323,444
2025-01-13,PRD020,WH05,324,444
2025-01-20,PRD020,WH05,419,444
2025-01-27,PRD020,WH05,509,444
2025-02-03,PRD020,WH05,426,444
2025-02-10,PRD020,WH05,334,444
2025-02-17,PRD020,WH05,318,444
2025-02-24,PRD020,WH05,305,444
2025-03-03,PRD020,WH05,384,444
2025-03-10,PRD020,WH05,313,444
2025-03-17,PRD020,WH05,260,444
2025-03-24,PRD020,WH05,210,444
2025-03-31,PRD020,WH05,306,444
2025-04-07,PRD020,WH05,371,444
2025-04-14,PRD020,WH05,380,444
2025-04-21,PRD020,WH05,394,444
2025-04-28,PRD020,WH05,383,444
2025-05-05,PRD020,WH05,462,444
2025-05-12,PRD020,WH05,532,444
2025-05-19,PRD020,WH05,586,444
2025-05-26,PRD020,WH05,494,444
2025-06-02,PRD020,WH05,562,444
2025-06-09,PRD020,WH05,544,444
2025-06-16,PRD020,WH05,508,444
2025-06-23,PRD020,WH05,600,444
2025-06-30,PRD020,WH05,589,444
2025-07-07,PRD020,WH05,685,444
2025-07-14,PRD020,WH05,723,444
2025-07-21,PRD020,WH05,693,444
2025-07-28,PRD020,WH05,605,444
2025-08-04,PRD020,WH05,651,444
2025-08-11,PRD020,WH05,544,444
2025-08-18,PRD020,WH05,457,444
2025-08-25,PRD020,WH05,495,444
2025-09-01,PRD020,WH05,550,444
2025-09-08,PRD020,WH05,627,444
2025-09-15,PRD020,WH05,532,444
2025-09-22,PRD020,WH05,591,444
2025-09-29,PRD020,WH05,586,444
2025-10-06,PRD020,WH05,497,444
2025-10-13,PRD020,WH05,381,444
2025-10-20,PRD020,WH05,440,444
2025-10-27,PRD020,WH05,445,444
2025-11-03,PRD020,WH05,513,444
2025-11-10,PRD020,WH05,411,444
2025-11-17,PRD020,WH05,412,444
2025-11-24,PRD020,WH05,364,444
2025-12-01,PRD020,WH05,388,444
2025-12-08,PRD020,WH05,305,444
2025-12-15,PRD020,WH05,377,444
2025-12-22,PRD020,WH05,461,444
2025-12-29,PRD020,WH05,489,444
2024-01-01,PRD021,WH05,203,250
2024-01-08,PRD021,WH05,135,250
2024-01-15,PRD021,WH05,28,250
2024-01-22,PRD021,WH05,107,250
2024-01-29,PRD021,WH05,177,250
2024-02-05,PRD021,WH05,160,250
2024-02-12,PRD021,WH05,64,250
2024-02-19,PRD021,WH05,59,250
2024-02-26,PRD021,WH05,0,250
2024-03-04,PRD021,WH05,0,250
2024-03-11,PRD021,WH05,95,250
2024-03-18,PRD021,WH05,158,250
2024-03-25,PRD021,WH05,174,250
2024-04-01,PRD021,WH05,271,250
2024-04-08,PRD021,WH05,278,250
2024-04-15,PRD021,WH05,180,250
2024-04-22,PRD021,WH05,72,250
2024-04-29,PRD021,WH05,118,250
2024-05-06,PRD021,WH05,139,250
2024-05-13,PRD021,WH05,79,250
2024-05-20,PRD021,WH05,49,250
2024-05-27,PRD021,WH05,14,250
2024-06-03,PRD021,WH05,62,250
2024-06-10,PRD021,WH05,90,250
2024-06-17,PRD021,WH05,31,250
2024-06-24,PRD021,WH05,32,250
2024-07-01,PRD021,WH05,82,250
2024-07-08,PRD021,WH05,114,250
2024-07-15,PRD021,WH05,22,250
2024-07-22,PRD021,WH05,51,250
2024-07-29,PRD021,WH05,7,250
2024-08-05,PRD021,WH05,0,250
2024-08-12,PRD021,WH05,0,250
2024-08-19,PRD021,WH05,0,250
2024-08-26,PRD021,WH05,53,250
2024-09-02,PRD021,WH05,23,250
2024-09-09,PRD021,WH05,0,250
2024-09-16,PRD021,WH05,65,250
2024-09-23,PRD021,WH05,100,250
2024-09-30,PRD021,WH05,90,250
2024-10-07,PRD021,WH05,138,250
2024-10-14,PRD021,WH05,186,250
2024-10-21,PRD021,WH05,213,250
2024-10-28,PRD021,WH05,191,250
2024-11-04,PRD021,WH05,121,250
2024-11-11,PRD021,WH05,114,250
2024-11-18,PRD021,WH05,129,250
2024-11-25,PRD021,WH05,130,250
2024-12-02,PRD021,WH05,187,250
2024-12-09,PRD021,WH05,226,250
2024-12-16,PRD021,WH05,216,250
2024-12-23,PRD021,WH05,266,250
2024-12-30,PRD021,WH05,206,250
2025-01-06,PRD021,WH05,188,250
2025-01-13,PRD021,WH05,152,250
2025-01-20,PRD021,WH05,245,250
2025-01-27,PRD021,WH05,212,250
2025-02-03,PRD021,WH05,304,250
2025-02-10,PRD021,WH05,355,250
2025-02-17,PRD021,WH05,398,250
2025-02-24,PRD021,WH05,473,250
2025-03-03,PRD021,WH05,460,250
2025-03-10,PRD021,WH05,350,250
2025-03-17,PRD021,WH05,237,250
2025-03-24,PRD021,WH05,120,250
2025-03-31,PRD021,WH05,73,250
2025-04-07,PRD021,WH05,0,250
2025-04-14,PRD021,WH05,0,250
2025-04-21,PRD021,WH05,0,250
2025-04-28,PRD021,WH05,72,250
2025-05-05,PRD021,WH05,32,250
2025-05-12,PRD021,WH05,53,250
2025-05-19,PRD021,WH05,30,250
2025-05-26,PRD021,WH05,0,250
2025-06-02,PRD021,WH05,0,250
2025-06-09,PRD021,WH05,0,250
2025-06-16,PRD021,WH05,0,250
2025-06-23,PRD021,WH05,0,250
2025-06-30,PRD021,WH05,0,250
2025-07-07,PRD021,WH05,0,250
2025-07-14,PRD021,WH05,0,250
2025-07-21,PRD021,WH05,0,250
2025-07-28,PRD021,WH05,42,250
2025-08-04,PRD021,WH05,117,250
2025-08-11,PRD021,WH05,157,250
2025-08-18,PRD021,WH05,251,250
2025-08-25,PRD021,WH05,204,250
2025-09-01,PRD021,WH05,140,250
2025-09-08,PRD021,WH05,222,250
2025-09-15,PRD021,WH05,169,250
2025-09-22,PRD021,WH05,268,250
2025-09-29,PRD021,WH05,159,250
2025-10-06,PRD021,WH05,55,250
2025-10-13,PRD021,WH05,51,250
2025-10-20,PRD021,WH05,0,250
2025-10-27,PRD021,WH05,0,250
2025-11-03,PRD021,WH05,84,250
2025-11-10,PRD021,WH05,176,250
2025-11-17,PRD021,WH05,68,250
2025-11-24,PRD021,WH05,107,250
2025-12-01,PRD021,WH05,87,250
2025-12-08,PRD021,WH05,135,250
2025-12-15,PRD021,WH05,162,250
2025-12-22,PRD021,WH05,228,250
2025-12-29,PRD021,WH05,108,250
2024-01-01,PRD022,WH05,456,375
2024-01-08,PRD022,WH05,422,375
2024-01-15,PRD022,WH05,506,375
2024-01-22,PRD022,WH05,518,375
2024-01-29,PRD022,WH05,496,375
2024-02-05,PRD022,WH05,507,375
2024-02-12,PRD022,WH05,452,375
2024-02-19,PRD022,WH05,507,375
2024-02-26,PRD022,WH05,440,375
2024-03-04,PRD022,WH05,450,375
2024-03-11,PRD022,WH05,351,375
2024-03-18,PRD022,WH05,436,375
2024-03-25,PRD022,WH05,392,375
2024-04-01,PRD022,WH05,401,375
2024-04-08,PRD022,WH05,463,375
2024-04-15,PRD022,WH05,543,375
2024-04-22,PRD022,WH05,438,375
2024-04-29,PRD022,WH05,457,375
2024-05-06,PRD022,WH05,520,375
2024-05-13,PRD022,WH05,577,375
2024-05-20,PRD022,WH05,650,375
2024-05-27,PRD022,WH05,626,375
2024-06-03,PRD022,WH05,590,375
2024-06-10,PRD022,WH05,676,375
2024-06-17,PRD022,WH05,633,375
2024-06-24,PRD022,WH05,651,375
2024-07-01,PRD022,WH05,676,375
2024-07-08,PRD022,WH05,606,375
2024-07-15,PRD022,WH05,702,375
2024-07-22,PRD022,WH05,781,375
2024-07-29,PRD022,WH05,726,375
2024-08-05,PRD022,WH05,689,375
2024-08-12,PRD022,WH05,753,375
2024-08-19,PRD022,WH05,786,375
2024-08-26,PRD022,WH05,769,375
2024-09-02,PRD022,WH05,850,375
2024-09-09,PRD022,WH05,929,375
2024-09-16,PRD022,WH05,912,375
2024-09-23,PRD022,WH05,885,375
2024-09-30,PRD022,WH05,770,375
2024-10-07,PRD022,WH05,705,375
2024-10-14,PRD022,WH05,631,375
2024-10-21,PRD022,WH05,590,375
2024-10-28,PRD022,WH05,488,375
2024-11-04,PRD022,WH05,370,375
2024-11-11,PRD022,WH05,390,375
2024-11-18,PRD022,WH05,351,375
2024-11-25,PRD022,WH05,358,375
2024-12-02,PRD022,WH05,278,375
2024-12-09,PRD022,WH05,276,375
2024-12-16,PRD022,WH05,324,375
2024-12-23,PRD022,WH05,210,375
2024-12-30,PRD022,WH05,111,375
2025-01-06,PRD022,WH05,21,375
2025-01-13,PRD022,WH05,25,375
2025-01-20,PRD022,WH05,0,375
2025-01-27,PRD022,WH05,0,375
2025-02-03,PRD022,WH05,0,375
2025-02-10,PRD022,WH05,22,375
2025-02-17,PRD022,WH05,101,375
2025-02-24,PRD022,WH05,92,375
2025-03-03,PRD022,WH05,27,375
2025-03-10,PRD022,WH05,18,375
2025-03-17,PRD022,WH05,0,375
2025-03-24,PRD022,WH05,0,375
2025-03-31,PRD022,WH05,0,375
2025-04-07,PRD022,WH05,0,375
2025-04-14,PRD022,WH05,92,375
2025-04-21,PRD022,WH05,0,375
2025-04-28,PRD022,WH05,79,375
2025-05-05,PRD022,WH05,74,375
2025-05-12,PRD022,WH05,0,375
2025-05-19,PRD022,WH05,75,375
2025-05-26,PRD022,WH05,0,375
2025-06-02,PRD022,WH05,27,375
2025-06-09,PRD022,WH05,0,375
2025-06-16,PRD022,WH05,88,375
2025-06-23,PRD022,WH05,147,375
2025-06-30,PRD022,WH05,114,375
2025-07-07,PRD022,WH05,94,375
2025-07-14,PRD022,WH05,64,375
2025-07-21,PRD022,WH05,94,375
2025-07-28,PRD022,WH05,179,375
2025-08-04,PRD022,WH05,112,375
2025-08-11,PRD022,WH05,66,375
2025-08-18,PRD022,WH05,160,375
2025-08-25,PRD022,WH05,47,375
2025-09-01,PRD022,WH05,0,375
2025-09-08,PRD022,WH05,0,375
2025-09-15,PRD022,WH05,0,375
2025-09-22,PRD022,WH05,64,375
2025-09-29,PRD022,WH05,136,375
2025-10-06,PRD022,WH05,211,375
2025-10-13,PRD022,WH05,191,375
2025-10-20,PRD022,WH05,74,375
2025-10-27,PRD022,WH05,60,375
2025-11-03,PRD022,WH05,129,375
2025-11-10,PRD022,WH05,85,375
2025-11-17,PRD022,WH05,123,375
2025-11-24,PRD022,WH05,56,375
2025-12-01,PRD022,WH05,0,375
2025-12-08,PRD022,WH05,39,375
2025-12-15,PRD022,WH05,86,375
2025-12-22,PRD022,WH05,0,375
2025-12-29,PRD022,WH05,0,375
2024-01-01,PRD023,WH05,465,197
2024-01-08,PRD023,WH05,462,197
2024-01-15,PRD023,WH05,518,197
2024-01-22,PRD023,WH05,447,197
2024-01-29,PRD023,WH05,439,197
2024-02-05,PRD023,WH05,442,197
2024-02-12,PRD023,WH05,498,197
2024-02-19,PRD023,WH05,457,197
2024-02-26,PRD023,WH05,507,197
2024-03-04,PRD023,WH05,451,197
2024-03-11,PRD023,WH05,464,197
2024-03-18,PRD023,WH05,429,197
2024-03-25,PRD023,WH05,338,197
2024-04-01,PRD023,WH05,289,197
2024-04-08,PRD023,WH05,363,197
2024-04-15,PRD023,WH05,424,197
2024-04-22,PRD023,WH05,505,197
2024-04-29,PRD023,WH05,409,197
2024-05-06,PRD023,WH05,458,197
2024-05-13,PRD023,WH05,461,197
2024-05-20,PRD023,WH05,412,197
2024-05-27,PRD023,WH05,418,197
2024-06-03,PRD023,WH05,486,197
2024-06-10,PRD023,WH05,531,197
2024-06-17,PRD023,WH05,446,197
2024-06-24,PRD023,WH05,366,197
2024-07-01,PRD023,WH05,292,197
2024-07-08,PRD023,WH05,386,197
2024-07-15,PRD023,WH05,296,197
2024-07-22,PRD023,WH05,177,197
2024-07-29,PRD023,WH05,124,197
2024-08-05,PRD023,WH05,165,197
2024-08-12,PRD023,WH05,52,197
2024-08-19,PRD023,WH05,0,197
2024-08-26,PRD023,WH05,0,197
2024-09-02,PRD023,WH05,0,197
2024-09-09,PRD023,WH05,94,197
2024-09-16,PRD023,WH05,43,197
2024-09-23,PRD023,WH05,0,197
2024-09-30,PRD023,WH05,75,197
2024-10-07,PRD023,WH05,21,197
2024-10-14,PRD023,WH05,40,197
2024-10-21,PRD023,WH05,108,197
2024-10-28,PRD023,WH05,0,197
2024-11-04,PRD023,WH05,85,197
2024-11-11,PRD023,WH05,56,197
2024-11-18,PRD023,WH05,0,197
2024-11-25,PRD023,WH05,0,197
2024-12-02,PRD023,WH05,0,197
2024-12-09,PRD023,WH05,9,197
2024-12-16,PRD023,WH05,22,197
2024-12-23,PRD023,WH05,53,197
2024-12-30,PRD023,WH05,138,197
2025-01-06,PRD023,WH05,53,197
2025-01-13,PRD023,WH05,62,197
2025-01-20,PRD023,WH05,136,197
2025-01-27,PRD023,WH05,169,197
2025-02-03,PRD023,WH05,205,197
2025-02-10,PRD023,WH05,299,197
2025-02-17,PRD023,WH05,294,197
2025-02-24,PRD023,WH05,301,197
2025-03-03,PRD023,WH05,230,197
2025-03-10,PRD023,WH05,116,197
2025-03-17,PRD023,WH05,55,197
2025-03-24,PRD023,WH05,2,197
2025-03-31,PRD023,WH05,0,197
2025-04-07,PRD023,WH05,30,197
2025-04-14,PRD023,WH05,17,197
2025-04-21,PRD023,WH05,46,197
2025-04-28,PRD023,WH05,52,197
2025-05-05,PRD023,WH05,2,197
2025-05-12,PRD023,WH05,0,197
2025-05-19,PRD023,WH05,89,197
2025-05-26,PRD023,WH05,70,197
2025-06-02,PRD023,WH05,38,197
2025-06-09,PRD023,WH05,0,197
2025-06-16,PRD023,WH05,0,197
2025-06-23,PRD023,WH05,13,197
2025-06-30,PRD023,WH05,0,197
2025-07-07,PRD023,WH05,83,197
2025-07-14,PRD023,WH05,42,197
2025-07-21,PRD023,WH05,75,197
2025-07-28,PRD023,WH05,121,197
2025-08-04,PRD023,WH05,72,197
2025-08-11,PRD023,WH05,106,197
2025-08-18,PRD023,WH05,204,197
2025-08-25,PRD023,WH05,198,197
2025-09-01,PRD023,WH05,203,197
2025-09-08,PRD023,WH05,275,197
2025-09-15,PRD023,WH05,325,197
2025-09-22,PRD023,WH05,373,197
2025-09-29,PRD023,WH05,441,197
2025-10-06,PRD023,WH05,352,197
2025-10-13,PRD023,WH05,234,197
2025-10-20,PRD023,WH05,302,197
2025-10-27,PRD023,WH05,326,197
2025-11-03,PRD023,WH05,342,197
2025-11-10,PRD023,WH05,406,197
2025-11-17,PRD023,WH05,399,197
2025-11-24,PRD023,WH05,326,197
2025-12-01,PRD023,WH05,212,197
2025-12-08,PRD023,WH05,123,197
2025-12-15,PRD023,WH05,95,197
2025-12-22,PRD023,WH05,32,197
2025-12-29,PRD023,WH05,121,197
2024-01-01,PRD024,WH05,734,395
2024-01-08,PRD024,WH05,711,395
2024-01-15,PRD024,WH05,629,395
2024-01-22,PRD024,WH05,651,395
2024-01-29,PRD024,WH05,644,395
2024-02-05,PRD024,WH05,593,395
2024-02-12,PRD024,WH05,580,395
2024-02-19,PRD024,WH05,491,395
2024-02-26,PRD024,WH05,551,395
2024-03-04,PRD024,WH05,617,395
2024-03-11,PRD024,WH05,627,395
2024-03-18,PRD024,WH05,659,395
2024-03-25,PRD024,WH05,595,395
2024-04-01,PRD024,WH05,525,395
2024-04-08,PRD024,WH05,421,395
2024-04-15,PRD024,WH05,475,395
2024-04-22,PRD024,WH05,480,395
2024-04-29,PRD024,WH05,370,395
2024-05-06,PRD024,WH05,412,395
2024-05-13,PRD024,WH05,425,395
2024-05-20,PRD024,WH05,457,395
2024-05-27,PRD024,WH05,481,395
2024-06-03,PRD024,WH05,543,395
2024-06-10,PRD024,WH05,528,395
2024-06-17,PRD024,WH05,565,395
2024-06-24,PRD024,WH05,454,395
2024-07-01,PRD024,WH05,489,395
2024-07-08,PRD024,WH05,563,395
2024-07-15,PRD024,WH05,625,395
2024-07-22,PRD024,WH05,714,395
2024-07-29,PRD024,WH05,673,395
2024-08-05,PRD024,WH05,680,395
2024-08-12,PRD024,WH05,713,395
2024-08-19,PRD024,WH05,803,395
2024-08-26,PRD024,WH05,763,395
2024-09-02,PRD024,WH05,683,395
2024-09-09,PRD024,WH05,623,395
2024-09-16,PRD024,WH05,623,395
2024-09-23,PRD024,WH05,687,395
2024-09-30,PRD024,WH05,611,395
2024-10-07,PRD024,WH05,518,395
2024-10-14,PRD024,WH05,545,395
2024-10-21,PRD024,WH05,462,395
2024-10-28,PRD024,WH05,435,395
2024-11-04,PRD024,WH05,455,395
2024-11-11,PRD024,WH05,475,395
2024-11-18,PRD024,WH05,386,395
2024-11-25,PRD024,WH05,356,395
2024-12-02,PRD024,WH05,386,395
2024-12-09,PRD024,WH05,320,395
2024-12-16,PRD024,WH05,364,395
2024-12-23,PRD024,WH05,339,395
2024-12-30,PRD024,WH05,362,395
2025-01-06,PRD024,WH05,252,395
2025-01-13,PRD024,WH05,215,395
2025-01-20,PRD024,WH05,105,395
2025-01-27,PRD024,WH05,97,395
2025-02-03,PRD024,WH05,129,395
2025-02-10,PRD024,WH05,117,395
2025-02-17,PRD024,WH05,32,395
2025-02-24,PRD024,WH05,84,395
2025-03-03,PRD024,WH05,15,395
2025-03-10,PRD024,WH05,57,395
2025-03-17,PRD024,WH05,0,395
2025-03-24,PRD024,WH05,9,395
2025-03-31,PRD024,WH05,66,395
2025-04-07,PRD024,WH05,0,395
2025-04-14,PRD024,WH05,57,395
2025-04-21,PRD024,WH05,0,395
2025-04-28,PRD024,WH05,26,395
2025-05-05,PRD024,WH05,11,395
2025-05-12,PRD024,WH05,0,395
2025-05-19,PRD024,WH05,40,395
2025-05-26,PRD024,WH05,51,395
2025-06-02,PRD024,WH05,124,395
2025-06-09,PRD024,WH05,161,395
2025-06-16,PRD024,WH05,241,395
2025-06-23,PRD024,WH05,186,395
2025-06-30,PRD024,WH05,249,395
2025-07-07,PRD024,WH05,138,395
2025-07-14,PRD024,WH05,185,395
2025-07-21,PRD024,WH05,136,395
2025-07-28,PRD024,WH05,72,395
2025-08-04,PRD024,WH05,0,395
2025-08-11,PRD024,WH05,73,395
2025-08-18,PRD024,WH05,45,395
2025-08-25,PRD024,WH05,0,395
2025-09-01,PRD024,WH05,28,395
2025-09-08,PRD024,WH05,107,395
2025-09-15,PRD024,WH05,42,395
2025-09-22,PRD024,WH05,110,395
2025-09-29,PRD024,WH05,141,395
2025-10-06,PRD024,WH05,163,395
2025-10-13,PRD024,WH05,48,395
2025-10-20,PRD024,WH05,137,395
2025-10-27,PRD024,WH05,59,395
2025-11-03,PRD024,WH05,15,395
2025-11-10,PRD024,WH05,91,395
2025-11-17,PRD024,WH05,14,395
2025-11-24,PRD024,WH05,2,395
2025-12-01,PRD024,WH05,9,395
2025-12-08,PRD024,WH05,0,395
2025-12-15,PRD024,WH05,0,395
2025-12-22,PRD024,WH05,0,395
2025-12-29,PRD024,WH05,12,395
2024-01-01,PRD025,WH05,861,401
2024-01-08,PRD025,WH05,949,401
2024-01-15,PRD025,WH05,987,401
2024-01-22,PRD025,WH05,960,401
2024-01-29,PRD025,WH05,917,401
2024-02-05,PRD025,WH05,1002,401
2024-02-12,PRD025,WH05,1056,401
2024-02-19,PRD025,WH05,1028,401
2024-02-26,PRD025,WH05,1104,401
2024-03-04,PRD025,WH05,987,401
2024-03-11,PRD025,WH05,962,401
2024-03-18,PRD025,WH05,996,401
2024-03-25,PRD025,WH05,972,401
2024-04-01,PRD025,WH05,1059,401
2024-04-08,PRD025,WH05,1137,401
2024-04-15,PRD025,WH05,1221,401
2024-04-22,PRD025,WH05,1214,401
2024-04-29,PRD025,WH05,1215,401
2024-05-06,PRD025,WH05,1309,401
2024-05-13,PRD025,WH05,1259,401
2024-05-20,PRD025,WH05,1176,401
2024-05-27,PRD025,WH05,1263,401
2024-06-03,PRD025,WH05,1229,401
2024-06-10,PRD025,WH05,1192,401
2024-06-17,PRD025,WH05,1222,401
2024-06-24,PRD025,WH05,1149,401
2024-07-01,PRD025,WH05,1234,401
2024-07-08,PRD025,WH05,1149,401
2024-07-15,PRD025,WH05,1074,401
2024-07-22,PRD025,WH05,957,401
2024-07-29,PRD025,WH05,899,401
2024-08-05,PRD025,WH05,940,401
2024-08-12,PRD025,WH05,901,401
2024-08-19,PRD025,WH05,993,401
2024-08-26,PRD025,WH05,1029,401
2024-09-02,PRD025,WH05,1123,401
2024-09-09,PRD025,WH05,1056,401
2024-09-16,PRD025,WH05,1144,401
2024-09-23,PRD025,WH05,1213,401
2024-09-30,PRD025,WH05,1206,401
2024-10-07,PRD025,WH05,1104,401
2024-10-14,PRD025,WH05,1195,401
2024-10-21,PRD025,WH05,1193,401
2024-10-28,PRD025,WH05,1229,401
2024-11-04,PRD025,WH05,1169,401
2024-11-11,PRD025,WH05,1171,401
2024-11-18,PRD025,WH05,1137,401
2024-11-25,PRD025,WH05,1043,401
2024-12-02,PRD025,WH05,940,401
2024-12-09,PRD025,WH05,911,401
2024-12-16,PRD025,WH05,799,401
2024-12-23,PRD025,WH05,767,401
2024-12-30,PRD025,WH05,857,401
2025-01-06,PRD025,WH05,840,401
2025-01-13,PRD025,WH05,810,401
2025-01-20,PRD025,WH05,706,401
2025-01-27,PRD025,WH05,713,401
2025-02-03,PRD025,WH05,661,401
2025-02-10,PRD025,WH05,737,401
2025-02-17,PRD025,WH05,645,401
2025-02-24,PRD025,WH05,558,401
2025-03-03,PRD025,WH05,477,401
2025-03-10,PRD025,WH05,570,401
2025-03-17,PRD025,WH05,607,401
2025-03-24,PRD025,WH05,514,401
2025-03-31,PRD025,WH05,437,401
2025-04-07,PRD025,WH05,348,401
2025-04-14,PRD025,WH05,264,401
2025-04-21,PRD025,WH05,192,401
2025-04-28,PRD025,WH05,133,401
2025-05-05,PRD025,WH05,172,401
2025-05-12,PRD025,WH05,239,401
2025-05-19,PRD025,WH05,283,401
2025-05-26,PRD025,WH05,170,401
2025-06-02,PRD025,WH05,138,401
2025-06-09,PRD025,WH05,61,401
2025-06-16,PRD025,WH05,59,401
2025-06-23,PRD025,WH05,36,401
2025-06-30,PRD025,WH05,0,401
2025-07-07,PRD025,WH05,6,401
2025-07-14,PRD025,WH05,6,401
2025-07-21,PRD025,WH05,0,401
2025-07-28,PRD025,WH05,0,401
2025-08-04,PRD025,WH05,0,401
2025-08-11,PRD025,WH05,0,401
2025-08-18,PRD025,WH05,0,401
2025-08-25,PRD025,WH05,72,401
2025-09-01,PRD025,WH05,25,401
2025-09-08,PRD025,WH05,102,401
2025-09-15,PRD025,WH05,23,401
2025-09-22,PRD025,WH05,20,401
2025-09-29,PRD025,WH05,74,401
2025-10-06,PRD025,WH05,14,401
2025-10-13,PRD025,WH05,0,401
2025-10-20,PRD025,WH05,0,401
2025-10-27,PRD025,WH05,40,401
2025-11-03,PRD025,WH05,103,401
2025-11-10,PRD025,WH05,196,401
2025-11-17,PRD025,WH05,152,401
2025-11-24,PRD025,WH05,209,401
2025-12-01,PRD025,WH05,127,401
2025-12-08,PRD025,WH05,175,401
2025-12-15,PRD025,WH05,167,401
2025-12-22,PRD025,WH05,166,401
2025-12-29,PRD025,WH05,88,401
2024-01-01,PRD001,WH06,443,308
2024-01-08,PRD001,WH06,445,308
2024-01-15,PRD001,WH06,350,308
2024-01-22,PRD001,WH06,418,308
2024-01-29,PRD001,WH06,474,308
2024-02-05,PRD001,WH06,561,308
2024-02-12,PRD001,WH06,521,308
2024-02-19,PRD001,WH06,402,308
2024-02-26,PRD001,WH06,371,308
2024-03-04,PRD001,WH06,360,308
2024-03-11,PRD001,WH06,245,308
2024-03-18,PRD001,WH06,271,308
2024-03-25,PRD001,WH06,298,308
2024-04-01,PRD001,WH06,250,308
2024-04-08,PRD001,WH06,323,308
2024-04-15,PRD001,WH06,360,308
2024-04-22,PRD001,WH06,400,308
2024-04-29,PRD001,WH06,433,308
2024-05-06,PRD001,WH06,374,308
2024-05-13,PRD001,WH06,301,308
2024-05-20,PRD001,WH06,301,308
2024-05-27,PRD001,WH06,280,308
2024-06-03,PRD001,WH06,302,308
2024-06-10,PRD001,WH06,279,308
2024-06-17,PRD001,WH06,265,308
2024-06-24,PRD001,WH06,287,308
2024-07-01,PRD001,WH06,371,308
2024-07-08,PRD001,WH06,308,308
2024-07-15,PRD001,WH06,404,308
2024-07-22,PRD001,WH06,466,308
2024-07-29,PRD001,WH06,553,308
2024-08-05,PRD001,WH06,624,308
2024-08-12,PRD001,WH06,670,308
2024-08-19,PRD001,WH06,591,308
2024-08-26,PRD001,WH06,473,308
2024-09-02,PRD001,WH06,427,308
2024-09-09,PRD001,WH06,465,308
2024-09-16,PRD001,WH06,479,308
2024-09-23,PRD001,WH06,508,308
2024-09-30,PRD001,WH06,429,308
2024-10-07,PRD001,WH06,496,308
2024-10-14,PRD001,WH06,479,308
2024-10-21,PRD001,WH06,372,308
2024-10-28,PRD001,WH06,432,308
2024-11-04,PRD001,WH06,382,308
2024-11-11,PRD001,WH06,418,308
2024-11-18,PRD001,WH06,412,308
2024-11-25,PRD001,WH06,404,308
2024-12-02,PRD001,WH06,489,308
2024-12-09,PRD001,WH06,487,308
2024-12-16,PRD001,WH06,513,308
2024-12-23,PRD001,WH06,463,308
2024-12-30,PRD001,WH06,492,308
2025-01-06,PRD001,WH06,526,308
2025-01-13,PRD001,WH06,449,308
2025-01-20,PRD001,WH06,532,308
2025-01-27,PRD001,WH06,533,308
2025-02-03,PRD001,WH06,573,308
2025-02-10,PRD001,WH06,653,308
2025-02-17,PRD001,WH06,546,308
2025-02-24,PRD001,WH06,443,308
2025-03-03,PRD001,WH06,532,308
2025-03-10,PRD001,WH06,589,308
2025-03-17,PRD001,WH06,669,308
2025-03-24,PRD001,WH06,655,308
2025-03-31,PRD001,WH06,733,308
2025-04-07,PRD001,WH06,782,308
2025-04-14,PRD001,WH06,694,308
2025-04-21,PRD001,WH06,584,308
2025-04-28,PRD001,WH06,528,308
2025-05-05,PRD001,WH06,610,308
2025-05-12,PRD001,WH06,579,308
2025-05-19,PRD001,WH06,529,308
2025-05-26,PRD001,WH06,570,308
2025-06-02,PRD001,WH06,585,308
2025-06-09,PRD001,WH06,528,308
2025-06-16,PRD001,WH06,500,308
2025-06-23,PRD001,WH06,501,308
2025-06-30,PRD001,WH06,580,308
2025-07-07,PRD001,WH06,494,308
2025-07-14,PRD001,WH06,489,308
2025-07-21,PRD001,WH06,414,308
2025-07-28,PRD001,WH06,440,308
2025-08-04,PRD001,WH06,510,308
2025-08-11,PRD001,WH06,608,308
2025-08-18,PRD001,WH06,527,308
2025-08-25,PRD001,WH06,529,308
2025-09-01,PRD001,WH06,450,308
2025-09-08,PRD001,WH06,373,308
2025-09-15,PRD001,WH06,426,308
2025-09-22,PRD001,WH06,389,308
2025-09-29,PRD001,WH06,437,308
2025-10-06,PRD001,WH06,459,308
2025-10-13,PRD001,WH06,483,308
2025-10-20,PRD001,WH06,414,308
2025-10-27,PRD001,WH06,361,308
2025-11-03,PRD001,WH06,370,308
2025-11-10,PRD001,WH06,384,308
2025-11-17,PRD001,WH06,410,308
2025-11-24,PRD001,WH06,471,308
2025-12-01,PRD001,WH06,426,308
2025-12-08,PRD001,WH06,383,308
2025-12-15,PRD001,WH06,388,308
2025-12-22,PRD001,WH06,272,308
2025-12-29,PRD001,WH06,305,308
2024-01-01,PRD002,WH06,328,460
2024-01-08,PRD002,WH06,219,460
2024-01-15,PRD002,WH06,169,460
2024-01-22,PRD002,WH06,72,460
2024-01-29,PRD002,WH06,0,460
2024-02-05,PRD002,WH06,0,460
2024-02-12,PRD002,WH06,0,460
2024-02-19,PRD002,WH06,16,460
2024-02-26,PRD002,WH06,35,460
2024-03-04,PRD002,WH06,0,460
2024-03-11,PRD002,WH06,0,460
2024-03-18,PRD002,WH06,0,460
2024-03-25,PRD002,WH06,0,460
2024-04-01,PRD002,WH06,0,460
2024-04-08,PRD002,WH06,64,460
2024-04-15,PRD002,WH06,132,460
2024-04-22,PRD002,WH06,145,460
2024-04-29,PRD002,WH06,68,460
2024-05-06,PRD002,WH06,136,460
2024-05-13,PRD002,WH06,80,460
2024-05-20,PRD002,WH06,166,460
2024-05-27,PRD002,WH06,117,460
2024-06-03,PRD002,WH06,73,460
2024-06-10,PRD002,WH06,34,460
2024-06-17,PRD002,WH06,0,460
2024-06-24,PRD002,WH06,61,460
2024-07-01,PRD002,WH06,51,460
2024-07-08,PRD002,WH06,83,460
2024-07-15,PRD002,WH06,20,460
2024-07-22,PRD002,WH06,77,460
2024-07-29,PRD002,WH06,31,460
2024-08-05,PRD002,WH06,128,460
2024-08-12,PRD002,WH06,185,460
2024-08-19,PRD002,WH06,265,460
2024-08-26,PRD002,WH06,198,460
2024-09-02,PRD002,WH06,92,460
2024-09-09,PRD002,WH06,149,460
2024-09-16,PRD002,WH06,237,460
2024-09-23,PRD002,WH06,297,460
2024-09-30,PRD002,WH06,337,460
2024-10-07,PRD002,WH06,335,460
2024-10-14,PRD002,WH06,361,460
2024-10-21,PRD002,WH06,417,460
2024-10-28,PRD002,WH06,348,460
2024-11-04,PRD002,WH06,416,460
2024-11-11,PRD002,WH06,396,460
2024-11-18,PRD002,WH06,441,460
2024-11-25,PRD002,WH06,408,460
2024-12-02,PRD002,WH06,393,460
2024-12-09,PRD002,WH06,363,460
2024-12-16,PRD002,WH06,335,460
2024-12-23,PRD002,WH06,363,460
2024-12-30,PRD002,WH06,462,460
2025-01-06,PRD002,WH06,521,460
2025-01-13,PRD002,WH06,424,460
2025-01-20,PRD002,WH06,470,460
2025-01-27,PRD002,WH06,560,460
2025-02-03,PRD002,WH06,596,460
2025-02-10,PRD002,WH06,613,460
2025-02-17,PRD002,WH06,637,460
2025-02-24,PRD002,WH06,677,460
2025-03-03,PRD002,WH06,599,460
2025-03-10,PRD002,WH06,690,460
2025-03-17,PRD002,WH06,702,460
2025-03-24,PRD002,WH06,684,460
2025-03-31,PRD002,WH06,609,460
2025-04-07,PRD002,WH06,616,460
2025-04-14,PRD002,WH06,624,460
2025-04-21,PRD002,WH06,667,460
2025-04-28,PRD002,WH06,608,460
2025-05-05,PRD002,WH06,602,460
2025-05-12,PRD002,WH06,502,460
2025-05-19,PRD002,WH06,530,460
2025-05-26,PRD002,WH06,424,460
2025-06-02,PRD002,WH06,353,460
2025-06-09,PRD002,WH06,285,460
2025-06-16,PRD002,WH06,287,460
2025-06-23,PRD002,WH06,364,460
2025-06-30,PRD002,WH06,399,460
2025-07-07,PRD002,WH06,423,460
2025-07-14,PRD002,WH06,370,460
2025-07-21,PRD002,WH06,370,460
2025-07-28,PRD002,WH06,291,460
2025-08-04,PRD002,WH06,276,460
2025-08-11,PRD002,WH06,213,460
2025-08-18,PRD002,WH06,130,460
2025-08-25,PRD002,WH06,201,460
2025-09-01,PRD002,WH06,288,460
2025-09-08,PRD002,WH06,341,460
2025-09-15,PRD002,WH06,283,460
2025-09-22,PRD002,WH06,206,460
2025-09-29,PRD002,WH06,125,460
2025-10-06,PRD002,WH06,15,460
2025-10-13,PRD002,WH06,46,460
2025-10-20,PRD002,WH06,18,460
2025-10-27,PRD002,WH06,24,460
2025-11-03,PRD002,WH06,0,460
2025-11-10,PRD002,WH06,93,460
2025-11-17,PRD002,WH06,60,460
2025-11-24,PRD002,WH06,4,460
2025-12-01,PRD002,WH06,94,460
2025-12-08,PRD002,WH06,69,460
2025-12-15,PRD002,WH06,90,460
2025-12-22,PRD002,WH06,0,460
2025-12-29,PRD002,WH06,0,460
2024-01-01,PRD003,WH06,551,214
2024-01-08,PRD003,WH06,557,214
2024-01-15,PRD003,WH06,620,214
2024-01-22,PRD003,WH06,708,214
2024-01-29,PRD003,WH06,655,214
2024-02-05,PRD003,WH06,603,214
2024-02-12,PRD003,WH06,549,214
2024-02-19,PRD003,WH06,477,214
2024-02-26,PRD003,WH06,449,214
2024-03-04,PRD003,WH06,514,214
2024-03-11,PRD003,WH06,431,214
2024-03-18,PRD003,WH06,358,214
2024-03-25,PRD003,WH06,267,214
2024-04-01,PRD003,WH06,248,214
2024-04-08,PRD003,WH06,242,214
2024-04-15,PRD003,WH06,271,214
2024-04-22,PRD003,WH06,320,214
2024-04-29,PRD003,WH06,389,214
2024-05-06,PRD003,WH06,342,214
2024-05-13,PRD003,WH06,373,214
2024-05-20,PRD003,WH06,263,214
2024-05-27,PRD003,WH06,255,214
2024-06-03,PRD003,WH06,347,214
2024-06-10,PRD003,WH06,233,214
2024-06-17,PRD003,WH06,232,214
2024-06-24,PRD003,WH06,133,214
2024-07-01,PRD003,WH06,98,214
2024-07-08,PRD003,WH06,136,214
2024-07-15,PRD003,WH06,202,214
2024-07-22,PRD003,WH06,249,214
2024-07-29,PRD003,WH06,259,214
2024-08-05,PRD003,WH06,227,214
2024-08-12,PRD003,WH06,148,214
2024-08-19,PRD003,WH06,119,214
2024-08-26,PRD003,WH06,15,214
2024-09-02,PRD003,WH06,94,214
2024-09-09,PRD003,WH06,0,214
2024-09-16,PRD003,WH06,0,214
2024-09-23,PRD003,WH06,15,214
2024-09-30,PRD003,WH06,46,214
2024-10-07,PRD003,WH06,0,214
2024-10-14,PRD003,WH06,63,214
2024-10-21,PRD003,WH06,55,214
2024-10-28,PRD003,WH06,24,214
2024-11-04,PRD003,WH06,59,214
2024-11-11,PRD003,WH06,0,214
2024-11-18,PRD003,WH06,0,214
2024-11-25,PRD003,WH06,0,214
2024-12-02,PRD003,WH06,0,214
2024-12-09,PRD003,WH06,0,214
2024-12-16,PRD003,WH06,0,214
2024-12-23,PRD003,WH06,25,214
2024-12-30,PRD003,WH06,0,214
2025-01-06,PRD003,WH06,7,214
2025-01-13,PRD003,WH06,42,214
2025-01-20,PRD003,WH06,87,214
2025-01-27,PRD003,WH06,80,214
2025-02-03,PRD003,WH06,28,214
2025-02-10,PRD003,WH06,28,214
2025-02-17,PRD003,WH06,64,214
2025-02-24,PRD003,WH06,107,214
2025-03-03,PRD003,WH06,29,214
2025-03-10,PRD003,WH06,0,214
2025-03-17,PRD003,WH06,0,214
2025-03-24,PRD003,WH06,0,214
2025-03-31,PRD003,WH06,0,214
2025-04-07,PRD003,WH06,0,214
2025-04-14,PRD003,WH06,21,214
2025-04-21,PRD003,WH06,13,214
2025-04-28,PRD003,WH06,0,214
2025-05-05,PRD003,WH06,97,214
2025-05-12,PRD003,WH06,66,214
2025-05-19,PRD003,WH06,118,214
2025-05-26,PRD003,WH06,121,214
2025-06-02,PRD003,WH06,138,214
2025-06-09,PRD003,WH06,152,214
2025-06-16,PRD003,WH06,47,214
2025-06-23,PRD003,WH06,0,214
2025-06-30,PRD003,WH06,0,214
2025-07-07,PRD003,WH06,4,214
2025-07-14,PRD003,WH06,0,214
2025-07-21,PRD003,WH06,49,214
2025-07-28,PRD003,WH06,0,214
2025-08-04,PRD003,WH06,6,214
2025-08-11,PRD003,WH06,0,214
2025-08-18,PRD003,WH06,0,214
2025-08-25,PRD003,WH06,94,214
2025-09-01,PRD003,WH06,103,214
2025-09-08,PRD003,WH06,0,214
2025-09-15,PRD003,WH06,0,214
2025-09-22,PRD003,WH06,0,214
2025-09-29,PRD003,WH06,0,214
2025-10-06,PRD003,WH06,0,214
2025-10-13,PRD003,WH06,0,214
2025-10-20,PRD003,WH06,0,214
2025-10-27,PRD003,WH06,0,214
2025-11-03,PRD003,WH06,0,214
2025-11-10,PRD003,WH06,8,214
2025-11-17,PRD003,WH06,0,214
2025-11-24,PRD003,WH06,0,214
2025-12-01,PRD003,WH06,0,214
2025-12-08,PRD003,WH06,0,214
2025-12-15,PRD003,WH06,69,214
2025-12-22,PRD003,WH06,26,214
2025-12-29,PRD003,WH06,0,214
2024-01-01,PRD004,WH06,805,221
2024-01-08,PRD004,WH06,744,221
2024-01-15,PRD004,WH06,736,221
2024-01-22,PRD004,WH06,799,221
2024-01-29,PRD004,WH06,864,221
2024-02-05,PRD004,WH06,787,221
2024-02-12,PRD004,WH06,791,221
2024-02-19,PRD004,WH06,847,221
2024-02-26,PRD004,WH06,812,221
2024-03-04,PRD004,WH06,802,221
2024-03-11,PRD004,WH06,899,221
2024-03-18,PRD004,WH06,954,221
2024-03-25,PRD004,WH06,935,221
2024-04-01,PRD004,WH06,1020,221
2024-04-08,PRD004,WH06,922,221
2024-04-15,PRD004,WH06,851,221
2024-04-22,PRD004,WH06,909,221
2024-04-29,PRD004,WH06,857,221
2024-05-06,PRD004,WH06,865,221
2024-05-13,PRD004,WH06,834,221
2024-05-20,PRD004,WH06,728,221
2024-05-27,PRD004,WH06,786,221
2024-06-03,PRD004,WH06,741,221
2024-06-10,PRD004,WH06,705,221
2024-06-17,PRD004,WH06,685,221
2024-06-24,PRD004,WH06,581,221
2024-07-01,PRD004,WH06,661,221
2024-07-08,PRD004,WH06,669,221
2024-07-15,PRD004,WH06,643,221
2024-07-22,PRD004,WH06,731,221
2024-07-29,PRD004,WH06,694,221
2024-08-05,PRD004,WH06,626,221
2024-08-12,PRD004,WH06,509,221
2024-08-19,PRD004,WH06,541,221
2024-08-26,PRD004,WH06,518,221
2024-09-02,PRD004,WH06,532,221
2024-09-09,PRD004,WH06,602,221
2024-09-16,PRD004,WH06,572,221
2024-09-23,PRD004,WH06,581,221
2024-09-30,PRD004,WH06,505,221
2024-10-07,PRD004,WH06,517,221
2024-10-14,PRD004,WH06,592,221
2024-10-21,PRD004,WH06,583,221
2024-10-28,PRD004,WH06,657,221
2024-11-04,PRD004,WH06,689,221
2024-11-11,PRD004,WH06,617,221
2024-11-18,PRD004,WH06,522,221
2024-11-25,PRD004,WH06,492,221
2024-12-02,PRD004,WH06,415,221
2024-12-09,PRD004,WH06,398,221
2024-12-16,PRD004,WH06,438,221
2024-12-23,PRD004,WH06,506,221
2024-12-30,PRD004,WH06,394,221
2025-01-06,PRD004,WH06,436,221
2025-01-13,PRD004,WH06,323,221
2025-01-20,PRD004,WH06,343,221
2025-01-27,PRD004,WH06,418,221
2025-02-03,PRD004,WH06,466,221
2025-02-10,PRD004,WH06,478,221
2025-02-17,PRD004,WH06,465,221
2025-02-24,PRD004,WH06,358,221
2025-03-03,PRD004,WH06,313,221
2025-03-10,PRD004,WH06,212,221
2025-03-17,PRD004,WH06,96,221
2025-03-24,PRD004,WH06,192,221
2025-03-31,PRD004,WH06,212,221
2025-04-07,PRD004,WH06,114,221
2025-04-14,PRD004,WH06,35,221
2025-04-21,PRD004,WH06,87,221
2025-04-28,PRD004,WH06,3,221
2025-05-05,PRD004,WH06,0,221
2025-05-12,PRD004,WH06,0,221
2025-05-19,PRD004,WH06,0,221
2025-05-26,PRD004,WH06,0,221
2025-06-02,PRD004,WH06,0,221
2025-06-09,PRD004,WH06,0,221
2025-06-16,PRD004,WH06,81,221
2025-06-23,PRD004,WH06,65,221
2025-06-30,PRD004,WH06,118,221
2025-07-07,PRD004,WH06,116,221
2025-07-14,PRD004,WH06,183,221
2025-07-21,PRD004,WH06,128,221
2025-07-28,PRD004,WH06,91,221
2025-08-04,PRD004,WH06,126,221
2025-08-11,PRD004,WH06,126,221
2025-08-18,PRD004,WH06,212,221
2025-08-25,PRD004,WH06,126,221
2025-09-01,PRD004,WH06,189,221
2025-09-08,PRD004,WH06,69,221
2025-09-15,PRD004,WH06,59,221
2025-09-22,PRD004,WH06,154,221
2025-09-29,PRD004,WH06,190,221
2025-10-06,PRD004,WH06,112,221
2025-10-13,PRD004,WH06,46,221
2025-10-20,PRD004,WH06,15,221
2025-10-27,PRD004,WH06,0,221
2025-11-03,PRD004,WH06,0,221
2025-11-10,PRD004,WH06,27,221
2025-11-17,PRD004,WH06,0,221
2025-11-24,PRD004,WH06,87,221
2025-12-01,PRD004,WH06,7,221
2025-12-08,PRD004,WH06,0,221
2025-12-15,PRD004,WH06,0,221
2025-12-22,PRD004,WH06,0,221
2025-12-29,PRD004,WH06,0,221
2024-01-01,PRD005,WH06,236,423
2024-01-08,PRD005,WH06,282,423
2024-01-15,PRD005,WH06,242,423
2024-01-22,PRD005,WH06,294,423
2024-01-29,PRD005,WH06,350,423
2024-02-05,PRD005,WH06,420,423
2024-02-12,PRD005,WH06,402,423
2024-02-19,PRD005,WH06,466,423
2024-02-26,PRD005,WH06,551,423
2024-03-04,PRD005,WH06,650,423
2024-03-11,PRD005,WH06,551,423
2024-03-18,PRD005,WH06,535,423
2024-03-25,PRD005,WH06,422,423
2024-04-01,PRD005,WH06,302,423
2024-04-08,PRD005,WH06,365,423
2024-04-15,PRD005,WH06,383,423
2024-04-22,PRD005,WH06,384,423
2024-04-29,PRD005,WH06,450,423
2024-05-06,PRD005,WH06,486,423
2024-05-13,PRD005,WH06,444,423
2024-05-20,PRD005,WH06,440,423
2024-05-27,PRD005,WH06,520,423
2024-06-03,PRD005,WH06,507,423
2024-06-10,PRD005,WH06,531,423
2024-06-17,PRD005,WH06,437,423
2024-06-24,PRD005,WH06,399,423
2024-07-01,PRD005,WH06,345,423
2024-07-08,PRD005,WH06,266,423
2024-07-15,PRD005,WH06,327,423
2024-07-22,PRD005,WH06,246,423
2024-07-29,PRD005,WH06,240,423
2024-08-05,PRD005,WH06,202,423
2024-08-12,PRD005,WH06,199,423
2024-08-19,PRD005,WH06,188,423
2024-08-26,PRD005,WH06,282,423
2024-09-02,PRD005,WH06,224,423
2024-09-09,PRD005,WH06,302,423
2024-09-16,PRD005,WH06,317,423
2024-09-23,PRD005,WH06,265,423
2024-09-30,PRD005,WH06,237,423
2024-10-07,PRD005,WH06,301,423
2024-10-14,PRD005,WH06,273,423
2024-10-21,PRD005,WH06,343,423
2024-10-28,PRD005,WH06,251,423
2024-11-04,PRD005,WH06,165,423
2024-11-11,PRD005,WH06,225,423
2024-11-18,PRD005,WH06,255,423
2024-11-25,PRD005,WH06,274,423
2024-12-02,PRD005,WH06,170,423
2024-12-09,PRD005,WH06,108,423
2024-12-16,PRD005,WH06,194,423
2024-12-23,PRD005,WH06,156,423
2024-12-30,PRD005,WH06,250,423
2025-01-06,PRD005,WH06,148,423
2025-01-13,PRD005,WH06,209,423
2025-01-20,PRD005,WH06,117,423
2025-01-27,PRD005,WH06,116,423
2025-02-03,PRD005,WH06,204,423
2025-02-10,PRD005,WH06,126,423
2025-02-17,PRD005,WH06,120,423
2025-02-24,PRD005,WH06,4,423
2025-03-03,PRD005,WH06,1,423
2025-03-10,PRD005,WH06,0,423
2025-03-17,PRD005,WH06,18,423
2025-03-24,PRD005,WH06,47,423
2025-03-31,PRD005,WH06,120,423
2025-04-07,PRD005,WH06,140,423
2025-04-14,PRD005,WH06,45,423
2025-04-21,PRD005,WH06,30,423
2025-04-28,PRD005,WH06,21,423
2025-05-05,PRD005,WH06,27,423
2025-05-12,PRD005,WH06,71,423
2025-05-19,PRD005,WH06,129,423
2025-05-26,PRD005,WH06,41,423
2025-06-02,PRD005,WH06,0,423
2025-06-09,PRD005,WH06,0,423
2025-06-16,PRD005,WH06,0,423
2025-06-23,PRD005,WH06,0,423
2025-06-30,PRD005,WH06,0,423
2025-07-07,PRD005,WH06,0,423
2025-07-14,PRD005,WH06,0,423
2025-07-21,PRD005,WH06,2,423
2025-07-28,PRD005,WH06,0,423
2025-08-04,PRD005,WH06,0,423
2025-08-11,PRD005,WH06,0,423
2025-08-18,PRD005,WH06,0,423
2025-08-25,PRD005,WH06,76,423
2025-09-01,PRD005,WH06,170,423
2025-09-08,PRD005,WH06,264,423
2025-09-15,PRD005,WH06,308,423
2025-09-22,PRD005,WH06,383,423
2025-09-29,PRD005,WH06,396,423
2025-10-06,PRD005,WH06,319,423
2025-10-13,PRD005,WH06,268,423
2025-10-20,PRD005,WH06,239,423
2025-10-27,PRD005,WH06,195,423
2025-11-03,PRD005,WH06,145,423
2025-11-10,PRD005,WH06,62,423
2025-11-17,PRD005,WH06,37,423
2025-11-24,PRD005,WH06,0,423
2025-12-01,PRD005,WH06,0,423
2025-12-08,PRD005,WH06,93,423
2025-12-15,PRD005,WH06,71,423
2025-12-22,PRD005,WH06,0,423
2025-12-29,PRD005,WH06,61,423
2024-01-01,PRD006,WH06,483,229
2024-01-08,PRD006,WH06,363,229
2024-01-15,PRD006,WH06,295,229
2024-01-22,PRD006,WH06,258,229
2024-01-29,PRD006,WH06,144,229
2024-02-05,PRD006,WH06,70,229
2024-02-12,PRD006,WH06,0,229
2024-02-19,PRD006,WH06,9,229
2024-02-26,PRD006,WH06,0,229
2024-03-04,PRD006,WH06,0,229
2024-03-11,PRD006,WH06,0,229
2024-03-18,PRD006,WH06,47,229
2024-03-25,PRD006,WH06,0,229
2024-04-01,PRD006,WH06,0,229
2024-04-08,PRD006,WH06,9,229
2024-04-15,PRD006,WH06,0,229
2024-04-22,PRD006,WH06,0,229
2024-04-29,PRD006,WH06,0,229
2024-05-06,PRD006,WH06,0,229
2024-05-13,PRD006,WH06,0,229
2024-05-20,PRD006,WH06,93,229
2024-05-27,PRD006,WH06,171,229
2024-06-03,PRD006,WH06,214,229
2024-06-10,PRD006,WH06,236,229
2024-06-17,PRD006,WH06,197,229
2024-06-24,PRD006,WH06,173,229
2024-07-01,PRD006,WH06,252,229
2024-07-08,PRD006,WH06,146,229
2024-07-15,PRD006,WH06,120,229
2024-07-22,PRD006,WH06,27,229
2024-07-29,PRD006,WH06,26,229
2024-08-05,PRD006,WH06,85,229
2024-08-12,PRD006,WH06,162,229
2024-08-19,PRD006,WH06,85,229
2024-08-26,PRD006,WH06,0,229
2024-09-02,PRD006,WH06,55,229
2024-09-09,PRD006,WH06,38,229
2024-09-16,PRD006,WH06,0,229
2024-09-23,PRD006,WH06,62,229
2024-09-30,PRD006,WH06,108,229
2024-10-07,PRD006,WH06,170,229
2024-10-14,PRD006,WH06,245,229
2024-10-21,PRD006,WH06,310,229
2024-10-28,PRD006,WH06,356,229
2024-11-04,PRD006,WH06,420,229
2024-11-11,PRD006,WH06,508,229
2024-11-18,PRD006,WH06,468,229
2024-11-25,PRD006,WH06,494,229
2024-12-02,PRD006,WH06,517,229
2024-12-09,PRD006,WH06,609,229
2024-12-16,PRD006,WH06,584,229
2024-12-23,PRD006,WH06,618,229
2024-12-30,PRD006,WH06,518,229
2025-01-06,PRD006,WH06,474,229
2025-01-13,PRD006,WH06,454,229
2025-01-20,PRD006,WH06,478,229
2025-01-27,PRD006,WH06,473,229
2025-02-03,PRD006,WH06,374,229
2025-02-10,PRD006,WH06,290,229
2025-02-17,PRD006,WH06,317,229
2025-02-24,PRD006,WH06,388,229
2025-03-03,PRD006,WH06,316,229
2025-03-10,PRD006,WH06,320,229
2025-03-17,PRD006,WH06,324,229
2025-03-24,PRD006,WH06,352,229
2025-03-31,PRD006,WH06,276,229
2025-04-07,PRD006,WH06,294,229
2025-04-14,PRD006,WH06,191,229
2025-04-21,PRD006,WH06,74,229
2025-04-28,PRD006,WH06,121,229
2025-05-05,PRD006,WH06,178,229
2025-05-12,PRD006,WH06,244,229
2025-05-19,PRD006,WH06,125,229
2025-05-26,PRD006,WH06,73,229
2025-06-02,PRD006,WH06,131,229
2025-06-09,PRD006,WH06,131,229
2025-06-16,PRD006,WH06,81,229
2025-06-23,PRD006,WH06,65,229
2025-06-30,PRD006,WH06,21,229
2025-07-07,PRD006,WH06,0,229
2025-07-14,PRD006,WH06,0,229
2025-07-21,PRD006,WH06,0,229
2025-07-28,PRD006,WH06,36,229
2025-08-04,PRD006,WH06,98,229
2025-08-11,PRD006,WH06,196,229
2025-08-18,PRD006,WH06,230,229
2025-08-25,PRD006,WH06,122,229
2025-09-01,PRD006,WH06,149,229
2025-09-08,PRD006,WH06,224,229
2025-09-15,PRD006,WH06,306,229
2025-09-22,PRD006,WH06,202,229
2025-09-29,PRD006,WH06,249,229
2025-10-06,PRD006,WH06,311,229
2025-10-13,PRD006,WH06,313,229
2025-10-20,PRD006,WH06,334,229
2025-10-27,PRD006,WH06,355,229
2025-11-03,PRD006,WH06,325,229
2025-11-10,PRD006,WH06,292,229
2025-11-17,PRD006,WH06,174,229
2025-11-24,PRD006,WH06,58,229
2025-12-01,PRD006,WH06,0,229
2025-12-08,PRD006,WH06,84,229
2025-12-15,PRD006,WH06,145,229
2025-12-22,PRD006,WH06,157,229
2025-12-29,PRD006,WH06,134,229
2024-01-01,PRD007,WH06,545,491
2024-01-08,PRD007,WH06,433,491
2024-01-15,PRD007,WH06,474,491
2024-01-22,PRD007,WH06,541,491
2024-01-29,PRD007,WH06,448,491
2024-02-05,PRD007,WH06,385,491
2024-02-12,PRD007,WH06,330,491
2024-02-19,PRD007,WH06,323,491
2024-02-26,PRD007,WH06,358,491
2024-03-04,PRD007,WH06,282,491
2024-03-11,PRD007,WH06,263,491
2024-03-18,PRD007,WH06,146,491
2024-03-25,PRD007,WH06,150,491
2024-04-01,PRD007,WH06,157,491
2024-04-08,PRD007,WH06,252,491
2024-04-15,PRD007,WH06,197,491
2024-04-22,PRD007,WH06,138,491
2024-04-29,PRD007,WH06,207,491
2024-05-06,PRD007,WH06,252,491
2024-05-13,PRD007,WH06,190,491
2024-05-20,PRD007,WH06,102,491
2024-05-27,PRD007,WH06,162,491
2024-06-03,PRD007,WH06,65,491
2024-06-10,PRD007,WH06,41,491
2024-06-17,PRD007,WH06,129,491
2024-06-24,PRD007,WH06,54,491
2024-07-01,PRD007,WH06,145,491
2024-07-08,PRD007,WH06,108,491
2024-07-15,PRD007,WH06,202,491
2024-07-22,PRD007,WH06,125,491
2024-07-29,PRD007,WH06,195,491
2024-08-05,PRD007,WH06,271,491
2024-08-12,PRD007,WH06,299,491
2024-08-19,PRD007,WH06,216,491
2024-08-26,PRD007,WH06,112,491
2024-09-02,PRD007,WH06,198,491
2024-09-09,PRD007,WH06,96,491
2024-09-16,PRD007,WH06,2,491
2024-09-23,PRD007,WH06,0,491
2024-09-30,PRD007,WH06,25,491
2024-10-07,PRD007,WH06,0,491
2024-10-14,PRD007,WH06,0,491
2024-10-21,PRD007,WH06,51,491
2024-10-28,PRD007,WH06,0,491
2024-11-04,PRD007,WH06,0,491
2024-11-11,PRD007,WH06,0,491
2024-11-18,PRD007,WH06,0,491
2024-11-25,PRD007,WH06,0,491
2024-12-02,PRD007,WH06,9,491
2024-12-09,PRD007,WH06,0,491
2024-12-16,PRD007,WH06,0,491
2024-12-23,PRD007,WH06,0,491
2024-12-30,PRD007,WH06,0,491
2025-01-06,PRD007,WH06,0,491
2025-01-13,PRD007,WH06,92,491
2025-01-20,PRD007,WH06,96,491
2025-01-27,PRD007,WH06,186,491
2025-02-03,PRD007,WH06,144,491
2025-02-10,PRD007,WH06,84,491
2025-02-17,PRD007,WH06,66,491
2025-02-24,PRD007,WH06,50,491
2025-03-03,PRD007,WH06,0,491
2025-03-10,PRD007,WH06,16,491
2025-03-17,PRD007,WH06,77,491
2025-03-24,PRD007,WH06,142,491
2025-03-31,PRD007,WH06,48,491
2025-04-07,PRD007,WH06,58,491
2025-04-14,PRD007,WH06,131,491
2025-04-21,PRD007,WH06,203,491
2025-04-28,PRD007,WH06,267,491
2025-05-05,PRD007,WH06,150,491
2025-05-12,PRD007,WH06,81,491
2025-05-19,PRD007,WH06,171,491
2025-05-26,PRD007,WH06,115,491
2025-06-02,PRD007,WH06,120,491
2025-06-09,PRD007,WH06,99,491
2025-06-16,PRD007,WH06,0,491
2025-06-23,PRD007,WH06,0,491
2025-06-30,PRD007,WH06,72,491
2025-07-07,PRD007,WH06,7,491
2025-07-14,PRD007,WH06,0,491
2025-07-21,PRD007,WH06,0,491
2025-07-28,PRD007,WH06,0,491
2025-08-04,PRD007,WH06,0,491
2025-08-11,PRD007,WH06,0,491
2025-08-18,PRD007,WH06,52,491
2025-08-25,PRD007,WH06,0,491
2025-09-01,PRD007,WH06,54,491
2025-09-08,PRD007,WH06,57,491
2025-09-15,PRD007,WH06,7,491
2025-09-22,PRD007,WH06,0,491
2025-09-29,PRD007,WH06,0,491
2025-10-06,PRD007,WH06,8,491
2025-10-13,PRD007,WH06,0,491
2025-10-20,PRD007,WH06,0,491
2025-10-27,PRD007,WH06,0,491
2025-11-03,PRD007,WH06,54,491
2025-11-10,PRD007,WH06,66,491
2025-11-17,PRD007,WH06,69,491
2025-11-24,PRD007,WH06,154,491
2025-12-01,PRD007,WH06,190,491
2025-12-08,PRD007,WH06,250,491
2025-12-15,PRD007,WH06,256,491
2025-12-22,PRD007,WH06,351,491
2025-12-29,PRD007,WH06,241,491
2024-01-01,PRD008,WH06,91,344
2024-01-08,PRD008,WH06,15,344
2024-01-15,PRD008,WH06,0,344
2024-01-22,PRD008,WH06,0,344
2024-01-29,PRD008,WH06,69,344
2024-02-05,PRD008,WH06,0,344
2024-02-12,PRD008,WH06,0,344
2024-02-19,PRD008,WH06,43,344
2024-02-26,PRD008,WH06,118,344
2024-03-04,PRD008,WH06,142,344
2024-03-11,PRD008,WH06,23,344
2024-03-18,PRD008,WH06,27,344
2024-03-25,PRD008,WH06,54,344
2024-04-01,PRD008,WH06,116,344
2024-04-08,PRD008,WH06,6,344
2024-04-15,PRD008,WH06,0,344
2024-04-22,PRD008,WH06,0,344
2024-04-29,PRD008,WH06,0,344
2024-05-06,PRD008,WH06,2,344
2024-05-13,PRD008,WH06,54,344
2024-05-20,PRD008,WH06,0,344
2024-05-27,PRD008,WH06,0,344
2024-06-03,PRD008,WH06,0,344
2024-06-10,PRD008,WH06,20,344
2024-06-17,PRD008,WH06,44,344
2024-06-24,PRD008,WH06,0,344
2024-07-01,PRD008,WH06,0,344
2024-07-08,PRD008,WH06,0,344
2024-07-15,PRD008,WH06,0,344
2024-07-22,PRD008,WH06,21,344
2024-07-29,PRD008,WH06,87,344
2024-08-05,PRD008,WH06,115,344
2024-08-12,PRD008,WH06,155,344
2024-08-19,PRD008,WH06,221,344
2024-08-26,PRD008,WH06,244,344
2024-09-02,PRD008,WH06,235,344
2024-09-09,PRD008,WH06,200,344
2024-09-16,PRD008,WH06,218,344
2024-09-23,PRD008,WH06,315,344
2024-09-30,PRD008,WH06,317,344
2024-10-07,PRD008,WH06,345,344
2024-10-14,PRD008,WH06,371,344
2024-10-21,PRD008,WH06,417,344
2024-10-28,PRD008,WH06,311,344
2024-11-04,PRD008,WH06,242,344
2024-11-11,PRD008,WH06,152,344
2024-11-18,PRD008,WH06,154,344
2024-11-25,PRD008,WH06,203,344
2024-12-02,PRD008,WH06,144,344
2024-12-09,PRD008,WH06,210,344
2024-12-16,PRD008,WH06,266,344
2024-12-23,PRD008,WH06,304,344
2024-12-30,PRD008,WH06,233,344
2025-01-06,PRD008,WH06,139,344
2025-01-13,PRD008,WH06,25,344
2025-01-20,PRD008,WH06,105,344
2025-01-27,PRD008,WH06,62,344
2025-02-03,PRD008,WH06,132,344
2025-02-10,PRD008,WH06,12,344
2025-02-17,PRD008,WH06,36,344
2025-02-24,PRD008,WH06,0,344
2025-03-03,PRD008,WH06,0,344
2025-03-10,PRD008,WH06,25,344
2025-03-17,PRD008,WH06,0,344
2025-03-24,PRD008,WH06,95,344
2025-03-31,PRD008,WH06,147,344
2025-04-07,PRD008,WH06,108,344
2025-04-14,PRD008,WH06,7,344
2025-04-21,PRD008,WH06,72,344
2025-04-28,PRD008,WH06,171,344
2025-05-05,PRD008,WH06,100,344
2025-05-12,PRD008,WH06,145,344
2025-05-19,PRD008,WH06,165,344
2025-05-26,PRD008,WH06,169,344
2025-06-02,PRD008,WH06,216,344
2025-06-09,PRD008,WH06,273,344
2025-06-16,PRD008,WH06,345,344
2025-06-23,PRD008,WH06,428,344
2025-06-30,PRD008,WH06,340,344
2025-07-07,PRD008,WH06,283,344
2025-07-14,PRD008,WH06,334,344
2025-07-21,PRD008,WH06,323,344
2025-07-28,PRD008,WH06,367,344
2025-08-04,PRD008,WH06,258,344
2025-08-11,PRD008,WH06,222,344
2025-08-18,PRD008,WH06,167,344
2025-08-25,PRD008,WH06,52,344
2025-09-01,PRD008,WH06,0,344
2025-09-08,PRD008,WH06,0,344
2025-09-15,PRD008,WH06,2,344
2025-09-22,PRD008,WH06,96,344
2025-09-29,PRD008,WH06,153,344
2025-10-06,PRD008,WH06,96,344
2025-10-13,PRD008,WH06,77,344
2025-10-20,PRD008,WH06,0,344
2025-10-27,PRD008,WH06,76,344
2025-11-03,PRD008,WH06,0,344
2025-11-10,PRD008,WH06,0,344
2025-11-17,PRD008,WH06,6,344
2025-11-24,PRD008,WH06,3,344
2025-12-01,PRD008,WH06,50,344
2025-12-08,PRD008,WH06,88,344
2025-12-15,PRD008,WH06,162,344
2025-12-22,PRD008,WH06,256,344
2025-12-29,PRD008,WH06,294,344
2024-01-01,PRD009,WH06,662,162
2024-01-08,PRD009,WH06,692,162
2024-01-15,PRD009,WH06,595,162
2024-01-22,PRD009,WH06,538,162
2024-01-29,PRD009,WH06,471,162
2024-02-05,PRD009,WH06,431,162
2024-02-12,PRD009,WH06,382,162
2024-02-19,PRD009,WH06,359,162
2024-02-26,PRD009,WH06,299,162
2024-03-04,PRD009,WH06,299,162
2024-03-11,PRD009,WH06,193,162
2024-03-18,PRD009,WH06,280,162
2024-03-25,PRD009,WH06,378,162
2024-04-01,PRD009,WH06,476,162
2024-04-08,PRD009,WH06,500,162
2024-04-15,PRD009,WH06,465,162
2024-04-22,PRD009,WH06,557,162
2024-04-29,PRD009,WH06,441,162
2024-05-06,PRD009,WH06,486,162
2024-05-13,PRD009,WH06,522,162
2024-05-20,PRD009,WH06,599,162
2024-05-27,PRD009,WH06,489,162
2024-06-03,PRD009,WH06,394,162
2024-06-10,PRD009,WH06,377,162
2024-06-17,PRD009,WH06,463,162
2024-06-24,PRD009,WH06,399,162
2024-07-01,PRD009,WH06,350,162
2024-07-08,PRD009,WH06,390,162
2024-07-15,PRD009,WH06,317,162
2024-07-22,PRD009,WH06,412,162
2024-07-29,PRD009,WH06,363,162
2024-08-05,PRD009,WH06,402,162
2024-08-12,PRD009,WH06,397,162
2024-08-19,PRD009,WH06,428,162
2024-08-26,PRD009,WH06,390,162
2024-09-02,PRD009,WH06,432,162
2024-09-09,PRD009,WH06,496,162
2024-09-16,PRD009,WH06,526,162
2024-09-23,PRD009,WH06,501,162
2024-09-30,PRD009,WH06,427,162
2024-10-07,PRD009,WH06,432,162
2024-10-14,PRD009,WH06,400,162
2024-10-21,PRD009,WH06,424,162
2024-10-28,PRD009,WH06,496,162
2024-11-04,PRD009,WH06,495,162
2024-11-11,PRD009,WH06,489,162
2024-11-18,PRD009,WH06,537,162
2024-11-25,PRD009,WH06,471,162
2024-12-02,PRD009,WH06,520,162
2024-12-09,PRD009,WH06,438,162
2024-12-16,PRD009,WH06,429,162
2024-12-23,PRD009,WH06,478,162
2024-12-30,PRD009,WH06,374,162
2025-01-06,PRD009,WH06,425,162
2025-01-13,PRD009,WH06,449,162
2025-01-20,PRD009,WH06,447,162
2025-01-27,PRD009,WH06,482,162
2025-02-03,PRD009,WH06,386,162
2025-02-10,PRD009,WH06,411,162
2025-02-17,PRD009,WH06,457,162
2025-02-24,PRD009,WH06,431,162
2025-03-03,PRD009,WH06,414,162
2025-03-10,PRD009,WH06,503,162
2025-03-17,PRD009,WH06,493,162
2025-03-24,PRD009,WH06,576,162
2025-03-31,PRD009,WH06,494,162
2025-04-07,PRD009,WH06,550,162
2025-04-14,PRD009,WH06,636,162
2025-04-21,PRD009,WH06,680,162
2025-04-28,PRD009,WH06,573,162
2025-05-05,PRD009,WH06,519,162
2025-05-12,PRD009,WH06,451,162
2025-05-19,PRD009,WH06,466,162
2025-05-26,PRD009,WH06,375,162
2025-06-02,PRD009,WH06,355,162
2025-06-09,PRD009,WH06,301,162
2025-06-16,PRD009,WH06,390,162
2025-06-23,PRD009,WH06,394,162
2025-06-30,PRD009,WH06,470,162
2025-07-07,PRD009,WH06,350,162
2025-07-14,PRD009,WH06,352,162
2025-07-21,PRD009,WH06,439,162
2025-07-28,PRD009,WH06,404,162
2025-08-04,PRD009,WH06,410,162
2025-08-11,PRD009,WH06,453,162
2025-08-18,PRD009,WH06,517,162
2025-08-25,PRD009,WH06,503,162
2025-09-01,PRD009,WH06,556,162
2025-09-08,PRD009,WH06,561,162
2025-09-15,PRD009,WH06,484,162
2025-09-22,PRD009,WH06,567,162
2025-09-29,PRD009,WH06,456,162
2025-10-06,PRD009,WH06,471,162
2025-10-13,PRD009,WH06,406,162
2025-10-20,PRD009,WH06,430,162
2025-10-27,PRD009,WH06,365,162
2025-11-03,PRD009,WH06,319,162
2025-11-10,PRD009,WH06,415,162
2025-11-17,PRD009,WH06,347,162
2025-11-24,PRD009,WH06,237,162
2025-12-01,PRD009,WH06,329,162
2025-12-08,PRD009,WH06,362,162
2025-12-15,PRD009,WH06,297,162
2025-12-22,PRD009,WH06,272,162
2025-12-29,PRD009,WH06,232,162
2024-01-01,PRD010,WH06,700,489
2024-01-08,PRD010,WH06,781,489
2024-01-15,PRD010,WH06,871,489
2024-01-22,PRD010,WH06,756,489
2024-01-29,PRD010,WH06,836,489
2024-02-05,PRD010,WH06,818,489
2024-02-12,PRD010,WH06,710,489
2024-02-19,PRD010,WH06,668,489
2024-02-26,PRD010,WH06,767,489
2024-03-04,PRD010,WH06,765,489
2024-03-11,PRD010,WH06,837,489
2024-03-18,PRD010,WH06,917,489
2024-03-25,PRD010,WH06,986,489
2024-04-01,PRD010,WH06,917,489
2024-04-08,PRD010,WH06,974,489
2024-04-15,PRD010,WH06,932,489
2024-04-22,PRD010,WH06,965,489
2024-04-29,PRD010,WH06,997,489
2024-05-06,PRD010,WH06,1078,489
2024-05-13,PRD010,WH06,1117,489
2024-05-20,PRD010,WH06,1161,489
2024-05-27,PRD010,WH06,1215,489
2024-06-03,PRD010,WH06,1139,489
2024-06-10,PRD010,WH06,1207,489
2024-06-17,PRD010,WH06,1157,489
2024-06-24,PRD010,WH06,1129,489
2024-07-01,PRD010,WH06,1063,489
2024-07-08,PRD010,WH06,1103,489
2024-07-15,PRD010,WH06,1098,489
2024-07-22,PRD010,WH06,1142,489
2024-07-29,PRD010,WH06,1236,489
2024-08-05,PRD010,WH06,1233,489
2024-08-12,PRD010,WH06,1303,489
2024-08-19,PRD010,WH06,1269,489
2024-08-26,PRD010,WH06,1168,489
2024-09-02,PRD010,WH06,1192,489
2024-09-09,PRD010,WH06,1110,489
2024-09-16,PRD010,WH06,1116,489
2024-09-23,PRD010,WH06,1012,489
2024-09-30,PRD010,WH06,1073,489
2024-10-07,PRD010,WH06,1081,489
2024-10-14,PRD010,WH06,1114,489
2024-10-21,PRD010,WH06,1123,489
2024-10-28,PRD010,WH06,1175,489
2024-11-04,PRD010,WH06,1233,489
2024-11-11,PRD010,WH06,1124,489
2024-11-18,PRD010,WH06,1013,489
2024-11-25,PRD010,WH06,905,489
2024-12-02,PRD010,WH06,951,489
2024-12-09,PRD010,WH06,855,489
2024-12-16,PRD010,WH06,848,489
2024-12-23,PRD010,WH06,764,489
2024-12-30,PRD010,WH06,825,489
2025-01-06,PRD010,WH06,888,489
2025-01-13,PRD010,WH06,831,489
2025-01-20,PRD010,WH06,780,489
2025-01-27,PRD010,WH06,723,489
2025-02-03,PRD010,WH06,629,489
2025-02-10,PRD010,WH06,586,489
2025-02-17,PRD010,WH06,647,489
2025-02-24,PRD010,WH06,649,489
2025-03-03,PRD010,WH06,683,489
2025-03-10,PRD010,WH06,776,489
2025-03-17,PRD010,WH06,755,489
2025-03-24,PRD010,WH06,641,489
2025-03-31,PRD010,WH06,693,489
2025-04-07,PRD010,WH06,681,489
2025-04-14,PRD010,WH06,758,489
2025-04-21,PRD010,WH06,796,489
2025-04-28,PRD010,WH06,884,489
2025-05-05,PRD010,WH06,962,489
2025-05-12,PRD010,WH06,854,489
2025-05-19,PRD010,WH06,846,489
2025-05-26,PRD010,WH06,747,489
2025-06-02,PRD010,WH06,641,489
2025-06-09,PRD010,WH06,691,489
2025-06-16,PRD010,WH06,684,489
2025-06-23,PRD010,WH06,658,489
2025-06-30,PRD010,WH06,740,489
2025-07-07,PRD010,WH06,704,489
2025-07-14,PRD010,WH06,712,489
2025-07-21,PRD010,WH06,634,489
2025-07-28,PRD010,WH06,728,489
2025-08-04,PRD010,WH06,670,489
2025-08-11,PRD010,WH06,578,489
2025-08-18,PRD010,WH06,650,489
2025-08-25,PRD010,WH06,655,489
2025-09-01,PRD010,WH06,626,489
2025-09-08,PRD010,WH06,627,489
2025-09-15,PRD010,WH06,673,489
2025-09-22,PRD010,WH06,560,489
2025-09-29,PRD010,WH06,491,489
2025-10-06,PRD010,WH06,405,489
2025-10-13,PRD010,WH06,461,489
2025-10-20,PRD010,WH06,491,489
2025-10-27,PRD010,WH06,580,489
2025-11-03,PRD010,WH06,639,489
2025-11-10,PRD010,WH06,646,489
2025-11-17,PRD010,WH06,737,489
2025-11-24,PRD010,WH06,752,489
2025-12-01,PRD010,WH06,793,489
2025-12-08,PRD010,WH06,883,489
2025-12-15,PRD010,WH06,971,489
2025-12-22,PRD010,WH06,1034,489
2025-12-29,PRD010,WH06,1027,489
2024-01-01,PRD011,WH06,407,162
2024-01-08,PRD011,WH06,415,162
2024-01-15,PRD011,WH06,390,162
2024-01-22,PRD011,WH06,353,162
2024-01-29,PRD011,WH06,300,162
2024-02-05,PRD011,WH06,347,162
2024-02-12,PRD011,WH06,383,162
2024-02-19,PRD011,WH06,395,162
2024-02-26,PRD011,WH06,438,162
2024-03-04,PRD011,WH06,470,162
2024-03-11,PRD011,WH06,547,162
2024-03-18,PRD011,WH06,550,162
2024-03-25,PRD011,WH06,634,162
2024-04-01,PRD011,WH06,594,162
2024-04-08,PRD011,WH06,631,162
2024-04-15,PRD011,WH06,549,162
2024-04-22,PRD011,WH06,632,162
2024-04-29,PRD011,WH06,535,162
2024-05-06,PRD011,WH06,418,162
2024-05-13,PRD011,WH06,300,162
2024-05-20,PRD011,WH06,385,162
2024-05-27,PRD011,WH06,423,162
2024-06-03,PRD011,WH06,447,162
2024-06-10,PRD011,WH06,513,162
2024-06-17,PRD011,WH06,583,162
2024-06-24,PRD011,WH06,598,162
2024-07-01,PRD011,WH06,630,162
2024-07-08,PRD011,WH06,648,162
2024-07-15,PRD011,WH06,745,162
2024-07-22,PRD011,WH06,778,162
2024-07-29,PRD011,WH06,815,162
2024-08-05,PRD011,WH06,884,162
2024-08-12,PRD011,WH06,901,162
2024-08-19,PRD011,WH06,999,162
2024-08-26,PRD011,WH06,1015,162
2024-09-02,PRD011,WH06,1112,162
2024-09-09,PRD011,WH06,1187,162
2024-09-16,PRD011,WH06,1071,162
2024-09-23,PRD011,WH06,1051,162
2024-09-30,PRD011,WH06,1048,162
2024-10-07,PRD011,WH06,943,162
2024-10-14,PRD011,WH06,899,162
2024-10-21,PRD011,WH06,780,162
2024-10-28,PRD011,WH06,677,162
2024-11-04,PRD011,WH06,775,162
2024-11-11,PRD011,WH06,691,162
2024-11-18,PRD011,WH06,619,162
2024-11-25,PRD011,WH06,507,162
2024-12-02,PRD011,WH06,580,162
2024-12-09,PRD011,WH06,617,162
2024-12-16,PRD011,WH06,551,162
2024-12-23,PRD011,WH06,448,162
2024-12-30,PRD011,WH06,495,162
2025-01-06,PRD011,WH06,482,162
2025-01-13,PRD011,WH06,399,162
2025-01-20,PRD011,WH06,291,162
2025-01-27,PRD011,WH06,295,162
2025-02-03,PRD011,WH06,390,162
2025-02-10,PRD011,WH06,295,162
2025-02-17,PRD011,WH06,205,162
2025-02-24,PRD011,WH06,139,162
2025-03-03,PRD011,WH06,82,162
2025-03-10,PRD011,WH06,36,162
2025-03-17,PRD011,WH06,51,162
2025-03-24,PRD011,WH06,26,162
2025-03-31,PRD011,WH06,122,162
2025-04-07,PRD011,WH06,121,162
2025-04-14,PRD011,WH06,213,162
2025-04-21,PRD011,WH06,123,162
2025-04-28,PRD011,WH06,213,162
2025-05-05,PRD011,WH06,234,162
2025-05-12,PRD011,WH06,170,162
2025-05-19,PRD011,WH06,265,162
2025-05-26,PRD011,WH06,222,162
2025-06-02,PRD011,WH06,177,162
2025-06-09,PRD011,WH06,72,162
2025-06-16,PRD011,WH06,109,162
2025-06-23,PRD011,WH06,10,162
2025-06-30,PRD011,WH06,67,162
2025-07-07,PRD011,WH06,45,162
2025-07-14,PRD011,WH06,69,162
2025-07-21,PRD011,WH06,115,162
2025-07-28,PRD011,WH06,210,162
2025-08-04,PRD011,WH06,259,162
2025-08-11,PRD011,WH06,257,162
2025-08-18,PRD011,WH06,354,162
2025-08-25,PRD011,WH06,256,162
2025-09-01,PRD011,WH06,332,162
2025-09-08,PRD011,WH06,403,162
2025-09-15,PRD011,WH06,419,162
2025-09-22,PRD011,WH06,396,162
2025-09-29,PRD011,WH06,411,162
2025-10-06,PRD011,WH06,354,162
2025-10-13,PRD011,WH06,273,162
2025-10-20,PRD011,WH06,295,162
2025-10-27,PRD011,WH06,392,162
2025-11-03,PRD011,WH06,488,162
2025-11-10,PRD011,WH06,449,162
2025-11-17,PRD011,WH06,468,162
2025-11-24,PRD011,WH06,491,162
2025-12-01,PRD011,WH06,398,162
2025-12-08,PRD011,WH06,465,162
2025-12-15,PRD011,WH06,500,162
2025-12-22,PRD011,WH06,531,162
2025-12-29,PRD011,WH06,512,162
2024-01-01,PRD012,WH06,772,269
2024-01-08,PRD012,WH06,861,269
2024-01-15,PRD012,WH06,838,269
2024-01-22,PRD012,WH06,807,269
2024-01-29,PRD012,WH06,736,269
2024-02-05,PRD012,WH06,804,269
2024-02-12,PRD012,WH06,814,269
2024-02-19,PRD012,WH06,796,269
2024-02-26,PRD012,WH06,709,269
2024-03-04,PRD012,WH06,745,269
2024-03-11,PRD012,WH06,710,269
2024-03-18,PRD012,WH06,680,269
2024-03-25,PRD012,WH06,604,269
2024-04-01,PRD012,WH06,587,269
2024-04-08,PRD012,WH06,686,269
2024-04-15,PRD012,WH06,717,269
2024-04-22,PRD012,WH06,680,269
2024-04-29,PRD012,WH06,596,269
2024-05-06,PRD012,WH06,637,269
2024-05-13,PRD012,WH06,607,269
2024-05-20,PRD012,WH06,535,269
2024-05-27,PRD012,WH06,494,269
2024-06-03,PRD012,WH06,522,269
2024-06-10,PRD012,WH06,416,269
2024-06-17,PRD012,WH06,308,269
2024-06-24,PRD012,WH06,331,269
2024-07-01,PRD012,WH06,399,269
2024-07-08,PRD012,WH06,307,269
2024-07-15,PRD012,WH06,371,269
2024-07-22,PRD012,WH06,286,269
2024-07-29,PRD012,WH06,209,269
2024-08-05,PRD012,WH06,231,269
2024-08-12,PRD012,WH06,121,269
2024-08-19,PRD012,WH06,11,269
2024-08-26,PRD012,WH06,0,269
2024-09-02,PRD012,WH06,0,269
2024-09-09,PRD012,WH06,0,269
2024-09-16,PRD012,WH06,0,269
2024-09-23,PRD012,WH06,0,269
2024-09-30,PRD012,WH06,0,269
2024-10-07,PRD012,WH06,0,269
2024-10-14,PRD012,WH06,0,269
2024-10-21,PRD012,WH06,0,269
2024-10-28,PRD012,WH06,0,269
2024-11-04,PRD012,WH06,0,269
2024-11-11,PRD012,WH06,0,269
2024-11-18,PRD012,WH06,71,269
2024-11-25,PRD012,WH06,45,269
2024-12-02,PRD012,WH06,0,269
2024-12-09,PRD012,WH06,0,269
2024-12-16,PRD012,WH06,74,269
2024-12-23,PRD012,WH06,42,269
2024-12-30,PRD012,WH06,15,269
2025-01-06,PRD012,WH06,0,269
2025-01-13,PRD012,WH06,0,269
2025-01-20,PRD012,WH06,28,269
2025-01-27,PRD012,WH06,51,269
2025-02-03,PRD012,WH06,0,269
2025-02-10,PRD012,WH06,32,269
2025-02-17,PRD012,WH06,0,269
2025-02-24,PRD012,WH06,0,269
2025-03-03,PRD012,WH06,14,269
2025-03-10,PRD012,WH06,25,269
2025-03-17,PRD012,WH06,0,269
2025-03-24,PRD012,WH06,0,269
2025-03-31,PRD012,WH06,53,269
2025-04-07,PRD012,WH06,0,269
2025-04-14,PRD012,WH06,77,269
2025-04-21,PRD012,WH06,0,269
2025-04-28,PRD012,WH06,0,269
2025-05-05,PRD012,WH06,0,269
2025-05-12,PRD012,WH06,80,269
2025-05-19,PRD012,WH06,50,269
2025-05-26,PRD012,WH06,54,269
2025-06-02,PRD012,WH06,0,269
2025-06-09,PRD012,WH06,44,269
2025-06-16,PRD012,WH06,142,269
2025-06-23,PRD012,WH06,139,269
2025-06-30,PRD012,WH06,32,269
2025-07-07,PRD012,WH06,127,269
2025-07-14,PRD012,WH06,73,269
2025-07-21,PRD012,WH06,0,269
2025-07-28,PRD012,WH06,0,269
2025-08-04,PRD012,WH06,0,269
2025-08-11,PRD012,WH06,0,269
2025-08-18,PRD012,WH06,0,269
2025-08-25,PRD012,WH06,29,269
2025-09-01,PRD012,WH06,67,269
2025-09-08,PRD012,WH06,0,269
2025-09-15,PRD012,WH06,70,269
2025-09-22,PRD012,WH06,136,269
2025-09-29,PRD012,WH06,226,269
2025-10-06,PRD012,WH06,265,269
2025-10-13,PRD012,WH06,334,269
2025-10-20,PRD012,WH06,225,269
2025-10-27,PRD012,WH06,110,269
2025-11-03,PRD012,WH06,21,269
2025-11-10,PRD012,WH06,36,269
2025-11-17,PRD012,WH06,78,269
2025-11-24,PRD012,WH06,36,269
2025-12-01,PRD012,WH06,135,269
2025-12-08,PRD012,WH06,72,269
2025-12-15,PRD012,WH06,0,269
2025-12-22,PRD012,WH06,0,269
2025-12-29,PRD012,WH06,0,269
2024-01-01,PRD013,WH06,594,273
2024-01-08,PRD013,WH06,516,273
2024-01-15,PRD013,WH06,398,273
2024-01-22,PRD013,WH06,469,273
2024-01-29,PRD013,WH06,421,273
2024-02-05,PRD013,WH06,495,273
2024-02-12,PRD013,WH06,585,273
2024-02-19,PRD013,WH06,660,273
2024-02-26,PRD013,WH06,545,273
2024-03-04,PRD013,WH06,500,273
2024-03-11,PRD013,WH06,477,273
2024-03-18,PRD013,WH06,575,273
2024-03-25,PRD013,WH06,655,273
2024-04-01,PRD013,WH06,562,273
2024-04-08,PRD013,WH06,483,273
2024-04-15,PRD013,WH06,578,273
2024-04-22,PRD013,WH06,607,273
2024-04-29,PRD013,WH06,676,273
2024-05-06,PRD013,WH06,653,273
2024-05-13,PRD013,WH06,687,273
2024-05-20,PRD013,WH06,683,273
2024-05-27,PRD013,WH06,718,273
2024-06-03,PRD013,WH06,801,273
2024-06-10,PRD013,WH06,783,273
2024-06-17,PRD013,WH06,808,273
2024-06-24,PRD013,WH06,805,273
2024-07-01,PRD013,WH06,818,273
2024-07-08,PRD013,WH06,725,273
2024-07-15,PRD013,WH06,669,273
2024-07-22,PRD013,WH06,631,273
2024-07-29,PRD013,WH06,656,273
2024-08-05,PRD013,WH06,615,273
2024-08-12,PRD013,WH06,671,273
2024-08-19,PRD013,WH06,682,273
2024-08-26,PRD013,WH06,655,273
2024-09-02,PRD013,WH06,650,273
2024-09-09,PRD013,WH06,738,273
2024-09-16,PRD013,WH06,769,273
2024-09-23,PRD013,WH06,660,273
2024-09-30,PRD013,WH06,742,273
2024-10-07,PRD013,WH06,822,273
2024-10-14,PRD013,WH06,840,273
2024-10-21,PRD013,WH06,927,273
2024-10-28,PRD013,WH06,944,273
2024-11-04,PRD013,WH06,966,273
2024-11-11,PRD013,WH06,906,273
2024-11-18,PRD013,WH06,932,273
2024-11-25,PRD013,WH06,818,273
2024-12-02,PRD013,WH06,886,273
2024-12-09,PRD013,WH06,833,273
2024-12-16,PRD013,WH06,923,273
2024-12-23,PRD013,WH06,1005,273
2024-12-30,PRD013,WH06,1074,273
2025-01-06,PRD013,WH06,1052,273
2025-01-13,PRD013,WH06,1127,273
2025-01-20,PRD013,WH06,1088,273
2025-01-27,PRD013,WH06,1046,273
2025-02-03,PRD013,WH06,1118,273
2025-02-10,PRD013,WH06,1115,273
2025-02-17,PRD013,WH06,1122,273
2025-02-24,PRD013,WH06,1148,273
2025-03-03,PRD013,WH06,1125,273
2025-03-10,PRD013,WH06,1191,273
2025-03-17,PRD013,WH06,1152,273
2025-03-24,PRD013,WH06,1239,273
2025-03-31,PRD013,WH06,1209,273
2025-04-07,PRD013,WH06,1297,273
2025-04-14,PRD013,WH06,1195,273
2025-04-21,PRD013,WH06,1225,273
2025-04-28,PRD013,WH06,1275,273
2025-05-05,PRD013,WH06,1222,273
2025-05-12,PRD013,WH06,1308,273
2025-05-19,PRD013,WH06,1194,273
2025-05-26,PRD013,WH06,1119,273
2025-06-02,PRD013,WH06,1087,273
2025-06-09,PRD013,WH06,1140,273
2025-06-16,PRD013,WH06,1236,273
2025-06-23,PRD013,WH06,1274,273
2025-06-30,PRD013,WH06,1231,273
2025-07-07,PRD013,WH06,1250,273
2025-07-14,PRD013,WH06,1250,273
2025-07-21,PRD013,WH06,1245,273
2025-07-28,PRD013,WH06,1146,273
2025-08-04,PRD013,WH06,1090,273
2025-08-11,PRD013,WH06,998,273
2025-08-18,PRD013,WH06,1074,273
2025-08-25,PRD013,WH06,1164,273
2025-09-01,PRD013,WH06,1257,273
2025-09-08,PRD013,WH06,1318,273
2025-09-15,PRD013,WH06,1318,273
2025-09-22,PRD013,WH06,1306,273
2025-09-29,PRD013,WH06,1199,273
2025-10-06,PRD013,WH06,1158,273
2025-10-13,PRD013,WH06,1043,273
2025-10-20,PRD013,WH06,1014,273
2025-10-27,PRD013,WH06,958,273
2025-11-03,PRD013,WH06,1035,273
2025-11-10,PRD013,WH06,1044,273
2025-11-17,PRD013,WH06,983,273
2025-11-24,PRD013,WH06,987,273
2025-12-01,PRD013,WH06,1023,273
2025-12-08,PRD013,WH06,971,273
2025-12-15,PRD013,WH06,1010,273
2025-12-22,PRD013,WH06,968,273
2025-12-29,PRD013,WH06,906,273
2024-01-01,PRD014,WH06,198,175
2024-01-08,PRD014,WH06,108,175
2024-01-15,PRD014,WH06,111,175
2024-01-22,PRD014,WH06,136,175
2024-01-29,PRD014,WH06,59,175
2024-02-05,PRD014,WH06,136,175
2024-02-12,PRD014,WH06,74,175
2024-02-19,PRD014,WH06,143,175
2024-02-26,PRD014,WH06,27,175
2024-03-04,PRD014,WH06,0,175
2024-03-11,PRD014,WH06,0,175
2024-03-18,PRD014,WH06,24,175
2024-03-25,PRD014,WH06,0,175
2024-04-01,PRD014,WH06,4,175
2024-04-08,PRD014,WH06,52,175
2024-04-15,PRD014,WH06,73,175
2024-04-22,PRD014,WH06,34,175
2024-04-29,PRD014,WH06,68,175
2024-05-06,PRD014,WH06,42,175
2024-05-13,PRD014,WH06,0,175
2024-05-20,PRD014,WH06,22,175
2024-05-27,PRD014,WH06,8,175
2024-06-03,PRD014,WH06,0,175
2024-06-10,PRD014,WH06,87,175
2024-06-17,PRD014,WH06,169,175
2024-06-24,PRD014,WH06,178,175
2024-07-01,PRD014,WH06,262,175
2024-07-08,PRD014,WH06,336,175
2024-07-15,PRD014,WH06,299,175
2024-07-22,PRD014,WH06,180,175
2024-07-29,PRD014,WH06,187,175
2024-08-05,PRD014,WH06,281,175
2024-08-12,PRD014,WH06,312,175
2024-08-19,PRD014,WH06,346,175
2024-08-26,PRD014,WH06,375,175
2024-09-02,PRD014,WH06,319,175
2024-09-09,PRD014,WH06,229,175
2024-09-16,PRD014,WH06,121,175
2024-09-23,PRD014,WH06,101,175
2024-09-30,PRD014,WH06,129,175
2024-10-07,PRD014,WH06,61,175
2024-10-14,PRD014,WH06,0,175
2024-10-21,PRD014,WH06,0,175
2024-10-28,PRD014,WH06,0,175
2024-11-04,PRD014,WH06,91,175
2024-11-11,PRD014,WH06,10,175
2024-11-18,PRD014,WH06,0,175
2024-11-25,PRD014,WH06,0,175
2024-12-02,PRD014,WH06,61,175
2024-12-09,PRD014,WH06,65,175
2024-12-16,PRD014,WH06,156,175
2024-12-23,PRD014,WH06,223,175
2024-12-30,PRD014,WH06,215,175
2025-01-06,PRD014,WH06,158,175
2025-01-13,PRD014,WH06,73,175
2025-01-20,PRD014,WH06,119,175
2025-01-27,PRD014,WH06,0,175
2025-02-03,PRD014,WH06,5,175
2025-02-10,PRD014,WH06,60,175
2025-02-17,PRD014,WH06,45,175
2025-02-24,PRD014,WH06,46,175
2025-03-03,PRD014,WH06,0,175
2025-03-10,PRD014,WH06,0,175
2025-03-17,PRD014,WH06,30,175
2025-03-24,PRD014,WH06,0,175
2025-03-31,PRD014,WH06,0,175
2025-04-07,PRD014,WH06,60,175
2025-04-14,PRD014,WH06,24,175
2025-04-21,PRD014,WH06,0,175
2025-04-28,PRD014,WH06,72,175
2025-05-05,PRD014,WH06,99,175
2025-05-12,PRD014,WH06,165,175
2025-05-19,PRD014,WH06,146,175
2025-05-26,PRD014,WH06,205,175
2025-06-02,PRD014,WH06,259,175
2025-06-09,PRD014,WH06,187,175
2025-06-16,PRD014,WH06,196,175
2025-06-23,PRD014,WH06,219,175
2025-06-30,PRD014,WH06,122,175
2025-07-07,PRD014,WH06,94,175
2025-07-14,PRD014,WH06,106,175
2025-07-21,PRD014,WH06,0,175
2025-07-28,PRD014,WH06,0,175
2025-08-04,PRD014,WH06,0,175
2025-08-11,PRD014,WH06,45,175
2025-08-18,PRD014,WH06,0,175
2025-08-25,PRD014,WH06,0,175
2025-09-01,PRD014,WH06,0,175
2025-09-08,PRD014,WH06,91,175
2025-09-15,PRD014,WH06,166,175
2025-09-22,PRD014,WH06,138,175
2025-09-29,PRD014,WH06,219,175
2025-10-06,PRD014,WH06,150,175
2025-10-13,PRD014,WH06,91,175
2025-10-20,PRD014,WH06,133,175
2025-10-27,PRD014,WH06,167,175
2025-11-03,PRD014,WH06,47,175
2025-11-10,PRD014,WH06,0,175
2025-11-17,PRD014,WH06,32,175
2025-11-24,PRD014,WH06,62,175
2025-12-01,PRD014,WH06,56,175
2025-12-08,PRD014,WH06,113,175
2025-12-15,PRD014,WH06,12,175
2025-12-22,PRD014,WH06,0,175
2025-12-29,PRD014,WH06,0,175
2024-01-01,PRD015,WH06,650,221
2024-01-08,PRD015,WH06,661,221
2024-01-15,PRD015,WH06,725,221
2024-01-22,PRD015,WH06,738,221
2024-01-29,PRD015,WH06,758,221
2024-02-05,PRD015,WH06,754,221
2024-02-12,PRD015,WH06,781,221
2024-02-19,PRD015,WH06,774,221
2024-02-26,PRD015,WH06,715,221
2024-03-04,PRD015,WH06,721,221
2024-03-11,PRD015,WH06,634,221
2024-03-18,PRD015,WH06,718,221
2024-03-25,PRD015,WH06,715,221
2024-04-01,PRD015,WH06,600,221
2024-04-08,PRD015,WH06,552,221
2024-04-15,PRD015,WH06,525,221
2024-04-22,PRD015,WH06,594,221
2024-04-29,PRD015,WH06,500,221
2024-05-06,PRD015,WH06,516,221
2024-05-13,PRD015,WH06,469,221
2024-05-20,PRD015,WH06,386,221
2024-05-27,PRD015,WH06,394,221
2024-06-03,PRD015,WH06,404,221
2024-06-10,PRD015,WH06,317,221
2024-06-17,PRD015,WH06,251,221
2024-06-24,PRD015,WH06,243,221
2024-07-01,PRD015,WH06,286,221
2024-07-08,PRD015,WH06,198,221
2024-07-15,PRD015,WH06,121,221
2024-07-22,PRD015,WH06,48,221
2024-07-29,PRD015,WH06,100,221
2024-08-05,PRD015,WH06,174,221
2024-08-12,PRD015,WH06,233,221
2024-08-19,PRD015,WH06,271,221
2024-08-26,PRD015,WH06,156,221
2024-09-02,PRD015,WH06,51,221
2024-09-09,PRD015,WH06,101,221
2024-09-16,PRD015,WH06,57,221
2024-09-23,PRD015,WH06,129,221
2024-09-30,PRD015,WH06,54,221
2024-10-07,PRD015,WH06,121,221
2024-10-14,PRD015,WH06,182,221
2024-10-21,PRD015,WH06,198,221
2024-10-28,PRD015,WH06,291,221
2024-11-04,PRD015,WH06,348,221
2024-11-11,PRD015,WH06,338,221
2024-11-18,PRD015,WH06,342,221
2024-11-25,PRD015,WH06,319,221
2024-12-02,PRD015,WH06,360,221
2024-12-09,PRD015,WH06,420,221
2024-12-16,PRD015,WH06,492,221
2024-12-23,PRD015,WH06,408,221
2024-12-30,PRD015,WH06,310,221
2025-01-06,PRD015,WH06,312,221
2025-01-13,PRD015,WH06,337,221
2025-01-20,PRD015,WH06,356,221
2025-01-27,PRD015,WH06,345,221
2025-02-03,PRD015,WH06,357,221
2025-02-10,PRD015,WH06,256,221
2025-02-17,PRD015,WH06,218,221
2025-02-24,PRD015,WH06,280,221
2025-03-03,PRD015,WH06,353,221
2025-03-10,PRD015,WH06,236,221
2025-03-17,PRD015,WH06,142,221
2025-03-24,PRD015,WH06,221,221
2025-03-31,PRD015,WH06,262,221
2025-04-07,PRD015,WH06,258,221
2025-04-14,PRD015,WH06,239,221
2025-04-21,PRD015,WH06,317,221
2025-04-28,PRD015,WH06,225,221
2025-05-05,PRD015,WH06,144,221
2025-05-12,PRD015,WH06,233,221
2025-05-19,PRD015,WH06,167,221
2025-05-26,PRD015,WH06,152,221
2025-06-02,PRD015,WH06,217,221
2025-06-09,PRD015,WH06,265,221
2025-06-16,PRD015,WH06,155,221
2025-06-23,PRD015,WH06,234,221
2025-06-30,PRD015,WH06,307,221
2025-07-07,PRD015,WH06,387,221
2025-07-14,PRD015,WH06,307,221
2025-07-21,PRD015,WH06,320,221
2025-07-28,PRD015,WH06,263,221
2025-08-04,PRD015,WH06,299,221
2025-08-11,PRD015,WH06,192,221
2025-08-18,PRD015,WH06,150,221
2025-08-25,PRD015,WH06,208,221
2025-09-01,PRD015,WH06,134,221
2025-09-08,PRD015,WH06,189,221
2025-09-15,PRD015,WH06,115,221
2025-09-22,PRD015,WH06,127,221
2025-09-29,PRD015,WH06,81,221
2025-10-06,PRD015,WH06,61,221
2025-10-13,PRD015,WH06,27,221
2025-10-20,PRD015,WH06,19,221
2025-10-27,PRD015,WH06,44,221
2025-11-03,PRD015,WH06,0,221
2025-11-10,PRD015,WH06,2,221
2025-11-17,PRD015,WH06,0,221
2025-11-24,PRD015,WH06,0,221
2025-12-01,PRD015,WH06,77,221
2025-12-08,PRD015,WH06,68,221
2025-12-15,PRD015,WH06,23,221
2025-12-22,PRD015,WH06,36,221
2025-12-29,PRD015,WH06,55,221
2024-01-01,PRD016,WH06,83,465
2024-01-08,PRD016,WH06,181,465
2024-01-15,PRD016,WH06,265,465
2024-01-22,PRD016,WH06,220,465
2024-01-29,PRD016,WH06,230,465
2024-02-05,PRD016,WH06,262,465
2024-02-12,PRD016,WH06,165,465
2024-02-19,PRD016,WH06,107,465
2024-02-26,PRD016,WH06,160,465
2024-03-04,PRD016,WH06,200,465
2024-03-11,PRD016,WH06,278,465
2024-03-18,PRD016,WH06,168,465
2024-03-25,PRD016,WH06,53,465
2024-04-01,PRD016,WH06,21,465
2024-04-08,PRD016,WH06,16,465
2024-04-15,PRD016,WH06,0,465
2024-04-22,PRD016,WH06,76,465
2024-04-29,PRD016,WH06,63,465
2024-05-06,PRD016,WH06,18,465
2024-05-13,PRD016,WH06,0,465
2024-05-20,PRD016,WH06,0,465
2024-05-27,PRD016,WH06,71,465
2024-06-03,PRD016,WH06,48,465
2024-06-10,PRD016,WH06,127,465
2024-06-17,PRD016,WH06,68,465
2024-06-24,PRD016,WH06,26,465
2024-07-01,PRD016,WH06,90,465
2024-07-08,PRD016,WH06,0,465
2024-07-15,PRD016,WH06,0,465
2024-07-22,PRD016,WH06,0,465
2024-07-29,PRD016,WH06,0,465
2024-08-05,PRD016,WH06,0,465
2024-08-12,PRD016,WH06,0,465
2024-08-19,PRD016,WH06,77,465
2024-08-26,PRD016,WH06,104,465
2024-09-02,PRD016,WH06,137,465
2024-09-09,PRD016,WH06,128,465
2024-09-16,PRD016,WH06,198,465
2024-09-23,PRD016,WH06,203,465
2024-09-30,PRD016,WH06,101,465
2024-10-07,PRD016,WH06,0,465
2024-10-14,PRD016,WH06,0,465
2024-10-21,PRD016,WH06,0,465
2024-10-28,PRD016,WH06,99,465
2024-11-04,PRD016,WH06,13,465
2024-11-11,PRD016,WH06,0,465
2024-11-18,PRD016,WH06,50,465
2024-11-25,PRD016,WH06,141,465
2024-12-02,PRD016,WH06,135,465
2024-12-09,PRD016,WH06,65,465
2024-12-16,PRD016,WH06,98,465
2024-12-23,PRD016,WH06,25,465
2024-12-30,PRD016,WH06,64,465
2025-01-06,PRD016,WH06,58,465
2025-01-13,PRD016,WH06,31,465
2025-01-20,PRD016,WH06,60,465
2025-01-27,PRD016,WH06,0,465
2025-02-03,PRD016,WH06,0,465
2025-02-10,PRD016,WH06,39,465
2025-02-17,PRD016,WH06,130,465
2025-02-24,PRD016,WH06,23,465
2025-03-03,PRD016,WH06,106,465
2025-03-10,PRD016,WH06,0,465
2025-03-17,PRD016,WH06,0,465
2025-03-24,PRD016,WH06,50,465
2025-03-31,PRD016,WH06,0,465
2025-04-07,PRD016,WH06,0,465
2025-04-14,PRD016,WH06,29,465
2025-04-21,PRD016,WH06,85,465
2025-04-28,PRD016,WH06,102,465
2025-05-05,PRD016,WH06,104,465
2025-05-12,PRD016,WH06,172,465
2025-05-19,PRD016,WH06,215,465
2025-05-26,PRD016,WH06,183,465
2025-06-02,PRD016,WH06,94,465
2025-06-09,PRD016,WH06,124,465
2025-06-16,PRD016,WH06,214,465
2025-06-23,PRD016,WH06,267,465
2025-06-30,PRD016,WH06,291,465
2025-07-07,PRD016,WH06,351,465
2025-07-14,PRD016,WH06,343,465
2025-07-21,PRD016,WH06,274,465
2025-07-28,PRD016,WH06,331,465
2025-08-04,PRD016,WH06,252,465
2025-08-11,PRD016,WH06,245,465
2025-08-18,PRD016,WH06,306,465
2025-08-25,PRD016,WH06,247,465
2025-09-01,PRD016,WH06,150,465
2025-09-08,PRD016,WH06,86,465
2025-09-15,PRD016,WH06,99,465
2025-09-22,PRD016,WH06,61,465
2025-09-29,PRD016,WH06,55,465
2025-10-06,PRD016,WH06,17,465
2025-10-13,PRD016,WH06,11,465
2025-10-20,PRD016,WH06,0,465
2025-10-27,PRD016,WH06,39,465
2025-11-03,PRD016,WH06,71,465
2025-11-10,PRD016,WH06,14,465
2025-11-17,PRD016,WH06,0,465
2025-11-24,PRD016,WH06,46,465
2025-12-01,PRD016,WH06,55,465
2025-12-08,PRD016,WH06,85,465
2025-12-15,PRD016,WH06,163,465
2025-12-22,PRD016,WH06,126,465
2025-12-29,PRD016,WH06,41,465
2024-01-01,PRD017,WH06,859,233
2024-01-08,PRD017,WH06,755,233
2024-01-15,PRD017,WH06,720,233
2024-01-22,PRD017,WH06,670,233
2024-01-29,PRD017,WH06,653,233
2024-02-05,PRD017,WH06,619,233
2024-02-12,PRD017,WH06,704,233
2024-02-19,PRD017,WH06,657,233
2024-02-26,PRD017,WH06,729,233
2024-03-04,PRD017,WH06,668,233
2024-03-11,PRD017,WH06,657,233
2024-03-18,PRD017,WH06,745,233
2024-03-25,PRD017,WH06,664,233
2024-04-01,PRD017,WH06,749,233
2024-04-08,PRD017,WH06,677,233
2024-04-15,PRD017,WH06,612,233
2024-04-22,PRD017,WH06,572,233
2024-04-29,PRD017,WH06,461,233
2024-05-06,PRD017,WH06,462,233
2024-05-13,PRD017,WH06,551,233
2024-05-20,PRD017,WH06,593,233
2024-05-27,PRD017,WH06,610,233
2024-06-03,PRD017,WH06,532,233
2024-06-10,PRD017,WH06,431,233
2024-06-17,PRD017,WH06,518,233
2024-06-24,PRD017,WH06,542,233
2024-07-01,PRD017,WH06,460,233
2024-07-08,PRD017,WH06,389,233
2024-07-15,PRD017,WH06,360,233
2024-07-22,PRD017,WH06,312,233
2024-07-29,PRD017,WH06,403,233
2024-08-05,PRD017,WH06,480,233
2024-08-12,PRD017,WH06,564,233
2024-08-19,PRD017,WH06,644,233
2024-08-26,PRD017,WH06,699,233
2024-09-02,PRD017,WH06,739,233
2024-09-09,PRD017,WH06,653,233
2024-09-16,PRD017,WH06,682,233
2024-09-23,PRD017,WH06,712,233
2024-09-30,PRD017,WH06,637,233
2024-10-07,PRD017,WH06,605,233
2024-10-14,PRD017,WH06,603,233
2024-10-21,PRD017,WH06,489,233
2024-10-28,PRD017,WH06,383,233
2024-11-04,PRD017,WH06,355,233
2024-11-11,PRD017,WH06,434,233
2024-11-18,PRD017,WH06,478,233
2024-11-25,PRD017,WH06,559,233
2024-12-02,PRD017,WH06,512,233
2024-12-09,PRD017,WH06,451,233
2024-12-16,PRD017,WH06,508,233
2024-12-23,PRD017,WH06,496,233
2024-12-30,PRD017,WH06,388,233
2025-01-06,PRD017,WH06,414,233
2025-01-13,PRD017,WH06,342,233
2025-01-20,PRD017,WH06,244,233
2025-01-27,PRD017,WH06,178,233
2025-02-03,PRD017,WH06,200,233
2025-02-10,PRD017,WH06,288,233
2025-02-17,PRD017,WH06,177,233
2025-02-24,PRD017,WH06,240,233
2025-03-03,PRD017,WH06,235,233
2025-03-10,PRD017,WH06,218,233
2025-03-17,PRD017,WH06,160,233
2025-03-24,PRD017,WH06,224,233
2025-03-31,PRD017,WH06,149,233
2025-04-07,PRD017,WH06,189,233
2025-04-14,PRD017,WH06,124,233
2025-04-21,PRD017,WH06,112,233
2025-04-28,PRD017,WH06,9,233
2025-05-05,PRD017,WH06,0,233
2025-05-12,PRD017,WH06,0,233
2025-05-19,PRD017,WH06,11,233
2025-05-26,PRD017,WH06,33,233
2025-06-02,PRD017,WH06,71,233
2025-06-09,PRD017,WH06,0,233
2025-06-16,PRD017,WH06,83,233
2025-06-23,PRD017,WH06,24,233
2025-06-30,PRD017,WH06,64,233
2025-07-07,PRD017,WH06,117,233
2025-07-14,PRD017,WH06,174,233
2025-07-21,PRD017,WH06,201,233
2025-07-28,PRD017,WH06,274,233
2025-08-04,PRD017,WH06,218,233
2025-08-11,PRD017,WH06,181,233
2025-08-18,PRD017,WH06,84,233
2025-08-25,PRD017,WH06,105,233
2025-09-01,PRD017,WH06,33,233
2025-09-08,PRD017,WH06,13,233
2025-09-15,PRD017,WH06,61,233
2025-09-22,PRD017,WH06,97,233
2025-09-29,PRD017,WH06,125,233
2025-10-06,PRD017,WH06,36,233
2025-10-13,PRD017,WH06,102,233
2025-10-20,PRD017,WH06,109,233
2025-10-27,PRD017,WH06,41,233
2025-11-03,PRD017,WH06,7,233
2025-11-10,PRD017,WH06,92,233
2025-11-17,PRD017,WH06,34,233
2025-11-24,PRD017,WH06,112,233
2025-12-01,PRD017,WH06,142,233
2025-12-08,PRD017,WH06,102,233
2025-12-15,PRD017,WH06,15,233
2025-12-22,PRD017,WH06,59,233
2025-12-29,PRD017,WH06,71,233
2024-01-01,PRD018,WH06,232,304
2024-01-08,PRD018,WH06,311,304
2024-01-15,PRD018,WH06,262,304
2024-01-22,PRD018,WH06,229,304
2024-01-29,PRD018,WH06,261,304
2024-02-05,PRD018,WH06,186,304
2024-02-12,PRD018,WH06,92,304
2024-02-19,PRD018,WH06,67,304
2024-02-26,PRD018,WH06,81,304
2024-03-04,PRD018,WH06,148,304
2024-03-11,PRD018,WH06,39,304
2024-03-18,PRD018,WH06,30,304
2024-03-25,PRD018,WH06,44,304
2024-04-01,PRD018,WH06,32,304
2024-04-08,PRD018,WH06,84,304
2024-04-15,PRD018,WH06,99,304
2024-04-22,PRD018,WH06,110,304
2024-04-29,PRD018,WH06,145,304
2024-05-06,PRD018,WH06,70,304
2024-05-13,PRD018,WH06,138,304
2024-05-20,PRD018,WH06,129,304
2024-05-27,PRD018,WH06,216,304
2024-06-03,PRD018,WH06,135,304
2024-06-10,PRD018,WH06,48,304
2024-06-17,PRD018,WH06,43,304
2024-06-24,PRD018,WH06,0,304
2024-07-01,PRD018,WH06,33,304
2024-07-08,PRD018,WH06,51,304
2024-07-15,PRD018,WH06,0,304
2024-07-22,PRD018,WH06,28,304
2024-07-29,PRD018,WH06,0,304
2024-08-05,PRD018,WH06,82,304
2024-08-12,PRD018,WH06,176,304
2024-08-19,PRD018,WH06,243,304
2024-08-26,PRD018,WH06,190,304
2024-09-02,PRD018,WH06,199,304
2024-09-09,PRD018,WH06,162,304
2024-09-16,PRD018,WH06,261,304
2024-09-23,PRD018,WH06,194,304
2024-09-30,PRD018,WH06,210,304
2024-10-07,PRD018,WH06,286,304
2024-10-14,PRD018,WH06,303,304
2024-10-21,PRD018,WH06,255,304
2024-10-28,PRD018,WH06,137,304
2024-11-04,PRD018,WH06,47,304
2024-11-11,PRD018,WH06,25,304
2024-11-18,PRD018,WH06,36,304
2024-11-25,PRD018,WH06,50,304
2024-12-02,PRD018,WH06,0,304
2024-12-09,PRD018,WH06,0,304
2024-12-16,PRD018,WH06,0,304
2024-12-23,PRD018,WH06,0,304
2024-12-30,PRD018,WH06,0,304
2025-01-06,PRD018,WH06,0,304
2025-01-13,PRD018,WH06,68,304
2025-01-20,PRD018,WH06,159,304
2025-01-27,PRD018,WH06,211,304
2025-02-03,PRD018,WH06,286,304
2025-02-10,PRD018,WH06,317,304
2025-02-17,PRD018,WH06,282,304
2025-02-24,PRD018,WH06,349,304
2025-03-03,PRD018,WH06,354,304
2025-03-10,PRD018,WH06,421,304
2025-03-17,PRD018,WH06,305,304
2025-03-24,PRD018,WH06,305,304
2025-03-31,PRD018,WH06,282,304
2025-04-07,PRD018,WH06,265,304
2025-04-14,PRD018,WH06,304,304
2025-04-21,PRD018,WH06,271,304
2025-04-28,PRD018,WH06,251,304
2025-05-05,PRD018,WH06,266,304
2025-05-12,PRD018,WH06,320,304
2025-05-19,PRD018,WH06,409,304
2025-05-26,PRD018,WH06,361,304
2025-06-02,PRD018,WH06,370,304
2025-06-09,PRD018,WH06,314,304
2025-06-16,PRD018,WH06,310,304
2025-06-23,PRD018,WH06,388,304
2025-06-30,PRD018,WH06,437,304
2025-07-07,PRD018,WH06,336,304
2025-07-14,PRD018,WH06,354,304
2025-07-21,PRD018,WH06,445,304
2025-07-28,PRD018,WH06,433,304
2025-08-04,PRD018,WH06,314,304
2025-08-11,PRD018,WH06,290,304
2025-08-18,PRD018,WH06,255,304
2025-08-25,PRD018,WH06,226,304
2025-09-01,PRD018,WH06,264,304
2025-09-08,PRD018,WH06,153,304
2025-09-15,PRD018,WH06,118,304
2025-09-22,PRD018,WH06,206,304
2025-09-29,PRD018,WH06,144,304
2025-10-06,PRD018,WH06,130,304
2025-10-13,PRD018,WH06,123,304
2025-10-20,PRD018,WH06,137,304
2025-10-27,PRD018,WH06,53,304
2025-11-03,PRD018,WH06,0,304
2025-11-10,PRD018,WH06,0,304
2025-11-17,PRD018,WH06,33,304
2025-11-24,PRD018,WH06,0,304
2025-12-01,PRD018,WH06,0,304
2025-12-08,PRD018,WH06,17,304
2025-12-15,PRD018,WH06,61,304
2025-12-22,PRD018,WH06,0,304
2025-12-29,PRD018,WH06,0,304
2024-01-01,PRD019,WH06,769,421
2024-01-08,PRD019,WH06,794,421
2024-01-15,PRD019,WH06,725,421
2024-01-22,PRD019,WH06,733,421
2024-01-29,PRD019,WH06,699,421
2024-02-05,PRD019,WH06,686,421
2024-02-12,PRD019,WH06,770,421
2024-02-19,PRD019,WH06,781,421
2024-02-26,PRD019,WH06,861,421
2024-03-04,PRD019,WH06,914,421
2024-03-11,PRD019,WH06,952,421
2024-03-18,PRD019,WH06,897,421
2024-03-25,PRD019,WH06,954,421
2024-04-01,PRD019,WH06,913,421
2024-04-08,PRD019,WH06,897,421
2024-04-15,PRD019,WH06,925,421
2024-04-22,PRD019,WH06,924,421
2024-04-29,PRD019,WH06,952,421
2024-05-06,PRD019,WH06,1025,421
2024-05-13,PRD019,WH06,956,421
2024-05-20,PRD019,WH06,871,421
2024-05-27,PRD019,WH06,821,421
2024-06-03,PRD019,WH06,843,421
2024-06-10,PRD019,WH06,823,421
2024-06-17,PRD019,WH06,775,421
2024-06-24,PRD019,WH06,783,421
2024-07-01,PRD019,WH06,678,421
2024-07-08,PRD019,WH06,772,421
2024-07-15,PRD019,WH06,867,421
2024-07-22,PRD019,WH06,962,421
2024-07-29,PRD019,WH06,979,421
2024-08-05,PRD019,WH06,897,421
2024-08-12,PRD019,WH06,787,421
2024-08-19,PRD019,WH06,696,421
2024-08-26,PRD019,WH06,743,421
2024-09-02,PRD019,WH06,783,421
2024-09-09,PRD019,WH06,797,421
2024-09-16,PRD019,WH06,810,421
2024-09-23,PRD019,WH06,813,421
2024-09-30,PRD019,WH06,870,421
2024-10-07,PRD019,WH06,929,421
2024-10-14,PRD019,WH06,1008,421
2024-10-21,PRD019,WH06,1095,421
2024-10-28,PRD019,WH06,1151,421
2024-11-04,PRD019,WH06,1154,421
2024-11-11,PRD019,WH06,1054,421
2024-11-18,PRD019,WH06,1001,421
2024-11-25,PRD019,WH06,991,421
2024-12-02,PRD019,WH06,961,421
2024-12-09,PRD019,WH06,875,421
2024-12-16,PRD019,WH06,878,421
2024-12-23,PRD019,WH06,886,421
2024-12-30,PRD019,WH06,909,421
2025-01-06,PRD019,WH06,819,421
2025-01-13,PRD019,WH06,757,421
2025-01-20,PRD019,WH06,654,421
2025-01-27,PRD019,WH06,570,421
2025-02-03,PRD019,WH06,570,421
2025-02-10,PRD019,WH06,587,421
2025-02-17,PRD019,WH06,515,421
2025-02-24,PRD019,WH06,417,421
2025-03-03,PRD019,WH06,315,421
2025-03-10,PRD019,WH06,307,421
2025-03-17,PRD019,WH06,228,421
2025-03-24,PRD019,WH06,242,421
2025-03-31,PRD019,WH06,287,421
2025-04-07,PRD019,WH06,207,421
2025-04-14,PRD019,WH06,276,421
2025-04-21,PRD019,WH06,198,421
2025-04-28,PRD019,WH06,185,421
2025-05-05,PRD019,WH06,274,421
2025-05-12,PRD019,WH06,351,421
2025-05-19,PRD019,WH06,434,421
2025-05-26,PRD019,WH06,324,421
2025-06-02,PRD019,WH06,379,421
2025-06-09,PRD019,WH06,388,421
2025-06-16,PRD019,WH06,359,421
2025-06-23,PRD019,WH06,448,421
2025-06-30,PRD019,WH06,542,421
2025-07-07,PRD019,WH06,498,421
2025-07-14,PRD019,WH06,485,421
2025-07-21,PRD019,WH06,576,421
2025-07-28,PRD019,WH06,479,421
2025-08-04,PRD019,WH06,435,421
2025-08-11,PRD019,WH06,469,421
2025-08-18,PRD019,WH06,491,421
2025-08-25,PRD019,WH06,583,421
2025-09-01,PRD019,WH06,565,421
2025-09-08,PRD019,WH06,446,421
2025-09-15,PRD019,WH06,463,421
2025-09-22,PRD019,WH06,552,421
2025-09-29,PRD019,WH06,610,421
2025-10-06,PRD019,WH06,609,421
2025-10-13,PRD019,WH06,561,421
2025-10-20,PRD019,WH06,516,421
2025-10-27,PRD019,WH06,584,421
2025-11-03,PRD019,WH06,481,421
2025-11-10,PRD019,WH06,477,421
2025-11-17,PRD019,WH06,465,421
2025-11-24,PRD019,WH06,539,421
2025-12-01,PRD019,WH06,438,421
2025-12-08,PRD019,WH06,352,421
2025-12-15,PRD019,WH06,325,421
2025-12-22,PRD019,WH06,271,421
2025-12-29,PRD019,WH06,165,421
2024-01-01,PRD020,WH06,184,444
2024-01-08,PRD020,WH06,73,444
2024-01-15,PRD020,WH06,0,444
2024-01-22,PRD020,WH06,0,444
2024-01-29,PRD020,WH06,0,444
2024-02-05,PRD020,WH06,0,444
2024-02-12,PRD020,WH06,0,444
2024-02-19,PRD020,WH06,0,444
2024-02-26,PRD020,WH06,0,444
2024-03-04,PRD020,WH06,88,444
2024-03-11,PRD020,WH06,108,444
2024-03-18,PRD020,WH06,6,444
2024-03-25,PRD020,WH06,0,444
2024-04-01,PRD020,WH06,0,444
2024-04-08,PRD020,WH06,60,444
2024-04-15,PRD020,WH06,52,444
2024-04-22,PRD020,WH06,10,444
2024-04-29,PRD020,WH06,76,444
2024-05-06,PRD020,WH06,0,444
2024-05-13,PRD020,WH06,0,444
2024-05-20,PRD020,WH06,0,444
2024-05-27,PRD020,WH06,83,444
2024-06-03,PRD020,WH06,106,444
2024-06-10,PRD020,WH06,114,444
2024-06-17,PRD020,WH06,143,444
2024-06-24,PRD020,WH06,231,444
2024-07-01,PRD020,WH06,296,444
2024-07-08,PRD020,WH06,351,444
2024-07-15,PRD020,WH06,277,444
2024-07-22,PRD020,WH06,210,444
2024-07-29,PRD020,WH06,236,444
2024-08-05,PRD020,WH06,234,444
2024-08-12,PRD020,WH06,177,444
2024-08-19,PRD020,WH06,122,444
2024-08-26,PRD020,WH06,17,444
2024-09-02,PRD020,WH06,63,444
2024-09-09,PRD020,WH06,91,444
2024-09-16,PRD020,WH06,15,444
2024-09-23,PRD020,WH06,87,444
2024-09-30,PRD020,WH06,0,444
2024-10-07,PRD020,WH06,5,444
2024-10-14,PRD020,WH06,54,444
2024-10-21,PRD020,WH06,148,444
2024-10-28,PRD020,WH06,37,444
2024-11-04,PRD020,WH06,0,444
2024-11-11,PRD020,WH06,0,444
2024-11-18,PRD020,WH06,0,444
2024-11-25,PRD020,WH06,0,444
2024-12-02,PRD020,WH06,0,444
2024-12-09,PRD020,WH06,0,444
2024-12-16,PRD020,WH06,85,444
2024-12-23,PRD020,WH06,98,444
2024-12-30,PRD020,WH06,14,444
2025-01-06,PRD020,WH06,1,444
2025-01-13,PRD020,WH06,34,444
2025-01-20,PRD020,WH06,120,444
2025-01-27,PRD020,WH06,191,444
2025-02-03,PRD020,WH06,72,444
2025-02-10,PRD020,WH06,0,444
2025-02-17,PRD020,WH06,0,444
2025-02-24,PRD020,WH06,0,444
2025-03-03,PRD020,WH06,0,444
2025-03-10,PRD020,WH06,36,444
2025-03-17,PRD020,WH06,0,444
2025-03-24,PRD020,WH06,0,444
2025-03-31,PRD020,WH06,0,444
2025-04-07,PRD020,WH06,70,444
2025-04-14,PRD020,WH06,25,444
2025-04-21,PRD020,WH06,112,444
2025-04-28,PRD020,WH06,164,444
2025-05-05,PRD020,WH06,203,444
2025-05-12,PRD020,WH06,214,444
2025-05-19,PRD020,WH06,99,444
2025-05-26,PRD020,WH06,99,444
2025-06-02,PRD020,WH06,79,444
2025-06-09,PRD020,WH06,0,444
2025-06-16,PRD020,WH06,29,444
2025-06-23,PRD020,WH06,0,444
2025-06-30,PRD020,WH06,0,444
2025-07-07,PRD020,WH06,0,444
2025-07-14,PRD020,WH06,0,444
2025-07-21,PRD020,WH06,0,444
2025-07-28,PRD020,WH06,31,444
2025-08-04,PRD020,WH06,1,444
2025-08-11,PRD020,WH06,0,444
2025-08-18,PRD020,WH06,0,444
2025-08-25,PRD020,WH06,81,444
2025-09-01,PRD020,WH06,44,444
2025-09-08,PRD020,WH06,126,444
2025-09-15,PRD020,WH06,70,444
2025-09-22,PRD020,WH06,166,444
2025-09-29,PRD020,WH06,152,444
2025-10-06,PRD020,WH06,107,444
2025-10-13,PRD020,WH06,124,444
2025-10-20,PRD020,WH06,64,444
2025-10-27,PRD020,WH06,24,444
2025-11-03,PRD020,WH06,101,444
2025-11-10,PRD020,WH06,107,444
2025-11-17,PRD020,WH06,128,444
2025-11-24,PRD020,WH06,69,444
2025-12-01,PRD020,WH06,158,444
2025-12-08,PRD020,WH06,127,444
2025-12-15,PRD020,WH06,77,444
2025-12-22,PRD020,WH06,96,444
2025-12-29,PRD020,WH06,47,444
2024-01-01,PRD021,WH06,719,250
2024-01-08,PRD021,WH06,782,250
2024-01-15,PRD021,WH06,820,250
2024-01-22,PRD021,WH06,895,250
2024-01-29,PRD021,WH06,788,250
2024-02-05,PRD021,WH06,771,250
2024-02-12,PRD021,WH06,778,250
2024-02-19,PRD021,WH06,724,250
2024-02-26,PRD021,WH06,768,250
2024-03-04,PRD021,WH06,840,250
2024-03-11,PRD021,WH06,812,250
2024-03-18,PRD021,WH06,703,250
2024-03-25,PRD021,WH06,779,250
2024-04-01,PRD021,WH06,671,250
2024-04-08,PRD021,WH06,685,250
2024-04-15,PRD021,WH06,750,250
2024-04-22,PRD021,WH06,684,250
2024-04-29,PRD021,WH06,649,250
2024-05-06,PRD021,WH06,634,250
2024-05-13,PRD021,WH06,691,250
2024-05-20,PRD021,WH06,690,250
2024-05-27,PRD021,WH06,606,250
2024-06-03,PRD021,WH06,529,250
2024-06-10,PRD021,WH06,419,250
2024-06-17,PRD021,WH06,509,250
2024-06-24,PRD021,WH06,397,250
2024-07-01,PRD021,WH06,396,250
2024-07-08,PRD021,WH06,286,250
2024-07-15,PRD021,WH06,209,250
2024-07-22,PRD021,WH06,211,250
2024-07-29,PRD021,WH06,289,250
2024-08-05,PRD021,WH06,328,250
2024-08-12,PRD021,WH06,228,250
2024-08-19,PRD021,WH06,306,250
2024-08-26,PRD021,WH06,278,250
2024-09-02,PRD021,WH06,245,250
2024-09-09,PRD021,WH06,294,250
2024-09-16,PRD021,WH06,197,250
2024-09-23,PRD021,WH06,197,250
2024-09-30,PRD021,WH06,231,250
2024-10-07,PRD021,WH06,155,250
2024-10-14,PRD021,WH06,168,250
2024-10-21,PRD021,WH06,54,250
2024-10-28,PRD021,WH06,152,250
2024-11-04,PRD021,WH06,169,250
2024-11-11,PRD021,WH06,153,250
2024-11-18,PRD021,WH06,154,250
2024-11-25,PRD021,WH06,164,250
2024-12-02,PRD021,WH06,193,250
2024-12-09,PRD021,WH06,275,250
2024-12-16,PRD021,WH06,185,250
2024-12-23,PRD021,WH06,106,250
2024-12-30,PRD021,WH06,31,250
2025-01-06,PRD021,WH06,0,250
2025-01-13,PRD021,WH06,0,250
2025-01-20,PRD021,WH06,0,250
2025-01-27,PRD021,WH06,0,250
2025-02-03,PRD021,WH06,59,250
2025-02-10,PRD021,WH06,102,250
2025-02-17,PRD021,WH06,197,250
2025-02-24,PRD021,WH06,207,250
2025-03-03,PRD021,WH06,269,250
2025-03-10,PRD021,WH06,194,250
2025-03-17,PRD021,WH06,147,250
2025-03-24,PRD021,WH06,228,250
2025-03-31,PRD021,WH06,246,250
2025-04-07,PRD021,WH06,330,250
2025-04-14,PRD021,WH06,421,250
2025-04-21,PRD021,WH06,359,250
2025-04-28,PRD021,WH06,301,250
2025-05-05,PRD021,WH06,279,250
2025-05-12,PRD021,WH06,185,250
2025-05-19,PRD021,WH06,255,250
2025-05-26,PRD021,WH06,329,250
2025-06-02,PRD021,WH06,423,250
2025-06-09,PRD021,WH06,515,250
2025-06-16,PRD021,WH06,425,250
2025-06-23,PRD021,WH06,389,250
2025-06-30,PRD021,WH06,376,250
2025-07-07,PRD021,WH06,327,250
2025-07-14,PRD021,WH06,234,250
2025-07-21,PRD021,WH06,135,250
2025-07-28,PRD021,WH06,104,250
2025-08-04,PRD021,WH06,94,250
2025-08-11,PRD021,WH06,173,250
2025-08-18,PRD021,WH06,183,250
2025-08-25,PRD021,WH06,245,250
2025-09-01,PRD021,WH06,334,250
2025-09-08,PRD021,WH06,417,250
2025-09-15,PRD021,WH06,418,250
2025-09-22,PRD021,WH06,400,250
2025-09-29,PRD021,WH06,438,250
2025-10-06,PRD021,WH06,379,250
2025-10-13,PRD021,WH06,431,250
2025-10-20,PRD021,WH06,422,250
2025-10-27,PRD021,WH06,385,250
2025-11-03,PRD021,WH06,282,250
2025-11-10,PRD021,WH06,190,250
2025-11-17,PRD021,WH06,151,250
2025-11-24,PRD021,WH06,131,250
2025-12-01,PRD021,WH06,212,250
2025-12-08,PRD021,WH06,160,250
2025-12-15,PRD021,WH06,73,250
2025-12-22,PRD021,WH06,56,250
2025-12-29,PRD021,WH06,146,250
2024-01-01,PRD022,WH06,715,375
2024-01-08,PRD022,WH06,800,375
2024-01-15,PRD022,WH06,871,375
2024-01-22,PRD022,WH06,840,375
2024-01-29,PRD022,WH06,789,375
2024-02-05,PRD022,WH06,707,375
2024-02-12,PRD022,WH06,672,375
2024-02-19,PRD022,WH06,555,375
2024-02-26,PRD022,WH06,610,375
2024-03-04,PRD022,WH06,553,375
2024-03-11,PRD022,WH06,500,375
2024-03-18,PRD022,WH06,436,375
2024-03-25,PRD022,WH06,442,375
2024-04-01,PRD022,WH06,323,375
2024-04-08,PRD022,WH06,417,375
2024-04-15,PRD022,WH06,508,375
2024-04-22,PRD022,WH06,414,375
2024-04-29,PRD022,WH06,306,375
2024-05-06,PRD022,WH06,290,375
2024-05-13,PRD022,WH06,316,375
2024-05-20,PRD022,WH06,344,375
2024-05-27,PRD022,WH06,296,375
2024-06-03,PRD022,WH06,314,375
2024-06-10,PRD022,WH06,228,375
2024-06-17,PRD022,WH06,181,375
2024-06-24,PRD022,WH06,101,375
2024-07-01,PRD022,WH06,167,375
2024-07-08,PRD022,WH06,52,375
2024-07-15,PRD022,WH06,51,375
2024-07-22,PRD022,WH06,0,375
2024-07-29,PRD022,WH06,21,375
2024-08-05,PRD022,WH06,0,375
2024-08-12,PRD022,WH06,0,375
2024-08-19,PRD022,WH06,46,375
2024-08-26,PRD022,WH06,0,375
2024-09-02,PRD022,WH06,0,375
2024-09-09,PRD022,WH06,0,375
2024-09-16,PRD022,WH06,0,375
2024-09-23,PRD022,WH06,0,375
2024-09-30,PRD022,WH06,58,375
2024-10-07,PRD022,WH06,127,375
2024-10-14,PRD022,WH06,144,375
2024-10-21,PRD022,WH06,225,375
2024-10-28,PRD022,WH06,270,375
2024-11-04,PRD022,WH06,238,375
2024-11-11,PRD022,WH06,233,375
2024-11-18,PRD022,WH06,124,375
2024-11-25,PRD022,WH06,196,375
2024-12-02,PRD022,WH06,293,375
2024-12-09,PRD022,WH06,336,375
2024-12-16,PRD022,WH06,228,375
2024-12-23,PRD022,WH06,126,375
2024-12-30,PRD022,WH06,106,375
2025-01-06,PRD022,WH06,41,375
2025-01-13,PRD022,WH06,79,375
2025-01-20,PRD022,WH06,113,375
2025-01-27,PRD022,WH06,75,375
2025-02-03,PRD022,WH06,7,375
2025-02-10,PRD022,WH06,26,375
2025-02-17,PRD022,WH06,0,375
2025-02-24,PRD022,WH06,0,375
2025-03-03,PRD022,WH06,0,375
2025-03-10,PRD022,WH06,28,375
2025-03-17,PRD022,WH06,0,375
2025-03-24,PRD022,WH06,0,375
2025-03-31,PRD022,WH06,0,375
2025-04-07,PRD022,WH06,0,375
2025-04-14,PRD022,WH06,38,375
2025-04-21,PRD022,WH06,0,375
2025-04-28,PRD022,WH06,20,375
2025-05-05,PRD022,WH06,0,375
2025-05-12,PRD022,WH06,49,375
2025-05-19,PRD022,WH06,0,375
2025-05-26,PRD022,WH06,98,375
2025-06-02,PRD022,WH06,139,375
2025-06-09,PRD022,WH06,173,375
2025-06-16,PRD022,WH06,149,375
2025-06-23,PRD022,WH06,224,375
2025-06-30,PRD022,WH06,323,375
2025-07-07,PRD022,WH06,273,375
2025-07-14,PRD022,WH06,242,375
2025-07-21,PRD022,WH06,147,375
2025-07-28,PRD022,WH06,204,375
2025-08-04,PRD022,WH06,204,375
2025-08-11,PRD022,WH06,104,375
2025-08-18,PRD022,WH06,128,375
2025-08-25,PRD022,WH06,167,375
2025-09-01,PRD022,WH06,201,375
2025-09-08,PRD022,WH06,124,375
2025-09-15,PRD022,WH06,69,375
2025-09-22,PRD022,WH06,56,375
2025-09-29,PRD022,WH06,153,375
2025-10-06,PRD022,WH06,252,375
2025-10-13,PRD022,WH06,344,375
2025-10-20,PRD022,WH06,391,375
2025-10-27,PRD022,WH06,433,375
2025-11-03,PRD022,WH06,530,375
2025-11-10,PRD022,WH06,558,375
2025-11-17,PRD022,WH06,443,375
2025-11-24,PRD022,WH06,354,375
2025-12-01,PRD022,WH06,427,375
2025-12-08,PRD022,WH06,446,375
2025-12-15,PRD022,WH06,407,375
2025-12-22,PRD022,WH06,428,375
2025-12-29,PRD022,WH06,505,375
2024-01-01,PRD023,WH06,822,197
2024-01-08,PRD023,WH06,828,197
2024-01-15,PRD023,WH06,825,197
2024-01-22,PRD023,WH06,848,197
2024-01-29,PRD023,WH06,873,197
2024-02-05,PRD023,WH06,754,197
2024-02-12,PRD023,WH06,827,197
2024-02-19,PRD023,WH06,879,197
2024-02-26,PRD023,WH06,875,197
2024-03-04,PRD023,WH06,934,197
2024-03-11,PRD023,WH06,922,197
2024-03-18,PRD023,WH06,1016,197
2024-03-25,PRD023,WH06,1004,197
2024-04-01,PRD023,WH06,1067,197
2024-04-08,PRD023,WH06,1122,197
2024-04-15,PRD023,WH06,1067,197
2024-04-22,PRD023,WH06,1126,197
2024-04-29,PRD023,WH06,1143,197
2024-05-06,PRD023,WH06,1038,197
2024-05-13,PRD023,WH06,1097,197
2024-05-20,PRD023,WH06,1083,197
2024-05-27,PRD023,WH06,1112,197
2024-06-03,PRD023,WH06,1098,197
2024-06-10,PRD023,WH06,1168,197
2024-06-17,PRD023,WH06,1063,197
2024-06-24,PRD023,WH06,1129,197
2024-07-01,PRD023,WH06,1119,197
2024-07-08,PRD023,WH06,1159,197
2024-07-15,PRD023,WH06,1078,197
2024-07-22,PRD023,WH06,1173,197
2024-07-29,PRD023,WH06,1205,197
2024-08-05,PRD023,WH06,1253,197
2024-08-12,PRD023,WH06,1143,197
2024-08-19,PRD023,WH06,1189,197
2024-08-26,PRD023,WH06,1080,197
2024-09-02,PRD023,WH06,1093,197
2024-09-09,PRD023,WH06,1104,197
2024-09-16,PRD023,WH06,1037,197
2024-09-23,PRD023,WH06,993,197
2024-09-30,PRD023,WH06,1048,197
2024-10-07,PRD023,WH06,993,197
2024-10-14,PRD023,WH06,1075,197
2024-10-21,PRD023,WH06,1173,197
2024-10-28,PRD023,WH06,1213,197
2024-11-04,PRD023,WH06,1212,197
2024-11-11,PRD023,WH06,1147,197
2024-11-18,PRD023,WH06,1201,197
2024-11-25,PRD023,WH06,1121,197
2024-12-02,PRD023,WH06,1088,197
2024-12-09,PRD023,WH06,1053,197
2024-12-16,PRD023,WH06,955,197
2024-12-23,PRD023,WH06,870,197
2024-12-30,PRD023,WH06,942,197
2025-01-06,PRD023,WH06,1037,197
2025-01-13,PRD023,WH06,993,197
2025-01-20,PRD023,WH06,890,197
2025-01-27,PRD023,WH06,776,197
2025-02-03,PRD023,WH06,823,197
2025-02-10,PRD023,WH06,770,197
2025-02-17,PRD023,WH06,861,197
2025-02-24,PRD023,WH06,850,197
2025-03-03,PRD023,WH06,803,197
2025-03-10,PRD023,WH06,881,197
2025-03-17,PRD023,WH06,927,197
2025-03-24,PRD023,WH06,977,197
2025-03-31,PRD023,WH06,881,197
2025-04-07,PRD023,WH06,843,197
2025-04-14,PRD023,WH06,894,197
2025-04-21,PRD023,WH06,877,197
2025-04-28,PRD023,WH06,883,197
2025-05-05,PRD023,WH06,846,197
2025-05-12,PRD023,WH06,794,197
2025-05-19,PRD023,WH06,767,197
2025-05-26,PRD023,WH06,802,197
2025-06-02,PRD023,WH06,848,197
2025-06-09,PRD023,WH06,907,197
2025-06-16,PRD023,WH06,899,197
2025-06-23,PRD023,WH06,882,197
2025-06-30,PRD023,WH06,853,197
2025-07-07,PRD023,WH06,792,197
2025-07-14,PRD023,WH06,697,197
2025-07-21,PRD023,WH06,705,197
2025-07-28,PRD023,WH06,595,197
2025-08-04,PRD023,WH06,475,197
2025-08-11,PRD023,WH06,399,197
2025-08-18,PRD023,WH06,292,197
2025-08-25,PRD023,WH06,256,197
2025-09-01,PRD023,WH06,328,197
2025-09-08,PRD023,WH06,349,197
2025-09-15,PRD023,WH06,366,197
2025-09-22,PRD023,WH06,429,197
2025-09-29,PRD023,WH06,526,197
2025-10-06,PRD023,WH06,504,197
2025-10-13,PRD023,WH06,500,197
2025-10-20,PRD023,WH06,463,197
2025-10-27,PRD023,WH06,473,197
2025-11-03,PRD023,WH06,441,197
2025-11-10,PRD023,WH06,370,197
2025-11-17,PRD023,WH06,273,197
2025-11-24,PRD023,WH06,203,197
2025-12-01,PRD023,WH06,152,197
2025-12-08,PRD023,WH06,219,197
2025-12-15,PRD023,WH06,164,197
2025-12-22,PRD023,WH06,137,197
2025-12-29,PRD023,WH06,132,197
2024-01-01,PRD024,WH06,322,395
2024-01-08,PRD024,WH06,315,395
2024-01-15,PRD024,WH06,340,395
2024-01-22,PRD024,WH06,288,395
2024-01-29,PRD024,WH06,310,395
2024-02-05,PRD024,WH06,223,395
2024-02-12,PRD024,WH06,142,395
2024-02-19,PRD024,WH06,187,395
2024-02-26,PRD024,WH06,213,395
2024-03-04,PRD024,WH06,216,395
2024-03-11,PRD024,WH06,202,395
2024-03-18,PRD024,WH06,145,395
2024-03-25,PRD024,WH06,237,395
2024-04-01,PRD024,WH06,184,395
2024-04-08,PRD024,WH06,84,395
2024-04-15,PRD024,WH06,0,395
2024-04-22,PRD024,WH06,61,395
2024-04-29,PRD024,WH06,56,395
2024-05-06,PRD024,WH06,153,395
2024-05-13,PRD024,WH06,234,395
2024-05-20,PRD024,WH06,249,395
2024-05-27,PRD024,WH06,210,395
2024-06-03,PRD024,WH06,205,395
2024-06-10,PRD024,WH06,205,395
2024-06-17,PRD024,WH06,230,395
2024-06-24,PRD024,WH06,232,395
2024-07-01,PRD024,WH06,169,395
2024-07-08,PRD024,WH06,253,395
2024-07-15,PRD024,WH06,326,395
2024-07-22,PRD024,WH06,343,395
2024-07-29,PRD024,WH06,399,395
2024-08-05,PRD024,WH06,391,395
2024-08-12,PRD024,WH06,315,395
2024-08-19,PRD024,WH06,386,395
2024-08-26,PRD024,WH06,369,395
2024-09-02,PRD024,WH06,262,395
2024-09-09,PRD024,WH06,264,395
2024-09-16,PRD024,WH06,338,395
2024-09-23,PRD024,WH06,261,395
2024-09-30,PRD024,WH06,333,395
2024-10-07,PRD024,WH06,291,395
2024-10-14,PRD024,WH06,343,395
2024-10-21,PRD024,WH06,349,395
2024-10-28,PRD024,WH06,392,395
2024-11-04,PRD024,WH06,438,395
2024-11-11,PRD024,WH06,391,395
2024-11-18,PRD024,WH06,394,395
2024-11-25,PRD024,WH06,330,395
2024-12-02,PRD024,WH06,414,395
2024-12-09,PRD024,WH06,324,395
2024-12-16,PRD024,WH06,228,395
2024-12-23,PRD024,WH06,256,395
2024-12-30,PRD024,WH06,245,395
2025-01-06,PRD024,WH06,132,395
2025-01-13,PRD024,WH06,147,395
2025-01-20,PRD024,WH06,172,395
2025-01-27,PRD024,WH06,68,395
2025-02-03,PRD024,WH06,0,395
2025-02-10,PRD024,WH06,0,395
2025-02-17,PRD024,WH06,7,395
2025-02-24,PRD024,WH06,9,395
2025-03-03,PRD024,WH06,28,395
2025-03-10,PRD024,WH06,0,395
2025-03-17,PRD024,WH06,0,395
2025-03-24,PRD024,WH06,0,395
2025-03-31,PRD024,WH06,0,395
2025-04-07,PRD024,WH06,0,395
2025-04-14,PRD024,WH06,3,395
2025-04-21,PRD024,WH06,0,395
2025-04-28,PRD024,WH06,0,395
2025-05-05,PRD024,WH06,0,395
2025-05-12,PRD024,WH06,34,395
2025-05-19,PRD024,WH06,0,395
2025-05-26,PRD024,WH06,0,395
2025-06-02,PRD024,WH06,0,395
2025-06-09,PRD024,WH06,0,395
2025-06-16,PRD024,WH06,67,395
2025-06-23,PRD024,WH06,75,395
2025-06-30,PRD024,WH06,0,395
2025-07-07,PRD024,WH06,90,395
2025-07-14,PRD024,WH06,58,395
2025-07-21,PRD024,WH06,121,395
2025-07-28,PRD024,WH06,193,395
2025-08-04,PRD024,WH06,241,395
2025-08-11,PRD024,WH06,258,395
2025-08-18,PRD024,WH06,248,395
2025-08-25,PRD024,WH06,230,395
2025-09-01,PRD024,WH06,166,395
2025-09-08,PRD024,WH06,76,395
2025-09-15,PRD024,WH06,72,395
2025-09-22,PRD024,WH06,100,395
2025-09-29,PRD024,WH06,108,395
2025-10-06,PRD024,WH06,75,395
2025-10-13,PRD024,WH06,79,395
2025-10-20,PRD024,WH06,0,395
2025-10-27,PRD024,WH06,0,395
2025-11-03,PRD024,WH06,0,395
2025-11-10,PRD024,WH06,94,395
2025-11-17,PRD024,WH06,120,395
2025-11-24,PRD024,WH06,145,395
2025-12-01,PRD024,WH06,70,395
2025-12-08,PRD024,WH06,88,395
2025-12-15,PRD024,WH06,93,395
2025-12-22,PRD024,WH06,47,395
2025-12-29,PRD024,WH06,22,395
2024-01-01,PRD025,WH06,459,401
2024-01-08,PRD025,WH06,522,401
2024-01-15,PRD025,WH06,558,401
2024-01-22,PRD025,WH06,440,401
2024-01-29,PRD025,WH06,466,401
2024-02-05,PRD025,WH06,413,401
2024-02-12,PRD025,WH06,391,401
2024-02-19,PRD025,WH06,433,401
2024-02-26,PRD025,WH06,357,401
2024-03-04,PRD025,WH06,375,401
2024-03-11,PRD025,WH06,465,401
2024-03-18,PRD025,WH06,454,401
2024-03-25,PRD025,WH06,383,401
2024-04-01,PRD025,WH06,442,401
2024-04-08,PRD025,WH06,474,401
2024-04-15,PRD025,WH06,437,401
2024-04-22,PRD025,WH06,529,401
2024-04-29,PRD025,WH06,611,401
2024-05-06,PRD025,WH06,634,401
2024-05-13,PRD025,WH06,631,401
2024-05-20,PRD025,WH06,536,401
2024-05-27,PRD025,WH06,489,401
2024-06-03,PRD025,WH06,439,401
2024-06-10,PRD025,WH06,451,401
2024-06-17,PRD025,WH06,331,401
2024-06-24,PRD025,WH06,368,401
2024-07-01,PRD025,WH06,399,401
2024-07-08,PRD025,WH06,298,401
2024-07-15,PRD025,WH06,268,401
2024-07-22,PRD025,WH06,324,401
2024-07-29,PRD025,WH06,346,401
2024-08-05,PRD025,WH06,442,401
2024-08-12,PRD025,WH06,368,401
2024-08-19,PRD025,WH06,413,401
2024-08-26,PRD025,WH06,363,401
2024-09-02,PRD025,WH06,381,401
2024-09-09,PRD025,WH06,433,401
2024-09-16,PRD025,WH06,325,401
2024-09-23,PRD025,WH06,320,401
2024-09-30,PRD025,WH06,375,401
2024-10-07,PRD025,WH06,309,401
2024-10-14,PRD025,WH06,320,401
2024-10-21,PRD025,WH06,312,401
2024-10-28,PRD025,WH06,349,401
2024-11-04,PRD025,WH06,276,401
2024-11-11,PRD025,WH06,368,401
2024-11-18,PRD025,WH06,442,401
2024-11-25,PRD025,WH06,391,401
2024-12-02,PRD025,WH06,454,401
2024-12-09,PRD025,WH06,436,401
2024-12-16,PRD025,WH06,360,401
2024-12-23,PRD025,WH06,370,401
2024-12-30,PRD025,WH06,393,401
2025-01-06,PRD025,WH06,283,401
2025-01-13,PRD025,WH06,283,401
2025-01-20,PRD025,WH06,342,401
2025-01-27,PRD025,WH06,421,401
2025-02-03,PRD025,WH06,390,401
2025-02-10,PRD025,WH06,448,401
2025-02-17,PRD025,WH06,437,401
2025-02-24,PRD025,WH06,454,401
2025-03-03,PRD025,WH06,430,401
2025-03-10,PRD025,WH06,430,401
2025-03-17,PRD025,WH06,343,401
2025-03-24,PRD025,WH06,305,401
2025-03-31,PRD025,WH06,209,401
2025-04-07,PRD025,WH06,110,401
2025-04-14,PRD025,WH06,111,401
2025-04-21,PRD025,WH06,81,401
2025-04-28,PRD025,WH06,63,401
2025-05-05,PRD025,WH06,48,401
2025-05-12,PRD025,WH06,29,401
2025-05-19,PRD025,WH06,51,401
2025-05-26,PRD025,WH06,111,401
2025-06-02,PRD025,WH06,209,401
2025-06-09,PRD025,WH06,233,401
2025-06-16,PRD025,WH06,113,401
2025-06-23,PRD025,WH06,127,401
2025-06-30,PRD025,WH06,111,401
2025-07-07,PRD025,WH06,31,401
2025-07-14,PRD025,WH06,0,401
2025-07-21,PRD025,WH06,68,401
2025-07-28,PRD025,WH06,0,401
2025-08-04,PRD025,WH06,88,401
2025-08-11,PRD025,WH06,102,401
2025-08-18,PRD025,WH06,141,401
2025-08-25,PRD025,WH06,59,401
2025-09-01,PRD025,WH06,155,401
2025-09-08,PRD025,WH06,59,401
2025-09-15,PRD025,WH06,147,401
2025-09-22,PRD025,WH06,165,401
2025-09-29,PRD025,WH06,161,401
2025-10-06,PRD025,WH06,188,401
2025-10-13,PRD025,WH06,231,401
2025-10-20,PRD025,WH06,171,401
2025-10-27,PRD025,WH06,88,401
2025-11-03,PRD025,WH06,101,401
2025-11-10,PRD025,WH06,88,401
2025-11-17,PRD025,WH06,162,401
2025-11-24,PRD025,WH06,166,401
2025-12-01,PRD025,WH06,218,401
2025-12-08,PRD025,WH06,219,401
2025-12-15,PRD025,WH06,125,401
2025-12-22,PRD025,WH06,71,401
2025-12-29,PRD025,WH06,88,401
