ShipmentID,SupplierID,ProductID,WarehouseID,OrderDate,ExpectedDate,ActualDeliveryDate,OrderQty,ReceivedQty,DefectQty,UnitCost,TotalCost,OrderPriority,ShippingMode
SHP000001,SUP018,PRD008,WH02,2025-10-02,2025-10-22,2025-10-22,761,747,20,73.54,55963.94,Medium,Road
SHP000002,SUP013,PRD001,WH04,2025-04-17,2025-05-01,2025-05-03,25,25,0,24.96,624.0,High,Road
SHP000003,SUP018,PRD001,WH06,2024-05-30,2024-06-03,2024-06-11,187,185,2,24.15,4516.05,Medium,Road
SHP000004,SUP015,PRD022,WH01,2025-02-18,2025-03-07,2025-03-14,428,423,21,65.95,28226.6,High,Rail
SHP000005,SUP004,PRD008,WH02,2024-10-24,2024-11-13,2024-11-11,132,132,3,10.5,1386.0,Medium,Road
SHP000006,SUP017,PRD025,WH05,2025-09-02,2025-09-06,2025-09-04,64,64,1,77.0,4928.0,Low,Sea
SHP000007,SUP005,PRD014,WH04,2024-09-19,2024-09-23,2024-09-24,418,415,1,94.74,39601.32,Medium,Rail
SHP000008,SUP016,PRD011,WH05,2024-05-23,2024-06-01,2024-06-04,537,531,16,35.28,18945.36,Medium,Road
SHP000009,SUP009,PRD016,WH02,2024-12-11,2024-12-23,2024-12-26,87,87,1,117.88,10255.56,Low,Rail
SHP000010,SUP010,PRD018,WH04,2025-09-15,2025-09-18,2025-09-19,142,141,1,4.39,623.38,High,Road
SHP000011,SUP018,PRD013,WH04,2025-07-25,2025-08-11,2025-08-12,694,685,17,85.65,59441.1,Medium,Rail
SHP000012,SUP017,PRD005,WH05,2024-01-02,2024-01-17,2024-01-19,809,804,17,40.0,32360.0,Medium,Rail
SHP000013,SUP018,PRD010,WH03,2024-10-30,2024-11-09,2024-11-08,989,975,27,46.77,46255.53,Medium,Sea
SHP000014,SUP007,PRD022,WH05,2024-09-10,2024-09-14,2024-09-17,972,959,0,117.31,114025.32,Low,Road
SHP000015,SUP004,PRD013,WH03,2025-10-13,2025-10-29,2025-10-30,924,916,17,56.66,52353.84,Medium,Road
SHP000016,SUP005,PRD005,WH06,2025-03-28,2025-04-04,2025-04-06,191,189,0,12.64,2414.24,Low,Sea
SHP000017,SUP016,PRD025,WH06,2024-02-06,2024-02-19,2024-02-17,456,455,8,13.15,5996.4,Medium,Rail
SHP000018,SUP003,PRD008,WH03,2024-06-08,2024-06-11,2024-06-09,877,874,0,123.46,108274.42,Medium,Sea
SHP000019,SUP018,PRD010,WH01,2024-01-09,2024-01-25,2024-01-27,615,608,14,111.25,68418.75,Medium,Road
SHP000020,SUP014,PRD004,WH02,2024-08-20,2024-08-29,2024-09-04,274,271,12,109.0,29866.0,High,Road
SHP000021,SUP015,PRD011,WH04,2024-04-08,2024-04-11,2024-04-14,884,872,29,43.22,38206.48,High,Road
SHP000022,SUP017,PRD014,WH01,2025-10-20,2025-10-29,2025-10-31,205,202,4,25.44,5215.2,Medium,Rail
SHP000023,SUP001,PRD021,WH01,2024-07-26,2024-08-15,2024-08-16,169,169,2,9.06,1531.14,Low,Sea
SHP000024,SUP017,PRD014,WH05,2024-05-10,2024-05-24,2024-05-26,317,316,6,41.4,13123.8,Medium,Road
SHP000025,SUP011,PRD006,WH01,2025-02-07,2025-02-15,2025-02-13,858,857,22,15.95,13685.1,High,Road
SHP000026,SUP017,PRD013,WH06,2024-05-31,2024-06-14,2024-06-14,172,170,2,60.82,10461.04,Medium,Sea
SHP000027,SUP014,PRD002,WH04,2024-02-23,2024-03-10,2024-03-09,751,740,29,122.47,91974.97,Medium,Road
SHP000028,SUP020,PRD001,WH02,2024-04-29,2024-05-09,2024-05-13,84,84,1,113.3,9517.2,Medium,Sea
SHP000029,SUP019,PRD014,WH02,2025-11-03,2025-11-16,2025-11-17,823,808,42,25.42,20920.66,Medium,Road
SHP000030,SUP007,PRD009,WH05,2025-09-19,2025-10-08,2025-10-08,905,894,1,84.92,76852.6,Low,Sea
SHP000031,SUP013,PRD024,WH03,2025-08-09,2025-08-14,2025-08-16,723,722,16,34.28,24784.44,Medium,Rail
SHP000032,SUP018,PRD011,WH03,2025-09-16,2025-09-27,2025-09-25,513,509,12,138.63,71117.19,Medium,Rail
SHP000033,SUP014,PRD006,WH04,2025-02-23,2025-02-26,2025-02-26,209,206,7,113.0,23617.0,Medium,Road
SHP000034,SUP001,PRD014,WH02,2025-02-25,2025-03-14,2025-03-15,237,237,4,101.31,24010.47,Medium,Road
SHP000035,SUP007,PRD024,WH03,2024-04-13,2024-04-16,2024-04-14,830,815,22,114.73,95225.9,Medium,Sea
SHP000036,SUP008,PRD006,WH06,2024-09-10,2024-09-29,2024-09-30,12,12,0,28.42,341.04,Medium,Road
SHP000037,SUP018,PRD020,WH04,2024-08-14,2024-08-26,2024-08-29,739,734,31,134.8,99617.2,High,Road
SHP000038,SUP009,PRD017,WH06,2024-04-21,2024-05-10,2024-05-10,645,644,11,45.32,29231.4,Low,Air
SHP000039,SUP001,PRD003,WH02,2025-05-24,2025-05-27,2025-05-25,36,36,0,101.76,3663.36,Medium,Road
SHP000040,SUP017,PRD022,WH03,2025-04-17,2025-05-02,2025-05-02,260,256,7,49.9,12974.0,Medium,Road
SHP000041,SUP019,PRD014,WH04,2024-04-08,2024-04-28,2024-04-29,204,201,2,28.43,5799.72,Medium,Road
SHP000042,SUP006,PRD018,WH04,2024-06-01,2024-06-19,2024-06-20,181,180,1,115.16,20843.96,Medium,Road
SHP000043,SUP003,PRD003,WH06,2024-12-03,2024-12-17,2024-12-15,565,562,0,99.18,56036.7,Medium,Road
SHP000044,SUP005,PRD018,WH04,2024-06-11,2024-06-23,2024-06-23,766,766,12,24.77,18973.82,Medium,Road
SHP000045,SUP002,PRD007,WH03,2025-11-11,2025-11-28,2025-11-29,399,393,6,85.71,34198.29,High,Rail
SHP000046,SUP020,PRD020,WH05,2024-06-09,2024-06-29,2024-06-30,636,626,22,79.17,50352.12,Low,Road
SHP000047,SUP004,PRD012,WH01,2025-08-02,2025-08-18,2025-08-16,485,481,9,94.24,45706.4,Medium,Road
SHP000048,SUP010,PRD010,WH01,2025-02-01,2025-02-07,2025-02-08,722,721,3,12.64,9126.08,Medium,Air
SHP000049,SUP010,PRD020,WH02,2024-10-03,2024-10-22,2024-10-20,751,740,1,64.95,48777.45,Low,Road
SHP000050,SUP011,PRD007,WH05,2025-05-18,2025-05-30,2025-05-31,211,208,2,136.47,28795.17,Low,Sea
SHP000051,SUP016,PRD003,WH03,2025-01-26,2025-02-05,2025-02-07,659,650,14,115.17,75897.03,Medium,Rail
SHP000052,SUP017,PRD023,WH04,2024-05-14,2024-05-22,2024-05-26,142,141,5,137.88,19578.96,Medium,Road
SHP000053,SUP016,PRD018,WH03,2024-07-13,2024-07-30,2024-07-31,585,579,20,80.99,47379.15,Medium,Rail
SHP000054,SUP007,PRD025,WH01,2025-02-04,2025-02-11,2025-02-10,741,733,0,101.67,75337.47,Low,Road
SHP000055,SUP016,PRD006,WH05,2025-10-01,2025-10-12,2025-10-15,913,901,35,67.77,61874.01,Medium,Road
SHP000056,SUP003,PRD003,WH06,2024-02-02,2024-02-11,2024-02-10,823,822,17,37.1,30533.3,Medium,Road
SHP000057,SUP016,PRD004,WH03,2025-11-18,2025-11-21,2025-11-24,511,511,15,95.63,48866.93,Medium,Sea
SHP000058,SUP008,PRD020,WH04,2025-04-04,2025-04-14,2025-04-14,203,203,2,19.49,3956.47,Low,Road
SHP000059,SUP012,PRD013,WH02,2025-04-14,2025-04-30,2025-05-02,673,664,17,130.41,87765.93,High,Air
SHP000060,SUP003,PRD011,WH01,2025-01-09,2025-01-29,2025-01-28,455,450,9,147.12,66939.6,High,Road
SHP000061,SUP017,PRD014,WH03,2024-01-22,2024-02-08,2024-02-08,245,245,8,49.57,12144.65,Low,Road
SHP000062,SUP018,PRD002,WH01,2025-10-31,2025-11-07,2025-11-10,607,597,28,7.92,4807.44,Medium,Road
SHP000063,SUP011,PRD001,WH04,2024-02-07,2024-02-15,2024-02-13,364,360,2,67.73,24653.72,Medium,Rail
SHP000064,SUP004,PRD008,WH03,2024-08-17,2024-08-27,2024-08-27,137,136,2,24.28,3326.36,Medium,Road
SHP000065,SUP016,PRD013,WH04,2024-12-30,2025-01-13,2025-01-11,798,790,11,63.84,50944.32,Low,Air
SHP000066,SUP017,PRD024,WH01,2025-07-16,2025-08-05,2025-08-06,145,145,2,41.77,6056.65,Low,Sea
SHP000067,SUP009,PRD020,WH04,2025-03-13,2025-04-02,2025-04-04,371,369,7,126.23,46831.33,High,Sea
SHP000068,SUP006,PRD023,WH04,2024-10-09,2024-10-26,2024-10-25,571,566,9,90.27,51544.17,Medium,Air
SHP000069,SUP020,PRD002,WH04,2024-01-27,2024-02-01,2024-02-04,972,960,25,32.31,31405.32,Medium,Sea
SHP000070,SUP002,PRD010,WH05,2024-08-13,2024-08-25,2024-08-27,247,244,5,72.93,18013.71,Medium,Road
SHP000071,SUP009,PRD009,WH01,2024-10-03,2024-10-15,2024-10-16,947,945,3,11.83,11203.01,Medium,Road
SHP000072,SUP006,PRD002,WH02,2025-08-31,2025-09-17,2025-09-15,263,262,3,86.94,22865.22,Medium,Rail
SHP000073,SUP003,PRD025,WH01,2024-10-10,2024-10-16,2024-10-15,519,516,0,109.56,56861.64,Low,Sea
SHP000074,SUP020,PRD006,WH04,2025-04-25,2025-05-09,2025-05-07,507,498,11,80.47,40798.29,Medium,Rail
SHP000075,SUP006,PRD002,WH04,2025-03-28,2025-04-07,2025-04-06,374,368,0,60.56,22649.44,Medium,Rail
SHP000076,SUP007,PRD019,WH05,2025-10-20,2025-11-02,2025-11-04,166,165,2,114.11,18942.26,Low,Road
SHP000077,SUP001,PRD003,WH04,2025-05-30,2025-06-10,2025-06-10,230,229,0,36.88,8482.4,Low,Air
SHP000078,SUP001,PRD016,WH04,2025-06-30,2025-07-13,2025-07-11,134,133,0,13.99,1874.66,Low,Road
SHP000079,SUP005,PRD015,WH03,2024-07-10,2024-07-15,2024-07-15,175,173,0,124.09,21715.75,Medium,Sea
SHP000080,SUP006,PRD010,WH06,2024-02-18,2024-03-05,2024-03-03,50,50,0,95.47,4773.5,Medium,Road
SHP000081,SUP013,PRD010,WH02,2025-05-26,2025-06-06,2025-06-07,165,165,6,147.32,24307.8,Low,Road
SHP000082,SUP002,PRD002,WH02,2024-01-17,2024-01-20,2024-01-20,672,669,19,8.9,5980.8,Low,Road
SHP000083,SUP015,PRD017,WH01,2024-06-20,2024-07-02,2024-07-02,749,748,34,110.65,82876.85,Medium,Road
SHP000084,SUP015,PRD007,WH04,2024-08-07,2024-08-26,2024-08-27,646,646,11,42.35,27358.1,Medium,Air
SHP000085,SUP013,PRD024,WH04,2024-06-06,2024-06-19,2024-06-19,741,735,13,53.33,39517.53,High,Road
SHP000086,SUP014,PRD010,WH04,2025-04-21,2025-05-01,2025-04-30,108,108,2,29.64,3201.12,Low,Road
SHP000087,SUP007,PRD010,WH02,2024-02-15,2024-03-06,2024-03-07,931,929,0,48.93,45553.83,Medium,Road
SHP000088,SUP014,PRD008,WH05,2025-01-07,2025-01-15,2025-01-19,910,897,23,120.72,109855.2,Medium,Road
SHP000089,SUP010,PRD008,WH01,2025-06-01,2025-06-05,2025-06-05,739,726,0,49.93,36898.27,Medium,Sea
SHP000090,SUP017,PRD015,WH06,2024-04-08,2024-04-20,2024-04-18,607,607,14,125.63,76257.41,Medium,Road
SHP000091,SUP014,PRD024,WH03,2024-02-06,2024-02-10,2024-02-14,94,94,3,96.18,9040.92,High,Road
SHP000092,SUP008,PRD006,WH03,2024-10-06,2024-10-21,2024-10-19,980,977,27,50.71,49695.8,Medium,Rail
SHP000093,SUP004,PRD013,WH05,2024-12-14,2024-12-24,2024-12-24,497,497,4,29.15,14487.55,Low,Road
SHP000094,SUP016,PRD008,WH03,2025-05-11,2025-05-15,2025-05-16,17,17,0,147.66,2510.22,Medium,Road
SHP000095,SUP013,PRD025,WH06,2024-10-28,2024-11-16,2024-11-19,982,966,26,5.01,4919.82,High,Air
SHP000096,SUP020,PRD004,WH05,2024-06-29,2024-07-12,2024-07-12,549,548,8,57.11,31353.39,Medium,Rail
SHP000097,SUP018,PRD008,WH02,2025-08-29,2025-09-08,2025-09-12,523,515,26,93.64,48973.72,Medium,Sea
SHP000098,SUP014,PRD010,WH06,2024-04-08,2024-04-12,2024-04-15,299,298,10,99.43,29729.57,Medium,Road
SHP000099,SUP018,PRD023,WH06,2025-11-30,2025-12-15,2025-12-18,254,253,3,11.45,2908.3,Medium,Sea
SHP000100,SUP005,PRD015,WH04,2024-04-25,2024-05-09,2024-05-07,304,304,8,3.07,933.28,Medium,Road
SHP000101,SUP009,PRD021,WH02,2024-07-09,2024-07-23,2024-07-25,309,307,5,126.37,39048.33,Medium,Road
SHP000102,SUP003,PRD009,WH03,2024-09-09,2024-09-12,2024-09-12,260,258,3,105.93,27541.8,Medium,Road
SHP000103,SUP008,PRD002,WH02,2024-06-09,2024-06-16,2024-06-18,382,381,8,53.28,20352.96,Medium,Road
SHP000104,SUP020,PRD008,WH02,2024-09-12,2024-09-22,2024-09-26,927,914,10,144.07,133552.89,Medium,Sea
SHP000105,SUP010,PRD024,WH05,2024-11-18,2024-12-03,2024-12-04,207,206,0,35.61,7371.27,Low,Road
SHP000106,SUP019,PRD007,WH06,2024-05-07,2024-05-21,2024-05-27,169,169,6,64.26,10859.94,High,Road
SHP000107,SUP003,PRD002,WH04,2024-01-18,2024-01-21,2024-01-24,632,625,5,88.01,55622.32,Low,Road
SHP000108,SUP011,PRD018,WH06,2025-07-19,2025-08-04,2025-08-04,126,126,0,131.69,16592.94,High,Sea
SHP000109,SUP011,PRD014,WH03,2025-07-23,2025-08-10,2025-08-10,842,831,21,33.86,28510.12,Medium,Road
SHP000110,SUP017,PRD017,WH04,2024-11-18,2024-11-27,2024-11-30,528,520,17,7.01,3701.28,Low,Sea
SHP000111,SUP016,PRD014,WH05,2025-11-16,2025-12-03,2025-12-05,881,878,8,97.75,86117.75,Medium,Sea
SHP000112,SUP007,PRD025,WH03,2025-09-17,2025-09-26,2025-09-27,310,307,2,110.12,34137.2,Medium,Sea
SHP000113,SUP004,PRD019,WH02,2024-10-14,2024-10-20,2024-10-19,531,523,7,105.78,56169.18,Low,Road
SHP000114,SUP019,PRD005,WH01,2025-10-24,2025-11-07,2025-11-11,520,511,18,147.65,76778.0,Medium,Sea
SHP000115,SUP012,PRD011,WH04,2025-09-30,2025-10-09,2025-10-12,971,953,25,133.59,129715.89,Medium,Rail
SHP000116,SUP015,PRD022,WH01,2024-06-03,2024-06-19,2024-06-21,91,91,1,109.8,9991.8,High,Road
SHP000117,SUP011,PRD012,WH03,2025-05-04,2025-05-19,2025-05-19,930,917,10,90.96,84592.8,Low,Air
SHP000118,SUP005,PRD008,WH03,2025-01-20,2025-01-29,2025-01-29,352,349,3,117.55,41377.6,Low,Road
SHP000119,SUP005,PRD023,WH06,2024-04-13,2024-04-30,2024-04-28,306,306,0,25.63,7842.78,Medium,Road
SHP000120,SUP015,PRD019,WH05,2025-01-27,2025-01-30,2025-02-04,141,141,2,9.72,1370.52,High,Road
SHP000121,SUP018,PRD016,WH05,2024-09-02,2024-09-10,2024-09-15,459,457,7,64.61,29655.99,Low,Air
SHP000122,SUP011,PRD022,WH01,2024-06-24,2024-07-08,2024-07-07,698,694,12,4.63,3231.74,High,Sea
SHP000123,SUP012,PRD016,WH04,2024-02-08,2024-02-14,2024-02-12,739,732,11,7.98,5897.22,Low,Road
SHP000124,SUP002,PRD005,WH03,2025-04-21,2025-04-26,2025-05-01,537,528,20,41.17,22108.29,Medium,Road
SHP000125,SUP020,PRD019,WH02,2025-11-12,2025-11-30,2025-11-30,455,454,11,51.96,23641.8,Medium,Air
SHP000126,SUP015,PRD016,WH03,2025-06-21,2025-07-09,2025-07-11,38,38,1,109.06,4144.28,Low,Road
SHP000127,SUP020,PRD009,WH05,2025-02-11,2025-02-26,2025-02-26,949,948,14,39.65,37627.85,Low,Sea
SHP000128,SUP004,PRD013,WH06,2025-06-08,2025-06-17,2025-06-17,181,180,2,84.66,15323.46,Medium,Road
SHP000129,SUP018,PRD024,WH05,2025-05-20,2025-06-02,2025-06-04,278,274,5,44.18,12282.04,Medium,Road
SHP000130,SUP006,PRD005,WH05,2024-02-05,2024-02-22,2024-02-23,708,703,0,121.76,86206.08,High,Sea
SHP000131,SUP019,PRD023,WH06,2025-11-15,2025-11-22,2025-12-01,305,304,6,84.86,25882.3,Low,Sea
SHP000132,SUP011,PRD008,WH03,2024-01-20,2024-02-07,2024-02-06,530,530,11,35.76,18952.8,Low,Road
SHP000133,SUP002,PRD005,WH06,2024-11-16,2024-12-06,2024-12-04,734,721,16,63.67,46733.78,High,Road
SHP000134,SUP008,PRD015,WH06,2025-05-26,2025-06-11,2025-06-13,310,305,8,136.61,42349.1,High,Rail
SHP000135,SUP011,PRD011,WH02,2025-02-03,2025-02-10,2025-02-10,175,175,3,110.05,19258.75,Medium,Rail
SHP000136,SUP005,PRD016,WH02,2025-10-15,2025-10-23,2025-10-24,775,764,0,123.41,95642.75,Medium,Road
SHP000137,SUP018,PRD008,WH06,2025-04-15,2025-04-26,2025-04-24,40,40,0,14.81,592.4,Low,Road
SHP000138,SUP018,PRD018,WH05,2024-05-22,2024-06-06,2024-06-07,74,74,2,132.14,9778.36,Medium,Rail
SHP000139,SUP014,PRD023,WH01,2024-04-01,2024-04-20,2024-04-20,441,435,9,34.93,15404.13,High,Rail
SHP000140,SUP010,PRD020,WH06,2024-12-19,2025-01-07,2025-01-08,331,328,0,31.52,10433.12,Low,Sea
SHP000141,SUP003,PRD016,WH03,2024-02-20,2024-02-25,2024-02-23,808,795,25,46.69,37725.52,Medium,Road
SHP000142,SUP009,PRD004,WH02,2025-10-26,2025-11-13,2025-11-11,409,403,3,39.63,16208.67,High,Air
SHP000143,SUP003,PRD014,WH03,2025-11-28,2025-12-04,2025-12-04,585,578,11,81.55,47706.75,High,Road
SHP000144,SUP011,PRD025,WH03,2025-07-28,2025-07-31,2025-08-04,458,452,9,144.52,66190.16,Medium,Road
SHP000145,SUP012,PRD008,WH05,2024-07-08,2024-07-22,2024-07-22,732,726,16,21.39,15657.48,High,Sea
SHP000146,SUP012,PRD001,WH04,2024-05-04,2024-05-21,2024-05-22,222,220,6,44.29,9832.38,High,Sea
SHP000147,SUP003,PRD023,WH05,2024-05-29,2024-06-04,2024-06-02,19,19,0,132.95,2526.05,Medium,Road
SHP000148,SUP007,PRD011,WH05,2024-11-09,2024-11-23,2024-11-24,214,214,0,98.86,21156.04,High,Road
SHP000149,SUP014,PRD023,WH05,2025-07-23,2025-08-05,2025-08-08,565,560,21,98.88,55867.2,Low,Road
SHP000150,SUP011,PRD025,WH04,2024-12-07,2024-12-26,2024-12-27,675,663,3,126.3,85252.5,Medium,Rail
SHP000151,SUP007,PRD008,WH03,2024-10-31,2024-11-13,2024-11-15,718,711,2,126.05,90503.9,Low,Road
SHP000152,SUP010,PRD017,WH03,2025-11-22,2025-12-02,2025-12-03,182,180,3,9.26,1685.32,Medium,Sea
SHP000153,SUP011,PRD017,WH02,2025-11-12,2025-12-01,2025-12-01,761,756,17,9.08,6909.88,Medium,Road
SHP000154,SUP015,PRD006,WH01,2024-02-23,2024-03-12,2024-03-16,34,34,1,12.39,421.26,Medium,Road
SHP000155,SUP019,PRD002,WH03,2025-03-19,2025-04-01,2025-04-06,598,588,21,38.01,22729.98,Medium,Rail
SHP000156,SUP016,PRD019,WH03,2025-09-04,2025-09-24,2025-09-25,976,960,12,127.9,124830.4,Low,Sea
SHP000157,SUP020,PRD023,WH03,2024-09-20,2024-09-30,2024-10-02,606,598,13,53.91,32669.46,Medium,Sea
SHP000158,SUP012,PRD005,WH05,2024-02-22,2024-03-03,2024-03-02,408,406,9,103.47,42215.76,High,Sea
SHP000159,SUP018,PRD011,WH06,2025-07-25,2025-07-29,2025-08-02,243,242,9,92.04,22365.72,Medium,Road
SHP000160,SUP013,PRD008,WH06,2025-09-11,2025-09-29,2025-10-05,144,144,4,126.56,18224.64,Medium,Rail
SHP000161,SUP005,PRD025,WH02,2024-01-05,2024-01-13,2024-01-15,201,198,0,137.52,27641.52,Medium,Sea
SHP000162,SUP004,PRD013,WH01,2024-04-12,2024-04-17,2024-04-20,471,466,8,142.83,67272.93,Low,Air
SHP000163,SUP014,PRD014,WH03,2024-07-14,2024-07-29,2024-08-04,435,429,10,32.89,14307.15,High,Air
SHP000164,SUP008,PRD010,WH06,2024-12-15,2024-12-19,2024-12-18,764,759,3,88.66,67736.24,High,Road
SHP000165,SUP009,PRD001,WH06,2024-02-16,2024-02-19,2024-02-17,839,830,12,49.5,41530.5,Medium,Sea
SHP000166,SUP019,PRD015,WH04,2025-10-17,2025-11-02,2025-11-06,388,388,10,30.08,11671.04,High,Road
SHP000167,SUP003,PRD022,WH05,2024-09-25,2024-10-02,2024-09-30,310,310,9,89.13,27630.3,Medium,Road
SHP000168,SUP005,PRD020,WH05,2025-01-04,2025-01-23,2025-01-23,69,69,0,78.12,5390.28,Low,Air
SHP000169,SUP018,PRD021,WH02,2025-09-27,2025-10-08,2025-10-10,190,188,2,53.41,10147.9,Low,Road
SHP000170,SUP001,PRD019,WH06,2024-04-15,2024-04-26,2024-04-27,586,579,0,23.72,13899.92,Low,Road
SHP000171,SUP008,PRD007,WH04,2025-10-31,2025-11-08,2025-11-10,97,97,1,83.65,8114.05,Medium,Road
SHP000172,SUP019,PRD016,WH02,2025-10-20,2025-11-04,2025-11-11,599,598,24,44.98,26943.02,Low,Road
SHP000173,SUP017,PRD004,WH06,2025-10-18,2025-10-25,2025-10-23,158,156,4,91.2,14409.6,Low,Road
SHP000174,SUP017,PRD015,WH04,2024-04-29,2024-05-14,2024-05-15,633,631,13,97.61,61787.13,Medium,Rail
SHP000175,SUP011,PRD017,WH02,2025-08-26,2025-09-14,2025-09-17,287,287,4,44.28,12708.36,Low,Road
SHP000176,SUP002,PRD006,WH02,2024-02-27,2024-03-16,2024-03-15,492,487,10,110.32,54277.44,Medium,Road
SHP000177,SUP006,PRD019,WH01,2024-12-11,2024-12-19,2024-12-17,483,476,7,25.18,12161.94,Medium,Road
SHP000178,SUP014,PRD017,WH04,2025-04-18,2025-04-24,2025-04-26,363,362,12,100.54,36496.02,High,Rail
SHP000179,SUP003,PRD024,WH05,2024-04-26,2024-05-15,2024-05-16,322,321,4,53.66,17278.52,High,Sea
SHP000180,SUP012,PRD020,WH04,2024-05-06,2024-05-14,2024-05-18,449,443,4,40.16,18031.84,Medium,Sea
SHP000181,SUP004,PRD017,WH03,2025-01-27,2025-02-08,2025-02-06,944,941,0,45.83,43263.52,High,Road
SHP000182,SUP012,PRD015,WH01,2025-10-02,2025-10-08,2025-10-12,759,747,16,85.62,64985.58,Medium,Air
SHP000183,SUP013,PRD018,WH03,2024-02-27,2024-03-14,2024-03-18,646,638,16,7.74,5000.04,High,Sea
SHP000184,SUP002,PRD024,WH01,2025-09-25,2025-10-11,2025-10-13,413,413,6,128.95,53256.35,Medium,Sea
SHP000185,SUP002,PRD022,WH06,2025-05-27,2025-06-01,2025-06-03,555,546,19,103.85,57636.75,Medium,Rail
SHP000186,SUP015,PRD007,WH04,2024-04-05,2024-04-12,2024-04-17,49,49,1,132.7,6502.3,Low,Sea
SHP000187,SUP017,PRD025,WH05,2025-09-29,2025-10-10,2025-10-11,290,287,10,16.39,4753.1,Low,Sea
SHP000188,SUP007,PRD008,WH03,2024-04-27,2024-05-07,2024-05-06,385,381,6,16.14,6213.9,Medium,Rail
SHP000189,SUP014,PRD013,WH05,2025-07-13,2025-07-26,2025-07-28,675,667,7,59.11,39899.25,Low,Rail
SHP000190,SUP012,PRD019,WH01,2025-08-23,2025-09-08,2025-09-11,306,306,8,134.19,41062.14,High,Rail
SHP000191,SUP017,PRD007,WH02,2025-05-02,2025-05-06,2025-05-06,620,614,18,3.87,2399.4,High,Road
SHP000192,SUP014,PRD022,WH01,2024-08-24,2024-09-11,2024-09-15,323,319,9,25.0,8075.0,High,Road
SHP000193,SUP006,PRD012,WH01,2024-09-28,2024-10-15,2024-10-15,831,822,5,133.04,110556.24,Medium,Rail
SHP000194,SUP019,PRD013,WH05,2024-07-07,2024-07-17,2024-07-18,125,124,4,7.45,931.25,Low,Air
SHP000195,SUP006,PRD018,WH05,2025-03-22,2025-03-28,2025-03-27,384,378,5,81.77,31399.68,Low,Road
SHP000196,SUP018,PRD015,WH06,2025-08-03,2025-08-06,2025-08-07,938,933,30,74.85,70209.3,High,Air
SHP000197,SUP005,PRD016,WH02,2024-09-03,2024-09-06,2024-09-09,173,171,1,127.1,21988.3,Medium,Road
SHP000198,SUP006,PRD019,WH01,2024-03-16,2024-03-29,2024-03-28,315,312,4,67.67,21316.05,Low,Rail
SHP000199,SUP002,PRD021,WH06,2024-06-02,2024-06-08,2024-06-10,776,774,14,116.73,90582.48,Low,Road
SHP000200,SUP008,PRD017,WH03,2025-10-17,2025-10-24,2025-10-25,925,921,25,7.27,6724.75,Medium,Road
SHP000201,SUP015,PRD003,WH06,2025-03-10,2025-03-27,2025-03-30,210,210,8,44.61,9368.1,Low,Sea
SHP000202,SUP015,PRD013,WH04,2024-03-26,2024-04-13,2024-04-14,300,297,18,139.15,41745.0,Low,Road
SHP000203,SUP011,PRD018,WH01,2025-11-27,2025-12-11,2025-12-11,643,633,15,6.3,4050.9,High,Rail
SHP000204,SUP001,PRD013,WH02,2024-10-11,2024-10-25,2024-10-23,60,60,1,82.63,4957.8,Low,Rail
SHP000205,SUP018,PRD012,WH04,2024-08-07,2024-08-16,2024-08-23,183,182,5,58.33,10674.39,Medium,Road
SHP000206,SUP012,PRD009,WH02,2024-03-09,2024-03-24,2024-03-24,432,430,2,95.01,41044.32,High,Road
SHP000207,SUP012,PRD010,WH05,2024-02-16,2024-02-29,2024-02-29,790,787,12,23.54,18596.6,Medium,Air
SHP000208,SUP011,PRD023,WH04,2024-04-03,2024-04-13,2024-04-13,186,186,2,96.52,17952.72,Medium,Road
SHP000209,SUP008,PRD021,WH05,2025-03-28,2025-04-08,2025-04-07,551,550,8,147.84,81459.84,Medium,Sea
SHP000210,SUP007,PRD003,WH02,2024-07-22,2024-08-04,2024-08-05,481,476,9,78.23,37628.63,High,Sea
SHP000211,SUP002,PRD011,WH01,2024-08-05,2024-08-12,2024-08-12,701,695,18,12.86,9014.86,High,Sea
SHP000212,SUP011,PRD009,WH05,2025-04-18,2025-05-04,2025-05-03,879,872,3,38.18,33560.22,Medium,Sea
SHP000213,SUP010,PRD003,WH01,2025-03-07,2025-03-13,2025-03-16,193,193,0,9.37,1808.41,Medium,Sea
SHP000214,SUP003,PRD009,WH06,2024-12-06,2024-12-15,2024-12-16,498,498,11,114.06,56801.88,Medium,Road
SHP000215,SUP020,PRD021,WH05,2025-07-04,2025-07-24,2025-07-23,53,53,2,32.88,1742.64,Medium,Road
SHP000216,SUP010,PRD014,WH01,2025-09-03,2025-09-18,2025-09-20,350,344,3,23.08,8078.0,Medium,Rail
SHP000217,SUP018,PRD016,WH06,2024-10-15,2024-10-26,2024-10-26,494,488,17,29.17,14409.98,Medium,Road
SHP000218,SUP014,PRD002,WH05,2024-09-10,2024-09-16,2024-09-22,13,13,0,137.01,1781.13,Medium,Air
SHP000219,SUP018,PRD024,WH02,2024-12-22,2025-01-03,2025-01-11,271,271,6,69.84,18926.64,Low,Rail
SHP000220,SUP008,PRD016,WH04,2024-01-23,2024-01-27,2024-01-25,610,605,16,59.24,36136.4,Low,Rail
SHP000221,SUP010,PRD014,WH03,2025-06-05,2025-06-22,2025-06-20,411,410,0,73.33,30138.63,Medium,Air
SHP000222,SUP013,PRD010,WH04,2024-04-09,2024-04-15,2024-04-15,653,643,18,149.22,97440.66,Medium,Rail
SHP000223,SUP008,PRD025,WH01,2024-06-28,2024-07-18,2024-07-16,881,879,12,46.74,41177.94,Medium,Sea
SHP000224,SUP004,PRD002,WH04,2024-08-10,2024-08-28,2024-08-28,377,376,8,126.51,47694.27,Medium,Road
SHP000225,SUP004,PRD012,WH03,2025-10-20,2025-11-04,2025-11-03,172,172,4,56.66,9745.52,Medium,Road
SHP000226,SUP005,PRD023,WH05,2025-03-17,2025-03-28,2025-03-26,809,804,3,117.32,94911.88,Medium,Road
SHP000227,SUP001,PRD002,WH03,2025-08-30,2025-09-14,2025-09-17,151,151,0,80.77,12196.27,Medium,Sea
SHP000228,SUP017,PRD015,WH01,2024-11-20,2024-11-30,2024-12-06,295,291,6,34.33,10127.35,Medium,Rail
SHP000229,SUP002,PRD003,WH04,2025-05-30,2025-06-09,2025-06-07,181,180,9,46.75,8461.75,Medium,Road
SHP000230,SUP008,PRD018,WH02,2024-01-16,2024-01-28,2024-01-29,783,781,5,59.75,46784.25,Low,Road
SHP000231,SUP007,PRD011,WH02,2024-12-01,2024-12-04,2024-12-07,394,388,4,61.86,24372.84,Medium,Road
SHP000232,SUP015,PRD002,WH03,2024-09-14,2024-09-26,2024-09-30,837,834,22,143.23,119883.51,High,Road
SHP000233,SUP005,PRD014,WH02,2025-05-11,2025-05-25,2025-05-24,198,196,0,20.35,4029.3,Medium,Rail
SHP000234,SUP002,PRD011,WH02,2024-06-08,2024-06-19,2024-06-21,71,71,2,39.76,2822.96,Low,Air
SHP000235,SUP007,PRD016,WH01,2025-04-19,2025-05-02,2025-04-30,683,676,9,21.88,14944.04,Low,Road
SHP000236,SUP008,PRD020,WH06,2025-10-25,2025-11-01,2025-11-01,281,281,2,137.5,38637.5,High,Road
SHP000237,SUP007,PRD008,WH06,2025-11-20,2025-11-25,2025-11-26,816,810,0,4.73,3859.68,Low,Road
SHP000238,SUP007,PRD015,WH05,2025-11-05,2025-11-24,2025-11-25,141,140,1,128.57,18128.37,Low,Air
SHP000239,SUP014,PRD004,WH06,2025-01-14,2025-01-24,2025-01-26,753,742,4,46.61,35097.33,High,Sea
SHP000240,SUP018,PRD005,WH03,2025-06-28,2025-07-05,2025-07-07,703,693,20,61.97,43564.91,Medium,Road
SHP000241,SUP006,PRD007,WH04,2025-11-21,2025-12-09,2025-12-07,622,614,3,71.87,44703.14,Low,Rail
SHP000242,SUP004,PRD001,WH01,2025-03-02,2025-03-06,2025-03-08,987,985,17,143.52,141654.24,Medium,Road
SHP000243,SUP010,PRD009,WH05,2025-09-04,2025-09-07,2025-09-07,820,816,9,47.72,39130.4,Low,Road
SHP000244,SUP018,PRD006,WH03,2024-09-24,2024-10-07,2024-10-10,40,40,0,144.89,5795.6,Low,Road
SHP000245,SUP012,PRD020,WH06,2025-07-30,2025-08-19,2025-08-20,438,433,9,145.67,63803.46,Medium,Road
SHP000246,SUP016,PRD004,WH04,2025-02-20,2025-02-24,2025-02-27,433,426,8,113.47,49132.51,Low,Sea
SHP000247,SUP007,PRD005,WH01,2024-06-16,2024-07-05,2024-07-05,355,350,0,95.27,33820.85,Medium,Road
SHP000248,SUP006,PRD002,WH03,2024-02-12,2024-02-21,2024-02-20,596,587,14,111.09,66209.64,Medium,Road
SHP000249,SUP005,PRD015,WH03,2025-07-09,2025-07-18,2025-07-19,886,871,6,148.34,131429.24,Low,Rail
SHP000250,SUP003,PRD017,WH03,2024-10-11,2024-10-22,2024-10-27,878,865,14,63.77,55990.06,Medium,Road
SHP000251,SUP012,PRD023,WH01,2025-01-31,2025-02-12,2025-02-15,592,590,14,114.97,68062.24,Medium,Road
SHP000252,SUP015,PRD024,WH01,2024-01-12,2024-01-21,2024-01-25,520,511,19,103.56,53851.2,Low,Road
SHP000253,SUP010,PRD003,WH04,2025-08-29,2025-09-04,2025-09-04,867,861,7,13.15,11401.05,Low,Rail
SHP000254,SUP020,PRD002,WH02,2024-10-28,2024-11-12,2024-11-14,935,920,27,51.02,47703.7,Medium,Sea
SHP000255,SUP019,PRD001,WH04,2024-09-09,2024-09-23,2024-09-25,43,43,1,45.21,1944.03,Medium,Rail
SHP000256,SUP016,PRD015,WH01,2025-05-13,2025-05-29,2025-06-02,806,800,19,60.03,48384.18,Low,Road
SHP000257,SUP011,PRD004,WH05,2024-02-04,2024-02-19,2024-02-22,400,393,13,38.86,15544.0,High,Road
SHP000258,SUP008,PRD003,WH06,2024-03-30,2024-04-17,2024-04-19,599,598,11,139.13,83338.87,Low,Sea
SHP000259,SUP003,PRD001,WH01,2025-08-27,2025-09-14,2025-09-12,458,453,7,132.8,60822.4,Medium,Rail
SHP000260,SUP007,PRD021,WH03,2025-08-24,2025-09-02,2025-08-31,864,859,9,107.91,93234.24,Low,Rail
SHP000261,SUP007,PRD005,WH06,2025-02-21,2025-03-13,2025-03-14,997,990,12,58.96,58783.12,Medium,Road
SHP000262,SUP014,PRD002,WH02,2024-04-24,2024-05-07,2024-05-12,666,654,18,109.88,73180.08,Medium,Road
SHP000263,SUP002,PRD001,WH04,2025-09-08,2025-09-16,2025-09-15,703,690,3,57.39,40345.17,High,Road
SHP000264,SUP010,PRD006,WH05,2024-07-14,2024-07-23,2024-07-22,549,549,14,61.0,33489.0,Medium,Road
SHP000265,SUP019,PRD004,WH04,2025-05-15,2025-05-29,2025-06-01,287,283,9,31.3,8983.1,Medium,Rail
SHP000266,SUP009,PRD004,WH03,2025-09-17,2025-09-22,2025-09-23,442,442,7,91.39,40394.38,Medium,Road
SHP000267,SUP016,PRD024,WH05,2025-05-07,2025-05-10,2025-05-12,682,674,21,105.3,71814.6,High,Sea
SHP000268,SUP019,PRD011,WH05,2024-03-15,2024-04-04,2024-04-04,743,740,33,74.15,55093.45,Medium,Sea
SHP000269,SUP018,PRD007,WH01,2025-02-16,2025-02-21,2025-02-25,111,110,3,14.74,1636.14,Low,Air
SHP000270,SUP009,PRD011,WH06,2025-01-10,2025-01-23,2025-01-22,587,587,9,100.06,58735.22,Low,Sea
SHP000271,SUP016,PRD006,WH03,2025-02-23,2025-03-11,2025-03-14,523,523,10,3.9,2039.7,Medium,Rail
SHP000272,SUP013,PRD007,WH04,2024-10-03,2024-10-23,2024-10-27,594,594,22,56.05,33293.7,Medium,Road
SHP000273,SUP010,PRD018,WH01,2025-11-06,2025-11-20,2025-11-20,45,45,0,28.68,1290.6,Medium,Rail
SHP000274,SUP020,PRD006,WH03,2025-01-28,2025-02-07,2025-02-08,411,408,10,121.51,49940.61,Medium,Road
SHP000275,SUP014,PRD005,WH06,2025-04-01,2025-04-06,2025-04-06,609,599,32,46.92,28574.28,Medium,Road
SHP000276,SUP012,PRD006,WH06,2024-07-10,2024-07-15,2024-07-17,429,429,8,23.77,10197.33,Low,Sea
SHP000277,SUP019,PRD009,WH06,2025-11-19,2025-12-05,2025-12-06,334,333,15,18.23,6088.82,High,Road
SHP000278,SUP007,PRD003,WH01,2024-04-08,2024-04-21,2024-04-19,378,375,5,96.77,36579.06,Medium,Road
SHP000279,SUP015,PRD011,WH02,2025-07-01,2025-07-11,2025-07-16,592,587,24,6.07,3593.44,Low,Sea
SHP000280,SUP016,PRD018,WH02,2024-04-05,2024-04-19,2024-04-17,21,21,0,114.73,2409.33,High,Rail
SHP000281,SUP008,PRD001,WH05,2025-10-25,2025-11-11,2025-11-14,306,301,3,38.63,11820.78,Low,Rail
SHP000282,SUP010,PRD019,WH04,2025-10-24,2025-11-03,2025-11-01,876,864,0,113.15,99119.4,Low,Road
SHP000283,SUP004,PRD016,WH05,2024-07-08,2024-07-14,2024-07-15,643,637,15,14.56,9362.08,Medium,Road
SHP000284,SUP019,PRD018,WH01,2024-02-06,2024-02-21,2024-02-19,986,985,38,14.99,14780.14,Medium,Air
SHP000285,SUP019,PRD022,WH06,2025-01-03,2025-01-16,2025-01-16,167,167,3,31.93,5332.31,Medium,Road
SHP000286,SUP015,PRD011,WH04,2025-11-25,2025-12-01,2025-12-05,204,204,9,15.1,3080.4,Low,Road
SHP000287,SUP014,PRD015,WH01,2025-06-08,2025-06-24,2025-06-25,390,387,6,140.95,54970.5,Low,Road
SHP000288,SUP001,PRD008,WH04,2024-10-05,2024-10-21,2024-10-22,62,62,0,59.58,3693.96,Low,Air
SHP000289,SUP016,PRD001,WH06,2024-08-04,2024-08-19,2024-08-19,694,692,14,82.44,57213.36,Medium,Road
SHP000290,SUP010,PRD002,WH02,2024-09-29,2024-10-17,2024-10-15,746,734,1,96.9,72287.4,Low,Road
SHP000291,SUP019,PRD025,WH04,2024-03-02,2024-03-13,2024-03-16,989,985,26,70.97,70189.33,High,Road
SHP000292,SUP003,PRD006,WH01,2025-08-18,2025-08-31,2025-08-29,959,958,27,57.53,55171.27,Medium,Rail
SHP000293,SUP005,PRD001,WH05,2024-12-07,2024-12-18,2024-12-18,195,194,1,111.83,21806.85,Low,Rail
SHP000294,SUP009,PRD015,WH04,2025-01-31,2025-02-11,2025-02-09,586,584,18,127.32,74609.52,Medium,Road
SHP000295,SUP018,PRD005,WH04,2025-11-29,2025-12-06,2025-12-05,970,966,25,98.77,95806.9,Medium,Sea
SHP000296,SUP011,PRD010,WH01,2024-01-19,2024-02-06,2024-02-07,428,422,0,81.53,34894.84,Medium,Rail
SHP000297,SUP016,PRD004,WH03,2024-06-25,2024-06-28,2024-06-28,634,631,0,56.71,35954.14,Medium,Rail
SHP000298,SUP002,PRD021,WH01,2025-09-03,2025-09-12,2025-09-11,712,711,11,96.55,68743.6,Low,Road
SHP000299,SUP012,PRD023,WH04,2025-01-30,2025-02-03,2025-02-04,177,176,4,60.26,10666.02,High,Rail
SHP000300,SUP006,PRD010,WH06,2025-03-20,2025-04-06,2025-04-04,75,75,0,68.7,5152.5,Medium,Road
SHP000301,SUP011,PRD023,WH04,2024-08-20,2024-08-28,2024-08-29,66,66,0,49.23,3249.18,High,Road
SHP000302,SUP008,PRD008,WH05,2024-03-16,2024-03-26,2024-03-28,846,833,7,117.79,99650.34,Medium,Sea
SHP000303,SUP012,PRD004,WH04,2024-09-21,2024-10-08,2024-10-08,412,408,17,139.05,57288.6,Medium,Rail
SHP000304,SUP002,PRD008,WH02,2025-03-30,2025-04-17,2025-04-22,474,467,5,49.26,23349.24,Medium,Road
SHP000305,SUP009,PRD011,WH06,2025-01-18,2025-01-30,2025-02-03,192,190,3,24.63,4728.96,High,Sea
SHP000306,SUP015,PRD007,WH01,2025-07-17,2025-07-20,2025-07-22,687,677,27,54.72,37592.64,High,Rail
SHP000307,SUP002,PRD018,WH02,2025-05-20,2025-05-30,2025-05-30,15,15,0,73.46,1101.9,Low,Rail
SHP000308,SUP001,PRD018,WH06,2025-01-01,2025-01-16,2025-01-14,437,430,6,100.27,43817.99,Medium,Air
SHP000309,SUP010,PRD024,WH01,2024-05-23,2024-06-07,2024-06-06,153,151,0,7.18,1098.54,Medium,Rail
SHP000310,SUP002,PRD003,WH02,2024-03-09,2024-03-25,2024-03-24,690,689,33,71.24,49155.6,High,Road
SHP000311,SUP012,PRD008,WH01,2024-04-08,2024-04-20,2024-04-19,432,426,12,36.23,15651.36,Medium,Sea
SHP000312,SUP008,PRD023,WH02,2025-01-30,2025-02-09,2025-02-07,824,812,7,96.5,79516.0,Medium,Sea
SHP000313,SUP005,PRD002,WH03,2024-01-25,2024-02-01,2024-02-02,872,863,12,77.27,67379.44,Low,Road
SHP000314,SUP001,PRD008,WH02,2025-04-13,2025-04-28,2025-04-26,258,258,3,30.23,7799.34,High,Road
SHP000315,SUP015,PRD013,WH05,2025-04-28,2025-05-18,2025-05-20,914,903,52,93.83,85760.62,High,Road
SHP000316,SUP006,PRD008,WH02,2025-07-18,2025-08-06,2025-08-06,615,606,0,55.98,34427.7,Medium,Rail
SHP000317,SUP012,PRD011,WH01,2024-05-30,2024-06-12,2024-06-15,162,160,3,109.22,17693.64,High,Road
SHP000318,SUP008,PRD015,WH03,2024-05-23,2024-06-09,2024-06-10,749,745,22,120.04,89909.96,Low,Sea
SHP000319,SUP013,PRD006,WH06,2025-07-22,2025-07-31,2025-08-03,813,809,19,98.78,80308.14,Medium,Rail
SHP000320,SUP019,PRD002,WH02,2024-02-08,2024-02-24,2024-02-26,678,670,31,97.26,65942.28,Medium,Road
SHP000321,SUP001,PRD023,WH04,2024-04-18,2024-05-05,2024-05-07,742,742,3,134.72,99962.24,Medium,Road
SHP000322,SUP011,PRD025,WH03,2025-11-23,2025-11-27,2025-11-26,567,558,3,78.22,44350.74,Low,Rail
SHP000323,SUP020,PRD019,WH01,2024-02-11,2024-02-28,2024-03-07,353,353,8,16.8,5930.4,High,Road
SHP000324,SUP001,PRD023,WH04,2024-07-04,2024-07-24,2024-07-22,98,98,0,129.32,12673.36,Medium,Road
SHP000325,SUP008,PRD013,WH01,2025-02-01,2025-02-07,2025-02-07,748,735,11,106.84,79916.32,High,Road
SHP000326,SUP005,PRD010,WH05,2024-08-10,2024-08-24,2024-08-28,259,257,2,145.06,37570.54,High,Road
SHP000327,SUP017,PRD024,WH01,2025-09-25,2025-10-05,2025-10-09,432,429,14,85.41,36897.12,Medium,Road
SHP000328,SUP008,PRD004,WH02,2024-05-12,2024-05-20,2024-05-18,464,462,17,80.65,37421.6,Low,Rail
SHP000329,SUP010,PRD004,WH01,2024-06-11,2024-06-18,2024-06-16,924,919,12,18.06,16687.44,High,Road
SHP000330,SUP002,PRD023,WH04,2024-08-02,2024-08-18,2024-08-22,732,723,8,61.93,45332.76,Medium,Sea
SHP000331,SUP009,PRD021,WH04,2024-08-22,2024-09-11,2024-09-16,738,737,20,96.74,71394.12,Medium,Road
SHP000332,SUP003,PRD004,WH04,2025-10-19,2025-10-22,2025-10-24,900,892,6,60.5,54450.0,Medium,Road
SHP000333,SUP018,PRD016,WH02,2025-08-10,2025-08-25,2025-08-29,418,411,14,131.29,54879.22,Medium,Road
SHP000334,SUP007,PRD024,WH03,2024-01-09,2024-01-21,2024-01-19,858,850,12,136.84,117408.72,Medium,Road
SHP000335,SUP015,PRD009,WH03,2024-03-14,2024-03-26,2024-03-29,324,322,14,19.45,6301.8,Medium,Sea
SHP000336,SUP020,PRD023,WH01,2025-05-06,2025-05-10,2025-05-12,292,291,7,106.72,31162.24,Medium,Rail
SHP000337,SUP018,PRD022,WH03,2024-09-09,2024-09-12,2024-09-16,673,673,17,142.59,95963.07,Medium,Sea
SHP000338,SUP003,PRD017,WH02,2024-08-17,2024-08-28,2024-08-29,737,730,21,7.08,5217.96,High,Sea
SHP000339,SUP014,PRD008,WH04,2025-06-02,2025-06-15,2025-06-17,218,216,5,60.2,13123.6,Low,Sea
SHP000340,SUP002,PRD002,WH05,2024-06-22,2024-07-02,2024-07-08,878,866,17,113.15,99345.7,Medium,Road
SHP000341,SUP014,PRD003,WH02,2025-10-14,2025-10-20,2025-10-25,548,544,25,125.85,68965.8,Medium,Road
SHP000342,SUP011,PRD025,WH04,2024-06-16,2024-07-04,2024-07-02,503,495,0,125.86,63307.58,Medium,Road
SHP000343,SUP016,PRD006,WH06,2024-06-18,2024-07-06,2024-07-09,922,907,16,105.43,97206.46,Medium,Rail
SHP000344,SUP008,PRD024,WH01,2025-01-27,2025-02-03,2025-02-04,355,355,5,108.25,38428.75,High,Road
SHP000345,SUP007,PRD009,WH03,2025-09-25,2025-10-04,2025-10-02,994,980,17,108.78,108127.32,Medium,Road
SHP000346,SUP011,PRD003,WH03,2024-07-12,2024-07-31,2024-07-29,707,697,13,104.25,73704.75,Low,Rail
SHP000347,SUP003,PRD002,WH06,2025-05-31,2025-06-19,2025-06-17,927,922,14,68.84,63814.68,Medium,Air
SHP000348,SUP017,PRD004,WH04,2024-01-29,2024-02-16,2024-02-17,795,783,15,92.03,73163.85,Medium,Rail
SHP000349,SUP014,PRD024,WH06,2024-06-13,2024-07-03,2024-07-04,249,248,8,55.91,13921.59,Low,Road
SHP000350,SUP006,PRD013,WH04,2025-02-25,2025-03-11,2025-03-12,560,555,0,12.8,7168.0,Medium,Road
SHP000351,SUP008,PRD015,WH03,2024-12-04,2024-12-14,2024-12-15,730,718,19,73.52,53669.6,High,Road
SHP000352,SUP005,PRD010,WH01,2025-10-09,2025-10-24,2025-10-23,772,770,0,108.84,84024.48,High,Road
SHP000353,SUP008,PRD005,WH01,2025-05-10,2025-05-26,2025-05-24,296,293,3,22.54,6671.84,Medium,Road
SHP000354,SUP002,PRD006,WH04,2024-12-30,2025-01-10,2025-01-10,825,825,22,85.43,70479.75,Low,Sea
SHP000355,SUP015,PRD008,WH02,2024-12-07,2024-12-19,2024-12-17,63,63,2,69.98,4408.74,High,Road
SHP000356,SUP012,PRD014,WH01,2025-05-14,2025-05-25,2025-05-27,880,880,26,28.71,25264.8,Medium,Road
SHP000357,SUP017,PRD005,WH05,2025-10-18,2025-11-03,2025-11-05,801,788,2,73.96,59241.96,Low,Road
SHP000358,SUP001,PRD017,WH02,2025-05-25,2025-06-05,2025-06-05,401,400,4,74.54,29890.54,Medium,Road
SHP000359,SUP015,PRD006,WH05,2024-11-22,2024-12-12,2024-12-19,232,231,10,50.63,11746.16,Medium,Road
SHP000360,SUP014,PRD025,WH02,2024-08-04,2024-08-10,2024-08-13,584,580,9,44.59,26040.56,High,Air
SHP000361,SUP020,PRD001,WH02,2024-10-27,2024-11-11,2024-11-13,588,588,15,62.14,36538.32,Medium,Road
SHP000362,SUP016,PRD022,WH02,2024-05-11,2024-05-22,2024-05-25,286,282,9,18.54,5302.44,Medium,Road
SHP000363,SUP009,PRD003,WH02,2024-03-10,2024-03-18,2024-03-18,516,516,6,32.2,16615.2,High,Road
SHP000364,SUP001,PRD021,WH04,2024-09-08,2024-09-14,2024-09-14,952,951,3,86.93,82757.36,Medium,Road
SHP000365,SUP017,PRD012,WH02,2025-02-18,2025-02-22,2025-02-24,925,910,24,7.09,6558.25,Low,Road
SHP000366,SUP013,PRD013,WH06,2025-03-20,2025-03-28,2025-03-29,928,912,34,143.58,133242.24,Low,Road
SHP000367,SUP005,PRD010,WH02,2024-06-30,2024-07-08,2024-07-06,350,349,0,123.77,43319.5,High,Rail
SHP000368,SUP010,PRD002,WH03,2024-06-15,2024-06-20,2024-06-20,40,40,0,34.87,1394.8,Medium,Road
SHP000369,SUP006,PRD009,WH01,2024-03-31,2024-04-03,2024-04-01,255,255,4,82.63,21070.65,Medium,Road
SHP000370,SUP019,PRD018,WH02,2025-06-14,2025-06-22,2025-06-24,321,316,13,121.73,39075.33,Low,Rail
SHP000371,SUP013,PRD002,WH04,2024-02-08,2024-02-13,2024-02-14,749,738,14,115.88,86794.12,Low,Rail
SHP000372,SUP001,PRD011,WH04,2024-05-05,2024-05-14,2024-05-13,145,145,2,138.49,20081.05,Low,Air
SHP000373,SUP020,PRD010,WH02,2025-03-26,2025-04-03,2025-04-07,41,41,1,20.91,857.31,Medium,Road
SHP000374,SUP015,PRD011,WH04,2024-06-21,2024-06-25,2024-06-25,156,155,5,93.87,14643.72,Medium,Rail
SHP000375,SUP014,PRD005,WH01,2025-10-14,2025-10-22,2025-10-23,405,404,15,23.32,9444.6,Low,Road
SHP000376,SUP008,PRD024,WH06,2024-08-07,2024-08-14,2024-08-15,169,168,4,123.03,20792.07,Medium,Sea
SHP000377,SUP010,PRD008,WH01,2025-09-29,2025-10-14,2025-10-14,112,111,0,86.18,9652.16,High,Rail
SHP000378,SUP009,PRD003,WH04,2024-02-27,2024-03-08,2024-03-09,444,441,10,84.95,37717.8,Medium,Road
SHP000379,SUP017,PRD006,WH03,2025-10-21,2025-11-05,2025-11-04,709,701,10,102.57,72722.13,Medium,Road
SHP000380,SUP009,PRD010,WH03,2025-04-20,2025-04-26,2025-04-30,99,99,1,67.32,6664.68,Medium,Air
SHP000381,SUP003,PRD013,WH02,2025-03-31,2025-04-16,2025-04-14,851,851,23,18.64,15862.64,High,Sea
SHP000382,SUP011,PRD022,WH02,2024-12-26,2025-01-12,2025-01-12,786,778,9,54.49,42829.14,Low,Rail
SHP000383,SUP012,PRD023,WH02,2024-01-01,2024-01-21,2024-01-22,932,928,29,11.94,11128.08,High,Road
SHP000384,SUP010,PRD008,WH05,2025-01-21,2025-02-04,2025-02-06,203,203,0,148.19,30082.57,Medium,Road
SHP000385,SUP017,PRD022,WH03,2024-12-13,2024-12-21,2024-12-20,963,947,42,25.3,24363.9,Low,Road
SHP000386,SUP017,PRD009,WH02,2024-07-08,2024-07-16,2024-07-16,491,484,15,58.56,28752.96,Medium,Road
SHP000387,SUP011,PRD011,WH01,2025-05-19,2025-05-26,2025-05-27,490,486,8,81.88,40121.2,Medium,Rail
SHP000388,SUP004,PRD010,WH03,2024-07-09,2024-07-18,2024-07-19,824,815,6,92.33,76079.92,Medium,Road
SHP000389,SUP007,PRD023,WH04,2025-05-22,2025-06-02,2025-06-02,617,610,0,50.25,31004.25,High,Road
SHP000390,SUP014,PRD022,WH05,2025-01-03,2025-01-14,2025-01-17,218,218,8,78.52,17117.36,Low,Road
SHP000391,SUP007,PRD004,WH02,2025-02-12,2025-02-17,2025-02-15,79,79,1,45.14,3566.06,Low,Air
SHP000392,SUP008,PRD020,WH01,2024-04-26,2024-05-16,2024-05-15,369,364,4,67.15,24778.35,Low,Road
SHP000393,SUP001,PRD011,WH01,2024-05-13,2024-05-25,2024-05-28,912,908,0,14.94,13625.28,Low,Road
SHP000394,SUP004,PRD005,WH02,2024-02-27,2024-03-17,2024-03-15,201,201,1,11.43,2297.43,Low,Road
SHP000395,SUP012,PRD014,WH05,2025-07-09,2025-07-24,2025-07-24,910,900,26,132.83,120875.3,Medium,Sea
SHP000396,SUP003,PRD002,WH03,2025-11-15,2025-11-20,2025-11-18,814,809,12,148.93,121229.02,High,Road
SHP000397,SUP013,PRD001,WH03,2025-11-02,2025-11-06,2025-11-07,758,758,23,16.4,12431.2,Medium,Rail
SHP000398,SUP020,PRD003,WH06,2024-06-21,2024-06-30,2024-06-29,672,664,30,95.9,64444.8,High,Rail
SHP000399,SUP006,PRD019,WH01,2024-05-28,2024-06-04,2024-06-04,103,103,0,49.65,5113.95,Medium,Rail
SHP000400,SUP011,PRD006,WH03,2024-03-20,2024-03-26,2024-03-25,657,656,4,57.29,37639.53,High,Rail
SHP000401,SUP004,PRD022,WH04,2024-07-31,2024-08-11,2024-08-14,117,117,2,97.74,11435.58,Medium,Road
SHP000402,SUP020,PRD018,WH05,2024-07-21,2024-08-03,2024-08-08,583,582,22,79.3,46231.9,High,Rail
SHP000403,SUP016,PRD007,WH02,2024-08-16,2024-08-19,2024-08-19,757,744,20,10.58,8009.06,Medium,Sea
SHP000404,SUP007,PRD021,WH01,2025-11-06,2025-11-15,2025-11-15,859,846,5,142.06,122029.54,Low,Road
SHP000405,SUP011,PRD005,WH06,2024-08-14,2024-08-19,2024-08-22,547,547,10,64.19,35111.93,High,Sea
SHP000406,SUP001,PRD002,WH04,2025-10-20,2025-10-31,2025-11-01,580,573,20,131.23,76113.4,High,Rail
SHP000407,SUP007,PRD021,WH04,2025-06-15,2025-06-26,2025-06-24,991,986,11,27.54,27292.14,Medium,Road
SHP000408,SUP012,PRD011,WH03,2025-03-16,2025-03-22,2025-03-26,543,540,9,69.17,37559.31,Medium,Road
SHP000409,SUP007,PRD001,WH02,2025-02-05,2025-02-24,2025-02-26,483,482,0,117.24,56626.92,Medium,Air
SHP000410,SUP007,PRD018,WH06,2024-02-16,2024-02-22,2024-02-25,783,775,0,38.27,29965.41,Medium,Rail
SHP000411,SUP010,PRD015,WH02,2024-08-20,2024-08-25,2024-08-27,66,66,0,45.05,2973.3,Low,Road
SHP000412,SUP016,PRD005,WH04,2024-10-31,2024-11-15,2024-11-18,95,95,2,34.56,3283.2,High,Road
SHP000413,SUP008,PRD023,WH04,2025-06-09,2025-06-24,2025-06-22,540,535,8,58.84,31773.6,Low,Road
SHP000414,SUP009,PRD003,WH05,2024-05-22,2024-06-10,2024-06-08,332,330,7,8.4,2788.8,Medium,Road
SHP000415,SUP009,PRD007,WH06,2025-02-18,2025-02-27,2025-02-25,860,845,12,37.16,31957.6,Low,Road
SHP000416,SUP002,PRD012,WH03,2025-05-27,2025-06-02,2025-06-06,760,751,20,139.12,105731.2,Low,Road
SHP000417,SUP013,PRD008,WH02,2025-01-07,2025-01-19,2025-01-19,196,194,6,13.04,2555.84,Medium,Road
SHP000418,SUP013,PRD018,WH03,2025-07-19,2025-08-07,2025-08-13,593,584,22,133.19,78981.67,Low,Road
SHP000419,SUP004,PRD012,WH01,2024-09-15,2024-09-30,2024-10-02,842,831,15,12.31,10365.02,Medium,Road
SHP000420,SUP012,PRD022,WH01,2025-10-17,2025-11-03,2025-11-05,440,435,16,138.84,61089.6,High,Road
SHP000421,SUP017,PRD014,WH03,2025-04-15,2025-04-30,2025-05-06,982,971,39,83.87,82360.34,Low,Sea
SHP000422,SUP002,PRD023,WH02,2024-01-12,2024-01-18,2024-01-18,858,849,17,4.59,3938.22,Medium,Sea
SHP000423,SUP013,PRD005,WH02,2024-11-25,2024-12-04,2024-12-06,51,51,0,10.08,514.08,High,Road
SHP000424,SUP018,PRD022,WH02,2024-12-23,2025-01-04,2025-01-07,401,394,12,81.0,32481.0,High,Sea
SHP000425,SUP015,PRD016,WH06,2025-02-11,2025-02-23,2025-03-03,524,523,22,149.53,78353.72,Low,Road
SHP000426,SUP008,PRD021,WH06,2025-10-29,2025-11-09,2025-11-13,72,72,1,2.98,214.56,Medium,Road
SHP000427,SUP015,PRD009,WH04,2025-01-07,2025-01-23,2025-01-21,710,707,15,98.66,70048.6,Medium,Road
SHP000428,SUP001,PRD006,WH06,2024-01-08,2024-01-13,2024-01-11,426,420,8,8.62,3672.12,Low,Road
SHP000429,SUP020,PRD012,WH04,2024-05-01,2024-05-20,2024-05-21,289,289,4,63.25,18279.25,Medium,Road
SHP000430,SUP010,PRD013,WH03,2024-12-13,2024-12-31,2024-12-30,701,693,0,88.01,61695.01,High,Road
SHP000431,SUP012,PRD025,WH02,2025-11-06,2025-11-22,2025-11-27,877,874,23,42.2,37009.4,Medium,Road
SHP000432,SUP005,PRD022,WH03,2024-03-30,2024-04-04,2024-04-07,970,953,0,122.23,118563.1,Medium,Road
SHP000433,SUP009,PRD017,WH05,2025-10-09,2025-10-21,2025-10-23,189,189,3,39.5,7465.5,High,Road
SHP000434,SUP008,PRD003,WH03,2025-11-28,2025-12-02,2025-12-04,52,52,0,33.89,1762.28,Low,Sea
SHP000435,SUP016,PRD015,WH06,2024-11-11,2024-11-27,2024-12-03,651,650,16,119.2,77599.2,Medium,Rail
SHP000436,SUP014,PRD002,WH02,2024-06-26,2024-07-16,2024-07-22,553,547,25,93.49,51699.97,High,Sea
SHP000437,SUP013,PRD015,WH06,2025-06-23,2025-06-29,2025-06-29,852,842,16,87.43,74490.36,Medium,Rail
SHP000438,SUP013,PRD001,WH05,2024-02-10,2024-02-28,2024-02-27,868,867,13,131.22,113898.96,Low,Road
SHP000439,SUP005,PRD010,WH02,2025-05-16,2025-05-27,2025-05-28,627,622,0,57.33,35945.91,Medium,Road
SHP000440,SUP016,PRD007,WH04,2024-05-24,2024-06-10,2024-06-12,364,364,7,139.21,50672.44,Medium,Road
SHP000441,SUP011,PRD005,WH06,2024-07-19,2024-08-06,2024-08-04,675,663,5,138.34,93379.5,High,Road
SHP000442,SUP005,PRD022,WH01,2025-04-05,2025-04-09,2025-04-12,693,681,0,49.4,34234.2,Low,Road
SHP000443,SUP013,PRD004,WH06,2025-07-11,2025-07-26,2025-07-26,864,854,35,31.21,26965.44,Medium,Road
SHP000444,SUP011,PRD023,WH05,2025-06-30,2025-07-18,2025-07-17,252,250,5,112.25,28287.0,Medium,Road
SHP000445,SUP019,PRD005,WH01,2024-09-09,2024-09-27,2024-09-28,943,936,52,99.84,94149.12,Medium,Sea
SHP000446,SUP003,PRD004,WH03,2025-01-24,2025-02-13,2025-02-15,443,441,3,128.68,57005.24,Medium,Rail
SHP000447,SUP015,PRD017,WH02,2025-08-16,2025-08-20,2025-08-27,642,632,23,55.84,35849.28,Medium,Road
SHP000448,SUP007,PRD004,WH04,2024-09-12,2024-09-28,2024-09-28,90,90,0,143.41,12906.9,High,Road
SHP000449,SUP007,PRD004,WH06,2025-03-25,2025-04-03,2025-04-03,596,596,10,124.56,74237.76,Low,Air
SHP000450,SUP006,PRD006,WH05,2024-01-10,2024-01-28,2024-01-27,708,705,5,103.63,73370.04,Medium,Rail
SHP000451,SUP003,PRD016,WH05,2024-08-29,2024-09-17,2024-09-19,428,423,20,62.68,26827.04,Low,Rail
SHP000452,SUP013,PRD004,WH02,2024-09-07,2024-09-11,2024-09-13,857,848,16,17.79,15246.03,Medium,Road
SHP000453,SUP007,PRD009,WH02,2024-01-05,2024-01-18,2024-01-17,832,821,10,101.49,84439.68,Low,Road
SHP000454,SUP005,PRD008,WH06,2024-04-28,2024-05-16,2024-05-17,992,980,14,121.35,120379.2,Medium,Sea
SHP000455,SUP018,PRD025,WH03,2025-01-08,2025-01-11,2025-01-11,651,643,18,149.1,97064.1,High,Sea
SHP000456,SUP008,PRD017,WH03,2024-03-05,2024-03-17,2024-03-19,167,166,2,60.13,10041.71,Low,Road
SHP000457,SUP017,PRD015,WH04,2024-05-25,2024-06-03,2024-06-04,861,847,29,35.64,30686.04,Low,Sea
SHP000458,SUP020,PRD007,WH04,2024-08-11,2024-08-24,2024-08-25,96,96,1,84.91,8151.36,Medium,Sea
SHP000459,SUP001,PRD023,WH06,2024-08-26,2024-09-07,2024-09-09,401,395,0,91.77,36799.77,Low,Road
SHP000460,SUP014,PRD007,WH05,2024-06-25,2024-07-05,2024-07-07,748,736,10,134.85,100867.8,Low,Rail
SHP000461,SUP017,PRD011,WH02,2024-10-08,2024-10-21,2024-10-22,148,147,3,93.83,13886.84,Low,Road
SHP000462,SUP010,PRD017,WH01,2024-03-03,2024-03-22,2024-03-22,140,139,0,94.02,13162.8,High,Road
SHP000463,SUP012,PRD005,WH06,2024-08-04,2024-08-08,2024-08-07,651,647,14,94.45,61486.95,High,Road
SHP000464,SUP016,PRD021,WH02,2025-11-19,2025-12-03,2025-12-04,216,213,7,90.9,19634.4,High,Rail
SHP000465,SUP014,PRD005,WH06,2025-04-05,2025-04-15,2025-04-19,300,295,8,133.66,40098.0,Medium,Rail
SHP000466,SUP016,PRD012,WH03,2025-09-01,2025-09-06,2025-09-08,33,33,0,35.18,1160.94,Low,Road
SHP000467,SUP008,PRD014,WH02,2024-04-14,2024-04-22,2024-04-20,768,755,19,16.73,12848.64,High,Road
SHP000468,SUP010,PRD007,WH01,2024-04-08,2024-04-12,2024-04-10,107,107,0,145.13,15528.91,Medium,Road
SHP000469,SUP017,PRD023,WH03,2025-05-25,2025-06-13,2025-06-15,672,669,2,33.48,22498.56,Medium,Sea
SHP000470,SUP018,PRD011,WH01,2025-01-19,2025-01-28,2025-01-29,811,803,38,46.46,37679.06,Medium,Road
SHP000471,SUP020,PRD022,WH01,2025-02-08,2025-02-17,2025-02-16,897,894,24,59.3,53192.1,Low,Road
SHP000472,SUP016,PRD010,WH02,2025-06-01,2025-06-09,2025-06-12,14,14,0,99.89,1398.46,Low,Road
SHP000473,SUP017,PRD005,WH06,2025-04-20,2025-05-03,2025-05-08,742,733,19,96.87,71877.54,Medium,Rail
SHP000474,SUP016,PRD014,WH04,2025-10-06,2025-10-12,2025-10-11,891,883,9,25.81,22996.71,High,Road
SHP000475,SUP019,PRD012,WH02,2025-03-12,2025-03-16,2025-03-18,437,437,16,66.69,29143.53,Low,Rail
SHP000476,SUP008,PRD007,WH01,2024-01-23,2024-02-05,2024-02-04,758,757,7,11.82,8959.56,Low,Sea
SHP000477,SUP006,PRD009,WH02,2025-07-18,2025-08-01,2025-08-04,453,453,0,69.74,31592.22,High,Sea
SHP000478,SUP006,PRD019,WH01,2025-11-07,2025-11-13,2025-11-14,524,520,3,103.09,54019.16,Medium,Sea
SHP000479,SUP009,PRD025,WH05,2025-04-02,2025-04-12,2025-04-11,75,75,0,22.43,1682.25,Medium,Road
SHP000480,SUP004,PRD020,WH02,2024-03-23,2024-04-01,2024-04-02,409,408,8,124.65,50981.85,Medium,Road
SHP000481,SUP012,PRD003,WH03,2024-05-24,2024-06-06,2024-06-07,584,575,14,82.47,48162.48,Medium,Road
SHP000482,SUP012,PRD004,WH04,2024-03-25,2024-04-02,2024-04-06,892,886,19,50.04,44635.68,Low,Sea
SHP000483,SUP017,PRD006,WH03,2024-03-18,2024-03-27,2024-03-31,710,706,19,108.71,77184.1,High,Road
SHP000484,SUP015,PRD022,WH03,2025-04-01,2025-04-19,2025-04-18,734,729,19,7.37,5409.58,Medium,Air
SHP000485,SUP009,PRD014,WH01,2024-01-01,2024-01-05,2024-01-03,804,790,7,109.88,88343.52,Medium,Rail
SHP000486,SUP007,PRD023,WH06,2024-02-20,2024-03-11,2024-03-10,164,163,2,37.28,6113.92,Medium,Rail
SHP000487,SUP010,PRD006,WH04,2025-11-15,2025-11-19,2025-11-21,649,644,0,146.34,94974.66,Medium,Road
SHP000488,SUP016,PRD021,WH01,2025-03-21,2025-03-26,2025-03-25,124,124,1,72.23,8956.52,Medium,Road
SHP000489,SUP012,PRD018,WH01,2025-03-24,2025-04-11,2025-04-09,488,487,13,85.86,41899.68,Medium,Rail
SHP000490,SUP007,PRD015,WH01,2025-05-02,2025-05-11,2025-05-13,579,579,6,113.12,65496.48,Medium,Road
SHP000491,SUP018,PRD012,WH01,2024-02-03,2024-02-08,2024-02-08,972,961,36,40.89,39745.08,High,Sea
SHP000492,SUP015,PRD002,WH05,2024-12-13,2024-12-23,2024-12-29,84,84,2,91.29,7668.36,Medium,Sea
SHP000493,SUP006,PRD004,WH03,2024-04-04,2024-04-19,2024-04-21,508,502,6,19.48,9895.84,Medium,Road
SHP000494,SUP012,PRD007,WH05,2024-03-12,2024-03-27,2024-03-27,620,619,8,39.67,24595.4,Medium,Sea
SHP000495,SUP011,PRD008,WH02,2025-07-04,2025-07-12,2025-07-14,564,560,0,5.41,3051.24,Low,Sea
SHP000496,SUP020,PRD003,WH01,2024-06-02,2024-06-05,2024-06-13,187,185,5,120.93,22613.91,Medium,Air
SHP000497,SUP003,PRD014,WH03,2024-09-06,2024-09-24,2024-09-24,819,818,22,38.66,31662.54,High,Air
SHP000498,SUP002,PRD020,WH06,2025-11-04,2025-11-16,2025-11-16,39,39,0,119.44,4658.16,Medium,Road
SHP000499,SUP006,PRD016,WH04,2025-03-13,2025-03-22,2025-03-20,403,402,9,38.04,15330.12,Medium,Rail
SHP000500,SUP005,PRD012,WH04,2024-04-27,2024-05-09,2024-05-08,730,719,12,11.19,8168.7,Low,Road
SHP000501,SUP018,PRD022,WH04,2024-11-01,2024-11-06,2024-11-10,207,204,4,108.21,22399.47,Medium,Road
SHP000502,SUP016,PRD010,WH05,2024-09-24,2024-09-27,2024-10-03,380,375,7,61.41,23335.8,High,Rail
SHP000503,SUP008,PRD011,WH02,2024-02-23,2024-02-27,2024-02-28,65,65,2,73.34,4767.1,Medium,Road
SHP000504,SUP020,PRD010,WH01,2024-08-23,2024-09-10,2024-09-11,551,547,11,41.0,22591.0,High,Rail
SHP000505,SUP011,PRD020,WH01,2025-01-23,2025-01-28,2025-01-29,846,833,3,56.19,47536.74,Medium,Road
SHP000506,SUP010,PRD006,WH02,2025-02-04,2025-02-16,2025-02-18,761,759,10,41.66,31703.26,Low,Rail
SHP000507,SUP012,PRD003,WH04,2025-09-15,2025-09-28,2025-09-27,231,231,7,30.3,6999.3,High,Road
SHP000508,SUP006,PRD007,WH06,2024-10-29,2024-11-04,2024-11-03,266,264,0,3.06,813.96,Medium,Sea
SHP000509,SUP020,PRD025,WH02,2024-07-25,2024-08-12,2024-08-11,384,379,9,9.84,3778.56,High,Sea
SHP000510,SUP005,PRD014,WH02,2024-08-16,2024-08-21,2024-08-24,988,977,0,113.54,112177.52,Low,Sea
SHP000511,SUP009,PRD012,WH01,2025-07-31,2025-08-18,2025-08-21,97,97,0,34.55,3351.35,Low,Road
SHP000512,SUP016,PRD012,WH02,2024-03-15,2024-03-19,2024-03-22,710,697,22,74.47,52873.7,Medium,Road
SHP000513,SUP014,PRD014,WH04,2025-03-10,2025-03-23,2025-03-24,448,441,17,81.18,36368.64,Low,Road
SHP000514,SUP008,PRD012,WH05,2024-04-12,2024-05-02,2024-05-01,559,558,16,5.9,3298.1,Medium,Sea
SHP000515,SUP020,PRD019,WH01,2025-02-25,2025-03-09,2025-03-12,617,615,14,112.58,69461.86,Medium,Sea
SHP000516,SUP019,PRD007,WH01,2024-11-01,2024-11-12,2024-11-17,729,726,22,68.77,50133.33,High,Road
SHP000517,SUP014,PRD019,WH01,2024-04-07,2024-04-10,2024-04-12,906,893,41,59.45,53861.7,Medium,Road
SHP000518,SUP007,PRD015,WH06,2024-11-30,2024-12-18,2024-12-16,751,737,20,147.86,111042.86,Low,Road
SHP000519,SUP005,PRD014,WH04,2025-03-10,2025-03-26,2025-03-24,613,611,1,48.07,29466.91,Medium,Rail
SHP000520,SUP018,PRD004,WH06,2025-03-22,2025-03-27,2025-03-28,298,298,9,46.63,13895.74,Low,Road
SHP000521,SUP002,PRD013,WH01,2024-11-03,2024-11-11,2024-11-09,731,725,33,72.96,53333.76,Medium,Sea
SHP000522,SUP011,PRD016,WH01,2024-09-05,2024-09-21,2024-09-24,664,653,21,73.16,48578.24,High,Sea
SHP000523,SUP008,PRD017,WH01,2024-06-14,2024-07-02,2024-07-04,782,772,2,82.08,64186.56,Medium,Rail
SHP000524,SUP001,PRD002,WH03,2025-04-25,2025-05-15,2025-05-14,851,837,12,108.89,92665.39,Low,Road
SHP000525,SUP012,PRD023,WH01,2024-11-30,2024-12-06,2024-12-10,711,708,10,134.52,95643.72,Low,Road
SHP000526,SUP002,PRD020,WH01,2025-06-25,2025-07-02,2025-07-04,948,936,38,74.61,70730.28,High,Road
SHP000527,SUP018,PRD010,WH05,2024-04-15,2024-04-22,2024-04-24,75,75,3,110.62,8296.5,Medium,Road
SHP000528,SUP007,PRD024,WH03,2025-07-16,2025-07-20,2025-07-23,985,976,33,83.92,82661.2,Low,Rail
SHP000529,SUP017,PRD009,WH01,2024-03-21,2024-04-07,2024-04-08,621,619,20,134.82,83723.22,Medium,Road
SHP000530,SUP014,PRD009,WH05,2024-05-12,2024-05-24,2024-05-28,209,208,6,56.6,11829.4,Low,Rail
SHP000531,SUP007,PRD013,WH02,2024-05-17,2024-05-26,2024-05-29,534,534,0,119.63,63882.42,High,Sea
SHP000532,SUP003,PRD003,WH01,2024-07-02,2024-07-08,2024-07-10,813,808,9,127.61,103746.93,Low,Road
SHP000533,SUP006,PRD003,WH03,2025-02-04,2025-02-24,2025-02-23,736,725,3,87.82,64635.52,Medium,Rail
SHP000534,SUP020,PRD016,WH02,2024-11-25,2024-12-10,2024-12-12,623,613,21,142.7,88902.1,High,Rail
SHP000535,SUP002,PRD023,WH04,2025-05-22,2025-06-03,2025-06-04,418,415,7,142.86,59715.48,Medium,Road
SHP000536,SUP017,PRD002,WH02,2024-03-09,2024-03-17,2024-03-18,665,664,1,68.92,45831.8,High,Sea
SHP000537,SUP012,PRD001,WH03,2025-06-29,2025-07-07,2025-07-08,382,381,7,23.26,8885.32,Low,Road
SHP000538,SUP012,PRD025,WH06,2024-02-22,2024-03-02,2024-03-07,239,238,4,37.12,8871.68,High,Road
SHP000539,SUP017,PRD025,WH03,2025-03-25,2025-04-14,2025-04-14,674,670,17,76.91,51837.34,Medium,Rail
SHP000540,SUP010,PRD003,WH02,2024-07-23,2024-08-04,2024-08-03,601,590,2,89.31,53675.31,Medium,Road
SHP000541,SUP003,PRD020,WH01,2024-05-05,2024-05-08,2024-05-07,731,728,14,142.62,104255.22,Low,Sea
SHP000542,SUP020,PRD007,WH06,2024-02-12,2024-03-01,2024-03-02,733,728,27,90.89,66622.37,Low,Rail
SHP000543,SUP018,PRD008,WH03,2024-04-20,2024-04-30,2024-05-02,144,144,2,63.77,9182.88,Low,Road
SHP000544,SUP013,PRD004,WH03,2025-10-24,2025-10-27,2025-10-29,131,130,2,66.38,8695.78,Low,Sea
SHP000545,SUP012,PRD007,WH05,2024-07-01,2024-07-11,2024-07-12,659,658,21,126.11,83106.49,High,Road
SHP000546,SUP017,PRD014,WH05,2024-04-04,2024-04-17,2024-04-23,588,579,10,72.98,42912.24,Medium,Rail
SHP000547,SUP004,PRD011,WH01,2025-01-08,2025-01-18,2025-01-19,874,869,26,30.58,26726.92,Low,Sea
SHP000548,SUP010,PRD005,WH06,2025-06-03,2025-06-19,2025-06-18,757,746,0,45.5,34443.5,Medium,Road
SHP000549,SUP011,PRD013,WH05,2024-12-25,2025-01-13,2025-01-16,964,949,0,114.97,110831.08,Low,Sea
SHP000550,SUP006,PRD009,WH05,2025-11-26,2025-12-14,2025-12-13,804,792,16,106.84,85899.36,Medium,Road
SHP000551,SUP006,PRD003,WH02,2024-10-07,2024-10-26,2024-10-29,745,735,0,85.97,64047.65,Medium,Sea
SHP000552,SUP009,PRD004,WH06,2024-07-13,2024-07-27,2024-07-25,614,608,13,31.25,19187.5,High,Road
SHP000553,SUP015,PRD010,WH02,2024-07-13,2024-07-18,2024-07-18,825,816,38,145.78,120268.5,Medium,Road
SHP000554,SUP002,PRD012,WH06,2025-10-28,2025-11-09,2025-11-09,298,297,8,41.55,12381.9,High,Road
SHP000555,SUP004,PRD003,WH05,2024-04-02,2024-04-09,2024-04-13,770,757,8,41.58,32016.6,Medium,Rail
SHP000556,SUP005,PRD008,WH05,2025-11-02,2025-11-07,2025-11-07,825,818,5,112.01,92408.25,Medium,Road
SHP000557,SUP017,PRD018,WH06,2024-03-01,2024-03-09,2024-03-07,921,909,23,82.77,76231.17,Low,Road
SHP000558,SUP008,PRD022,WH02,2025-09-25,2025-10-05,2025-10-08,378,378,11,35.7,13494.6,Low,Road
SHP000559,SUP008,PRD019,WH03,2024-02-20,2024-03-07,2024-03-05,827,813,14,96.43,79747.61,High,Sea
SHP000560,SUP012,PRD007,WH01,2025-02-06,2025-02-10,2025-02-11,14,14,0,101.86,1426.04,Medium,Road
SHP000561,SUP008,PRD005,WH06,2024-01-05,2024-01-19,2024-01-17,210,207,4,74.69,15684.9,Low,Road
SHP000562,SUP019,PRD023,WH06,2025-04-10,2025-04-29,2025-04-29,425,422,11,116.77,49627.25,High,Rail
SHP000563,SUP003,PRD015,WH02,2025-08-26,2025-09-12,2025-09-13,927,926,7,95.74,88750.98,Medium,Rail
SHP000564,SUP018,PRD022,WH02,2025-11-12,2025-11-27,2025-11-30,132,132,3,60.44,7978.08,Medium,Road
SHP000565,SUP019,PRD011,WH01,2025-06-17,2025-06-26,2025-06-30,187,185,4,41.85,7825.95,Low,Sea
SHP000566,SUP019,PRD001,WH05,2025-02-08,2025-02-13,2025-02-14,96,96,4,11.06,1061.76,High,Sea
SHP000567,SUP015,PRD024,WH06,2025-05-27,2025-05-31,2025-06-02,418,411,17,71.0,29678.0,Low,Rail
SHP000568,SUP006,PRD017,WH05,2025-10-06,2025-10-18,2025-10-16,880,867,17,62.24,54771.2,Medium,Road
SHP000569,SUP016,PRD021,WH04,2024-08-20,2024-08-26,2024-08-28,781,773,24,106.14,82895.34,Low,Road
SHP000570,SUP008,PRD009,WH02,2025-06-07,2025-06-24,2025-06-22,173,172,1,13.51,2337.23,Low,Road
SHP000571,SUP016,PRD023,WH01,2024-12-11,2024-12-23,2024-12-22,624,622,14,81.79,51036.96,High,Road
SHP000572,SUP018,PRD006,WH01,2024-02-15,2024-03-06,2024-03-07,710,702,14,75.1,53321.0,Medium,Sea
SHP000573,SUP020,PRD002,WH04,2025-06-29,2025-07-13,2025-07-16,748,738,10,106.35,79549.8,Medium,Sea
SHP000574,SUP016,PRD019,WH01,2024-03-18,2024-03-28,2024-03-31,497,493,18,2.64,1312.08,Low,Road
SHP000575,SUP011,PRD003,WH05,2024-03-13,2024-03-25,2024-03-25,279,277,6,148.63,41467.77,Low,Road
SHP000576,SUP007,PRD005,WH03,2024-09-05,2024-09-24,2024-09-23,993,992,15,38.65,38379.45,Medium,Sea
SHP000577,SUP017,PRD011,WH04,2024-02-16,2024-02-24,2024-02-28,241,241,8,62.4,15038.4,High,Road
SHP000578,SUP017,PRD012,WH03,2024-04-30,2024-05-09,2024-05-12,74,74,2,119.56,8847.44,High,Sea
SHP000579,SUP012,PRD021,WH02,2024-08-01,2024-08-11,2024-08-12,221,220,5,136.86,30246.06,Medium,Road
SHP000580,SUP013,PRD010,WH05,2024-08-26,2024-09-05,2024-09-07,102,101,3,63.2,6446.4,High,Sea
SHP000581,SUP010,PRD004,WH01,2024-02-25,2024-03-01,2024-03-01,793,780,4,119.51,94771.43,Low,Rail
SHP000582,SUP007,PRD021,WH04,2024-12-15,2024-12-20,2024-12-18,548,548,12,57.43,31471.64,Medium,Sea
SHP000583,SUP014,PRD024,WH04,2024-04-16,2024-04-21,2024-04-27,926,922,22,145.72,134936.72,Medium,Road
SHP000584,SUP001,PRD008,WH03,2024-02-17,2024-03-06,2024-03-04,188,188,1,74.89,14079.32,Low,Road
SHP000585,SUP017,PRD017,WH05,2025-07-26,2025-08-10,2025-08-09,177,177,4,63.83,11297.91,Low,Road
SHP000586,SUP004,PRD009,WH06,2024-12-02,2024-12-20,2024-12-23,496,491,8,129.02,63993.92,Medium,Rail
SHP000587,SUP005,PRD005,WH02,2024-01-26,2024-02-09,2024-02-07,290,289,0,92.42,26801.8,Medium,Sea
SHP000588,SUP020,PRD012,WH06,2024-09-13,2024-09-18,2024-09-16,976,968,30,131.39,128236.64,Low,Road
SHP000589,SUP007,PRD024,WH04,2024-01-08,2024-01-18,2024-01-18,694,682,15,81.91,56845.54,Medium,Rail
SHP000590,SUP010,PRD017,WH01,2025-09-16,2025-10-04,2025-10-03,495,491,3,65.96,32650.2,Low,Rail
SHP000591,SUP017,PRD001,WH04,2024-09-09,2024-09-17,2024-09-20,718,705,20,102.96,73925.28,Low,Road
SHP000592,SUP007,PRD022,WH04,2025-11-22,2025-11-27,2025-11-28,557,552,6,14.19,7903.83,Low,Road
SHP000593,SUP001,PRD003,WH04,2024-10-29,2024-11-16,2024-11-16,996,981,10,78.01,77697.96,High,Sea
SHP000594,SUP007,PRD013,WH03,2025-09-30,2025-10-03,2025-10-03,38,38,0,115.77,4399.26,Medium,Road
SHP000595,SUP011,PRD009,WH05,2024-02-25,2024-03-02,2024-03-06,116,116,1,30.49,3536.84,Low,Rail
SHP000596,SUP009,PRD006,WH06,2025-06-09,2025-06-23,2025-06-27,86,86,1,4.9,421.4,High,Road
SHP000597,SUP012,PRD013,WH02,2025-04-18,2025-05-01,2025-05-04,734,730,23,27.48,20170.32,Medium,Road
SHP000598,SUP003,PRD002,WH04,2024-01-28,2024-02-04,2024-02-04,781,781,12,132.39,103396.59,Low,Road
SHP000599,SUP004,PRD009,WH04,2024-03-18,2024-03-27,2024-03-26,213,211,6,31.79,6771.27,High,Rail
SHP000600,SUP004,PRD024,WH01,2024-08-03,2024-08-07,2024-08-10,462,456,4,148.99,68833.38,High,Road
SHP000601,SUP013,PRD021,WH05,2025-01-20,2025-02-04,2025-02-07,888,879,42,97.12,86242.56,Medium,Sea
SHP000602,SUP019,PRD007,WH02,2024-12-30,2025-01-04,2025-01-06,348,346,14,8.35,2905.8,Low,Road
SHP000603,SUP010,PRD022,WH03,2025-10-27,2025-11-12,2025-11-12,598,596,7,146.19,87421.62,High,Sea
SHP000604,SUP005,PRD019,WH01,2025-06-09,2025-06-19,2025-06-18,901,895,2,23.87,21506.87,Medium,Road
SHP000605,SUP007,PRD004,WH02,2025-11-29,2025-12-07,2025-12-07,211,210,0,78.18,16495.98,Medium,Sea
SHP000606,SUP016,PRD012,WH05,2024-11-07,2024-11-27,2024-11-26,367,365,9,104.48,38344.16,Medium,Road
SHP000607,SUP001,PRD024,WH01,2024-01-07,2024-01-24,2024-01-26,213,211,3,55.85,11896.05,Medium,Air
SHP000608,SUP012,PRD017,WH03,2024-01-03,2024-01-12,2024-01-13,225,222,5,122.05,27461.25,Low,Road
SHP000609,SUP002,PRD019,WH05,2025-09-14,2025-09-30,2025-10-02,170,168,6,39.93,6788.1,Medium,Road
SHP000610,SUP007,PRD008,WH05,2024-12-28,2025-01-02,2025-01-02,770,758,0,73.27,56417.9,Medium,Sea
SHP000611,SUP011,PRD004,WH02,2025-05-22,2025-06-06,2025-06-04,834,828,2,97.87,81623.58,Medium,Sea
SHP000612,SUP013,PRD006,WH06,2024-09-30,2024-10-11,2024-10-12,656,645,29,78.52,51509.12,Medium,Rail
SHP000613,SUP002,PRD016,WH04,2025-05-20,2025-05-26,2025-05-28,923,923,31,143.59,132533.57,High,Road
SHP000614,SUP007,PRD019,WH04,2024-01-15,2024-01-27,2024-01-30,488,488,0,89.24,43549.12,Medium,Road
SHP000615,SUP015,PRD025,WH04,2024-07-10,2024-07-23,2024-07-25,77,77,4,14.38,1107.26,Medium,Sea
SHP000616,SUP011,PRD022,WH05,2025-09-22,2025-09-25,2025-09-26,303,303,7,86.55,26224.65,Medium,Rail
SHP000617,SUP002,PRD021,WH02,2025-04-29,2025-05-16,2025-05-18,445,442,15,109.53,48740.85,Low,Road
SHP000618,SUP007,PRD022,WH01,2024-01-28,2024-02-16,2024-02-15,578,578,0,69.01,39887.78,Low,Road
SHP000619,SUP004,PRD013,WH02,2024-02-08,2024-02-19,2024-02-19,54,54,1,30.45,1644.3,High,Rail
SHP000620,SUP011,PRD021,WH03,2024-09-29,2024-10-06,2024-10-06,396,390,6,106.05,41995.8,Medium,Rail
SHP000621,SUP002,PRD002,WH01,2024-08-18,2024-09-01,2024-09-03,786,783,18,44.21,34749.06,Low,Sea
SHP000622,SUP016,PRD020,WH01,2024-03-26,2024-04-10,2024-04-12,792,784,15,85.8,67953.6,Medium,Rail
SHP000623,SUP007,PRD013,WH05,2025-04-18,2025-05-03,2025-05-03,267,263,6,29.36,7839.12,Low,Road
SHP000624,SUP013,PRD018,WH06,2024-05-05,2024-05-20,2024-05-25,575,566,16,133.61,76825.75,Medium,Air
SHP000625,SUP005,PRD017,WH01,2025-06-20,2025-07-08,2025-07-11,624,621,0,94.89,59211.36,Medium,Road
SHP000626,SUP017,PRD020,WH03,2024-05-24,2024-06-08,2024-06-11,443,441,9,121.21,53696.03,Low,Road
SHP000627,SUP012,PRD020,WH01,2025-06-08,2025-06-18,2025-06-18,760,755,18,70.19,53344.4,Medium,Sea
SHP000628,SUP019,PRD022,WH04,2024-07-30,2024-08-16,2024-08-20,382,379,10,30.87,11792.34,Low,Air
SHP000629,SUP007,PRD017,WH05,2024-01-25,2024-02-10,2024-02-10,193,193,2,51.56,9951.08,Medium,Road
SHP000630,SUP006,PRD014,WH06,2025-08-02,2025-08-12,2025-08-11,19,19,0,76.94,1461.86,Medium,Air
SHP000631,SUP008,PRD020,WH01,2025-01-28,2025-02-03,2025-02-04,380,374,8,115.21,43779.8,Low,Sea
SHP000632,SUP013,PRD013,WH06,2024-03-07,2024-03-13,2024-03-16,218,215,10,50.79,11072.22,Medium,Road
SHP000633,SUP005,PRD023,WH04,2024-08-20,2024-08-25,2024-08-24,814,804,0,105.66,86007.24,Low,Sea
SHP000634,SUP002,PRD012,WH05,2024-04-18,2024-05-08,2024-05-06,660,656,8,25.32,16711.2,Low,Rail
SHP000635,SUP009,PRD023,WH02,2024-05-25,2024-06-08,2024-06-09,469,463,3,51.44,24125.36,High,Rail
SHP000636,SUP011,PRD019,WH03,2024-04-20,2024-05-07,2024-05-07,672,672,9,80.54,54122.88,Medium,Rail
SHP000637,SUP006,PRD022,WH02,2024-08-15,2024-09-04,2024-09-07,237,235,0,142.35,33736.95,Medium,Rail
SHP000638,SUP007,PRD025,WH06,2024-04-20,2024-04-29,2024-04-30,297,296,1,137.43,40816.71,Low,Rail
SHP000639,SUP007,PRD010,WH01,2025-04-14,2025-04-29,2025-04-29,424,419,10,77.73,32957.52,High,Road
SHP000640,SUP019,PRD001,WH06,2024-02-03,2024-02-23,2024-02-25,12,12,0,35.12,421.44,Low,Rail
SHP000641,SUP006,PRD016,WH03,2025-09-14,2025-09-19,2025-09-21,246,246,2,90.62,22292.52,Low,Road
SHP000642,SUP011,PRD018,WH03,2025-01-03,2025-01-23,2025-01-21,403,403,10,26.22,10566.66,Low,Sea
SHP000643,SUP011,PRD007,WH05,2025-08-17,2025-08-31,2025-09-02,508,502,3,142.16,72217.28,Low,Road
SHP000644,SUP007,PRD013,WH06,2025-07-07,2025-07-24,2025-07-25,572,570,6,103.34,59110.48,Medium,Road
SHP000645,SUP002,PRD022,WH04,2025-02-28,2025-03-15,2025-03-13,538,538,15,68.06,36616.28,Low,Road
SHP000646,SUP019,PRD024,WH05,2025-09-04,2025-09-17,2025-09-22,323,322,11,145.17,46889.91,High,Rail
SHP000647,SUP004,PRD007,WH05,2025-06-01,2025-06-08,2025-06-06,486,479,2,120.23,58431.78,Low,Road
SHP000648,SUP006,PRD004,WH03,2025-11-22,2025-12-11,2025-12-12,327,322,0,2.41,788.07,Medium,Sea
SHP000649,SUP017,PRD002,WH04,2024-10-08,2024-10-14,2024-10-12,384,380,7,59.41,22813.44,Medium,Rail
SHP000650,SUP005,PRD019,WH06,2024-11-15,2024-11-20,2024-11-19,307,304,6,83.92,25763.44,High,Sea
SHP000651,SUP007,PRD024,WH05,2025-03-18,2025-03-26,2025-03-25,50,50,0,99.63,4981.5,Medium,Road
SHP000652,SUP009,PRD001,WH06,2024-11-10,2024-11-15,2024-11-16,702,702,19,105.7,74201.4,Low,Rail
SHP000653,SUP001,PRD019,WH01,2025-01-11,2025-01-17,2025-01-19,701,700,6,71.99,50464.99,High,Rail
SHP000654,SUP001,PRD004,WH02,2024-10-15,2024-10-27,2024-10-28,341,339,5,24.45,8337.45,Low,Road
SHP000655,SUP019,PRD014,WH02,2025-03-12,2025-03-24,2025-03-26,721,719,21,124.95,90088.95,Medium,Road
SHP000656,SUP006,PRD012,WH05,2025-10-23,2025-11-04,2025-11-02,972,968,19,7.62,7406.64,Medium,Sea
SHP000657,SUP018,PRD012,WH01,2024-10-03,2024-10-16,2024-10-15,358,355,8,139.0,49762.0,Medium,Road
SHP000658,SUP010,PRD017,WH01,2025-08-04,2025-08-10,2025-08-13,547,547,5,131.9,72149.3,Low,Road
SHP000659,SUP011,PRD016,WH02,2025-05-17,2025-05-22,2025-05-24,649,649,1,109.62,71143.38,Medium,Sea
SHP000660,SUP001,PRD013,WH04,2025-09-15,2025-10-01,2025-10-05,59,59,1,114.79,6772.61,Low,Road
SHP000661,SUP001,PRD005,WH03,2025-05-30,2025-06-09,2025-06-07,461,461,8,119.48,55080.28,Low,Road
SHP000662,SUP013,PRD024,WH02,2024-12-15,2024-12-30,2024-12-30,991,983,27,112.38,111368.58,Medium,Sea
SHP000663,SUP005,PRD019,WH04,2025-03-21,2025-04-09,2025-04-07,376,376,4,116.35,43747.6,Medium,Road
SHP000664,SUP020,PRD023,WH06,2024-12-15,2024-12-19,2024-12-22,41,41,1,90.11,3694.51,Medium,Road
SHP000665,SUP001,PRD010,WH02,2025-08-29,2025-09-08,2025-09-11,514,509,1,15.78,8110.92,Medium,Road
SHP000666,SUP020,PRD023,WH06,2025-10-25,2025-11-13,2025-11-17,44,44,1,114.67,5045.48,Medium,Road
SHP000667,SUP003,PRD001,WH06,2024-05-16,2024-06-02,2024-06-01,688,679,16,98.93,68063.84,Low,Rail
SHP000668,SUP018,PRD009,WH06,2024-08-30,2024-09-14,2024-09-15,867,856,18,87.03,75455.01,Medium,Road
SHP000669,SUP009,PRD024,WH05,2025-06-26,2025-07-09,2025-07-08,818,806,12,62.89,51444.02,Medium,Rail
SHP000670,SUP014,PRD003,WH06,2024-02-09,2024-02-22,2024-02-26,668,665,23,136.5,91182.0,High,Road
SHP000671,SUP017,PRD023,WH02,2024-08-16,2024-09-04,2024-09-06,301,298,6,97.37,29308.37,Low,Road
SHP000672,SUP014,PRD018,WH02,2025-07-01,2025-07-16,2025-07-24,810,796,7,78.55,63625.5,Low,Rail
SHP000673,SUP004,PRD011,WH04,2024-08-10,2024-08-23,2024-08-22,344,340,9,5.26,1809.44,Medium,Road
SHP000674,SUP005,PRD022,WH03,2024-01-06,2024-01-11,2024-01-11,812,804,0,38.07,30912.84,Medium,Rail
SHP000675,SUP017,PRD013,WH02,2024-11-17,2024-11-30,2024-12-01,133,132,1,98.51,13101.83,Low,Road
SHP000676,SUP002,PRD005,WH04,2025-04-12,2025-05-01,2025-05-02,303,299,10,120.82,36608.46,Low,Road
SHP000677,SUP005,PRD007,WH03,2024-03-15,2024-04-03,2024-04-02,425,422,7,102.98,43766.5,Low,Rail
SHP000678,SUP004,PRD018,WH03,2024-01-04,2024-01-16,2024-01-17,38,38,0,64.09,2435.42,High,Sea
SHP000679,SUP004,PRD015,WH03,2025-10-07,2025-10-10,2025-10-10,222,220,3,40.95,9090.9,Medium,Rail
SHP000680,SUP006,PRD019,WH03,2024-04-27,2024-05-07,2024-05-05,51,51,0,116.48,5940.48,Medium,Sea
SHP000681,SUP020,PRD023,WH05,2025-08-28,2025-09-15,2025-09-15,343,339,5,49.0,16807.0,High,Air
SHP000682,SUP013,PRD012,WH06,2025-05-18,2025-06-07,2025-06-10,474,472,10,19.42,9205.08,Low,Sea
SHP000683,SUP005,PRD004,WH03,2025-07-27,2025-08-14,2025-08-14,922,921,3,42.36,39055.92,Medium,Rail
SHP000684,SUP007,PRD012,WH01,2025-03-16,2025-03-26,2025-03-24,787,781,0,140.7,110730.9,High,Sea
SHP000685,SUP020,PRD004,WH04,2024-07-12,2024-07-28,2024-08-01,838,833,30,134.5,112711.0,Low,Road
SHP000686,SUP001,PRD016,WH04,2025-01-26,2025-01-31,2025-01-30,150,148,0,18.01,2701.5,Low,Road
SHP000687,SUP014,PRD006,WH04,2024-01-26,2024-02-13,2024-02-13,375,374,11,65.02,24382.5,High,Air
SHP000688,SUP004,PRD021,WH02,2025-03-10,2025-03-19,2025-03-17,267,263,6,70.66,18866.22,High,Rail
SHP000689,SUP017,PRD019,WH03,2024-06-21,2024-06-27,2024-06-29,848,838,20,70.69,59945.12,Medium,Road
SHP000690,SUP014,PRD013,WH06,2024-10-26,2024-11-02,2024-11-12,238,235,12,41.71,9926.98,Medium,Sea
SHP000691,SUP016,PRD021,WH06,2025-10-06,2025-10-09,2025-10-11,966,956,20,91.61,88495.26,Medium,Rail
SHP000692,SUP014,PRD011,WH05,2024-11-21,2024-12-10,2024-12-12,68,68,2,31.24,2124.32,Medium,Rail
SHP000693,SUP016,PRD019,WH01,2025-02-13,2025-02-26,2025-02-27,572,564,10,5.2,2974.4,Low,Road
SHP000694,SUP020,PRD011,WH04,2024-04-27,2024-05-03,2024-05-06,262,260,3,56.94,14918.28,High,Rail
SHP000695,SUP008,PRD008,WH06,2024-08-12,2024-08-22,2024-08-22,951,950,25,92.04,87530.04,Low,Road
SHP000696,SUP003,PRD013,WH06,2025-06-15,2025-06-22,2025-06-24,860,847,22,82.11,70614.6,Medium,Road
SHP000697,SUP019,PRD004,WH06,2024-04-22,2024-05-05,2024-05-04,120,119,4,51.87,6224.4,High,Road
SHP000698,SUP001,PRD008,WH05,2024-05-19,2024-05-26,2024-05-26,732,719,2,20.03,14661.96,Medium,Sea
SHP000699,SUP002,PRD011,WH01,2025-07-12,2025-07-17,2025-07-17,857,849,29,25.5,21853.5,Low,Sea
SHP000700,SUP015,PRD012,WH02,2024-01-01,2024-01-19,2024-01-23,938,935,22,143.22,134340.36,Low,Sea
SHP000701,SUP010,PRD011,WH04,2024-03-30,2024-04-05,2024-04-05,184,184,3,137.37,25276.08,Medium,Road
SHP000702,SUP018,PRD023,WH05,2025-10-15,2025-10-24,2025-10-27,408,405,12,109.41,44639.28,Low,Road
SHP000703,SUP014,PRD001,WH01,2024-11-15,2024-11-18,2024-11-18,408,408,19,48.17,19653.36,Medium,Rail
SHP000704,SUP017,PRD019,WH04,2025-07-03,2025-07-20,2025-07-21,602,597,14,33.2,19986.4,Medium,Road
SHP000705,SUP013,PRD017,WH02,2024-05-18,2024-06-04,2024-06-04,207,207,8,67.65,14003.55,Medium,Road
SHP000706,SUP001,PRD012,WH03,2025-05-25,2025-06-02,2025-06-03,554,546,0,64.39,35672.06,Low,Road
SHP000707,SUP005,PRD011,WH03,2024-09-15,2024-09-26,2024-09-27,976,964,5,75.66,73844.16,Medium,Sea
SHP000708,SUP013,PRD023,WH04,2025-11-03,2025-11-10,2025-11-08,400,400,8,55.43,22172.0,High,Sea
SHP000709,SUP014,PRD024,WH05,2025-11-20,2025-12-06,2025-12-09,578,568,15,117.95,68175.1,High,Air
SHP000710,SUP003,PRD002,WH01,2024-01-10,2024-01-23,2024-01-23,503,500,14,59.21,29782.63,Medium,Sea
SHP000711,SUP015,PRD007,WH01,2024-09-17,2024-09-28,2024-09-27,338,335,11,135.51,45802.38,Low,Road
SHP000712,SUP019,PRD024,WH06,2025-10-11,2025-10-21,2025-10-26,684,672,16,53.59,36655.56,Low,Road
SHP000713,SUP017,PRD015,WH05,2024-06-20,2024-06-24,2024-06-23,782,772,12,137.55,107564.1,High,Sea
SHP000714,SUP003,PRD023,WH05,2024-01-13,2024-02-02,2024-02-03,807,795,15,15.05,12145.35,Low,Road
SHP000715,SUP016,PRD004,WH01,2024-06-16,2024-06-19,2024-06-20,996,994,26,111.9,111452.4,Low,Rail
SHP000716,SUP014,PRD014,WH06,2025-10-03,2025-10-17,2025-10-20,886,881,21,89.19,79022.34,Medium,Sea
SHP000717,SUP012,PRD007,WH01,2025-08-18,2025-09-01,2025-09-02,218,216,8,129.5,28231.0,Low,Sea
SHP000718,SUP012,PRD014,WH05,2024-11-16,2024-11-26,2024-12-02,648,640,20,53.85,34894.8,Medium,Rail
SHP000719,SUP011,PRD002,WH06,2024-11-14,2024-11-20,2024-11-18,593,591,8,79.82,47333.26,Medium,Road
SHP000720,SUP017,PRD005,WH01,2025-09-04,2025-09-20,2025-09-22,331,330,0,44.07,14587.17,High,Rail
SHP000721,SUP008,PRD007,WH02,2024-11-24,2024-12-08,2024-12-09,924,916,20,125.52,115980.48,Medium,Road
SHP000722,SUP017,PRD001,WH05,2025-07-03,2025-07-14,2025-07-13,884,875,2,55.84,49362.56,Low,Sea
SHP000723,SUP020,PRD007,WH04,2025-02-22,2025-03-12,2025-03-20,293,290,8,65.75,19264.75,Medium,Road
SHP000724,SUP011,PRD023,WH01,2025-08-28,2025-09-01,2025-08-30,979,975,34,102.96,100797.84,Low,Sea
SHP000725,SUP002,PRD010,WH01,2024-04-04,2024-04-13,2024-04-18,560,554,7,76.45,42812.0,Low,Sea
SHP000726,SUP010,PRD008,WH02,2025-08-03,2025-08-18,2025-08-17,626,622,0,13.05,8169.3,High,Road
SHP000727,SUP010,PRD002,WH05,2024-11-13,2024-11-26,2024-11-27,233,230,0,36.38,8476.54,Low,Road
SHP000728,SUP011,PRD015,WH06,2024-08-23,2024-09-02,2024-09-01,158,157,3,37.86,5981.88,High,Rail
SHP000729,SUP006,PRD001,WH02,2024-11-29,2024-12-08,2024-12-12,856,851,0,54.92,47011.52,Low,Sea
SHP000730,SUP004,PRD002,WH01,2025-01-10,2025-01-19,2025-01-19,362,359,3,39.8,14407.6,Medium,Sea
SHP000731,SUP012,PRD012,WH05,2025-04-03,2025-04-22,2025-04-24,223,221,6,63.2,14093.6,High,Rail
SHP000732,SUP011,PRD018,WH05,2024-05-16,2024-05-31,2024-05-31,296,293,6,33.72,9981.12,Medium,Rail
SHP000733,SUP013,PRD003,WH03,2025-08-10,2025-08-21,2025-08-22,701,690,13,86.61,60713.61,High,Air
SHP000734,SUP005,PRD007,WH05,2025-06-30,2025-07-15,2025-07-14,944,934,0,90.35,85290.4,Low,Rail
SHP000735,SUP006,PRD015,WH01,2025-05-27,2025-06-04,2025-06-03,564,561,4,52.02,29339.28,High,Road
SHP000736,SUP001,PRD022,WH05,2024-10-22,2024-10-29,2024-10-28,107,107,0,108.98,11660.86,Medium,Air
SHP000737,SUP006,PRD018,WH01,2024-11-15,2024-11-18,2024-11-20,804,795,14,36.69,29498.76,Medium,Rail
SHP000738,SUP018,PRD006,WH06,2025-07-25,2025-08-02,2025-08-02,680,673,23,107.9,73372.0,Low,Road
SHP000739,SUP009,PRD002,WH03,2024-12-14,2024-12-30,2024-12-28,553,545,9,65.79,36381.87,Medium,Road
SHP000740,SUP015,PRD004,WH04,2024-08-16,2024-08-31,2024-09-01,778,766,29,147.37,114653.86,High,Road
SHP000741,SUP008,PRD005,WH02,2024-09-26,2024-09-30,2024-09-29,782,781,5,137.94,107869.08,Medium,Road
SHP000742,SUP019,PRD024,WH05,2024-10-17,2024-10-20,2024-10-25,360,357,11,44.88,16156.8,Medium,Rail
SHP000743,SUP016,PRD002,WH01,2024-06-13,2024-06-22,2024-06-23,341,337,7,55.3,18857.3,Low,Road
SHP000744,SUP006,PRD011,WH04,2024-01-05,2024-01-21,2024-01-19,28,28,0,86.75,2429.0,Low,Rail
SHP000745,SUP006,PRD022,WH06,2025-01-13,2025-02-01,2025-01-30,771,765,0,92.63,71417.73,Medium,Road
SHP000746,SUP003,PRD006,WH01,2024-03-18,2024-03-30,2024-03-31,903,899,14,74.44,67219.32,Medium,Road
SHP000747,SUP010,PRD008,WH01,2025-02-13,2025-03-01,2025-03-02,174,173,0,44.93,7817.82,High,Road
SHP000748,SUP001,PRD022,WH04,2025-07-27,2025-07-31,2025-08-01,666,661,0,76.45,50915.7,Medium,Sea
SHP000749,SUP014,PRD024,WH06,2024-05-11,2024-05-17,2024-05-20,952,941,23,7.3,6949.6,High,Rail
SHP000750,SUP004,PRD023,WH04,2025-08-23,2025-09-01,2025-09-01,87,87,1,90.99,7916.13,Medium,Rail
SHP000751,SUP012,PRD023,WH02,2024-02-11,2024-02-24,2024-02-26,645,642,17,5.6,3612.0,Medium,Road
SHP000752,SUP006,PRD014,WH04,2024-03-29,2024-04-06,2024-04-05,883,875,12,27.53,24308.99,Low,Rail
SHP000753,SUP011,PRD021,WH01,2025-02-05,2025-02-16,2025-02-16,320,320,0,104.4,33408.0,Medium,Road
SHP000754,SUP012,PRD023,WH02,2024-10-22,2024-11-08,2024-11-11,81,81,2,105.06,8509.86,Low,Air
SHP000755,SUP010,PRD025,WH06,2024-10-21,2024-10-24,2024-10-22,439,432,0,88.67,38926.13,Medium,Road
SHP000756,SUP018,PRD010,WH02,2025-09-07,2025-09-12,2025-09-10,30,30,0,45.78,1373.4,Medium,Road
SHP000757,SUP007,PRD010,WH03,2025-06-09,2025-06-13,2025-06-13,224,223,6,78.74,17637.76,High,Rail
SHP000758,SUP007,PRD008,WH03,2025-11-21,2025-12-08,2025-12-06,935,919,13,97.85,91489.75,Medium,Road
SHP000759,SUP011,PRD003,WH03,2025-09-28,2025-10-12,2025-10-12,652,640,5,112.85,73578.2,Low,Road
SHP000760,SUP004,PRD002,WH04,2025-02-25,2025-03-15,2025-03-15,295,295,10,84.32,24874.4,Low,Road
SHP000761,SUP020,PRD022,WH02,2024-01-23,2024-01-30,2024-01-31,963,945,34,20.63,19866.69,Medium,Sea
SHP000762,SUP001,PRD011,WH02,2025-07-28,2025-07-31,2025-07-31,773,768,13,101.52,78474.96,Medium,Sea
SHP000763,SUP013,PRD019,WH03,2024-05-22,2024-06-06,2024-06-08,968,958,33,49.17,47596.56,Medium,Road
SHP000764,SUP018,PRD016,WH05,2025-10-26,2025-11-04,2025-11-07,874,870,25,129.14,112868.36,Medium,Road
SHP000765,SUP009,PRD019,WH06,2024-05-24,2024-06-09,2024-06-07,774,768,0,14.49,11215.26,Low,Road
SHP000766,SUP009,PRD014,WH05,2024-08-12,2024-08-16,2024-08-14,852,843,14,62.64,53369.28,Low,Sea
SHP000767,SUP009,PRD015,WH05,2025-05-17,2025-05-27,2025-05-31,569,560,11,106.34,60507.46,Medium,Road
SHP000768,SUP010,PRD002,WH02,2025-09-07,2025-09-26,2025-09-27,777,769,1,17.27,13418.79,Medium,Sea
SHP000769,SUP002,PRD014,WH03,2024-04-13,2024-04-30,2024-04-30,219,217,3,8.99,1968.81,Medium,Road
SHP000770,SUP006,PRD022,WH01,2024-02-08,2024-02-22,2024-02-24,574,570,0,48.84,28034.16,High,Road
SHP000771,SUP015,PRD024,WH06,2024-07-16,2024-07-27,2024-08-01,902,891,37,130.8,117981.6,Medium,Road
SHP000772,SUP003,PRD020,WH01,2025-10-07,2025-10-18,2025-10-16,916,915,9,135.52,124136.32,Medium,Road
SHP000773,SUP011,PRD005,WH01,2025-08-01,2025-08-05,2025-08-06,514,510,8,142.62,73306.68,High,Road
SHP000774,SUP006,PRD018,WH03,2025-01-25,2025-02-02,2025-02-04,823,818,9,26.82,22072.86,Medium,Air
SHP000775,SUP003,PRD021,WH04,2024-06-27,2024-07-11,2024-07-11,374,371,2,36.25,13557.5,High,Road
SHP000776,SUP011,PRD013,WH03,2025-07-07,2025-07-20,2025-07-18,234,234,4,116.38,27232.92,Medium,Road
SHP000777,SUP015,PRD012,WH04,2025-03-23,2025-03-31,2025-04-02,592,588,24,21.62,12799.04,Medium,Road
SHP000778,SUP013,PRD013,WH05,2025-05-14,2025-05-19,2025-05-21,252,249,8,4.98,1254.96,High,Road
SHP000779,SUP020,PRD004,WH04,2024-01-15,2024-01-26,2024-01-27,137,137,5,134.54,18431.98,Low,Road
SHP000780,SUP010,PRD003,WH03,2025-09-14,2025-10-03,2025-10-04,938,922,0,131.8,123628.4,Medium,Road
SHP000781,SUP006,PRD023,WH01,2025-10-30,2025-11-07,2025-11-08,320,318,3,73.35,23472.0,Medium,Rail
SHP000782,SUP015,PRD024,WH01,2024-10-15,2024-10-25,2024-10-25,919,917,33,49.33,45334.27,Low,Road
SHP000783,SUP018,PRD017,WH02,2025-04-22,2025-04-30,2025-04-30,96,96,1,143.64,13789.44,Medium,Road
SHP000784,SUP018,PRD002,WH05,2024-08-18,2024-08-29,2024-08-28,240,239,5,18.65,4476.0,Medium,Road
SHP000785,SUP007,PRD001,WH05,2025-02-23,2025-02-27,2025-02-28,159,158,0,11.0,1749.0,Low,Road
SHP000786,SUP015,PRD007,WH05,2024-06-05,2024-06-08,2024-06-11,882,874,25,47.11,41551.02,Low,Sea
SHP000787,SUP018,PRD024,WH04,2025-07-03,2025-07-22,2025-07-23,956,941,43,112.35,107406.6,Low,Road
SHP000788,SUP018,PRD022,WH03,2025-03-16,2025-03-23,2025-03-23,276,274,7,24.64,6800.64,Medium,Rail
SHP000789,SUP020,PRD007,WH06,2024-04-06,2024-04-16,2024-04-14,503,503,19,144.87,72869.61,High,Road
SHP000790,SUP009,PRD002,WH04,2025-02-14,2025-03-02,2025-02-28,512,509,0,141.72,72560.64,High,Rail
SHP000791,SUP002,PRD018,WH06,2024-10-15,2024-10-31,2024-11-05,578,578,6,30.55,17657.9,High,Road
SHP000792,SUP008,PRD005,WH03,2024-09-10,2024-09-21,2024-09-22,987,981,27,140.08,138258.96,Low,Air
SHP000793,SUP020,PRD005,WH04,2024-07-14,2024-07-31,2024-07-29,547,544,16,21.74,11891.78,High,Rail
SHP000794,SUP002,PRD010,WH06,2025-08-20,2025-09-08,2025-09-06,82,82,2,125.12,10259.84,High,Road
SHP000795,SUP011,PRD022,WH02,2025-06-05,2025-06-11,2025-06-10,765,758,19,27.73,21213.45,Medium,Rail
SHP000796,SUP007,PRD016,WH03,2025-05-31,2025-06-18,2025-06-17,476,475,3,96.67,46014.92,Medium,Rail
SHP000797,SUP006,PRD006,WH06,2025-09-26,2025-10-10,2025-10-14,603,594,0,136.93,82568.79,Medium,Rail
SHP000798,SUP010,PRD010,WH06,2024-04-27,2024-05-12,2024-05-11,459,451,0,69.53,31914.27,High,Road
SHP000799,SUP005,PRD008,WH03,2024-06-07,2024-06-23,2024-06-26,651,646,12,35.24,22941.24,Medium,Road
SHP000800,SUP011,PRD024,WH05,2024-08-15,2024-08-22,2024-08-22,611,609,12,30.67,18739.37,Low,Road
SHP000801,SUP001,PRD024,WH02,2024-08-03,2024-08-12,2024-08-15,929,923,20,121.28,112669.12,Medium,Air
SHP000802,SUP002,PRD003,WH01,2025-11-26,2025-12-12,2025-12-12,908,902,0,130.42,118421.36,Low,Rail
SHP000803,SUP001,PRD023,WH06,2024-01-15,2024-01-28,2024-01-30,256,254,1,113.68,29102.08,Low,Air
SHP000804,SUP019,PRD012,WH01,2024-06-05,2024-06-15,2024-06-22,369,366,15,64.74,23889.06,High,Road
SHP000805,SUP002,PRD011,WH04,2025-10-09,2025-10-23,2025-10-25,339,334,6,43.68,14807.52,Low,Sea
SHP000806,SUP020,PRD021,WH05,2024-09-17,2024-10-04,2024-10-05,848,841,22,62.31,52838.88,Medium,Road
SHP000807,SUP004,PRD020,WH01,2024-06-05,2024-06-13,2024-06-13,575,572,13,51.33,29514.75,Medium,Sea
SHP000808,SUP012,PRD011,WH06,2024-02-16,2024-03-01,2024-03-05,99,99,2,89.89,8899.11,Low,Rail
SHP000809,SUP020,PRD010,WH06,2024-11-19,2024-12-05,2024-12-03,528,521,13,89.83,47430.24,Low,Road
SHP000810,SUP018,PRD025,WH01,2025-11-15,2025-11-28,2025-11-30,186,185,4,35.57,6616.02,High,Sea
SHP000811,SUP001,PRD024,WH04,2024-05-09,2024-05-22,2024-05-21,558,553,9,106.89,59644.62,Medium,Road
SHP000812,SUP001,PRD007,WH01,2025-02-14,2025-02-25,2025-02-26,632,625,11,148.59,93908.88,Low,Road
SHP000813,SUP014,PRD001,WH03,2024-04-04,2024-04-21,2024-04-22,281,281,10,105.49,29642.69,Medium,Road
SHP000814,SUP004,PRD009,WH06,2025-09-18,2025-10-06,2025-10-06,662,652,14,20.12,13319.44,Medium,Rail
SHP000815,SUP005,PRD007,WH01,2024-10-18,2024-10-22,2024-10-21,198,196,2,6.99,1384.02,Low,Air
SHP000816,SUP011,PRD014,WH02,2024-10-09,2024-10-17,2024-10-16,699,691,11,28.44,19879.56,High,Sea
SHP000817,SUP013,PRD004,WH06,2024-03-09,2024-03-17,2024-03-17,82,82,1,70.14,5751.48,Medium,Road
SHP000818,SUP016,PRD004,WH06,2025-10-21,2025-10-31,2025-11-01,215,214,3,77.75,16716.25,Medium,Road
SHP000819,SUP013,PRD018,WH06,2024-01-11,2024-01-14,2024-01-19,393,390,4,11.14,4378.02,Medium,Road
SHP000820,SUP002,PRD003,WH03,2024-09-10,2024-09-16,2024-09-17,148,148,2,48.26,7142.48,High,Road
SHP000821,SUP016,PRD017,WH06,2025-07-03,2025-07-19,2025-07-22,917,913,12,53.67,49215.39,Medium,Sea
SHP000822,SUP006,PRD004,WH04,2024-05-13,2024-05-31,2024-05-29,386,383,6,38.23,14756.78,Medium,Sea
SHP000823,SUP014,PRD008,WH03,2024-01-23,2024-02-02,2024-02-04,603,592,8,83.09,50103.27,Medium,Road
SHP000824,SUP001,PRD008,WH06,2024-12-11,2024-12-26,2024-12-28,750,746,7,98.66,73995.0,Medium,Rail
SHP000825,SUP017,PRD004,WH01,2024-10-28,2024-11-03,2024-11-03,409,408,5,101.24,41407.16,Medium,Road
SHP000826,SUP011,PRD025,WH03,2024-12-28,2025-01-03,2025-01-03,252,252,4,94.18,23733.36,Medium,Road
SHP000827,SUP019,PRD017,WH02,2025-01-30,2025-02-17,2025-02-20,958,951,18,110.42,105782.36,Medium,Road
SHP000828,SUP003,PRD007,WH02,2024-08-05,2024-08-08,2024-08-09,826,811,21,126.78,104720.28,Low,Road
SHP000829,SUP011,PRD012,WH04,2024-05-20,2024-05-24,2024-05-23,831,820,5,16.88,14027.28,Low,Sea
SHP000830,SUP005,PRD017,WH01,2025-09-07,2025-09-25,2025-09-28,575,569,4,61.93,35609.75,Low,Rail
SHP000831,SUP017,PRD013,WH06,2024-07-28,2024-08-08,2024-08-09,329,328,4,97.56,32097.24,Medium,Road
SHP000832,SUP007,PRD019,WH03,2025-09-14,2025-09-25,2025-09-23,651,640,17,104.48,68016.48,Medium,Road
SHP000833,SUP010,PRD025,WH06,2025-09-07,2025-09-23,2025-09-24,132,132,0,146.58,19348.56,Medium,Road
SHP000834,SUP011,PRD005,WH03,2025-11-13,2025-12-03,2025-12-01,993,976,0,106.71,105963.03,Medium,Road
SHP000835,SUP003,PRD011,WH06,2025-04-04,2025-04-07,2025-04-10,692,682,14,7.07,4892.44,Medium,Road
SHP000836,SUP020,PRD010,WH01,2024-12-21,2025-01-10,2025-01-12,509,506,11,54.27,27623.43,Low,Road
SHP000837,SUP010,PRD020,WH04,2024-11-19,2024-12-01,2024-12-01,949,941,9,89.11,84565.39,Low,Road
SHP000838,SUP010,PRD009,WH04,2024-05-12,2024-05-17,2024-05-17,429,428,3,101.57,43573.53,Low,Road
SHP000839,SUP014,PRD017,WH05,2024-05-06,2024-05-11,2024-05-12,833,823,13,53.09,44223.97,Low,Road
SHP000840,SUP012,PRD023,WH03,2024-04-15,2024-04-24,2024-04-23,354,350,11,71.4,25275.6,Low,Road
SHP000841,SUP015,PRD011,WH03,2025-08-26,2025-09-13,2025-09-18,729,720,33,104.02,75830.58,High,Road
SHP000842,SUP010,PRD017,WH04,2025-01-12,2025-01-20,2025-01-20,347,345,0,95.47,33128.09,High,Road
SHP000843,SUP010,PRD004,WH02,2024-02-20,2024-02-27,2024-02-29,677,667,3,42.81,28982.37,Medium,Road
SHP000844,SUP019,PRD019,WH03,2024-01-29,2024-02-08,2024-02-10,728,716,32,16.9,12303.2,Medium,Sea
SHP000845,SUP001,PRD013,WH03,2025-04-06,2025-04-21,2025-04-21,86,86,1,131.65,11321.9,High,Sea
SHP000846,SUP010,PRD014,WH06,2024-10-22,2024-11-02,2024-11-02,560,555,1,110.03,61616.8,Medium,Sea
SHP000847,SUP002,PRD019,WH01,2024-10-23,2024-10-27,2024-10-28,632,631,17,38.81,24527.92,High,Road
SHP000848,SUP017,PRD016,WH03,2025-02-10,2025-02-18,2025-02-18,329,325,10,57.76,19003.04,Medium,Road
SHP000849,SUP007,PRD025,WH02,2025-09-04,2025-09-17,2025-09-16,986,977,0,38.24,37704.64,Medium,Rail
SHP000850,SUP007,PRD004,WH01,2025-02-08,2025-02-21,2025-02-23,799,799,9,26.5,21173.5,Low,Sea
SHP000851,SUP020,PRD007,WH01,2024-12-11,2024-12-17,2024-12-21,674,672,21,24.92,16796.08,Low,Road
SHP000852,SUP009,PRD013,WH05,2025-09-13,2025-09-29,2025-09-28,748,743,22,135.28,101189.44,Medium,Road
SHP000853,SUP002,PRD013,WH04,2025-02-23,2025-03-05,2025-03-07,160,159,2,93.15,14904.0,Medium,Rail
SHP000854,SUP014,PRD023,WH05,2024-06-30,2024-07-07,2024-07-08,747,735,27,147.74,110361.78,Medium,Road
SHP000855,SUP017,PRD005,WH06,2024-01-01,2024-01-19,2024-01-19,560,559,12,33.54,18782.4,Low,Rail
SHP000856,SUP001,PRD013,WH01,2025-07-20,2025-07-31,2025-08-04,672,663,10,127.26,85518.72,Medium,Road
SHP000857,SUP009,PRD004,WH01,2025-01-05,2025-01-08,2025-01-06,584,584,1,8.2,4788.8,Medium,Sea
SHP000858,SUP020,PRD012,WH02,2025-10-22,2025-11-03,2025-11-03,705,705,16,82.06,57852.3,Medium,Road
SHP000859,SUP019,PRD004,WH02,2025-03-06,2025-03-22,2025-03-24,280,276,10,88.9,24892.0,High,Road
SHP000860,SUP004,PRD007,WH04,2024-11-04,2024-11-20,2024-11-24,320,315,5,135.61,43395.2,High,Rail
SHP000861,SUP008,PRD005,WH02,2024-05-16,2024-06-03,2024-06-02,31,31,0,103.53,3209.43,Medium,Road
SHP000862,SUP013,PRD016,WH01,2024-07-20,2024-08-06,2024-08-04,249,246,7,97.84,24362.16,Low,Road
SHP000863,SUP004,PRD020,WH04,2025-03-11,2025-03-17,2025-03-15,331,327,3,112.38,37197.78,Low,Rail
SHP000864,SUP009,PRD016,WH05,2024-11-08,2024-11-20,2024-11-19,486,483,4,137.92,67029.12,Medium,Sea
SHP000865,SUP009,PRD021,WH05,2024-04-26,2024-05-15,2024-05-13,491,491,12,62.03,30456.73,Low,Rail
SHP000866,SUP018,PRD012,WH01,2025-10-27,2025-11-16,2025-11-17,699,687,23,141.2,98698.8,Medium,Road
SHP000867,SUP012,PRD010,WH04,2025-07-28,2025-07-31,2025-08-01,108,108,4,35.86,3872.88,Medium,Road
SHP000868,SUP010,PRD002,WH06,2024-08-31,2024-09-03,2024-09-05,565,562,0,97.61,55149.65,High,Road
SHP000869,SUP011,PRD021,WH02,2025-06-20,2025-07-09,2025-07-10,942,925,24,12.28,11567.76,Low,Rail
SHP000870,SUP007,PRD001,WH04,2025-08-24,2025-08-30,2025-09-01,63,63,0,130.95,8249.85,Medium,Air
SHP000871,SUP009,PRD017,WH01,2024-03-15,2024-03-21,2024-03-21,277,274,6,137.87,38189.99,Medium,Sea
SHP000872,SUP006,PRD016,WH01,2025-01-20,2025-01-28,2025-01-28,784,772,12,83.05,65111.2,Low,Sea
SHP000873,SUP019,PRD010,WH01,2024-07-28,2024-08-06,2024-08-10,238,236,5,17.52,4169.76,Medium,Rail
SHP000874,SUP016,PRD004,WH03,2025-04-19,2025-05-04,2025-05-04,349,344,8,37.05,12930.45,Medium,Road
SHP000875,SUP015,PRD022,WH06,2025-02-21,2025-02-24,2025-02-27,443,441,24,108.16,47914.88,Low,Road
SHP000876,SUP007,PRD006,WH06,2024-12-12,2024-12-17,2024-12-19,128,128,1,116.04,14853.12,Medium,Air
SHP000877,SUP016,PRD001,WH03,2025-06-12,2025-06-20,2025-06-24,659,651,13,12.57,8283.63,Medium,Air
SHP000878,SUP005,PRD004,WH02,2025-10-01,2025-10-04,2025-10-02,112,111,0,15.07,1687.84,Medium,Sea
SHP000879,SUP016,PRD019,WH01,2024-06-27,2024-07-13,2024-07-13,383,380,15,16.04,6143.32,High,Air
SHP000880,SUP001,PRD005,WH05,2024-06-30,2024-07-16,2024-07-17,934,925,3,107.25,100171.5,High,Road
SHP000881,SUP019,PRD014,WH02,2025-10-25,2025-11-05,2025-11-10,555,551,27,74.94,41591.7,High,Sea
SHP000882,SUP005,PRD015,WH04,2024-01-25,2024-01-31,2024-01-30,133,133,0,89.61,11918.13,Medium,Rail
SHP000883,SUP007,PRD009,WH02,2024-06-28,2024-07-04,2024-07-06,389,387,0,39.84,15497.76,Low,Road
SHP000884,SUP019,PRD006,WH04,2025-05-15,2025-05-23,2025-05-28,73,73,2,141.68,10342.64,Low,Road
SHP000885,SUP005,PRD004,WH05,2024-06-09,2024-06-14,2024-06-16,690,686,0,47.74,32940.6,Low,Sea
SHP000886,SUP017,PRD008,WH01,2024-06-25,2024-07-12,2024-07-10,351,351,8,37.72,13239.72,Medium,Air
SHP000887,SUP008,PRD009,WH06,2024-10-11,2024-10-21,2024-10-19,321,321,4,5.46,1752.66,Medium,Road
SHP000888,SUP001,PRD016,WH01,2024-03-03,2024-03-07,2024-03-05,221,219,6,35.86,7925.06,Medium,Road
SHP000889,SUP002,PRD025,WH05,2025-10-23,2025-11-04,2025-11-09,326,326,11,48.74,15889.24,High,Road
SHP000890,SUP015,PRD009,WH05,2025-10-27,2025-11-06,2025-11-09,382,382,16,98.94,37795.08,Medium,Sea
SHP000891,SUP020,PRD017,WH04,2024-06-04,2024-06-11,2024-06-12,404,402,14,26.16,10568.64,Medium,Rail
SHP000892,SUP018,PRD023,WH04,2025-04-13,2025-04-28,2025-04-30,576,566,13,91.44,52669.44,Low,Road
SHP000893,SUP011,PRD009,WH02,2024-02-18,2024-03-05,2024-03-04,678,674,11,100.22,67949.16,Medium,Sea
SHP000894,SUP010,PRD017,WH02,2024-03-24,2024-04-04,2024-04-02,861,855,4,62.85,54113.85,Low,Sea
SHP000895,SUP004,PRD006,WH03,2024-12-26,2025-01-07,2025-01-05,709,699,7,142.36,100933.24,Medium,Rail
SHP000896,SUP005,PRD019,WH02,2025-11-19,2025-11-25,2025-11-24,653,646,8,19.02,12420.06,High,Road
SHP000897,SUP004,PRD015,WH01,2024-05-27,2024-06-15,2024-06-13,945,934,21,9.54,9015.3,Low,Sea
SHP000898,SUP013,PRD017,WH01,2025-09-21,2025-09-30,2025-10-03,540,539,12,4.47,2413.8,High,Road
SHP000899,SUP013,PRD018,WH01,2024-12-07,2024-12-24,2024-12-27,75,75,1,69.68,5226.0,Low,Rail
SHP000900,SUP018,PRD014,WH04,2025-04-20,2025-05-01,2025-05-01,166,165,2,139.94,23230.04,Low,Road
SHP000901,SUP002,PRD002,WH03,2024-03-03,2024-03-09,2024-03-10,164,164,3,44.9,7363.6,Medium,Road
SHP000902,SUP016,PRD021,WH04,2025-12-01,2025-12-05,2025-12-05,542,534,16,111.96,60682.32,Low,Road
SHP000903,SUP001,PRD006,WH05,2024-12-25,2025-01-05,2025-01-04,667,655,8,89.91,59969.97,Medium,Road
SHP000904,SUP019,PRD014,WH05,2025-07-14,2025-07-25,2025-07-28,644,637,21,62.43,40204.92,Low,Rail
SHP000905,SUP009,PRD008,WH04,2024-11-22,2024-12-03,2024-12-03,27,27,0,46.72,1261.44,Low,Rail
SHP000906,SUP003,PRD016,WH03,2024-05-20,2024-05-31,2024-05-29,215,215,4,99.57,21407.55,High,Sea
SHP000907,SUP007,PRD007,WH02,2024-08-02,2024-08-16,2024-08-17,724,723,0,47.16,34143.84,Low,Road
SHP000908,SUP010,PRD004,WH06,2025-03-10,2025-03-20,2025-03-18,314,311,0,28.54,8961.56,Medium,Rail
SHP000909,SUP001,PRD011,WH02,2024-11-13,2024-11-23,2024-11-24,463,460,1,23.48,10871.24,Medium,Rail
SHP000910,SUP010,PRD008,WH06,2024-02-01,2024-02-10,2024-02-11,589,579,9,106.01,62439.89,High,Road
SHP000911,SUP009,PRD019,WH05,2025-10-31,2025-11-03,2025-11-05,348,347,2,91.73,31922.04,Low,Sea
SHP000912,SUP015,PRD014,WH06,2024-10-11,2024-10-25,2024-10-28,978,966,32,121.41,118738.98,Low,Rail
SHP000913,SUP015,PRD011,WH05,2024-10-31,2024-11-05,2024-11-10,545,545,20,120.15,65481.75,Low,Road
SHP000914,SUP003,PRD010,WH06,2025-03-04,2025-03-20,2025-03-20,915,913,23,106.55,97493.25,High,Sea
SHP000915,SUP005,PRD023,WH05,2025-04-21,2025-05-02,2025-05-02,505,501,0,70.32,35511.6,Low,Road
SHP000916,SUP009,PRD005,WH01,2024-10-12,2024-10-27,2024-10-25,675,663,13,136.64,92232.0,Medium,Road
SHP000917,SUP009,PRD021,WH01,2024-05-23,2024-06-12,2024-06-10,942,929,15,83.72,78864.24,Medium,Sea
SHP000918,SUP007,PRD001,WH04,2025-02-27,2025-03-17,2025-03-15,181,180,2,140.77,25479.37,Medium,Road
SHP000919,SUP012,PRD020,WH01,2024-01-19,2024-01-26,2024-01-24,171,169,5,49.84,8522.64,Medium,Air
SHP000920,SUP009,PRD019,WH05,2024-01-18,2024-01-30,2024-02-01,692,684,11,43.97,30427.24,Medium,Rail
SHP000921,SUP006,PRD013,WH02,2025-08-12,2025-08-18,2025-08-18,829,824,2,129.45,107314.05,High,Road
SHP000922,SUP002,PRD009,WH06,2025-01-05,2025-01-25,2025-01-28,777,775,20,96.37,74879.49,Medium,Sea
SHP000923,SUP009,PRD002,WH04,2024-06-23,2024-07-03,2024-07-03,190,190,3,85.23,16193.7,Low,Road
SHP000924,SUP017,PRD001,WH05,2024-07-12,2024-07-19,2024-07-23,399,399,5,4.72,1883.28,High,Air
SHP000925,SUP001,PRD006,WH04,2025-05-16,2025-05-27,2025-05-26,934,918,4,12.67,11833.78,Medium,Road
SHP000926,SUP019,PRD019,WH03,2024-04-22,2024-05-03,2024-05-04,980,979,46,55.17,54066.6,Medium,Sea
SHP000927,SUP006,PRD005,WH06,2024-04-23,2024-05-11,2024-05-09,342,338,1,78.72,26922.24,Medium,Sea
SHP000928,SUP005,PRD017,WH04,2024-08-09,2024-08-29,2024-08-31,124,123,0,17.42,2160.08,High,Road
SHP000929,SUP002,PRD010,WH04,2025-11-08,2025-11-27,2025-11-30,871,855,19,127.82,111331.22,High,Sea
SHP000930,SUP009,PRD013,WH02,2025-10-05,2025-10-19,2025-10-21,369,367,2,147.28,54346.32,Medium,Air
SHP000931,SUP014,PRD004,WH02,2024-09-20,2024-10-02,2024-10-05,186,184,3,140.69,26168.34,High,Rail
SHP000932,SUP004,PRD001,WH04,2024-02-24,2024-03-13,2024-03-16,53,53,1,109.93,5826.29,Medium,Sea
SHP000933,SUP004,PRD024,WH02,2025-10-04,2025-10-11,2025-10-10,966,950,13,2.37,2289.42,Medium,Road
SHP000934,SUP015,PRD020,WH01,2025-04-02,2025-04-06,2025-04-09,947,945,33,27.29,25843.63,Medium,Road
SHP000935,SUP008,PRD010,WH02,2024-06-10,2024-06-24,2024-06-25,219,217,2,94.43,20680.17,Low,Road
SHP000936,SUP004,PRD021,WH01,2025-01-14,2025-01-26,2025-01-26,836,829,12,18.37,15357.32,Medium,Road
SHP000937,SUP016,PRD004,WH05,2024-03-27,2024-04-13,2024-04-14,677,669,26,19.81,13411.37,Low,Road
SHP000938,SUP004,PRD016,WH02,2024-02-24,2024-03-05,2024-03-07,325,321,11,115.97,37690.25,Medium,Road
SHP000939,SUP016,PRD016,WH03,2025-04-20,2025-04-29,2025-04-27,307,304,8,142.06,43612.42,High,Road
SHP000940,SUP012,PRD003,WH01,2024-06-26,2024-07-05,2024-07-05,347,342,5,98.5,34179.5,Low,Rail
SHP000941,SUP016,PRD025,WH02,2025-01-25,2025-01-31,2025-02-03,665,665,18,12.57,8359.05,Medium,Road
SHP000942,SUP019,PRD012,WH01,2024-12-14,2024-12-22,2024-12-29,783,772,24,122.67,96050.61,High,Sea
SHP000943,SUP008,PRD006,WH04,2024-01-08,2024-01-28,2024-01-29,514,510,12,9.26,4759.64,Low,Road
SHP000944,SUP006,PRD018,WH04,2024-11-08,2024-11-23,2024-11-21,460,454,0,134.7,61962.0,High,Road
SHP000945,SUP010,PRD025,WH01,2025-03-18,2025-03-31,2025-03-31,78,78,1,19.31,1506.18,Medium,Road
SHP000946,SUP005,PRD014,WH01,2024-11-23,2024-12-05,2024-12-06,559,555,4,17.6,9838.4,High,Road
SHP000947,SUP018,PRD017,WH05,2024-02-23,2024-02-28,2024-02-29,41,41,0,90.4,3706.4,Medium,Road
SHP000948,SUP010,PRD020,WH04,2024-08-26,2024-09-02,2024-09-02,11,11,0,72.46,797.06,Medium,Road
SHP000949,SUP010,PRD024,WH05,2024-08-16,2024-08-25,2024-08-24,522,516,0,25.51,13316.22,Medium,Road
SHP000950,SUP007,PRD003,WH04,2025-08-01,2025-08-21,2025-08-21,871,856,11,55.29,48157.59,Medium,Rail
SHP000951,SUP018,PRD023,WH05,2024-02-20,2024-03-09,2024-03-10,390,386,7,41.49,16181.1,Low,Sea
SHP000952,SUP001,PRD009,WH01,2025-08-31,2025-09-03,2025-09-01,765,753,2,98.44,75306.6,Low,Sea
SHP000953,SUP007,PRD018,WH03,2025-08-26,2025-09-13,2025-09-15,394,389,3,129.4,50983.6,Medium,Road
SHP000954,SUP001,PRD012,WH02,2024-09-20,2024-09-26,2024-09-25,438,431,7,130.02,56948.76,Medium,Sea
SHP000955,SUP015,PRD023,WH05,2025-02-21,2025-02-28,2025-03-04,870,862,25,3.3,2871.0,High,Sea
SHP000956,SUP004,PRD022,WH06,2024-04-05,2024-04-14,2024-04-17,13,13,0,106.72,1387.36,Low,Air
SHP000957,SUP020,PRD008,WH06,2024-03-28,2024-04-03,2024-04-07,751,744,35,104.25,78291.75,Medium,Road
SHP000958,SUP010,PRD007,WH04,2024-03-18,2024-03-25,2024-03-24,139,138,0,111.7,15526.3,Medium,Air
SHP000959,SUP009,PRD015,WH05,2024-10-14,2024-10-25,2024-10-24,522,514,1,126.25,65902.5,High,Road
SHP000960,SUP002,PRD001,WH04,2024-04-29,2024-05-12,2024-05-10,272,269,8,146.77,39921.44,High,Air
SHP000961,SUP014,PRD018,WH04,2025-05-05,2025-05-19,2025-05-20,710,698,22,147.62,104810.2,High,Road
SHP000962,SUP016,PRD004,WH03,2025-03-27,2025-04-03,2025-04-05,621,613,6,136.83,84971.43,Medium,Sea
SHP000963,SUP001,PRD022,WH02,2025-05-14,2025-05-17,2025-05-18,796,782,4,81.77,65088.92,Low,Rail
SHP000964,SUP002,PRD025,WH05,2024-06-13,2024-06-16,2024-06-18,485,484,9,51.84,25142.4,High,Road
SHP000965,SUP007,PRD002,WH04,2024-06-30,2024-07-19,2024-07-19,733,730,6,86.18,63169.94,High,Road
SHP000966,SUP010,PRD020,WH04,2025-04-13,2025-04-25,2025-04-23,448,448,0,40.55,18166.4,Medium,Sea
SHP000967,SUP020,PRD020,WH03,2024-01-07,2024-01-11,2024-01-16,389,386,16,100.28,39008.92,Medium,Road
SHP000968,SUP001,PRD012,WH06,2024-11-25,2024-12-09,2024-12-11,998,986,3,43.23,43143.54,Low,Road
SHP000969,SUP013,PRD020,WH02,2025-11-03,2025-11-10,2025-11-08,602,591,21,22.63,13623.26,High,Road
SHP000970,SUP001,PRD001,WH04,2024-05-30,2024-06-13,2024-06-13,110,109,1,56.02,6162.2,Medium,Rail
SHP000971,SUP005,PRD014,WH04,2024-03-25,2024-04-02,2024-04-04,318,315,0,143.77,45718.86,Low,Sea
SHP000972,SUP016,PRD011,WH03,2024-05-26,2024-06-12,2024-06-11,113,112,2,98.9,11175.7,Low,Road
SHP000973,SUP015,PRD010,WH04,2025-09-15,2025-09-20,2025-09-25,929,915,38,110.78,102914.62,High,Road
SHP000974,SUP017,PRD011,WH02,2025-01-15,2025-01-26,2025-01-24,776,770,21,68.2,52923.2,High,Road
SHP000975,SUP016,PRD017,WH03,2025-07-01,2025-07-07,2025-07-05,630,628,16,10.1,6363.0,Medium,Road
SHP000976,SUP013,PRD023,WH01,2024-10-11,2024-10-22,2024-10-22,118,118,2,70.18,8281.24,Low,Sea
SHP000977,SUP011,PRD019,WH05,2025-11-30,2025-12-04,2025-12-02,20,20,0,27.02,540.4,Medium,Sea
SHP000978,SUP017,PRD013,WH02,2024-03-22,2024-04-08,2024-04-09,199,199,1,18.01,3583.99,Low,Road
SHP000979,SUP017,PRD024,WH01,2025-05-28,2025-06-15,2025-06-15,799,792,23,100.37,80195.63,Low,Rail
SHP000980,SUP002,PRD005,WH01,2025-06-06,2025-06-16,2025-06-20,351,350,5,27.48,9645.48,Medium,Rail
SHP000981,SUP013,PRD001,WH03,2025-01-20,2025-01-24,2025-01-29,194,193,4,103.13,20007.22,Medium,Air
SHP000982,SUP014,PRD008,WH04,2025-04-15,2025-05-03,2025-05-04,466,462,10,41.38,19283.08,Low,Sea
SHP000983,SUP011,PRD013,WH05,2024-04-28,2024-05-07,2024-05-07,52,52,0,137.43,7146.36,Medium,Rail
SHP000984,SUP010,PRD010,WH05,2025-01-30,2025-02-11,2025-02-09,268,265,0,103.59,27762.12,Low,Road
SHP000985,SUP003,PRD004,WH03,2025-06-15,2025-06-22,2025-06-22,485,482,0,69.85,33877.25,Medium,Road
SHP000986,SUP017,PRD017,WH01,2024-09-17,2024-10-04,2024-10-08,691,691,17,144.09,99566.19,Medium,Road
SHP000987,SUP015,PRD009,WH04,2024-09-12,2024-09-29,2024-09-30,268,265,8,119.98,32154.64,High,Rail
SHP000988,SUP009,PRD016,WH02,2024-08-13,2024-08-20,2024-08-20,963,949,14,58.86,56682.18,Medium,Air
SHP000989,SUP010,PRD001,WH01,2024-02-22,2024-02-26,2024-02-27,757,750,5,99.47,75298.79,Medium,Sea
SHP000990,SUP008,PRD013,WH06,2025-05-14,2025-05-23,2025-05-22,989,976,8,65.22,64502.58,Medium,Road
SHP000991,SUP013,PRD019,WH01,2025-05-20,2025-05-29,2025-06-02,61,61,1,138.26,8433.86,Medium,Rail
SHP000992,SUP018,PRD019,WH02,2024-12-29,2025-01-02,2025-01-01,652,648,22,68.06,44375.12,Medium,Sea
SHP000993,SUP005,PRD013,WH01,2024-10-06,2024-10-12,2024-10-11,582,572,0,50.66,29484.12,High,Road
SHP000994,SUP006,PRD015,WH02,2025-08-15,2025-09-02,2025-09-01,242,241,4,129.58,31358.36,Medium,Rail
SHP000995,SUP017,PRD025,WH06,2024-06-06,2024-06-12,2024-06-12,440,438,10,14.18,6239.2,High,Road
SHP000996,SUP011,PRD016,WH02,2025-09-23,2025-10-12,2025-10-14,17,17,0,67.47,1146.99,Low,Sea
SHP000997,SUP020,PRD004,WH03,2024-02-28,2024-03-03,2024-03-04,173,173,5,144.41,24982.93,Medium,Sea
SHP000998,SUP016,PRD023,WH02,2024-05-07,2024-05-23,2024-05-21,825,823,7,33.09,27299.25,Low,Road
SHP000999,SUP009,PRD005,WH06,2024-04-24,2024-05-14,2024-05-16,744,736,0,13.58,10103.52,Medium,Rail
SHP001000,SUP002,PRD002,WH01,2024-07-27,2024-08-11,2024-08-14,144,143,6,105.32,15166.08,Medium,Road
SHP001001,SUP005,PRD008,WH06,2025-06-09,2025-06-21,2025-06-20,233,231,0,81.3,18942.9,Medium,Road
SHP001002,SUP001,PRD001,WH04,2025-06-04,2025-06-07,2025-06-07,649,645,19,139.64,90626.36,Low,Road
SHP001003,SUP004,PRD009,WH04,2025-07-05,2025-07-08,2025-07-08,537,528,14,119.46,64150.02,High,Road
SHP001004,SUP004,PRD017,WH01,2024-08-24,2024-09-06,2024-09-08,396,390,2,59.33,23494.68,Medium,Road
SHP001005,SUP003,PRD007,WH05,2024-10-07,2024-10-14,2024-10-17,786,773,13,64.55,50736.3,Medium,Road
SHP001006,SUP009,PRD001,WH01,2024-12-24,2024-12-31,2024-12-30,672,667,17,72.96,49029.12,High,Road
SHP001007,SUP012,PRD015,WH06,2024-07-19,2024-08-01,2024-08-06,297,294,5,95.42,28339.74,Low,Sea
SHP001008,SUP010,PRD007,WH06,2024-10-04,2024-10-12,2024-10-12,721,719,0,8.62,6215.02,Low,Road
SHP001009,SUP002,PRD017,WH02,2024-08-22,2024-08-28,2024-08-27,886,877,30,42.93,38035.98,Low,Sea
SHP001010,SUP011,PRD001,WH05,2025-05-08,2025-05-23,2025-05-24,105,105,1,141.0,14805.0,Medium,Rail
SHP001011,SUP010,PRD012,WH04,2024-01-04,2024-01-11,2024-01-10,473,473,6,114.87,54333.51,High,Road
SHP001012,SUP006,PRD011,WH05,2025-10-27,2025-11-15,2025-11-17,317,316,3,141.12,44735.04,Medium,Sea
SHP001013,SUP018,PRD014,WH01,2025-03-17,2025-04-02,2025-04-02,717,706,13,149.58,107248.86,Medium,Sea
SHP001014,SUP002,PRD004,WH03,2024-01-29,2024-02-03,2024-02-09,819,807,20,59.93,49082.67,Medium,Road
SHP001015,SUP002,PRD024,WH06,2024-04-18,2024-05-06,2024-05-08,539,539,19,127.34,68636.26,Low,Road
SHP001016,SUP010,PRD017,WH05,2025-09-01,2025-09-09,2025-09-07,964,964,7,146.26,140994.64,Low,Road
SHP001017,SUP016,PRD011,WH02,2024-03-15,2024-03-18,2024-03-21,182,181,2,98.56,17937.92,Medium,Air
SHP001018,SUP012,PRD020,WH05,2024-05-25,2024-06-08,2024-06-09,46,46,1,93.04,4279.84,Low,Road
SHP001019,SUP001,PRD018,WH02,2024-05-07,2024-05-24,2024-05-24,963,952,18,25.44,24498.72,Medium,Rail
SHP001020,SUP008,PRD003,WH06,2024-02-11,2024-02-18,2024-02-16,735,724,19,22.9,16831.5,High,Sea
SHP001021,SUP016,PRD019,WH02,2024-12-21,2025-01-01,2025-01-01,183,182,4,21.45,3925.35,Medium,Rail
SHP001022,SUP018,PRD011,WH01,2024-02-10,2024-03-01,2024-03-03,447,440,10,13.03,5824.41,Low,Road
SHP001023,SUP013,PRD004,WH06,2024-02-03,2024-02-14,2024-02-13,343,340,6,55.87,19163.41,Low,Road
SHP001024,SUP015,PRD001,WH06,2024-01-17,2024-02-03,2024-02-06,42,42,1,140.94,5919.48,High,Road
SHP001025,SUP012,PRD003,WH05,2025-11-07,2025-11-25,2025-11-23,734,734,18,3.37,2473.58,Medium,Road
SHP001026,SUP008,PRD005,WH05,2024-06-01,2024-06-19,2024-06-19,360,355,9,35.12,12643.2,Medium,Air
SHP001027,SUP010,PRD019,WH01,2025-01-12,2025-01-21,2025-01-23,181,180,0,68.11,12327.91,Medium,Road
SHP001028,SUP014,PRD006,WH06,2025-08-10,2025-08-14,2025-08-16,230,230,7,102.33,23535.9,Medium,Road
SHP001029,SUP005,PRD025,WH01,2025-08-21,2025-09-02,2025-09-03,947,947,0,69.06,65399.82,Low,Road
SHP001030,SUP018,PRD003,WH06,2025-09-20,2025-09-28,2025-09-27,736,725,27,58.88,43335.68,Medium,Rail
SHP001031,SUP019,PRD015,WH03,2024-12-07,2024-12-20,2024-12-26,213,213,8,123.54,26314.02,Medium,Air
SHP001032,SUP015,PRD021,WH04,2024-01-27,2024-02-06,2024-02-09,355,349,17,88.74,31502.7,Low,Rail
SHP001033,SUP006,PRD005,WH06,2024-10-13,2024-11-01,2024-11-05,460,458,1,87.57,40282.2,Medium,Sea
SHP001034,SUP011,PRD003,WH04,2025-10-07,2025-10-17,2025-10-18,421,416,7,119.85,50456.85,Medium,Road
SHP001035,SUP011,PRD004,WH06,2024-06-16,2024-07-02,2024-07-03,526,518,9,146.4,77006.4,Medium,Road
SHP001036,SUP020,PRD009,WH04,2025-09-01,2025-09-04,2025-09-04,508,500,19,100.56,51084.48,Low,Road
SHP001037,SUP020,PRD024,WH03,2024-09-24,2024-10-06,2024-10-08,953,946,17,53.45,50937.85,Medium,Sea
SHP001038,SUP018,PRD017,WH06,2025-03-30,2025-04-03,2025-04-08,554,552,17,33.1,18337.4,Low,Rail
SHP001039,SUP018,PRD024,WH04,2025-11-15,2025-12-01,2025-12-06,603,597,1,110.99,66926.97,Low,Sea
SHP001040,SUP010,PRD013,WH01,2025-02-04,2025-02-17,2025-02-21,351,351,0,47.83,16788.33,Medium,Road
SHP001041,SUP002,PRD006,WH03,2025-04-20,2025-05-04,2025-05-03,209,209,1,76.21,15927.89,Low,Road
SHP001042,SUP009,PRD005,WH06,2025-09-25,2025-10-09,2025-10-09,183,183,5,107.5,19672.5,Low,Road
SHP001043,SUP014,PRD002,WH05,2025-07-11,2025-07-17,2025-07-23,430,427,15,49.63,21340.9,Medium,Road
SHP001044,SUP019,PRD014,WH02,2025-07-29,2025-08-15,2025-08-18,382,378,14,85.36,32607.52,Medium,Road
SHP001045,SUP010,PRD024,WH03,2024-05-09,2024-05-26,2024-05-25,673,666,0,103.49,69648.77,Low,Road
SHP001046,SUP004,PRD025,WH02,2024-12-28,2025-01-07,2025-01-08,685,673,21,124.51,85289.35,Medium,Road
SHP001047,SUP006,PRD017,WH02,2025-11-23,2025-11-27,2025-11-28,884,884,14,60.79,53738.36,Medium,Road
SHP001048,SUP014,PRD003,WH05,2024-10-18,2024-11-05,2024-11-07,561,556,16,16.06,9009.66,High,Road
SHP001049,SUP004,PRD011,WH02,2025-01-05,2025-01-08,2025-01-09,970,963,20,140.6,136382.0,Low,Road
SHP001050,SUP015,PRD019,WH01,2024-01-29,2024-02-13,2024-02-20,500,496,13,5.94,2970.0,Low,Rail
SHP001051,SUP016,PRD008,WH04,2024-05-28,2024-06-12,2024-06-12,595,594,11,78.48,46695.6,Low,Road
SHP001052,SUP007,PRD003,WH04,2024-10-22,2024-10-26,2024-10-24,217,217,0,38.57,8369.69,High,Rail
SHP001053,SUP017,PRD017,WH06,2024-01-11,2024-01-31,2024-02-01,356,355,8,111.13,39562.28,Medium,Road
SHP001054,SUP019,PRD004,WH01,2025-05-26,2025-06-05,2025-06-05,356,356,10,117.22,41730.32,High,Sea
SHP001055,SUP019,PRD013,WH02,2025-11-06,2025-11-15,2025-11-18,759,758,26,72.0,54648.0,Low,Sea
SHP001056,SUP017,PRD009,WH06,2024-04-22,2024-04-26,2024-04-30,355,353,6,60.67,21537.85,High,Rail
SHP001057,SUP006,PRD004,WH01,2024-07-05,2024-07-18,2024-07-22,569,568,12,56.25,32006.25,Low,Road
SHP001058,SUP011,PRD004,WH06,2024-08-14,2024-08-27,2024-08-27,933,930,11,16.04,14965.32,Medium,Rail
SHP001059,SUP016,PRD014,WH03,2024-11-05,2024-11-11,2024-11-10,386,382,12,7.8,3010.8,Medium,Rail
SHP001060,SUP008,PRD010,WH05,2024-04-07,2024-04-13,2024-04-14,369,363,5,2.15,793.35,Medium,Road
SHP001061,SUP011,PRD022,WH05,2024-02-24,2024-02-28,2024-02-27,328,324,4,25.1,8232.8,Low,Sea
SHP001062,SUP007,PRD015,WH04,2025-09-14,2025-09-21,2025-09-21,851,844,0,70.45,59952.95,Medium,Road
SHP001063,SUP019,PRD020,WH06,2025-10-25,2025-11-07,2025-11-13,287,286,12,94.51,27124.37,Low,Road
SHP001064,SUP010,PRD019,WH01,2025-02-09,2025-02-17,2025-02-19,83,83,0,114.63,9514.29,Medium,Road
SHP001065,SUP009,PRD001,WH06,2024-03-09,2024-03-15,2024-03-19,997,982,7,49.99,49840.03,Low,Rail
SHP001066,SUP004,PRD011,WH04,2024-11-07,2024-11-21,2024-11-21,229,227,4,44.19,10119.51,Low,Road
SHP001067,SUP015,PRD016,WH04,2024-10-15,2024-10-30,2024-11-04,113,113,4,82.37,9307.81,Medium,Road
SHP001068,SUP013,PRD017,WH03,2025-07-01,2025-07-10,2025-07-15,497,493,14,90.45,44953.65,Low,Road
SHP001069,SUP002,PRD025,WH01,2024-05-27,2024-06-03,2024-06-04,234,234,1,148.85,34830.9,Medium,Road
SHP001070,SUP002,PRD023,WH01,2025-04-11,2025-04-17,2025-04-18,599,594,13,123.89,74210.11,High,Rail
SHP001071,SUP016,PRD015,WH03,2024-08-31,2024-09-11,2024-09-13,990,972,30,133.36,132026.4,Low,Road
SHP001072,SUP009,PRD001,WH03,2025-05-05,2025-05-16,2025-05-15,159,158,1,121.35,19294.65,High,Road
SHP001073,SUP013,PRD004,WH04,2025-05-21,2025-06-03,2025-06-03,210,207,3,18.0,3780.0,Low,Rail
SHP001074,SUP003,PRD002,WH05,2024-12-30,2025-01-04,2025-01-08,53,53,0,95.84,5079.52,Medium,Road
SHP001075,SUP009,PRD013,WH01,2025-04-26,2025-05-02,2025-05-03,815,813,13,24.56,20016.4,Low,Road
SHP001076,SUP013,PRD008,WH05,2024-07-19,2024-08-06,2024-08-08,593,592,22,37.69,22350.17,Low,Road
SHP001077,SUP002,PRD007,WH04,2024-06-02,2024-06-19,2024-06-17,880,880,25,27.72,24393.6,Low,Rail
SHP001078,SUP008,PRD021,WH06,2025-03-25,2025-04-08,2025-04-06,909,900,7,62.72,57012.48,Medium,Air
SHP001079,SUP009,PRD004,WH01,2025-05-15,2025-05-22,2025-05-24,128,128,2,12.08,1546.24,Medium,Road
SHP001080,SUP016,PRD008,WH05,2024-03-13,2024-03-30,2024-03-30,403,400,10,84.22,33940.66,Medium,Road
SHP001081,SUP002,PRD024,WH04,2024-10-22,2024-10-27,2024-10-27,989,980,27,49.93,49380.77,Medium,Road
SHP001082,SUP006,PRD009,WH01,2024-01-17,2024-01-27,2024-01-26,859,845,0,38.22,32830.98,Low,Sea
SHP001083,SUP008,PRD016,WH06,2025-10-02,2025-10-14,2025-10-14,930,913,15,45.61,42417.3,Low,Air
SHP001084,SUP005,PRD006,WH04,2024-08-04,2024-08-19,2024-08-18,253,253,0,126.85,32093.05,Low,Air
SHP001085,SUP009,PRD006,WH05,2024-03-01,2024-03-12,2024-03-14,525,516,11,123.38,64774.5,High,Road
SHP001086,SUP001,PRD013,WH03,2025-09-07,2025-09-27,2025-09-30,218,218,0,53.05,11564.9,High,Road
SHP001087,SUP009,PRD022,WH04,2024-02-11,2024-02-25,2024-02-24,825,823,14,93.96,77517.0,Medium,Rail
SHP001088,SUP010,PRD025,WH02,2024-01-25,2024-02-12,2024-02-10,870,858,4,78.99,68721.3,Medium,Rail
SHP001089,SUP004,PRD006,WH06,2024-02-08,2024-02-11,2024-02-13,872,857,9,3.23,2816.56,High,Rail
SHP001090,SUP003,PRD005,WH04,2024-05-10,2024-05-23,2024-05-22,890,883,4,149.61,133152.9,Medium,Rail
SHP001091,SUP010,PRD007,WH05,2025-05-12,2025-05-17,2025-05-17,481,478,0,86.99,41842.19,Low,Air
SHP001092,SUP015,PRD021,WH03,2024-08-16,2024-08-19,2024-08-24,367,363,18,72.83,26728.61,Low,Sea
SHP001093,SUP011,PRD016,WH03,2024-04-17,2024-05-07,2024-05-06,28,28,0,55.05,1541.4,Medium,Road
SHP001094,SUP014,PRD019,WH02,2024-06-20,2024-06-25,2024-06-30,475,468,8,3.83,1819.25,Medium,Road
SHP001095,SUP006,PRD005,WH05,2025-03-10,2025-03-21,2025-03-22,887,882,13,114.59,101641.33,Low,Sea
SHP001096,SUP012,PRD012,WH02,2025-04-22,2025-05-06,2025-05-04,651,642,21,138.61,90235.11,Low,Road
SHP001097,SUP013,PRD002,WH03,2024-04-11,2024-04-28,2024-04-28,417,416,10,75.74,31583.58,Low,Sea
SHP001098,SUP017,PRD016,WH01,2025-06-07,2025-06-24,2025-06-28,476,470,5,55.15,26251.4,Medium,Sea
SHP001099,SUP016,PRD005,WH04,2024-10-01,2024-10-16,2024-10-18,141,141,2,81.38,11474.58,Medium,Road
SHP001100,SUP003,PRD004,WH04,2025-09-04,2025-09-08,2025-09-07,317,314,4,94.98,30108.66,High,Rail
SHP001101,SUP002,PRD020,WH05,2024-02-13,2024-02-28,2024-02-29,832,821,25,126.43,105189.76,Low,Road
SHP001102,SUP011,PRD017,WH06,2024-01-17,2024-01-29,2024-01-27,843,831,12,91.02,76729.86,Medium,Road
SHP001103,SUP009,PRD020,WH01,2024-11-25,2024-12-13,2024-12-14,932,921,12,115.56,107701.92,Low,Road
SHP001104,SUP003,PRD003,WH06,2025-07-22,2025-07-30,2025-08-01,349,347,8,94.26,32896.74,Medium,Road
SHP001105,SUP018,PRD007,WH05,2025-05-11,2025-05-31,2025-05-31,200,198,3,99.48,19896.0,Low,Road
SHP001106,SUP020,PRD015,WH01,2024-01-12,2024-01-26,2024-01-24,606,597,22,75.43,45710.58,Medium,Road
SHP001107,SUP015,PRD001,WH01,2024-11-13,2024-11-26,2024-11-27,209,208,8,36.34,7595.06,Medium,Road
SHP001108,SUP014,PRD022,WH03,2025-08-14,2025-08-26,2025-08-29,716,712,17,140.32,100469.12,High,Road
SHP001109,SUP002,PRD008,WH01,2024-08-03,2024-08-22,2024-08-29,571,561,13,40.15,22925.65,High,Road
SHP001110,SUP017,PRD018,WH04,2024-12-04,2024-12-24,2024-12-24,910,908,23,50.41,45873.1,Medium,Road
SHP001111,SUP008,PRD018,WH02,2025-10-22,2025-10-25,2025-10-24,610,599,19,27.85,16988.5,Medium,Sea
SHP001112,SUP010,PRD010,WH01,2024-03-21,2024-04-10,2024-04-09,876,869,0,10.58,9268.08,Low,Road
SHP001113,SUP018,PRD006,WH05,2025-04-29,2025-05-12,2025-05-15,291,287,3,136.99,39864.09,Medium,Rail
SHP001114,SUP019,PRD010,WH02,2025-01-08,2025-01-20,2025-01-26,663,655,19,18.5,12265.5,Medium,Sea
SHP001115,SUP008,PRD017,WH01,2024-07-18,2024-07-21,2024-07-23,886,871,16,38.27,33907.22,High,Road
SHP001116,SUP008,PRD016,WH06,2025-06-20,2025-06-23,2025-06-21,853,837,19,145.93,124478.29,Low,Rail
SHP001117,SUP003,PRD020,WH01,2025-04-10,2025-04-30,2025-05-03,675,669,16,18.54,12514.5,High,Road
SHP001118,SUP003,PRD019,WH03,2024-03-29,2024-04-04,2024-04-02,119,118,0,43.39,5163.41,Low,Road
SHP001119,SUP012,PRD004,WH06,2024-09-24,2024-10-14,2024-10-17,634,632,9,10.23,6485.82,High,Road
SHP001120,SUP017,PRD009,WH04,2025-10-16,2025-10-26,2025-10-27,447,446,6,4.12,1841.64,Medium,Road
SHP001121,SUP004,PRD012,WH01,2025-07-24,2025-08-05,2025-08-05,492,486,7,95.39,46931.88,Medium,Rail
SHP001122,SUP017,PRD013,WH06,2025-05-03,2025-05-22,2025-05-23,444,438,12,18.24,8098.56,Medium,Road
SHP001123,SUP014,PRD013,WH05,2025-06-21,2025-07-08,2025-07-13,426,419,18,60.77,25888.02,Medium,Air
SHP001124,SUP019,PRD024,WH05,2024-02-16,2024-02-28,2024-02-28,15,15,0,29.0,435.0,High,Sea
SHP001125,SUP009,PRD005,WH01,2024-10-14,2024-10-25,2024-10-27,316,313,5,127.5,40290.0,Medium,Road
SHP001126,SUP012,PRD021,WH01,2024-01-16,2024-01-29,2024-01-30,220,220,3,77.82,17120.4,Low,Road
SHP001127,SUP005,PRD006,WH03,2025-02-04,2025-02-09,2025-02-09,325,320,4,137.66,44739.5,High,Road
SHP001128,SUP011,PRD004,WH01,2024-03-26,2024-04-13,2024-04-13,59,59,1,118.07,6966.13,Medium,Rail
SHP001129,SUP020,PRD014,WH02,2024-09-06,2024-09-16,2024-09-19,22,22,0,123.35,2713.7,Medium,Rail
SHP001130,SUP003,PRD024,WH02,2025-01-25,2025-01-28,2025-02-01,782,782,8,112.1,87662.2,High,Sea
SHP001131,SUP015,PRD001,WH04,2024-11-30,2024-12-05,2024-12-10,376,374,16,63.51,23879.76,Medium,Sea
SHP001132,SUP014,PRD008,WH02,2025-09-20,2025-09-29,2025-10-02,739,735,27,105.97,78311.83,Medium,Sea
SHP001133,SUP011,PRD017,WH03,2025-06-02,2025-06-14,2025-06-16,369,369,0,72.35,26697.15,High,Sea
SHP001134,SUP020,PRD021,WH02,2024-05-16,2024-05-27,2024-05-27,854,839,23,17.02,14535.08,Medium,Road
SHP001135,SUP008,PRD010,WH04,2025-11-18,2025-11-29,2025-12-01,49,49,1,104.4,5115.6,Low,Road
SHP001136,SUP004,PRD018,WH04,2025-05-12,2025-05-30,2025-06-03,510,504,11,39.32,20053.2,Medium,Sea
SHP001137,SUP012,PRD022,WH06,2025-04-21,2025-04-28,2025-04-28,159,159,5,67.87,10791.33,High,Rail
SHP001138,SUP008,PRD017,WH04,2025-08-16,2025-09-03,2025-09-04,270,267,6,26.4,7128.0,Low,Road
SHP001139,SUP006,PRD015,WH04,2024-08-10,2024-08-29,2024-08-30,435,431,10,72.56,31563.6,Low,Sea
SHP001140,SUP015,PRD001,WH05,2025-01-06,2025-01-25,2025-01-23,980,979,45,56.63,55497.4,Low,Sea
SHP001141,SUP012,PRD019,WH01,2025-02-05,2025-02-12,2025-02-15,538,536,6,97.01,52191.38,Medium,Road
SHP001142,SUP016,PRD015,WH04,2025-03-18,2025-03-30,2025-03-28,186,184,2,2.31,429.66,Medium,Sea
SHP001143,SUP016,PRD015,WH04,2025-05-04,2025-05-09,2025-05-11,81,81,1,66.74,5405.94,Low,Road
SHP001144,SUP020,PRD024,WH01,2025-09-06,2025-09-10,2025-09-09,191,190,5,57.03,10892.73,Medium,Rail
SHP001145,SUP020,PRD011,WH03,2024-09-29,2024-10-02,2024-10-02,557,547,14,121.48,67664.36,Low,Rail
SHP001146,SUP004,PRD009,WH03,2025-06-09,2025-06-14,2025-06-16,446,443,8,69.06,30800.76,Low,Road
SHP001147,SUP011,PRD008,WH05,2024-06-07,2024-06-15,2024-06-15,600,599,4,138.42,83052.0,Medium,Road
SHP001148,SUP013,PRD022,WH04,2024-05-31,2024-06-16,2024-06-18,553,544,3,52.32,28932.96,Medium,Rail
SHP001149,SUP009,PRD003,WH06,2025-09-11,2025-09-28,2025-09-26,557,548,8,129.27,72003.39,High,Sea
SHP001150,SUP004,PRD019,WH06,2024-07-06,2024-07-13,2024-07-12,608,601,21,97.63,59359.04,Medium,Sea
SHP001151,SUP012,PRD022,WH06,2024-04-07,2024-04-10,2024-04-11,624,624,15,132.13,82449.12,Low,Road
SHP001152,SUP009,PRD001,WH03,2024-05-10,2024-05-13,2024-05-17,454,450,3,24.29,11027.66,Medium,Air
SHP001153,SUP013,PRD013,WH05,2024-06-19,2024-07-01,2024-07-01,726,715,21,22.97,16676.22,High,Road
SHP001154,SUP016,PRD022,WH03,2024-07-01,2024-07-08,2024-07-08,859,858,20,134.33,115389.47,Medium,Rail
SHP001155,SUP006,PRD004,WH03,2024-12-29,2025-01-17,2025-01-16,346,346,0,80.15,27731.9,Medium,Sea
SHP001156,SUP010,PRD011,WH05,2024-02-08,2024-02-22,2024-02-22,409,404,5,4.14,1693.26,Medium,Road
SHP001157,SUP013,PRD008,WH04,2025-06-10,2025-06-27,2025-06-25,446,439,13,72.58,32370.68,High,Air
SHP001158,SUP007,PRD013,WH02,2025-05-11,2025-05-26,2025-05-24,790,782,1,9.42,7441.8,Low,Road
SHP001159,SUP019,PRD010,WH06,2025-05-30,2025-06-13,2025-06-17,392,390,16,145.88,57184.96,Medium,Rail
SHP001160,SUP019,PRD025,WH03,2024-12-14,2024-12-19,2024-12-23,494,494,14,144.5,71383.0,Medium,Road
SHP001161,SUP017,PRD020,WH02,2025-01-31,2025-02-15,2025-02-16,532,526,13,65.41,34798.12,High,Road
SHP001162,SUP013,PRD009,WH04,2024-06-09,2024-06-24,2024-06-26,674,671,16,19.19,12934.06,Medium,Road
SHP001163,SUP013,PRD009,WH05,2024-01-16,2024-01-25,2024-01-29,963,961,20,20.89,20117.07,Low,Air
SHP001164,SUP002,PRD003,WH05,2025-05-07,2025-05-15,2025-05-15,40,40,0,123.81,4952.4,High,Sea
SHP001165,SUP010,PRD008,WH05,2025-03-01,2025-03-20,2025-03-19,144,144,0,76.94,11079.36,Medium,Rail
SHP001166,SUP013,PRD018,WH06,2024-04-17,2024-04-21,2024-04-20,736,735,14,129.18,95076.48,Low,Road
SHP001167,SUP009,PRD019,WH03,2025-03-25,2025-04-10,2025-04-10,623,618,7,105.75,65882.25,Medium,Sea
SHP001168,SUP001,PRD013,WH05,2024-11-06,2024-11-25,2024-11-23,738,738,13,100.39,74087.82,Low,Road
SHP001169,SUP014,PRD005,WH03,2024-06-18,2024-06-24,2024-06-29,571,567,14,123.64,70598.44,Low,Rail
SHP001170,SUP016,PRD021,WH05,2025-06-29,2025-07-18,2025-07-19,589,581,7,121.68,71669.52,Medium,Road
SHP001171,SUP020,PRD019,WH04,2025-02-17,2025-02-25,2025-03-01,712,701,45,30.0,21360.0,Medium,Road
SHP001172,SUP015,PRD003,WH05,2024-09-07,2024-09-11,2024-09-10,264,260,13,115.39,30462.96,Medium,Rail
SHP001173,SUP001,PRD013,WH04,2024-05-20,2024-05-25,2024-05-25,696,687,9,88.05,61282.8,Medium,Road
SHP001174,SUP017,PRD024,WH04,2024-09-30,2024-10-05,2024-10-09,197,195,2,25.96,5114.12,High,Rail
SHP001175,SUP013,PRD010,WH01,2025-02-19,2025-02-22,2025-02-21,967,953,33,71.38,69024.46,High,Sea
SHP001176,SUP015,PRD001,WH01,2025-08-30,2025-09-16,2025-09-21,96,96,3,121.91,11703.36,High,Sea
SHP001177,SUP016,PRD003,WH05,2024-02-08,2024-02-17,2024-02-16,948,941,18,128.08,121419.84,Medium,Rail
SHP001178,SUP016,PRD007,WH04,2024-01-29,2024-02-08,2024-02-06,707,701,11,68.4,48358.8,Medium,Sea
SHP001179,SUP002,PRD016,WH02,2025-04-21,2025-05-05,2025-05-03,517,509,18,109.35,56533.95,Medium,Sea
SHP001180,SUP017,PRD022,WH05,2024-11-13,2024-11-17,2024-11-18,197,196,5,113.59,22377.23,Medium,Sea
SHP001181,SUP011,PRD017,WH06,2024-09-01,2024-09-12,2024-09-11,343,341,1,14.65,5024.95,Low,Sea
SHP001182,SUP008,PRD006,WH01,2025-11-27,2025-12-14,2025-12-14,895,881,11,50.81,45474.95,Medium,Road
SHP001183,SUP020,PRD002,WH03,2024-09-28,2024-10-06,2024-10-08,443,442,12,53.45,23678.35,Low,Sea
SHP001184,SUP003,PRD013,WH06,2025-03-15,2025-03-24,2025-03-28,230,227,5,39.77,9147.1,High,Road
SHP001185,SUP012,PRD015,WH01,2024-08-26,2024-09-04,2024-09-06,872,864,37,3.14,2738.08,Low,Air
SHP001186,SUP020,PRD022,WH01,2025-01-11,2025-01-21,2025-01-25,184,183,12,29.54,5435.36,Medium,Rail
SHP001187,SUP016,PRD020,WH04,2024-09-22,2024-09-29,2024-09-27,382,378,0,67.2,25670.4,Medium,Air
SHP001188,SUP014,PRD020,WH03,2024-12-24,2025-01-03,2025-01-01,931,928,22,136.53,127109.43,Medium,Road
SHP001189,SUP016,PRD015,WH04,2024-12-05,2024-12-23,2024-12-21,970,960,12,53.0,51410.0,Medium,Road
SHP001190,SUP017,PRD002,WH04,2025-01-23,2025-02-06,2025-02-08,387,381,11,19.59,7581.33,Medium,Road
SHP001191,SUP011,PRD016,WH06,2025-07-30,2025-08-14,2025-08-15,824,824,0,106.94,88118.56,High,Rail
SHP001192,SUP017,PRD006,WH01,2025-11-19,2025-11-24,2025-11-26,42,42,0,35.81,1504.02,Medium,Sea
SHP001193,SUP019,PRD009,WH05,2024-01-03,2024-01-11,2024-01-15,798,791,30,32.74,26126.52,High,Road
SHP001194,SUP001,PRD009,WH02,2025-03-04,2025-03-10,2025-03-09,786,784,4,73.81,58014.66,Medium,Road
SHP001195,SUP012,PRD014,WH02,2024-05-21,2024-05-26,2024-05-25,408,406,4,77.81,31746.48,Medium,Road
SHP001196,SUP015,PRD001,WH03,2025-01-10,2025-01-17,2025-01-18,939,923,36,82.34,77317.26,Medium,Road
SHP001197,SUP018,PRD010,WH06,2025-10-31,2025-11-19,2025-11-24,244,242,8,109.56,26732.64,Medium,Sea
SHP001198,SUP014,PRD003,WH02,2024-11-19,2024-12-07,2024-12-06,430,427,20,98.12,42191.6,High,Road
SHP001199,SUP001,PRD001,WH04,2024-05-25,2024-06-08,2024-06-08,957,941,4,89.46,85613.22,High,Road
SHP001200,SUP013,PRD013,WH03,2024-10-19,2024-11-06,2024-11-05,841,826,28,41.26,34699.66,Medium,Sea
SHP001201,SUP015,PRD016,WH06,2025-10-26,2025-11-02,2025-11-06,663,656,19,53.17,35251.71,Medium,Road
SHP001202,SUP007,PRD023,WH06,2025-03-07,2025-03-15,2025-03-15,695,693,0,134.98,93811.1,Medium,Road
SHP001203,SUP015,PRD019,WH06,2025-08-07,2025-08-24,2025-08-26,860,847,20,92.09,79197.4,Low,Road
SHP001204,SUP020,PRD018,WH02,2025-02-02,2025-02-09,2025-02-08,758,753,37,81.89,62072.62,Medium,Air
SHP001205,SUP010,PRD014,WH05,2024-12-09,2024-12-26,2024-12-25,829,815,0,110.05,91231.45,Low,Road
SHP001206,SUP014,PRD018,WH02,2024-05-19,2024-05-23,2024-05-23,774,766,15,8.3,6424.2,Medium,Sea
SHP001207,SUP006,PRD018,WH02,2024-07-05,2024-07-10,2024-07-13,730,728,8,87.57,63926.1,Low,Road
SHP001208,SUP014,PRD012,WH01,2024-03-01,2024-03-08,2024-03-09,716,716,21,109.4,78330.4,Low,Sea
SHP001209,SUP012,PRD011,WH03,2025-01-14,2025-01-30,2025-02-01,845,831,28,129.69,109588.05,Medium,Road
SHP001210,SUP011,PRD008,WH02,2025-03-15,2025-03-26,2025-03-27,15,15,0,106.72,1600.8,Low,Road
SHP001211,SUP020,PRD016,WH04,2024-11-14,2024-11-17,2024-11-20,929,919,45,147.28,136823.12,Low,Air
SHP001212,SUP019,PRD021,WH02,2024-10-28,2024-11-02,2024-11-08,37,37,1,131.42,4862.54,Low,Rail
SHP001213,SUP002,PRD003,WH06,2024-12-09,2024-12-26,2024-12-26,901,897,21,31.07,27994.07,Low,Road
SHP001214,SUP020,PRD020,WH04,2024-01-11,2024-01-19,2024-01-19,291,290,5,61.17,17800.47,Low,Rail
SHP001215,SUP001,PRD014,WH03,2024-03-02,2024-03-17,2024-03-18,952,944,8,79.26,75455.52,Medium,Sea
SHP001216,SUP008,PRD010,WH04,2024-08-13,2024-08-19,2024-08-17,296,294,3,144.35,42727.6,Medium,Road
SHP001217,SUP014,PRD001,WH04,2024-06-01,2024-06-13,2024-06-16,297,294,6,65.62,19489.14,High,Rail
SHP001218,SUP009,PRD007,WH01,2025-07-17,2025-07-29,2025-07-28,422,417,4,9.46,3992.12,High,Road
SHP001219,SUP002,PRD008,WH04,2025-07-24,2025-08-06,2025-08-11,326,326,8,2.67,870.42,High,Road
SHP001220,SUP005,PRD018,WH04,2025-08-06,2025-08-15,2025-08-13,134,133,1,120.03,16084.02,Low,Sea
SHP001221,SUP008,PRD021,WH06,2025-10-21,2025-10-28,2025-10-26,88,88,3,73.62,6478.56,Medium,Sea
SHP001222,SUP016,PRD012,WH01,2025-07-28,2025-08-15,2025-08-16,170,169,3,130.1,22117.0,Medium,Road
SHP001223,SUP016,PRD012,WH02,2024-11-05,2024-11-20,2024-11-19,103,102,2,99.68,10267.04,Medium,Road
SHP001224,SUP013,PRD004,WH03,2024-08-30,2024-09-11,2024-09-11,509,505,12,142.37,72466.33,Medium,Rail
SHP001225,SUP020,PRD008,WH06,2025-05-07,2025-05-17,2025-05-22,431,427,18,44.49,19175.19,Medium,Rail
SHP001226,SUP015,PRD024,WH04,2024-12-31,2025-01-17,2025-01-24,57,57,1,137.51,7838.07,Medium,Road
SHP001227,SUP001,PRD013,WH04,2024-11-25,2024-12-05,2024-12-07,803,794,9,119.74,96151.22,Low,Sea
SHP001228,SUP003,PRD009,WH01,2024-04-16,2024-04-27,2024-04-30,462,462,8,8.64,3991.68,Low,Rail
SHP001229,SUP006,PRD009,WH03,2024-08-13,2024-09-01,2024-09-02,912,898,1,40.77,37182.24,Low,Road
SHP001230,SUP014,PRD008,WH01,2024-08-05,2024-08-13,2024-08-19,815,803,35,42.18,34376.7,Medium,Road
SHP001231,SUP004,PRD016,WH03,2025-05-20,2025-05-30,2025-05-29,882,876,0,149.64,131982.48,Medium,Road
SHP001232,SUP018,PRD018,WH01,2024-09-15,2024-10-01,2024-10-01,808,802,26,13.73,11093.84,High,Road
SHP001233,SUP015,PRD025,WH04,2025-05-31,2025-06-17,2025-06-24,131,130,5,91.6,11999.6,Low,Rail
SHP001234,SUP009,PRD002,WH06,2024-02-23,2024-02-26,2024-02-24,396,391,5,43.66,17289.36,Medium,Rail
SHP001235,SUP018,PRD021,WH02,2024-02-16,2024-02-22,2024-02-24,209,206,1,135.72,28365.48,Low,Road
SHP001236,SUP003,PRD009,WH03,2025-11-19,2025-11-30,2025-11-30,603,600,7,111.18,67041.54,Low,Rail
SHP001237,SUP010,PRD010,WH01,2025-06-04,2025-06-10,2025-06-12,243,241,2,52.61,12784.23,Medium,Sea
SHP001238,SUP017,PRD019,WH06,2024-04-08,2024-04-18,2024-04-21,654,646,21,131.62,86079.48,High,Sea
SHP001239,SUP007,PRD006,WH05,2024-01-20,2024-02-01,2024-02-05,920,904,26,55.52,51078.4,Low,Rail
SHP001240,SUP015,PRD022,WH01,2025-07-26,2025-08-06,2025-08-07,745,737,29,13.28,9893.6,Low,Road
SHP001241,SUP001,PRD008,WH04,2025-05-04,2025-05-18,2025-05-16,832,831,2,145.5,121056.0,High,Sea
SHP001242,SUP011,PRD024,WH04,2025-02-22,2025-03-04,2025-03-05,31,31,0,47.24,1464.44,Low,Rail
SHP001243,SUP017,PRD021,WH06,2025-11-20,2025-11-24,2025-11-27,785,783,6,95.03,74598.55,Medium,Sea
SHP001244,SUP005,PRD014,WH02,2024-03-02,2024-03-21,2024-03-19,572,566,4,128.54,73524.88,Medium,Road
SHP001245,SUP007,PRD009,WH04,2024-05-24,2024-06-02,2024-05-31,267,267,4,110.06,29386.02,Low,Sea
SHP001246,SUP019,PRD004,WH03,2024-08-03,2024-08-16,2024-08-24,354,349,9,5.05,1787.7,Low,Rail
SHP001247,SUP015,PRD022,WH04,2024-01-03,2024-01-16,2024-01-20,719,715,22,140.12,100746.28,Medium,Road
SHP001248,SUP003,PRD010,WH06,2024-06-08,2024-06-25,2024-06-27,904,900,18,147.01,132897.04,High,Road
SHP001249,SUP015,PRD013,WH05,2024-04-29,2024-05-09,2024-05-14,672,668,33,91.91,61763.52,Medium,Air
SHP001250,SUP005,PRD021,WH04,2024-03-29,2024-04-15,2024-04-14,32,32,0,84.92,2717.44,High,Rail
SHP001251,SUP012,PRD016,WH05,2024-11-24,2024-12-07,2024-12-09,569,566,16,112.4,63955.6,High,Road
SHP001252,SUP020,PRD022,WH06,2025-08-02,2025-08-12,2025-08-15,774,764,30,78.25,60565.5,Medium,Road
SHP001253,SUP005,PRD014,WH02,2024-12-22,2025-01-02,2025-01-05,164,163,2,28.3,4641.2,Medium,Road
SHP001254,SUP003,PRD003,WH02,2025-09-01,2025-09-19,2025-09-19,540,538,13,73.38,39625.2,Low,Road
SHP001255,SUP009,PRD013,WH06,2024-09-23,2024-09-30,2024-09-28,282,280,1,75.71,21350.22,Medium,Sea
SHP001256,SUP009,PRD023,WH03,2025-09-08,2025-09-26,2025-09-27,151,151,2,111.78,16878.78,Medium,Road
SHP001257,SUP007,PRD009,WH05,2024-11-18,2024-11-23,2024-11-24,419,418,0,28.05,11752.95,Low,Rail
SHP001258,SUP002,PRD013,WH05,2025-09-26,2025-09-30,2025-10-02,470,465,13,67.73,31833.1,Medium,Rail
SHP001259,SUP016,PRD018,WH03,2025-06-24,2025-07-10,2025-07-11,579,571,19,116.48,67441.92,Low,Road
SHP001260,SUP009,PRD001,WH05,2025-10-10,2025-10-21,2025-10-23,987,972,13,100.53,99223.11,Low,Rail
SHP001261,SUP013,PRD010,WH02,2024-07-13,2024-07-27,2024-07-30,290,286,5,121.92,35356.8,Low,Air
SHP001262,SUP019,PRD024,WH03,2024-11-27,2024-12-15,2024-12-20,376,376,19,126.03,47387.28,Low,Sea
SHP001263,SUP020,PRD008,WH01,2024-06-18,2024-07-03,2024-07-01,282,282,9,126.37,35636.34,Low,Road
SHP001264,SUP017,PRD010,WH06,2025-06-04,2025-06-21,2025-06-19,190,188,3,8.09,1537.1,Low,Air
SHP001265,SUP006,PRD022,WH06,2025-04-07,2025-04-24,2025-04-23,463,462,2,126.01,58342.63,Medium,Road
SHP001266,SUP004,PRD002,WH06,2024-02-09,2024-02-15,2024-02-14,144,144,1,70.14,10100.16,Medium,Road
SHP001267,SUP001,PRD002,WH04,2025-06-20,2025-06-27,2025-06-27,742,733,11,58.47,43384.74,High,Road
SHP001268,SUP018,PRD014,WH06,2024-09-17,2024-09-30,2024-09-29,176,176,2,63.22,11126.72,Low,Road
SHP001269,SUP019,PRD024,WH04,2025-01-29,2025-02-05,2025-02-07,68,68,2,8.59,584.12,Low,Road
SHP001270,SUP009,PRD005,WH06,2024-08-13,2024-09-02,2024-09-03,616,616,12,31.55,19434.8,Medium,Sea
SHP001271,SUP013,PRD005,WH02,2024-05-03,2024-05-08,2024-05-08,615,606,20,69.04,42459.6,Medium,Sea
SHP001272,SUP008,PRD010,WH01,2024-02-07,2024-02-16,2024-02-18,563,554,12,140.32,79000.16,Low,Rail
SHP001273,SUP013,PRD010,WH03,2024-11-23,2024-12-06,2024-12-10,754,746,11,88.57,66781.78,Medium,Road
SHP001274,SUP015,PRD025,WH03,2024-09-07,2024-09-26,2024-09-28,696,693,21,54.34,37820.64,Low,Road
SHP001275,SUP011,PRD003,WH06,2024-06-24,2024-07-13,2024-07-12,398,394,5,54.16,21555.68,Medium,Road
SHP001276,SUP012,PRD010,WH01,2025-08-24,2025-09-01,2025-09-03,945,931,19,35.94,33963.3,Medium,Sea
SHP001277,SUP014,PRD016,WH02,2025-03-29,2025-04-01,2025-04-03,334,331,9,2.48,828.32,Low,Sea
SHP001278,SUP004,PRD019,WH02,2024-02-06,2024-02-12,2024-02-10,300,299,3,17.73,5319.0,Low,Road
SHP001279,SUP001,PRD022,WH05,2024-11-11,2024-11-15,2024-11-13,759,748,13,86.29,65494.11,Low,Rail
SHP001280,SUP004,PRD015,WH05,2025-11-18,2025-12-01,2025-12-01,140,139,1,17.58,2461.2,High,Rail
SHP001281,SUP019,PRD012,WH02,2025-08-15,2025-08-18,2025-08-21,741,735,22,36.02,26690.82,Medium,Road
SHP001282,SUP009,PRD006,WH02,2024-04-23,2024-04-28,2024-04-29,982,967,4,61.38,60275.16,Medium,Rail
SHP001283,SUP010,PRD016,WH01,2024-02-09,2024-02-19,2024-02-18,437,434,1,134.1,58601.7,Medium,Road
SHP001284,SUP004,PRD006,WH06,2024-10-27,2024-11-08,2024-11-09,590,581,7,57.32,33818.8,Medium,Air
SHP001285,SUP020,PRD016,WH01,2024-08-11,2024-08-29,2024-08-27,816,816,28,84.69,69107.04,Medium,Sea
SHP001286,SUP009,PRD025,WH04,2024-11-13,2024-11-29,2024-11-30,991,985,18,12.89,12773.99,High,Road
SHP001287,SUP013,PRD013,WH05,2024-12-14,2024-12-31,2024-12-30,630,619,4,31.72,19983.6,High,Rail
SHP001288,SUP012,PRD017,WH03,2024-04-24,2024-05-11,2024-05-17,804,796,27,94.92,76315.68,Medium,Sea
SHP001289,SUP011,PRD001,WH04,2025-11-28,2025-12-12,2025-12-11,947,939,1,39.57,37472.79,Low,Road
SHP001290,SUP012,PRD021,WH05,2024-11-18,2024-12-04,2024-12-05,636,633,12,74.7,47509.2,Medium,Rail
SHP001291,SUP018,PRD010,WH02,2025-07-21,2025-08-06,2025-08-11,633,629,21,122.34,77441.22,Medium,Road
SHP001292,SUP012,PRD024,WH03,2024-02-09,2024-02-27,2024-02-28,853,849,14,14.73,12564.69,Low,Road
SHP001293,SUP016,PRD001,WH02,2024-02-09,2024-02-28,2024-02-29,546,542,14,62.67,34217.82,Medium,Road
SHP001294,SUP005,PRD013,WH06,2024-10-15,2024-10-27,2024-10-26,762,754,2,88.8,67665.6,Medium,Sea
SHP001295,SUP020,PRD013,WH04,2024-09-18,2024-09-28,2024-09-29,641,641,12,45.02,28857.82,High,Road
SHP001296,SUP012,PRD018,WH05,2024-08-03,2024-08-17,2024-08-17,744,734,21,84.45,62830.8,Medium,Rail
SHP001297,SUP011,PRD022,WH04,2024-05-26,2024-06-04,2024-06-05,303,302,11,12.67,3839.01,High,Road
SHP001298,SUP009,PRD015,WH03,2024-12-01,2024-12-11,2024-12-12,93,93,0,143.02,13300.86,Low,Road
SHP001299,SUP018,PRD024,WH01,2024-06-16,2024-06-26,2024-06-29,805,792,18,85.23,68610.15,Medium,Sea
SHP001300,SUP003,PRD003,WH04,2024-04-01,2024-04-17,2024-04-16,425,421,4,32.0,13600.0,Medium,Road
SHP001301,SUP020,PRD001,WH03,2024-12-18,2025-01-05,2025-01-10,34,34,1,3.38,114.92,Medium,Rail
SHP001302,SUP017,PRD013,WH03,2025-07-24,2025-07-29,2025-07-28,435,433,13,138.46,60230.1,Medium,Sea
SHP001303,SUP014,PRD012,WH03,2025-07-24,2025-08-04,2025-08-05,757,748,22,142.05,107531.85,Low,Sea
SHP001304,SUP001,PRD016,WH05,2025-11-11,2025-12-01,2025-12-01,846,837,0,95.47,80767.62,Low,Road
SHP001305,SUP017,PRD025,WH05,2024-12-28,2025-01-08,2025-01-07,545,544,6,66.82,36416.9,Low,Road
SHP001306,SUP008,PRD023,WH06,2025-07-10,2025-07-18,2025-07-16,141,140,1,72.91,10280.31,Medium,Rail
SHP001307,SUP005,PRD011,WH04,2024-12-10,2024-12-23,2024-12-26,173,172,0,129.26,22361.98,High,Road
SHP001308,SUP005,PRD023,WH04,2025-11-23,2025-11-27,2025-11-30,686,679,0,126.92,87067.12,Medium,Sea
SHP001309,SUP009,PRD021,WH01,2024-06-18,2024-07-05,2024-07-05,256,256,5,102.68,26286.08,High,Rail
SHP001310,SUP003,PRD008,WH03,2024-12-21,2025-01-03,2025-01-07,36,36,0,28.18,1014.48,Medium,Rail
SHP001311,SUP019,PRD022,WH03,2024-07-09,2024-07-29,2024-07-30,632,621,34,145.41,91899.12,High,Road
SHP001312,SUP009,PRD012,WH01,2025-10-28,2025-10-31,2025-11-01,297,294,1,5.58,1657.26,Low,Sea
SHP001313,SUP018,PRD009,WH06,2025-02-25,2025-03-08,2025-03-08,222,222,8,25.94,5758.68,Medium,Rail
SHP001314,SUP016,PRD023,WH06,2025-11-30,2025-12-07,2025-12-07,352,346,7,73.94,26026.88,Medium,Sea
SHP001315,SUP001,PRD020,WH06,2024-01-07,2024-01-18,2024-01-19,164,162,1,47.51,7791.64,Medium,Road
SHP001316,SUP002,PRD005,WH03,2024-05-12,2024-06-01,2024-06-03,608,601,25,40.63,24703.04,Medium,Sea
SHP001317,SUP014,PRD011,WH04,2025-07-10,2025-07-30,2025-07-31,790,777,27,106.63,84237.7,High,Road
SHP001318,SUP014,PRD005,WH02,2024-01-31,2024-02-12,2024-02-15,645,642,6,55.43,35752.35,Medium,Rail
SHP001319,SUP001,PRD009,WH04,2025-06-18,2025-06-29,2025-07-01,881,870,14,90.58,79800.98,Medium,Road
SHP001320,SUP016,PRD002,WH05,2025-03-01,2025-03-17,2025-03-18,489,489,5,144.76,70787.64,Medium,Rail
SHP001321,SUP015,PRD021,WH06,2025-01-28,2025-02-15,2025-02-23,252,248,7,77.3,19479.6,Medium,Road
SHP001322,SUP015,PRD004,WH03,2025-11-02,2025-11-05,2025-11-06,671,659,23,78.73,52827.83,High,Road
SHP001323,SUP012,PRD010,WH04,2024-12-28,2024-12-31,2025-01-04,883,871,22,113.22,99973.26,Medium,Rail
SHP001324,SUP016,PRD005,WH04,2025-03-12,2025-03-15,2025-03-15,577,573,6,94.4,54468.8,Low,Road
SHP001325,SUP014,PRD022,WH02,2025-10-31,2025-11-18,2025-11-22,312,310,7,28.11,8770.32,High,Road
SHP001326,SUP015,PRD006,WH05,2025-07-04,2025-07-15,2025-07-18,72,72,2,11.01,792.72,High,Road
SHP001327,SUP015,PRD005,WH04,2024-03-22,2024-04-05,2024-04-05,570,568,17,107.55,61303.5,Low,Road
SHP001328,SUP019,PRD006,WH03,2024-12-21,2025-01-03,2025-01-09,286,284,13,102.32,29263.52,Medium,Rail
SHP001329,SUP008,PRD006,WH03,2024-09-14,2024-09-30,2024-09-28,712,702,13,27.96,19907.52,Low,Road
SHP001330,SUP002,PRD007,WH03,2025-08-11,2025-08-29,2025-08-31,122,121,0,36.04,4396.88,Low,Sea
SHP001331,SUP002,PRD004,WH03,2025-06-07,2025-06-15,2025-06-15,605,605,21,147.89,89473.45,Low,Rail
SHP001332,SUP010,PRD018,WH06,2024-10-21,2024-11-05,2024-11-05,671,660,0,25.84,17338.64,Medium,Road
SHP001333,SUP003,PRD021,WH05,2024-08-11,2024-08-16,2024-08-16,667,658,13,88.51,59036.17,Medium,Rail
SHP001334,SUP017,PRD010,WH02,2025-06-08,2025-06-24,2025-06-30,858,853,21,104.97,90064.26,Medium,Sea
SHP001335,SUP008,PRD025,WH03,2024-02-15,2024-03-03,2024-03-03,651,642,10,120.74,78601.74,Medium,Rail
SHP001336,SUP004,PRD024,WH02,2025-10-28,2025-11-17,2025-11-17,51,51,0,128.97,6577.47,High,Rail
SHP001337,SUP014,PRD018,WH01,2024-04-22,2024-05-11,2024-05-17,755,742,22,54.02,40785.1,Low,Sea
SHP001338,SUP010,PRD010,WH04,2024-08-20,2024-08-25,2024-08-25,301,298,9,105.04,31617.04,Medium,Road
SHP001339,SUP001,PRD021,WH01,2024-01-17,2024-01-30,2024-01-31,639,628,11,74.01,47292.39,High,Rail
SHP001340,SUP004,PRD020,WH01,2024-12-25,2025-01-13,2025-01-13,331,329,7,128.92,42672.52,Medium,Sea
SHP001341,SUP001,PRD020,WH02,2024-08-10,2024-08-21,2024-08-24,257,253,7,15.25,3919.25,Medium,Road
SHP001342,SUP017,PRD012,WH03,2025-11-30,2025-12-11,2025-12-16,545,537,8,21.03,11461.35,Medium,Road
SHP001343,SUP017,PRD016,WH04,2025-03-23,2025-04-11,2025-04-13,602,591,19,64.28,38696.56,High,Sea
SHP001344,SUP007,PRD001,WH01,2024-12-30,2025-01-05,2025-01-04,175,173,2,97.31,17029.25,Medium,Road
SHP001345,SUP020,PRD008,WH06,2025-11-05,2025-11-25,2025-11-25,746,733,23,60.74,45312.04,High,Road
SHP001346,SUP015,PRD005,WH04,2024-11-21,2024-11-24,2024-11-28,716,715,16,112.05,80227.8,Medium,Rail
SHP001347,SUP013,PRD018,WH06,2025-04-11,2025-04-16,2025-04-17,490,487,10,104.16,51038.4,Medium,Road
SHP001348,SUP002,PRD016,WH01,2025-02-17,2025-02-28,2025-02-27,555,548,10,50.85,28221.75,Medium,Rail
SHP001349,SUP019,PRD007,WH06,2025-03-30,2025-04-08,2025-04-09,267,264,11,120.25,32106.75,High,Sea
SHP001350,SUP013,PRD017,WH03,2025-08-08,2025-08-16,2025-08-14,165,164,3,91.32,15067.8,Medium,Road
SHP001351,SUP011,PRD012,WH02,2024-08-20,2024-08-24,2024-08-22,112,112,3,47.79,5352.48,Medium,Road
SHP001352,SUP015,PRD025,WH03,2024-08-11,2024-08-14,2024-08-13,528,523,18,136.92,72293.76,High,Rail
SHP001353,SUP010,PRD009,WH04,2025-02-15,2025-03-02,2025-03-03,827,817,0,16.0,13232.0,Low,Rail
SHP001354,SUP009,PRD012,WH02,2025-07-25,2025-08-10,2025-08-10,315,313,6,43.32,13645.8,Low,Sea
SHP001355,SUP009,PRD016,WH01,2024-11-30,2024-12-04,2024-12-07,582,579,8,6.27,3649.14,Low,Rail
SHP001356,SUP020,PRD019,WH06,2024-08-09,2024-08-22,2024-08-20,979,972,37,76.4,74795.6,Medium,Road
SHP001357,SUP001,PRD023,WH04,2024-02-06,2024-02-13,2024-02-12,528,526,0,101.51,53597.28,Low,Road
SHP001358,SUP017,PRD006,WH01,2024-10-04,2024-10-24,2024-10-25,566,563,15,131.54,74451.64,Medium,Road
SHP001359,SUP012,PRD020,WH02,2024-07-14,2024-07-24,2024-07-23,586,578,18,71.1,41664.6,Medium,Road
SHP001360,SUP010,PRD005,WH03,2025-04-28,2025-05-18,2025-05-19,29,29,0,36.12,1047.48,Low,Air
SHP001361,SUP005,PRD025,WH05,2024-08-29,2024-09-16,2024-09-14,838,830,0,80.72,67643.36,Medium,Road
SHP001362,SUP018,PRD008,WH05,2024-11-19,2024-12-02,2024-12-09,332,328,11,109.43,36330.76,Low,Road
SHP001363,SUP015,PRD018,WH03,2024-07-10,2024-07-18,2024-07-17,648,639,36,25.95,16815.6,Medium,Road
SHP001364,SUP006,PRD019,WH05,2024-01-17,2024-02-02,2024-01-31,982,970,7,26.84,26356.88,Low,Road
SHP001365,SUP007,PRD018,WH03,2025-06-07,2025-06-20,2025-06-18,809,802,10,98.53,79710.77,Medium,Sea
SHP001366,SUP017,PRD012,WH04,2025-02-04,2025-02-07,2025-02-07,794,790,23,112.95,89682.3,High,Road
SHP001367,SUP006,PRD009,WH02,2024-01-22,2024-02-03,2024-02-04,136,135,1,30.19,4105.84,Medium,Road
SHP001368,SUP008,PRD017,WH02,2025-04-18,2025-05-05,2025-05-07,876,861,12,108.57,95107.32,Medium,Road
SHP001369,SUP012,PRD021,WH04,2024-04-29,2024-05-03,2024-05-06,930,925,31,62.77,58376.1,Medium,Rail
SHP001370,SUP014,PRD007,WH01,2024-07-28,2024-07-31,2024-07-30,883,877,31,123.73,109253.59,Medium,Road
SHP001371,SUP012,PRD004,WH06,2024-11-01,2024-11-13,2024-11-14,919,905,35,31.71,29141.49,Low,Road
SHP001372,SUP010,PRD023,WH03,2024-09-26,2024-10-10,2024-10-13,861,855,0,104.95,90361.95,Low,Road
SHP001373,SUP020,PRD020,WH06,2025-11-17,2025-11-26,2025-12-03,467,465,10,129.8,60616.6,Medium,Road
SHP001374,SUP015,PRD024,WH03,2024-10-11,2024-10-27,2024-11-01,637,637,18,42.98,27378.26,Medium,Sea
SHP001375,SUP007,PRD021,WH04,2025-11-06,2025-11-18,2025-11-20,858,857,5,84.93,72869.94,Low,Sea
SHP001376,SUP009,PRD007,WH05,2024-08-14,2024-08-28,2024-08-27,34,34,0,39.57,1345.38,Low,Road
SHP001377,SUP010,PRD019,WH05,2025-01-15,2025-01-27,2025-01-26,197,196,0,127.99,25214.03,High,Sea
SHP001378,SUP010,PRD006,WH04,2025-04-04,2025-04-09,2025-04-07,183,181,0,143.5,26260.5,Medium,Air
SHP001379,SUP016,PRD021,WH06,2024-01-07,2024-01-18,2024-01-20,337,334,8,14.2,4785.4,Medium,Rail
SHP001380,SUP007,PRD007,WH04,2024-01-29,2024-02-04,2024-02-06,189,188,0,48.13,9096.57,High,Sea
SHP001381,SUP005,PRD005,WH04,2024-02-02,2024-02-18,2024-02-16,718,708,0,3.66,2627.88,High,Sea
SHP001382,SUP003,PRD024,WH04,2025-10-07,2025-10-24,2025-10-25,917,904,3,106.74,97880.58,Low,Road
SHP001383,SUP018,PRD022,WH02,2024-03-19,2024-03-25,2024-03-28,140,139,3,16.43,2300.2,High,Sea
SHP001384,SUP011,PRD021,WH05,2025-04-03,2025-04-06,2025-04-05,303,300,0,91.93,27854.79,Medium,Road
SHP001385,SUP015,PRD016,WH01,2025-07-23,2025-08-12,2025-08-19,592,586,24,147.43,87278.56,Low,Sea
SHP001386,SUP020,PRD020,WH05,2025-06-21,2025-07-09,2025-07-11,69,69,1,112.54,7765.26,High,Road
SHP001387,SUP005,PRD015,WH04,2025-04-26,2025-05-10,2025-05-10,420,418,3,38.11,16006.2,Medium,Road
SHP001388,SUP012,PRD002,WH04,2025-03-05,2025-03-20,2025-03-21,189,188,4,142.42,26917.38,Low,Road
SHP001389,SUP004,PRD023,WH04,2024-10-11,2024-10-29,2024-10-30,420,417,3,132.76,55759.2,Medium,Rail
SHP001390,SUP015,PRD003,WH06,2025-05-30,2025-06-19,2025-06-23,922,918,27,69.86,64410.92,Medium,Road
SHP001391,SUP009,PRD022,WH03,2024-04-08,2024-04-14,2024-04-20,265,261,0,67.45,17874.25,Medium,Road
SHP001392,SUP007,PRD020,WH01,2025-01-31,2025-02-03,2025-02-03,760,751,1,23.46,17829.6,Medium,Road
SHP001393,SUP010,PRD016,WH05,2025-05-03,2025-05-23,2025-05-27,659,658,1,47.72,31447.48,Medium,Road
SHP001394,SUP013,PRD013,WH03,2024-02-08,2024-02-14,2024-02-16,807,805,28,80.0,64560.0,Medium,Sea
SHP001395,SUP008,PRD014,WH01,2024-09-27,2024-10-07,2024-10-05,817,806,1,22.02,17990.34,Medium,Road
SHP001396,SUP012,PRD001,WH05,2024-06-05,2024-06-11,2024-06-14,627,618,13,106.37,66693.99,Low,Road
SHP001397,SUP019,PRD020,WH04,2024-03-15,2024-04-01,2024-04-01,145,145,4,23.74,3442.3,Medium,Rail
SHP001398,SUP001,PRD019,WH02,2024-05-09,2024-05-20,2024-05-21,740,735,7,111.45,82473.0,Medium,Road
SHP001399,SUP016,PRD001,WH02,2025-11-17,2025-11-25,2025-11-25,209,206,5,121.11,25311.99,Medium,Rail
SHP001400,SUP017,PRD009,WH05,2024-03-24,2024-04-13,2024-04-14,420,413,11,77.45,32529.0,Medium,Road
SHP001401,SUP018,PRD020,WH05,2024-01-22,2024-01-30,2024-02-04,673,664,11,92.69,62380.37,Low,Road
SHP001402,SUP011,PRD007,WH04,2025-04-03,2025-04-23,2025-04-25,148,148,2,7.07,1046.36,High,Rail
SHP001403,SUP018,PRD021,WH04,2025-06-22,2025-07-07,2025-07-11,758,747,5,27.01,20473.58,Medium,Road
SHP001404,SUP007,PRD012,WH05,2025-01-16,2025-02-04,2025-02-03,12,12,0,122.8,1473.6,High,Road
SHP001405,SUP018,PRD017,WH02,2025-03-15,2025-03-24,2025-03-25,748,738,21,37.31,27907.88,Low,Sea
SHP001406,SUP008,PRD018,WH01,2025-08-26,2025-09-12,2025-09-12,469,462,5,146.1,68520.9,High,Road
SHP001407,SUP006,PRD015,WH05,2024-01-21,2024-01-29,2024-01-29,812,810,5,54.92,44595.04,Low,Road
SHP001408,SUP007,PRD024,WH06,2024-10-29,2024-11-05,2024-11-08,986,968,12,64.03,63133.58,Medium,Sea
SHP001409,SUP010,PRD015,WH03,2024-03-24,2024-04-06,2024-04-08,154,152,0,136.83,21071.82,Medium,Rail
SHP001410,SUP011,PRD025,WH04,2025-10-20,2025-11-03,2025-11-07,514,505,6,134.51,69138.14,High,Sea
SHP001411,SUP013,PRD002,WH05,2025-03-28,2025-04-13,2025-04-15,527,521,18,140.44,74011.88,Low,Road
SHP001412,SUP009,PRD001,WH04,2025-01-21,2025-01-30,2025-01-29,974,960,18,68.17,66397.58,Low,Road
SHP001413,SUP007,PRD014,WH02,2025-05-21,2025-06-02,2025-06-04,996,985,16,87.24,86891.04,Medium,Road
SHP001414,SUP009,PRD018,WH06,2024-09-13,2024-09-16,2024-09-15,247,244,4,85.78,21187.66,Low,Sea
SHP001415,SUP013,PRD008,WH03,2025-07-23,2025-07-31,2025-07-30,807,804,22,140.17,113117.19,High,Sea
SHP001416,SUP003,PRD018,WH05,2025-06-10,2025-06-28,2025-06-27,181,179,2,145.4,26317.4,Medium,Road
SHP001417,SUP003,PRD010,WH04,2024-06-10,2024-06-20,2024-06-23,299,298,3,52.44,15679.56,Medium,Road
SHP001418,SUP001,PRD017,WH03,2024-06-11,2024-06-28,2024-06-29,272,270,1,16.0,4352.0,Medium,Road
SHP001419,SUP020,PRD009,WH02,2025-06-07,2025-06-14,2025-06-15,999,996,29,65.74,65674.26,Medium,Road
SHP001420,SUP002,PRD009,WH01,2024-09-27,2024-10-01,2024-09-29,754,751,22,116.58,87901.32,Low,Rail
SHP001421,SUP003,PRD019,WH06,2025-05-06,2025-05-14,2025-05-12,969,955,7,74.78,72461.82,Medium,Rail
SHP001422,SUP015,PRD018,WH04,2024-07-26,2024-08-11,2024-08-15,909,900,43,100.23,91109.07,Medium,Air
SHP001423,SUP006,PRD009,WH02,2025-06-22,2025-06-29,2025-07-01,229,226,0,27.36,6265.44,Medium,Road
SHP001424,SUP013,PRD025,WH05,2025-08-06,2025-08-19,2025-08-20,224,222,7,81.7,18300.8,Medium,Sea
SHP001425,SUP001,PRD009,WH04,2024-02-29,2024-03-14,2024-03-15,895,879,12,119.48,106934.6,Low,Rail
SHP001426,SUP020,PRD003,WH02,2025-03-05,2025-03-24,2025-03-27,576,571,28,95.49,55002.24,High,Road
SHP001427,SUP019,PRD005,WH06,2025-10-18,2025-10-25,2025-10-30,116,116,4,59.07,6852.12,Low,Road
SHP001428,SUP001,PRD012,WH02,2025-08-27,2025-09-14,2025-09-14,675,672,3,29.69,20040.75,High,Rail
SHP001429,SUP002,PRD021,WH03,2024-11-04,2024-11-15,2024-11-18,604,604,25,32.43,19587.72,Medium,Road
SHP001430,SUP015,PRD015,WH03,2025-06-03,2025-06-14,2025-06-18,74,74,2,50.29,3721.46,Medium,Rail
SHP001431,SUP014,PRD019,WH01,2025-08-13,2025-08-29,2025-09-02,454,448,7,97.17,44115.18,High,Air
SHP001432,SUP019,PRD016,WH02,2024-01-27,2024-02-11,2024-02-16,911,903,43,84.96,77398.56,Medium,Road
SHP001433,SUP011,PRD023,WH06,2025-11-16,2025-11-26,2025-11-24,625,617,6,119.25,74531.25,Medium,Road
SHP001434,SUP015,PRD020,WH03,2025-07-15,2025-08-03,2025-08-02,370,366,16,96.1,35557.0,Medium,Road
SHP001435,SUP006,PRD007,WH06,2024-07-17,2024-07-30,2024-07-30,670,658,2,66.22,44367.4,Medium,Road
SHP001436,SUP020,PRD018,WH04,2025-01-21,2025-02-02,2025-02-04,925,920,21,91.47,84609.75,High,Air
SHP001437,SUP009,PRD023,WH06,2024-12-14,2024-12-24,2024-12-22,695,683,18,42.08,29245.6,Medium,Road
SHP001438,SUP005,PRD004,WH02,2025-11-23,2025-12-04,2025-12-02,625,623,0,23.68,14800.0,High,Road
SHP001439,SUP020,PRD009,WH06,2025-06-19,2025-06-29,2025-06-30,689,682,31,69.67,48002.63,Medium,Road
SHP001440,SUP002,PRD022,WH06,2025-01-12,2025-01-16,2025-01-18,64,64,2,74.79,4786.56,Low,Road
SHP001441,SUP006,PRD017,WH01,2025-07-11,2025-07-21,2025-07-24,54,54,0,101.38,5474.52,Medium,Air
SHP001442,SUP018,PRD010,WH02,2025-06-10,2025-06-16,2025-06-14,955,940,32,58.38,55752.9,Medium,Road
SHP001443,SUP019,PRD025,WH06,2024-06-01,2024-06-16,2024-06-18,847,844,30,5.8,4912.6,Medium,Rail
SHP001444,SUP009,PRD010,WH03,2024-07-24,2024-08-13,2024-08-12,827,818,11,113.46,93831.42,Medium,Road
SHP001445,SUP006,PRD007,WH06,2025-03-30,2025-04-03,2025-04-05,678,677,0,110.57,74966.46,Medium,Road
SHP001446,SUP014,PRD019,WH04,2024-09-29,2024-10-06,2024-10-10,189,187,8,8.08,1527.12,Low,Road
SHP001447,SUP013,PRD009,WH03,2024-08-23,2024-09-10,2024-09-13,670,666,21,91.45,61271.5,Medium,Road
SHP001448,SUP011,PRD007,WH04,2025-06-04,2025-06-16,2025-06-15,878,870,21,105.67,92778.26,High,Sea
SHP001449,SUP012,PRD005,WH02,2025-11-08,2025-11-25,2025-11-30,190,189,3,111.0,21090.0,Medium,Road
SHP001450,SUP019,PRD022,WH04,2025-05-15,2025-06-01,2025-06-07,61,61,3,135.41,8260.01,Low,Road
SHP001451,SUP019,PRD019,WH03,2024-04-26,2024-05-01,2024-05-02,501,492,13,64.17,32149.17,Medium,Sea
SHP001452,SUP019,PRD022,WH05,2025-01-20,2025-01-26,2025-01-26,62,62,3,17.52,1086.24,High,Road
SHP001453,SUP013,PRD006,WH03,2024-12-09,2024-12-15,2024-12-17,137,137,3,59.31,8125.47,Medium,Rail
SHP001454,SUP014,PRD024,WH06,2025-08-06,2025-08-22,2025-08-20,688,687,18,26.6,18300.8,High,Road
SHP001455,SUP018,PRD023,WH01,2025-01-29,2025-02-15,2025-02-18,885,878,25,118.48,104854.8,Low,Road
SHP001456,SUP012,PRD012,WH03,2024-03-04,2024-03-12,2024-03-14,81,81,2,41.37,3350.97,Low,Road
SHP001457,SUP004,PRD009,WH03,2024-03-12,2024-04-01,2024-03-30,652,650,10,102.32,66712.64,Low,Rail
SHP001458,SUP010,PRD004,WH02,2024-09-30,2024-10-17,2024-10-20,814,799,9,72.31,58860.34,Medium,Road
SHP001459,SUP017,PRD019,WH01,2024-11-15,2024-11-19,2024-11-21,30,30,0,8.56,256.8,Medium,Road
SHP001460,SUP004,PRD005,WH06,2024-12-03,2024-12-15,2024-12-18,691,684,21,148.88,102876.08,Low,Road
SHP001461,SUP012,PRD009,WH02,2024-12-31,2025-01-19,2025-01-18,183,182,4,99.49,18206.67,Medium,Rail
SHP001462,SUP013,PRD015,WH03,2025-05-09,2025-05-23,2025-05-28,856,854,17,140.71,120447.76,Medium,Rail
SHP001463,SUP004,PRD010,WH06,2025-08-29,2025-09-10,2025-09-14,412,412,3,142.1,58545.2,High,Rail
SHP001464,SUP010,PRD023,WH05,2024-06-14,2024-06-23,2024-06-25,865,852,14,88.43,76491.95,High,Road
SHP001465,SUP003,PRD006,WH04,2025-06-27,2025-07-10,2025-07-10,983,981,19,104.32,102546.56,High,Road
SHP001466,SUP015,PRD010,WH05,2024-01-11,2024-01-25,2024-01-27,734,734,38,45.35,33286.9,Medium,Road
SHP001467,SUP002,PRD021,WH06,2024-10-27,2024-10-31,2024-11-02,801,791,28,76.98,61660.98,Medium,Air
SHP001468,SUP017,PRD010,WH03,2024-04-11,2024-04-17,2024-04-17,923,917,18,2.13,1965.99,Medium,Air
SHP001469,SUP006,PRD021,WH03,2025-02-28,2025-03-07,2025-03-05,675,673,7,82.2,55485.0,Medium,Road
SHP001470,SUP008,PRD020,WH02,2025-01-26,2025-01-31,2025-01-29,338,335,6,22.52,7611.76,Medium,Sea
SHP001471,SUP003,PRD002,WH05,2024-08-01,2024-08-15,2024-08-13,887,883,16,74.59,66161.33,Medium,Sea
SHP001472,SUP018,PRD007,WH06,2025-11-21,2025-12-11,2025-12-16,211,208,6,63.94,13491.34,Medium,Road
SHP001473,SUP001,PRD003,WH05,2024-03-28,2024-04-09,2024-04-11,880,879,0,137.46,120964.8,Low,Road
SHP001474,SUP016,PRD003,WH06,2025-07-06,2025-07-16,2025-07-19,554,544,4,60.11,33300.94,Medium,Sea
SHP001475,SUP007,PRD023,WH02,2025-02-04,2025-02-21,2025-02-20,586,578,8,54.29,31813.94,Medium,Road
SHP001476,SUP003,PRD018,WH06,2025-08-10,2025-08-29,2025-09-01,44,44,0,108.5,4774.0,Low,Road
SHP001477,SUP004,PRD013,WH05,2024-02-15,2024-02-21,2024-02-21,187,186,3,59.67,11158.29,Low,Road
SHP001478,SUP009,PRD025,WH05,2025-11-02,2025-11-21,2025-11-19,334,330,8,46.69,15594.46,High,Sea
SHP001479,SUP005,PRD007,WH05,2025-04-07,2025-04-11,2025-04-12,91,91,0,75.66,6885.06,Low,Rail
SHP001480,SUP019,PRD011,WH02,2025-08-14,2025-09-03,2025-09-02,633,630,31,112.6,71275.8,Medium,Road
SHP001481,SUP015,PRD019,WH03,2024-11-05,2024-11-13,2024-11-18,28,28,0,132.91,3721.48,Low,Rail
SHP001482,SUP008,PRD005,WH06,2024-03-26,2024-04-02,2024-04-06,346,341,6,122.64,42433.44,Medium,Road
SHP001483,SUP006,PRD007,WH02,2024-04-01,2024-04-04,2024-04-03,778,768,8,51.91,40385.98,Low,Road
SHP001484,SUP018,PRD022,WH04,2025-10-21,2025-11-06,2025-11-05,254,254,7,106.35,27012.9,Low,Road
SHP001485,SUP019,PRD018,WH03,2025-11-03,2025-11-12,2025-11-20,221,220,7,18.38,4061.98,Medium,Road
SHP001486,SUP015,PRD004,WH05,2024-08-29,2024-09-15,2024-09-18,180,178,6,33.06,5950.8,Low,Sea
SHP001487,SUP007,PRD024,WH06,2024-01-02,2024-01-10,2024-01-08,665,662,3,80.86,53771.9,High,Rail
SHP001488,SUP010,PRD022,WH04,2024-08-12,2024-08-30,2024-09-01,795,792,0,89.55,71192.25,Low,Rail
SHP001489,SUP006,PRD014,WH05,2025-08-11,2025-08-18,2025-08-20,65,65,1,44.65,2902.25,Medium,Road
SHP001490,SUP014,PRD011,WH05,2024-04-25,2024-05-15,2024-05-20,185,184,8,88.06,16291.1,Medium,Road
SHP001491,SUP017,PRD016,WH05,2025-10-27,2025-11-09,2025-11-12,556,547,12,129.97,72263.32,Low,Road
SHP001492,SUP009,PRD025,WH06,2024-04-12,2024-04-26,2024-04-25,830,826,8,15.33,12723.9,Medium,Rail
SHP001493,SUP019,PRD024,WH04,2024-07-12,2024-07-22,2024-07-27,30,30,0,136.12,4083.6,Low,Road
SHP001494,SUP005,PRD008,WH06,2024-06-14,2024-06-24,2024-06-26,604,596,4,59.64,36022.56,High,Road
SHP001495,SUP007,PRD015,WH06,2024-03-30,2024-04-18,2024-04-18,999,987,0,50.5,50449.5,High,Road
SHP001496,SUP019,PRD021,WH06,2025-11-16,2025-11-30,2025-12-03,254,250,9,119.84,30439.36,Medium,Road
SHP001497,SUP020,PRD022,WH02,2024-05-01,2024-05-21,2024-05-21,452,450,7,109.01,49272.52,High,Sea
SHP001498,SUP007,PRD020,WH03,2024-05-22,2024-06-10,2024-06-13,900,888,0,145.17,130653.0,Medium,Road
SHP001499,SUP002,PRD010,WH06,2024-04-15,2024-04-23,2024-04-23,351,351,9,116.01,40719.51,Low,Road
SHP001500,SUP016,PRD016,WH01,2025-03-03,2025-03-12,2025-03-13,43,43,0,109.73,4718.39,High,Road
SHP001501,SUP013,PRD011,WH03,2024-10-31,2024-11-20,2024-11-24,990,983,46,98.22,97237.8,Medium,Sea
SHP001502,SUP008,PRD016,WH06,2024-11-12,2024-11-29,2024-11-30,62,62,1,61.86,3835.32,Low,Sea
SHP001503,SUP006,PRD012,WH03,2025-09-26,2025-10-14,2025-10-13,539,530,0,33.79,18212.81,Low,Road
SHP001504,SUP006,PRD013,WH01,2024-01-09,2024-01-29,2024-01-30,279,279,5,41.02,11444.58,Low,Rail
SHP001505,SUP009,PRD019,WH01,2024-03-13,2024-03-20,2024-03-18,971,955,5,126.56,122889.76,Medium,Air
SHP001506,SUP004,PRD025,WH03,2024-12-24,2025-01-02,2025-01-07,449,446,12,21.72,9752.28,Medium,Sea
SHP001507,SUP011,PRD011,WH04,2024-08-10,2024-08-26,2024-08-29,743,735,3,41.52,30849.36,Low,Sea
SHP001508,SUP005,PRD008,WH04,2025-02-19,2025-03-01,2025-02-27,405,400,9,32.11,13004.55,Low,Rail
SHP001509,SUP017,PRD021,WH01,2025-07-06,2025-07-21,2025-07-22,80,80,1,149.77,11981.6,High,Sea
SHP001510,SUP020,PRD006,WH02,2025-01-04,2025-01-23,2025-01-24,108,108,2,4.84,522.72,Low,Rail
SHP001511,SUP007,PRD008,WH05,2024-09-20,2024-09-25,2024-09-28,300,295,1,118.53,35559.0,Medium,Road
SHP001512,SUP015,PRD021,WH04,2025-11-20,2025-11-25,2025-11-25,210,210,5,78.67,16520.7,Low,Road
SHP001513,SUP015,PRD016,WH06,2024-11-13,2024-11-28,2024-11-30,73,73,3,125.85,9187.05,Low,Rail
SHP001514,SUP014,PRD008,WH04,2024-03-24,2024-04-11,2024-04-17,204,203,6,8.44,1721.76,Medium,Road
SHP001515,SUP013,PRD004,WH06,2024-11-13,2024-11-29,2024-12-02,362,360,7,21.83,7902.46,Medium,Sea
SHP001516,SUP011,PRD013,WH04,2024-04-20,2024-04-27,2024-04-27,112,111,0,6.76,757.12,Low,Road
SHP001517,SUP013,PRD014,WH01,2024-09-07,2024-09-20,2024-09-18,594,588,22,44.24,26278.56,High,Road
SHP001518,SUP009,PRD013,WH02,2025-01-17,2025-02-03,2025-02-04,579,573,13,102.99,59631.21,High,Road
SHP001519,SUP010,PRD003,WH02,2024-01-07,2024-01-13,2024-01-14,224,224,0,70.38,15765.12,Low,Road
SHP001520,SUP004,PRD020,WH04,2025-04-03,2025-04-17,2025-04-16,279,277,0,105.54,29445.66,Medium,Sea
SHP001521,SUP017,PRD023,WH04,2024-03-24,2024-04-10,2024-04-12,939,927,19,144.16,135366.24,Low,Sea
SHP001522,SUP014,PRD013,WH06,2024-07-26,2024-08-10,2024-08-14,954,939,25,99.54,94961.16,Medium,Road
SHP001523,SUP018,PRD013,WH06,2025-01-24,2025-02-13,2025-02-17,75,75,1,144.61,10845.75,Medium,Rail
SHP001524,SUP011,PRD014,WH06,2024-11-09,2024-11-14,2024-11-14,764,754,4,143.17,109381.88,Low,Sea
SHP001525,SUP016,PRD012,WH05,2024-01-22,2024-01-28,2024-01-28,957,942,13,47.91,45849.87,Low,Sea
SHP001526,SUP001,PRD002,WH04,2025-02-13,2025-02-26,2025-02-24,88,88,1,64.8,5702.4,Low,Road
SHP001527,SUP007,PRD014,WH01,2025-05-29,2025-06-16,2025-06-14,602,596,14,8.57,5159.14,Low,Road
SHP001528,SUP010,PRD004,WH03,2024-05-06,2024-05-14,2024-05-12,917,906,10,112.9,103529.3,Low,Rail
SHP001529,SUP009,PRD003,WH02,2025-11-30,2025-12-19,2025-12-17,862,855,11,77.41,66727.42,Medium,Road
SHP001530,SUP003,PRD004,WH05,2024-01-14,2024-01-23,2024-01-22,154,153,0,125.84,19379.36,Medium,Road
SHP001531,SUP014,PRD025,WH02,2024-01-12,2024-01-24,2024-01-27,38,38,1,136.36,5181.68,Medium,Road
SHP001532,SUP015,PRD024,WH03,2024-03-27,2024-04-10,2024-04-14,17,17,0,51.77,880.09,High,Rail
SHP001533,SUP002,PRD010,WH01,2025-06-07,2025-06-10,2025-06-08,709,698,20,25.7,18221.3,Medium,Rail
SHP001534,SUP014,PRD018,WH03,2025-06-20,2025-07-08,2025-07-09,684,674,28,119.51,81744.84,Low,Road
SHP001535,SUP016,PRD010,WH04,2024-10-27,2024-11-09,2024-11-10,467,459,12,130.83,61097.61,Medium,Air
SHP001536,SUP007,PRD005,WH05,2024-08-30,2024-09-02,2024-09-03,251,250,0,144.23,36201.73,Low,Rail
SHP001537,SUP004,PRD001,WH03,2024-05-01,2024-05-08,2024-05-09,415,411,5,77.88,32320.2,Medium,Road
SHP001538,SUP018,PRD011,WH05,2024-05-26,2024-06-07,2024-06-08,139,138,4,91.64,12737.96,Low,Air
SHP001539,SUP005,PRD019,WH05,2025-07-20,2025-07-29,2025-07-29,422,419,0,122.46,51678.12,High,Road
SHP001540,SUP006,PRD005,WH06,2024-12-21,2024-12-28,2024-12-28,768,764,15,78.4,60211.2,Medium,Road
SHP001541,SUP007,PRD018,WH05,2025-11-15,2025-11-29,2025-11-27,899,896,0,52.14,46873.86,Low,Rail
SHP001542,SUP015,PRD023,WH03,2025-09-22,2025-10-12,2025-10-15,918,912,35,54.19,49746.42,Low,Road
SHP001543,SUP001,PRD008,WH01,2024-11-04,2024-11-07,2024-11-05,295,294,0,33.89,9997.55,High,Air
SHP001544,SUP004,PRD005,WH01,2025-11-25,2025-12-15,2025-12-13,470,469,5,26.56,12483.2,Medium,Road
SHP001545,SUP001,PRD025,WH03,2024-10-14,2024-10-29,2024-11-02,295,295,2,72.98,21529.1,Medium,Sea
SHP001546,SUP011,PRD008,WH01,2024-11-02,2024-11-10,2024-11-10,234,234,4,84.3,19726.2,High,Road
SHP001547,SUP018,PRD024,WH05,2025-08-16,2025-09-05,2025-09-10,336,331,7,56.76,19071.36,High,Air
SHP001548,SUP014,PRD022,WH05,2025-10-23,2025-11-11,2025-11-13,30,30,1,80.81,2424.3,Medium,Sea
SHP001549,SUP011,PRD006,WH01,2025-07-02,2025-07-21,2025-07-22,817,806,0,132.96,108628.32,Low,Road
SHP001550,SUP010,PRD015,WH01,2024-12-17,2024-12-23,2024-12-24,77,77,0,105.7,8138.9,Medium,Rail
SHP001551,SUP017,PRD008,WH03,2024-11-07,2024-11-23,2024-11-24,636,625,17,62.02,39444.72,Medium,Rail
SHP001552,SUP004,PRD016,WH02,2024-02-28,2024-03-04,2024-03-08,171,169,3,104.72,17907.12,Low,Sea
SHP001553,SUP015,PRD010,WH01,2025-10-04,2025-10-07,2025-10-12,120,119,3,75.11,9013.2,Medium,Sea
SHP001554,SUP016,PRD004,WH04,2024-02-04,2024-02-17,2024-02-16,33,33,0,48.48,1599.84,Medium,Road
SHP001555,SUP013,PRD019,WH04,2025-03-20,2025-04-01,2025-03-30,33,33,0,125.16,4130.28,Medium,Road
SHP001556,SUP009,PRD023,WH03,2024-04-02,2024-04-08,2024-04-10,92,92,0,59.33,5458.36,Medium,Rail
SHP001557,SUP011,PRD025,WH02,2024-07-25,2024-08-11,2024-08-09,829,822,8,88.04,72985.16,Medium,Road
SHP001558,SUP011,PRD008,WH01,2024-12-18,2025-01-04,2025-01-02,164,162,1,105.48,17298.72,Medium,Road
SHP001559,SUP006,PRD025,WH06,2024-11-27,2024-12-14,2024-12-16,512,504,0,32.56,16670.72,Low,Road
SHP001560,SUP001,PRD009,WH05,2024-06-07,2024-06-27,2024-06-27,171,169,1,22.65,3873.15,Medium,Rail
SHP001561,SUP006,PRD002,WH02,2024-01-24,2024-02-09,2024-02-09,803,788,9,100.03,80324.09,Low,Road
SHP001562,SUP013,PRD014,WH04,2025-02-07,2025-02-22,2025-02-25,145,145,6,122.97,17830.65,Low,Road
SHP001563,SUP005,PRD017,WH05,2025-05-30,2025-06-09,2025-06-14,663,651,4,114.27,75761.01,Low,Road
SHP001564,SUP015,PRD001,WH02,2024-12-29,2025-01-03,2025-01-04,975,962,28,26.12,25467.0,Medium,Road
SHP001565,SUP018,PRD023,WH02,2025-01-16,2025-01-20,2025-01-21,908,908,38,13.81,12539.48,High,Sea
SHP001566,SUP020,PRD023,WH01,2025-06-15,2025-06-28,2025-06-30,551,551,16,74.74,41181.74,High,Air
SHP001567,SUP014,PRD014,WH01,2024-05-31,2024-06-08,2024-06-09,703,690,31,2.18,1532.54,Medium,Sea
SHP001568,SUP015,PRD006,WH03,2025-07-15,2025-07-30,2025-08-01,220,220,11,98.04,21568.8,Low,Sea
SHP001569,SUP005,PRD013,WH02,2025-11-19,2025-11-22,2025-11-24,361,360,0,71.19,25699.59,High,Rail
SHP001570,SUP004,PRD023,WH05,2025-08-30,2025-09-12,2025-09-13,691,690,21,14.93,10316.63,High,Road
SHP001571,SUP002,PRD021,WH06,2025-09-08,2025-09-26,2025-09-27,42,42,1,45.49,1910.58,Medium,Sea
SHP001572,SUP007,PRD005,WH06,2025-02-23,2025-03-12,2025-03-15,430,429,1,10.22,4394.6,High,Road
SHP001573,SUP010,PRD017,WH05,2024-09-06,2024-09-09,2024-09-10,593,593,6,138.97,82409.21,High,Road
SHP001574,SUP016,PRD011,WH06,2024-04-26,2024-05-04,2024-05-07,439,433,4,120.56,52925.84,Medium,Road
SHP001575,SUP010,PRD013,WH01,2025-05-26,2025-06-06,2025-06-08,311,306,3,72.65,22594.15,Low,Air
SHP001576,SUP018,PRD007,WH05,2025-07-31,2025-08-13,2025-08-17,100,99,4,26.5,2650.0,Low,Rail
SHP001577,SUP017,PRD004,WH01,2024-11-30,2024-12-08,2024-12-09,203,200,4,98.71,20038.13,High,Road
SHP001578,SUP013,PRD019,WH05,2025-02-21,2025-02-24,2025-02-25,475,471,13,142.11,67502.25,Low,Road
SHP001579,SUP001,PRD010,WH01,2024-10-21,2024-10-25,2024-10-24,640,633,0,97.56,62438.4,Medium,Road
SHP001580,SUP001,PRD002,WH06,2025-01-05,2025-01-14,2025-01-12,677,674,0,132.73,89858.21,Low,Road
SHP001581,SUP015,PRD010,WH05,2024-07-04,2024-07-20,2024-07-29,539,536,22,86.26,46494.14,Low,Road
SHP001582,SUP001,PRD015,WH01,2024-09-02,2024-09-17,2024-09-18,176,174,3,116.15,20442.4,Medium,Sea
SHP001583,SUP006,PRD008,WH05,2025-09-28,2025-10-14,2025-10-17,317,313,8,91.26,28929.42,Low,Road
SHP001584,SUP013,PRD005,WH02,2024-09-24,2024-10-10,2024-10-12,775,764,29,5.12,3968.0,Low,Rail
SHP001585,SUP001,PRD015,WH06,2025-10-04,2025-10-12,2025-10-11,166,165,1,19.79,3285.14,Medium,Rail
SHP001586,SUP005,PRD012,WH05,2024-08-24,2024-09-13,2024-09-16,810,807,1,74.0,59940.0,Medium,Rail
SHP001587,SUP009,PRD023,WH03,2025-06-13,2025-06-25,2025-06-26,664,655,12,60.13,39926.32,Low,Rail
SHP001588,SUP017,PRD017,WH01,2025-07-05,2025-07-21,2025-07-20,19,19,0,93.43,1775.17,Low,Road
SHP001589,SUP016,PRD003,WH04,2024-01-21,2024-02-10,2024-02-10,189,189,1,33.97,6420.33,Medium,Sea
SHP001590,SUP008,PRD001,WH04,2025-06-03,2025-06-19,2025-06-18,848,833,10,29.72,25202.56,Medium,Sea
SHP001591,SUP017,PRD013,WH05,2024-04-09,2024-04-17,2024-04-20,310,306,10,44.67,13847.7,Low,Sea
SHP001592,SUP015,PRD012,WH04,2025-04-22,2025-05-06,2025-05-08,570,565,25,135.87,77445.9,Medium,Rail
SHP001593,SUP001,PRD009,WH05,2025-08-21,2025-08-25,2025-08-27,887,887,11,112.42,99716.54,Medium,Rail
SHP001594,SUP012,PRD021,WH05,2024-10-24,2024-11-05,2024-11-06,919,917,24,80.93,74374.67,Medium,Sea
SHP001595,SUP005,PRD017,WH04,2025-06-09,2025-06-13,2025-06-11,784,781,10,124.08,97278.72,High,Road
SHP001596,SUP006,PRD023,WH03,2024-11-29,2024-12-19,2024-12-19,309,304,8,50.34,15555.06,Low,Road
SHP001597,SUP001,PRD010,WH06,2024-01-02,2024-01-08,2024-01-08,863,855,22,50.26,43374.38,Low,Road
SHP001598,SUP001,PRD024,WH05,2025-01-09,2025-01-23,2025-01-25,397,394,4,18.7,7423.9,Low,Road
SHP001599,SUP010,PRD008,WH02,2024-10-19,2024-10-28,2024-10-29,892,892,0,25.08,22371.36,Medium,Road
SHP001600,SUP010,PRD005,WH03,2025-07-06,2025-07-15,2025-07-15,748,741,2,93.9,70237.2,Medium,Road
SHP001601,SUP003,PRD023,WH02,2024-11-13,2024-11-26,2024-11-29,649,638,3,85.62,55567.38,Medium,Sea
SHP001602,SUP017,PRD016,WH06,2025-05-16,2025-05-28,2025-05-29,814,806,3,76.87,62572.18,Medium,Road
SHP001603,SUP019,PRD004,WH05,2025-01-15,2025-02-01,2025-02-03,302,297,12,118.19,35693.38,Low,Rail
SHP001604,SUP011,PRD008,WH01,2025-09-14,2025-09-28,2025-09-26,871,870,0,118.03,102804.13,Low,Rail
SHP001605,SUP018,PRD023,WH04,2024-01-14,2024-01-24,2024-01-24,764,762,23,114.41,87409.24,Medium,Road
SHP001606,SUP002,PRD025,WH01,2025-05-18,2025-06-03,2025-06-04,23,23,0,93.28,2145.44,Low,Road
SHP001607,SUP009,PRD010,WH01,2024-08-18,2024-09-06,2024-09-08,58,58,0,36.78,2133.24,Low,Road
SHP001608,SUP017,PRD001,WH05,2024-03-24,2024-04-07,2024-04-09,518,513,12,97.86,50691.48,Low,Air
SHP001609,SUP014,PRD010,WH02,2024-05-09,2024-05-13,2024-05-18,944,941,24,134.09,126580.96,High,Road
SHP001610,SUP004,PRD013,WH05,2024-05-24,2024-05-27,2024-05-27,473,470,11,118.85,56216.05,Low,Road
SHP001611,SUP017,PRD022,WH02,2024-01-28,2024-02-05,2024-02-08,749,736,24,132.28,99077.72,Low,Sea
SHP001612,SUP017,PRD006,WH04,2024-03-06,2024-03-23,2024-03-24,98,98,1,41.59,4075.82,Medium,Road
SHP001613,SUP012,PRD022,WH03,2024-06-11,2024-06-27,2024-06-28,688,683,15,118.33,81411.04,Low,Road
SHP001614,SUP020,PRD017,WH06,2024-08-16,2024-08-28,2024-08-26,559,554,10,30.09,16820.31,Medium,Road
SHP001615,SUP018,PRD022,WH06,2024-09-17,2024-09-27,2024-09-28,308,303,7,149.5,46046.0,Medium,Road
SHP001616,SUP003,PRD021,WH01,2025-03-24,2025-04-03,2025-04-03,574,565,0,53.73,30841.02,Medium,Rail
SHP001617,SUP011,PRD018,WH06,2025-02-27,2025-03-02,2025-03-03,275,272,5,96.7,26592.5,Medium,Road
SHP001618,SUP018,PRD015,WH05,2025-04-04,2025-04-15,2025-04-21,122,121,2,22.24,2713.28,Low,Road
SHP001619,SUP004,PRD002,WH05,2025-11-06,2025-11-16,2025-11-18,91,91,2,81.72,7436.52,Medium,Road
SHP001620,SUP017,PRD011,WH04,2024-10-27,2024-11-16,2024-11-19,87,87,2,36.57,3181.59,Low,Road
SHP001621,SUP018,PRD019,WH04,2024-10-29,2024-11-16,2024-11-19,230,227,9,110.28,25364.4,Low,Sea
SHP001622,SUP005,PRD001,WH03,2024-10-13,2024-10-26,2024-10-27,385,379,1,52.62,20258.7,Low,Sea
SHP001623,SUP014,PRD019,WH06,2025-01-29,2025-02-14,2025-02-13,883,882,30,120.23,106163.09,Medium,Road
SHP001624,SUP010,PRD009,WH05,2024-01-10,2024-01-22,2024-01-24,850,837,0,61.01,51858.5,High,Road
SHP001625,SUP015,PRD009,WH04,2025-09-21,2025-09-27,2025-10-01,557,547,12,116.39,64829.23,Low,Road
SHP001626,SUP001,PRD022,WH05,2024-09-26,2024-10-05,2024-10-08,160,159,2,66.05,10568.0,Medium,Road
SHP001627,SUP016,PRD017,WH03,2025-08-14,2025-08-19,2025-08-17,499,497,3,140.04,69879.96,Low,Air
SHP001628,SUP011,PRD018,WH06,2025-08-27,2025-09-13,2025-09-13,323,319,6,104.03,33601.69,Medium,Road
SHP001629,SUP020,PRD019,WH01,2024-12-26,2025-01-13,2025-01-12,397,395,14,14.87,5903.39,Medium,Road
SHP001630,SUP006,PRD009,WH01,2024-09-13,2024-09-28,2024-09-28,99,99,1,137.47,13609.53,Medium,Sea
SHP001631,SUP016,PRD009,WH05,2024-05-12,2024-05-17,2024-05-19,170,170,2,45.98,7816.6,Medium,Rail
SHP001632,SUP002,PRD025,WH05,2024-10-02,2024-10-12,2024-10-10,992,985,24,113.24,112334.08,High,Road
SHP001633,SUP001,PRD011,WH06,2025-11-13,2025-11-20,2025-11-22,659,649,5,144.88,95475.92,Medium,Road
SHP001634,SUP009,PRD004,WH04,2025-05-27,2025-06-15,2025-06-16,563,561,13,58.79,33098.77,Low,Road
SHP001635,SUP012,PRD008,WH06,2024-11-08,2024-11-14,2024-11-12,901,901,27,14.47,13037.47,Medium,Road
SHP001636,SUP017,PRD012,WH01,2025-07-29,2025-08-13,2025-08-14,279,278,2,124.36,34696.44,Low,Rail
SHP001637,SUP015,PRD004,WH01,2024-10-10,2024-10-13,2024-10-15,94,94,2,88.46,8315.24,Low,Road
SHP001638,SUP019,PRD009,WH03,2024-04-30,2024-05-15,2024-05-18,221,218,6,28.86,6378.06,Medium,Road
SHP001639,SUP010,PRD020,WH06,2024-04-16,2024-04-22,2024-04-22,869,865,0,35.27,30649.63,High,Road
SHP001640,SUP012,PRD003,WH06,2025-11-17,2025-11-27,2025-11-29,858,846,22,127.37,109283.46,Medium,Road
SHP001641,SUP014,PRD014,WH03,2024-07-22,2024-08-06,2024-08-06,69,69,1,45.14,3114.66,Low,Air
SHP001642,SUP009,PRD020,WH02,2024-06-13,2024-06-16,2024-06-16,522,517,2,26.68,13926.96,Low,Road
SHP001643,SUP013,PRD012,WH04,2024-10-31,2024-11-14,2024-11-16,445,440,8,104.9,46680.5,Medium,Road
SHP001644,SUP003,PRD020,WH04,2025-05-11,2025-05-20,2025-05-19,793,786,11,54.83,43480.19,Low,Rail
SHP001645,SUP014,PRD014,WH03,2025-09-23,2025-09-27,2025-09-29,163,162,4,56.24,9167.12,Medium,Rail
SHP001646,SUP010,PRD004,WH01,2025-07-09,2025-07-25,2025-07-27,461,459,0,147.31,67909.91,Medium,Rail
SHP001647,SUP016,PRD016,WH03,2024-06-04,2024-06-12,2024-06-12,981,974,10,120.87,118573.47,Low,Rail
SHP001648,SUP007,PRD003,WH04,2025-01-01,2025-01-18,2025-01-16,694,686,10,150.0,104100.0,Medium,Road
SHP001649,SUP004,PRD013,WH04,2025-09-11,2025-09-15,2025-09-16,134,133,3,124.94,16741.96,Medium,Road
SHP001650,SUP020,PRD006,WH02,2024-09-07,2024-09-14,2024-09-19,972,957,39,15.92,15474.24,Low,Air
SHP001651,SUP011,PRD011,WH06,2024-11-29,2024-12-07,2024-12-06,233,230,3,121.28,28258.24,Low,Road
SHP001652,SUP016,PRD015,WH03,2025-10-03,2025-10-11,2025-10-10,277,275,9,73.71,20417.67,Low,Road
SHP001653,SUP020,PRD017,WH02,2025-05-25,2025-06-11,2025-06-11,745,734,26,91.42,68107.9,Medium,Road
SHP001654,SUP004,PRD014,WH05,2024-10-19,2024-10-22,2024-10-20,850,835,21,95.63,81285.5,Medium,Road
SHP001655,SUP017,PRD004,WH01,2024-01-20,2024-02-08,2024-02-08,875,861,33,10.68,9345.0,Medium,Rail
SHP001656,SUP013,PRD017,WH04,2024-10-08,2024-10-17,2024-10-23,624,624,32,120.2,75004.8,Medium,Road
SHP001657,SUP011,PRD016,WH03,2024-01-01,2024-01-05,2024-01-07,326,322,9,114.97,37480.22,Low,Road
SHP001658,SUP003,PRD024,WH05,2024-04-28,2024-05-12,2024-05-10,599,593,14,97.21,58228.79,High,Road
SHP001659,SUP009,PRD012,WH03,2024-02-04,2024-02-22,2024-02-20,808,802,23,86.04,69520.32,Medium,Road
SHP001660,SUP006,PRD024,WH03,2024-07-16,2024-07-20,2024-07-21,384,379,9,136.38,52369.92,High,Road
SHP001661,SUP011,PRD025,WH01,2025-04-29,2025-05-12,2025-05-14,904,901,8,20.06,18134.24,Low,Road
SHP001662,SUP016,PRD009,WH05,2024-02-28,2024-03-19,2024-03-22,336,336,10,41.49,13940.64,Medium,Road
SHP001663,SUP019,PRD022,WH03,2024-06-09,2024-06-26,2024-06-29,896,895,23,124.56,111605.76,Medium,Road
SHP001664,SUP005,PRD010,WH03,2025-11-21,2025-11-27,2025-11-25,457,451,8,19.33,8833.81,Low,Road
SHP001665,SUP014,PRD010,WH02,2024-07-24,2024-08-04,2024-08-02,453,445,9,34.06,15429.18,Low,Road
SHP001666,SUP017,PRD007,WH04,2024-01-12,2024-01-29,2024-01-28,699,699,20,41.91,29295.09,Medium,Road
SHP001667,SUP003,PRD011,WH05,2025-05-04,2025-05-23,2025-05-25,625,625,16,120.51,75318.75,Low,Rail
SHP001668,SUP004,PRD005,WH06,2024-10-02,2024-10-21,2024-10-23,769,761,6,54.82,42156.58,Medium,Rail
SHP001669,SUP016,PRD013,WH06,2025-11-23,2025-12-08,2025-12-08,92,92,1,58.88,5416.96,High,Road
SHP001670,SUP016,PRD021,WH06,2024-08-29,2024-09-17,2024-09-20,927,921,20,145.46,134841.42,High,Road
SHP001671,SUP004,PRD011,WH02,2024-08-03,2024-08-18,2024-08-18,298,297,7,68.47,20404.06,Medium,Sea
SHP001672,SUP019,PRD013,WH04,2024-09-07,2024-09-16,2024-09-20,308,308,17,17.04,5248.32,Medium,Sea
SHP001673,SUP017,PRD016,WH02,2024-05-05,2024-05-15,2024-05-18,55,55,1,121.79,6698.45,High,Road
SHP001674,SUP013,PRD015,WH05,2024-08-04,2024-08-21,2024-08-24,745,740,17,88.9,66230.5,Medium,Rail
SHP001675,SUP001,PRD001,WH02,2024-11-01,2024-11-06,2024-11-04,702,693,0,134.21,94215.42,High,Rail
SHP001676,SUP012,PRD017,WH02,2024-07-03,2024-07-14,2024-07-14,118,117,2,83.06,9801.08,Medium,Road
SHP001677,SUP004,PRD015,WH04,2024-02-08,2024-02-17,2024-02-15,481,474,13,77.03,37051.43,Medium,Road
SHP001678,SUP011,PRD019,WH06,2024-08-10,2024-08-21,2024-08-21,692,689,13,31.15,21555.8,Medium,Road
SHP001679,SUP005,PRD002,WH04,2024-07-02,2024-07-22,2024-07-25,174,172,1,116.24,20225.76,Low,Rail
SHP001680,SUP002,PRD012,WH01,2025-05-09,2025-05-24,2025-05-26,769,755,20,108.14,83159.66,Medium,Road
SHP001681,SUP017,PRD025,WH02,2025-03-02,2025-03-11,2025-03-09,153,151,2,11.16,1707.48,Medium,Rail
SHP001682,SUP008,PRD013,WH02,2024-06-26,2024-07-06,2024-07-11,922,915,26,37.62,34685.64,Medium,Rail
SHP001683,SUP006,PRD020,WH06,2025-03-03,2025-03-06,2025-03-07,219,219,0,23.69,5188.11,Medium,Road
SHP001684,SUP009,PRD014,WH05,2024-10-20,2024-11-07,2024-11-08,928,918,29,86.59,80355.52,Medium,Road
SHP001685,SUP013,PRD005,WH01,2024-05-30,2024-06-09,2024-06-07,484,481,16,88.51,42838.84,Low,Road
SHP001686,SUP011,PRD015,WH04,2025-01-18,2025-02-05,2025-02-07,838,825,21,137.53,115250.14,Low,Rail
SHP001687,SUP016,PRD006,WH06,2025-09-29,2025-10-16,2025-10-18,359,353,12,6.25,2243.75,High,Rail
SHP001688,SUP016,PRD022,WH05,2024-11-03,2024-11-10,2024-11-08,806,794,23,36.78,29644.68,Low,Road
SHP001689,SUP002,PRD008,WH03,2024-12-01,2024-12-12,2024-12-13,766,763,13,76.5,58599.0,Medium,Rail
SHP001690,SUP010,PRD017,WH06,2025-01-09,2025-01-16,2025-01-16,460,455,0,4.05,1863.0,Low,Road
SHP001691,SUP012,PRD001,WH01,2024-01-08,2024-01-26,2024-01-26,33,33,0,123.61,4079.13,Medium,Road
SHP001692,SUP008,PRD006,WH04,2024-12-06,2024-12-18,2024-12-17,193,191,5,9.99,1928.07,Low,Rail
SHP001693,SUP011,PRD007,WH02,2024-05-08,2024-05-15,2024-05-16,917,910,14,82.14,75322.38,Medium,Road
SHP001694,SUP010,PRD001,WH02,2025-10-30,2025-11-18,2025-11-20,294,294,0,98.78,29041.32,High,Rail
SHP001695,SUP013,PRD018,WH02,2024-12-17,2024-12-30,2024-12-30,867,866,24,113.53,98430.51,Medium,Road
SHP001696,SUP017,PRD001,WH05,2024-12-23,2025-01-07,2025-01-11,223,220,4,92.16,20551.68,Medium,Road
SHP001697,SUP007,PRD010,WH06,2025-05-31,2025-06-19,2025-06-19,676,673,17,33.16,22416.16,High,Rail
SHP001698,SUP003,PRD006,WH03,2025-05-09,2025-05-26,2025-05-28,747,747,11,101.53,75842.91,Low,Road
SHP001699,SUP020,PRD011,WH04,2024-03-26,2024-04-02,2024-04-08,927,919,25,122.26,113335.02,Medium,Road
SHP001700,SUP013,PRD024,WH02,2024-06-23,2024-07-12,2024-07-13,141,140,2,43.23,6095.43,Low,Sea
SHP001701,SUP019,PRD019,WH03,2024-07-11,2024-07-25,2024-07-31,989,980,42,12.89,12748.21,Medium,Road
SHP001702,SUP007,PRD025,WH02,2024-11-06,2024-11-16,2024-11-16,328,327,7,49.93,16377.04,Low,Road
SHP001703,SUP009,PRD013,WH02,2024-04-28,2024-05-02,2024-05-03,801,792,9,86.04,68918.04,High,Rail
SHP001704,SUP019,PRD021,WH03,2024-08-05,2024-08-22,2024-08-28,495,493,23,118.66,58736.7,Medium,Sea
SHP001705,SUP013,PRD017,WH02,2025-03-02,2025-03-12,2025-03-13,562,557,16,55.11,30971.82,Low,Road
SHP001706,SUP008,PRD025,WH01,2025-02-17,2025-02-26,2025-02-26,497,489,6,14.98,7445.06,Low,Sea
SHP001707,SUP018,PRD001,WH03,2024-04-23,2024-05-07,2024-05-10,603,594,4,114.61,69109.83,Medium,Road
SHP001708,SUP002,PRD001,WH04,2024-05-24,2024-05-27,2024-05-26,168,168,3,7.03,1181.04,High,Road
SHP001709,SUP018,PRD001,WH01,2025-06-21,2025-06-26,2025-06-28,495,489,8,102.09,50534.55,Medium,Road
SHP001710,SUP018,PRD014,WH06,2025-10-09,2025-10-28,2025-10-29,545,537,3,130.78,71275.1,Medium,Road
SHP001711,SUP011,PRD024,WH04,2024-10-29,2024-11-03,2024-11-04,564,555,8,149.11,84098.04,Medium,Rail
SHP001712,SUP001,PRD004,WH03,2025-08-10,2025-08-15,2025-08-17,36,36,0,62.86,2262.96,Medium,Rail
SHP001713,SUP014,PRD010,WH05,2024-12-10,2024-12-29,2024-12-28,272,269,4,70.7,19230.4,Low,Road
SHP001714,SUP016,PRD015,WH04,2024-01-01,2024-01-17,2024-01-17,972,969,7,42.37,41183.64,High,Sea
SHP001715,SUP011,PRD019,WH01,2024-05-26,2024-06-06,2024-06-07,890,881,5,139.41,124074.9,Medium,Sea
SHP001716,SUP001,PRD018,WH01,2024-10-13,2024-10-18,2024-10-19,464,456,0,16.92,7850.88,High,Road
SHP001717,SUP007,PRD011,WH04,2025-10-15,2025-10-25,2025-10-26,550,547,13,75.25,41387.5,High,Rail
SHP001718,SUP016,PRD009,WH01,2024-02-22,2024-03-09,2024-03-13,388,383,11,103.35,40099.8,Low,Road
SHP001719,SUP014,PRD020,WH04,2024-10-30,2024-11-04,2024-11-05,374,374,7,55.04,20584.96,High,Rail
SHP001720,SUP015,PRD013,WH04,2024-03-09,2024-03-26,2024-04-01,903,888,32,3.45,3115.35,High,Road
SHP001721,SUP014,PRD021,WH01,2024-12-26,2025-01-08,2025-01-12,389,387,4,132.58,51573.62,Low,Road
SHP001722,SUP011,PRD007,WH05,2025-08-24,2025-08-30,2025-09-02,177,176,0,6.68,1182.36,Medium,Road
SHP001723,SUP016,PRD021,WH02,2024-08-07,2024-08-27,2024-08-29,893,888,20,7.01,6259.93,Medium,Road
SHP001724,SUP019,PRD004,WH05,2025-07-28,2025-08-17,2025-08-16,838,827,25,58.81,49282.78,Low,Sea
SHP001725,SUP017,PRD016,WH04,2025-08-07,2025-08-21,2025-08-23,403,402,15,103.88,41863.64,Medium,Rail
SHP001726,SUP006,PRD009,WH04,2024-06-09,2024-06-20,2024-06-20,196,194,3,66.1,12955.6,Medium,Road
SHP001727,SUP011,PRD021,WH01,2025-11-11,2025-11-29,2025-11-27,130,130,1,135.03,17553.9,Medium,Road
SHP001728,SUP017,PRD011,WH05,2024-03-29,2024-04-08,2024-04-10,648,640,6,129.39,83844.72,Low,Sea
SHP001729,SUP009,PRD023,WH01,2025-11-18,2025-11-25,2025-11-23,891,884,12,37.32,33252.12,Medium,Road
SHP001730,SUP018,PRD014,WH02,2025-08-07,2025-08-12,2025-08-12,492,487,12,79.2,38966.4,Medium,Road
SHP001731,SUP017,PRD018,WH03,2025-08-11,2025-08-27,2025-08-29,153,153,3,44.38,6790.14,Medium,Road
SHP001732,SUP012,PRD023,WH04,2024-06-07,2024-06-15,2024-06-16,53,53,0,122.6,6497.8,Medium,Rail
SHP001733,SUP005,PRD012,WH02,2025-05-03,2025-05-23,2025-05-24,617,611,12,103.95,64137.15,High,Road
SHP001734,SUP011,PRD002,WH02,2024-11-19,2024-11-29,2024-12-02,767,758,33,37.48,28747.16,High,Sea
SHP001735,SUP004,PRD017,WH04,2025-09-01,2025-09-11,2025-09-13,27,27,0,71.88,1940.76,Low,Road
SHP001736,SUP004,PRD011,WH02,2025-01-15,2025-01-29,2025-01-31,734,721,4,132.91,97555.94,Medium,Rail
SHP001737,SUP003,PRD023,WH06,2024-04-11,2024-04-27,2024-04-25,933,930,11,101.76,94942.08,High,Sea
SHP001738,SUP017,PRD022,WH06,2025-05-08,2025-05-15,2025-05-21,724,720,6,123.97,89754.28,Low,Road
SHP001739,SUP007,PRD024,WH05,2025-10-05,2025-10-22,2025-10-23,996,996,12,65.47,65208.12,Medium,Road
SHP001740,SUP004,PRD014,WH02,2025-09-05,2025-09-14,2025-09-14,932,923,7,110.07,102585.24,Medium,Rail
SHP001741,SUP013,PRD004,WH05,2024-01-19,2024-01-29,2024-01-27,761,758,18,5.41,4117.01,Medium,Rail
SHP001742,SUP012,PRD001,WH03,2025-03-29,2025-04-04,2025-04-10,356,352,11,44.36,15792.16,Medium,Rail
SHP001743,SUP001,PRD006,WH03,2025-04-26,2025-05-15,2025-05-17,390,388,0,132.44,51651.6,Medium,Road
SHP001744,SUP019,PRD012,WH01,2025-08-16,2025-08-29,2025-09-02,335,333,7,120.22,40273.7,Medium,Rail
SHP001745,SUP020,PRD023,WH05,2025-01-31,2025-02-10,2025-02-10,819,819,33,75.08,61490.52,Low,Rail
SHP001746,SUP018,PRD016,WH03,2024-10-05,2024-10-14,2024-10-13,974,971,28,69.28,67478.72,Low,Rail
SHP001747,SUP011,PRD018,WH03,2024-12-30,2025-01-09,2025-01-10,746,737,0,141.26,105379.96,High,Road
SHP001748,SUP020,PRD020,WH04,2024-11-26,2024-12-11,2024-12-17,424,418,1,76.5,32436.0,Low,Rail
SHP001749,SUP003,PRD018,WH05,2025-10-02,2025-10-11,2025-10-09,111,110,0,55.39,6148.29,Low,Road
SHP001750,SUP017,PRD015,WH01,2024-12-09,2024-12-17,2024-12-21,725,717,13,53.6,38860.0,Medium,Road
SHP001751,SUP012,PRD008,WH02,2025-03-30,2025-04-04,2025-04-05,350,345,13,97.01,33953.5,Medium,Road
SHP001752,SUP010,PRD021,WH05,2025-08-23,2025-08-29,2025-08-27,308,308,0,55.3,17032.4,Low,Sea
SHP001753,SUP008,PRD024,WH06,2025-10-16,2025-10-23,2025-10-21,622,616,18,120.42,74901.24,Low,Sea
SHP001754,SUP015,PRD015,WH02,2024-03-05,2024-03-23,2024-03-31,406,399,10,132.77,53904.62,Medium,Rail
SHP001755,SUP005,PRD017,WH06,2024-03-16,2024-03-26,2024-03-28,870,863,0,16.9,14703.0,Low,Road
SHP001756,SUP004,PRD019,WH06,2024-05-22,2024-05-31,2024-05-31,102,101,1,72.77,7422.54,Low,Road
SHP001757,SUP020,PRD006,WH02,2025-08-27,2025-08-30,2025-09-01,520,512,16,11.23,5839.6,Medium,Road
SHP001758,SUP019,PRD006,WH02,2025-04-17,2025-04-28,2025-04-30,831,826,26,88.31,73385.61,High,Sea
SHP001759,SUP004,PRD017,WH03,2025-02-20,2025-03-09,2025-03-10,217,216,4,101.8,22090.6,Medium,Sea
SHP001760,SUP015,PRD009,WH05,2024-10-31,2024-11-04,2024-11-07,814,808,45,61.48,50044.72,Medium,Sea
SHP001761,SUP017,PRD024,WH01,2025-05-11,2025-05-28,2025-05-28,634,631,8,126.15,79979.1,Low,Rail
SHP001762,SUP012,PRD010,WH05,2024-10-17,2024-10-24,2024-10-25,398,395,20,21.15,8417.7,High,Road
SHP001763,SUP003,PRD009,WH02,2024-04-11,2024-04-24,2024-04-22,896,886,20,113.29,101507.84,Medium,Road
SHP001764,SUP010,PRD008,WH06,2024-09-23,2024-10-01,2024-10-05,733,733,0,120.97,88671.01,Medium,Sea
SHP001765,SUP015,PRD024,WH05,2025-09-13,2025-09-16,2025-09-19,187,185,6,49.03,9168.61,Medium,Rail
SHP001766,SUP010,PRD014,WH05,2024-01-03,2024-01-20,2024-01-19,302,301,0,7.12,2150.24,Low,Rail
SHP001767,SUP018,PRD007,WH05,2024-03-25,2024-04-10,2024-04-16,845,839,27,29.52,24944.4,High,Road
SHP001768,SUP001,PRD015,WH02,2024-11-23,2024-11-27,2024-11-27,85,85,1,85.47,7264.95,Medium,Air
SHP001769,SUP003,PRD009,WH04,2025-03-25,2025-04-14,2025-04-13,769,756,21,69.77,53653.13,Medium,Sea
SHP001770,SUP012,PRD025,WH04,2025-03-29,2025-04-14,2025-04-18,163,161,1,100.89,16445.07,Low,Road
SHP001771,SUP001,PRD011,WH04,2025-09-20,2025-10-04,2025-10-02,630,629,4,45.05,28381.5,Low,Road
SHP001772,SUP003,PRD023,WH05,2024-08-08,2024-08-12,2024-08-13,411,404,5,43.43,17849.73,High,Rail
SHP001773,SUP003,PRD020,WH04,2024-06-02,2024-06-08,2024-06-07,186,184,6,140.98,26222.28,Medium,Road
SHP001774,SUP005,PRD004,WH04,2025-10-26,2025-10-31,2025-10-30,527,521,0,21.9,11541.3,Low,Road
SHP001775,SUP019,PRD003,WH02,2024-01-12,2024-01-31,2024-02-03,976,969,31,116.34,113547.84,Medium,Road
SHP001776,SUP001,PRD014,WH05,2024-05-12,2024-06-01,2024-05-30,510,510,0,61.32,31273.2,Medium,Road
SHP001777,SUP004,PRD004,WH06,2024-10-30,2024-11-05,2024-11-03,607,607,15,106.43,64603.01,Medium,Rail
SHP001778,SUP004,PRD023,WH04,2024-10-19,2024-10-26,2024-10-24,679,670,5,132.36,89872.44,Medium,Air
SHP001779,SUP017,PRD013,WH06,2024-10-26,2024-10-29,2024-10-30,671,670,9,72.33,48533.43,Medium,Road
SHP001780,SUP014,PRD014,WH02,2024-02-12,2024-02-16,2024-02-19,647,647,31,75.42,48796.74,Medium,Road
SHP001781,SUP018,PRD015,WH06,2024-12-08,2024-12-21,2024-12-21,404,399,15,53.82,21743.28,Medium,Road
SHP001782,SUP001,PRD016,WH06,2024-11-21,2024-12-07,2024-12-07,293,293,10,86.53,25353.29,Medium,Sea
SHP001783,SUP016,PRD008,WH05,2025-05-12,2025-05-16,2025-05-19,568,561,14,28.78,16347.04,Medium,Rail
SHP001784,SUP003,PRD008,WH06,2024-12-29,2025-01-08,2025-01-09,367,366,10,79.66,29235.22,Medium,Road
SHP001785,SUP009,PRD011,WH06,2025-03-02,2025-03-19,2025-03-18,156,155,2,54.01,8425.56,Medium,Road
SHP001786,SUP004,PRD003,WH05,2024-01-21,2024-02-03,2024-02-04,529,523,2,123.92,65553.68,Medium,Rail
SHP001787,SUP005,PRD022,WH01,2025-02-10,2025-02-17,2025-02-17,757,754,0,126.66,95881.62,Low,Road
SHP001788,SUP011,PRD007,WH01,2025-09-10,2025-09-19,2025-09-21,196,196,2,35.03,6865.88,Low,Rail
SHP001789,SUP009,PRD001,WH05,2024-12-01,2024-12-18,2024-12-17,522,517,9,40.58,21182.76,Low,Road
SHP001790,SUP003,PRD019,WH05,2024-04-26,2024-05-03,2024-05-03,252,248,2,61.35,15460.2,High,Rail
SHP001791,SUP006,PRD020,WH02,2024-05-03,2024-05-18,2024-05-21,466,466,6,62.23,28999.18,Medium,Rail
SHP001792,SUP011,PRD007,WH06,2025-02-02,2025-02-05,2025-02-03,688,679,20,5.83,4011.04,Medium,Road
SHP001793,SUP009,PRD016,WH01,2024-02-20,2024-03-02,2024-03-06,921,920,7,72.38,66661.98,High,Road
SHP001794,SUP015,PRD010,WH04,2024-11-19,2024-11-28,2024-12-04,331,329,12,133.11,44059.41,Low,Sea
SHP001795,SUP003,PRD005,WH05,2024-05-20,2024-06-04,2024-06-06,620,611,1,115.45,71579.0,Medium,Rail
SHP001796,SUP001,PRD015,WH06,2025-04-14,2025-04-27,2025-04-27,889,884,11,85.03,75591.67,Medium,Road
SHP001797,SUP020,PRD023,WH03,2024-11-29,2024-12-04,2024-12-05,428,422,8,63.04,26981.12,Medium,Road
SHP001798,SUP019,PRD023,WH05,2025-01-07,2025-01-15,2025-01-16,504,501,17,40.56,20442.24,Medium,Sea
SHP001799,SUP014,PRD019,WH04,2025-07-17,2025-07-21,2025-07-25,574,565,16,140.81,80824.94,Low,Sea
SHP001800,SUP017,PRD021,WH03,2025-05-08,2025-05-19,2025-05-22,657,650,20,29.71,19519.47,High,Sea
SHP001801,SUP014,PRD005,WH06,2025-06-22,2025-07-04,2025-07-10,359,357,9,91.08,32697.72,Low,Road
SHP001802,SUP017,PRD024,WH05,2025-10-30,2025-11-19,2025-11-19,230,230,1,94.51,21737.3,Low,Road
SHP001803,SUP014,PRD004,WH05,2024-06-04,2024-06-17,2024-06-26,769,757,14,100.84,77545.96,Low,Sea
SHP001804,SUP012,PRD021,WH06,2024-10-17,2024-10-29,2024-11-02,249,247,6,138.7,34536.3,High,Road
SHP001805,SUP016,PRD025,WH04,2025-10-09,2025-10-16,2025-10-15,394,391,12,12.94,5098.36,Medium,Road
SHP001806,SUP001,PRD020,WH01,2024-05-23,2024-05-29,2024-05-28,507,502,4,39.68,20117.76,Medium,Sea
SHP001807,SUP013,PRD005,WH06,2024-04-15,2024-05-05,2024-05-07,463,461,12,127.86,59199.18,Medium,Rail
SHP001808,SUP006,PRD009,WH06,2025-02-23,2025-03-10,2025-03-08,449,447,0,101.73,45676.77,Medium,Road
SHP001809,SUP017,PRD022,WH05,2025-10-31,2025-11-19,2025-11-23,272,269,4,93.06,25312.32,High,Rail
SHP001810,SUP012,PRD014,WH05,2025-10-19,2025-11-07,2025-11-10,771,759,28,108.03,83291.13,Low,Road
SHP001811,SUP019,PRD025,WH04,2024-01-02,2024-01-20,2024-01-27,144,144,5,99.36,14307.84,High,Rail
SHP001812,SUP006,PRD002,WH04,2025-08-11,2025-08-27,2025-08-25,458,453,0,45.68,20921.44,Medium,Rail
SHP001813,SUP007,PRD003,WH03,2025-10-05,2025-10-17,2025-10-15,890,886,6,82.44,73371.6,Low,Road
SHP001814,SUP001,PRD007,WH04,2024-03-30,2024-04-09,2024-04-09,957,952,8,80.43,76971.51,Low,Road
SHP001815,SUP001,PRD003,WH04,2024-12-10,2024-12-19,2024-12-21,168,166,1,80.61,13542.48,Medium,Road
SHP001816,SUP005,PRD006,WH03,2024-12-15,2024-12-23,2024-12-24,800,790,9,67.23,53784.0,Low,Road
SHP001817,SUP006,PRD011,WH02,2025-04-03,2025-04-23,2025-04-21,171,171,0,36.58,6255.18,Low,Road
SHP001818,SUP016,PRD025,WH06,2024-09-19,2024-10-07,2024-10-07,937,925,1,90.48,84779.76,Medium,Road
SHP001819,SUP016,PRD005,WH02,2024-12-16,2024-12-26,2024-12-29,910,906,8,84.94,77295.4,High,Sea
SHP001820,SUP014,PRD016,WH06,2024-04-17,2024-05-06,2024-05-05,84,84,2,80.7,6778.8,Medium,Road
SHP001821,SUP001,PRD007,WH02,2025-08-08,2025-08-21,2025-08-20,965,948,4,118.65,114497.25,Medium,Air
SHP001822,SUP013,PRD014,WH06,2024-02-08,2024-02-18,2024-02-19,927,927,25,40.03,37107.81,Medium,Sea
SHP001823,SUP020,PRD012,WH05,2024-06-07,2024-06-10,2024-06-14,97,97,2,41.31,4007.07,Medium,Air
SHP001824,SUP010,PRD003,WH02,2025-08-05,2025-08-09,2025-08-13,953,945,0,13.8,13151.4,Medium,Rail
SHP001825,SUP010,PRD014,WH01,2024-11-07,2024-11-26,2024-11-28,220,219,0,45.3,9966.0,Medium,Road
SHP001826,SUP009,PRD010,WH04,2024-08-28,2024-09-13,2024-09-15,502,496,10,73.31,36801.62,Medium,Road
SHP001827,SUP013,PRD025,WH06,2025-03-20,2025-03-28,2025-03-30,333,329,5,31.26,10409.58,Low,Sea
SHP001828,SUP003,PRD001,WH02,2024-10-24,2024-10-28,2024-10-26,829,817,31,33.65,27895.85,High,Road
SHP001829,SUP018,PRD018,WH03,2024-02-05,2024-02-20,2024-02-19,983,967,21,123.92,121813.36,Low,Rail
SHP001830,SUP020,PRD020,WH02,2024-03-24,2024-03-31,2024-04-05,370,368,12,89.29,33037.3,Medium,Sea
SHP001831,SUP002,PRD021,WH01,2025-03-27,2025-04-08,2025-04-09,278,278,3,44.83,12462.74,Low,Sea
SHP001832,SUP017,PRD012,WH03,2025-01-19,2025-01-25,2025-01-26,718,712,9,82.29,59084.22,Low,Road
SHP001833,SUP019,PRD001,WH05,2024-06-20,2024-07-07,2024-07-13,227,227,8,105.72,23998.44,High,Sea
SHP001834,SUP013,PRD005,WH04,2025-01-10,2025-01-21,2025-01-26,307,303,7,44.19,13566.33,Low,Road
SHP001835,SUP013,PRD003,WH03,2025-11-15,2025-11-26,2025-12-01,766,765,27,118.0,90388.0,Low,Rail
SHP001836,SUP001,PRD019,WH01,2024-12-27,2025-01-03,2025-01-01,888,881,0,140.63,124879.44,Low,Road
SHP001837,SUP002,PRD001,WH01,2025-07-12,2025-07-28,2025-07-31,639,639,21,16.81,10741.59,Low,Road
SHP001838,SUP001,PRD006,WH04,2024-05-20,2024-05-29,2024-05-27,952,947,10,76.24,72580.48,Low,Rail
SHP001839,SUP005,PRD024,WH06,2024-04-27,2024-05-05,2024-05-05,434,431,6,107.58,46689.72,Medium,Road
SHP001840,SUP003,PRD008,WH05,2024-10-03,2024-10-19,2024-10-19,93,93,0,67.46,6273.78,Medium,Air
SHP001841,SUP007,PRD020,WH05,2024-08-07,2024-08-22,2024-08-20,236,236,0,38.87,9173.32,High,Rail
SHP001842,SUP013,PRD009,WH05,2024-01-26,2024-02-04,2024-02-05,300,300,6,82.35,24705.0,Medium,Rail
SHP001843,SUP018,PRD018,WH02,2025-06-04,2025-06-18,2025-06-18,438,432,15,39.15,17147.7,Medium,Road
SHP001844,SUP007,PRD014,WH04,2024-01-10,2024-01-20,2024-01-20,545,538,0,5.03,2741.35,High,Sea
SHP001845,SUP001,PRD009,WH04,2025-01-12,2025-01-29,2025-01-31,534,533,7,124.69,66584.46,Low,Road
SHP001846,SUP005,PRD008,WH03,2025-09-24,2025-10-04,2025-10-04,687,682,2,3.05,2095.35,Low,Sea
SHP001847,SUP017,PRD017,WH02,2025-09-28,2025-10-17,2025-10-16,571,567,11,121.45,69347.95,Medium,Air
SHP001848,SUP008,PRD018,WH03,2025-11-12,2025-12-02,2025-12-01,412,407,9,15.13,6233.56,Low,Road
SHP001849,SUP015,PRD007,WH06,2025-08-06,2025-08-15,2025-08-14,535,526,28,115.46,61771.1,Low,Road
SHP001850,SUP020,PRD001,WH01,2024-05-31,2024-06-19,2024-06-21,691,680,30,131.47,90845.77,Medium,Air
SHP001851,SUP004,PRD012,WH04,2024-02-18,2024-02-24,2024-02-27,612,606,12,9.43,5771.16,Low,Sea
SHP001852,SUP002,PRD007,WH05,2024-06-02,2024-06-11,2024-06-14,779,774,23,105.82,82433.78,Medium,Road
SHP001853,SUP005,PRD002,WH02,2024-10-19,2024-11-01,2024-10-30,223,221,2,30.39,6776.97,Low,Sea
SHP001854,SUP001,PRD008,WH05,2025-08-02,2025-08-13,2025-08-18,27,27,0,136.29,3679.83,Low,Rail
SHP001855,SUP005,PRD004,WH01,2024-02-19,2024-03-07,2024-03-09,380,379,0,90.37,34340.6,Medium,Road
SHP001856,SUP006,PRD010,WH06,2025-10-25,2025-11-14,2025-11-13,816,803,0,16.19,13211.04,High,Rail
SHP001857,SUP002,PRD009,WH04,2025-06-14,2025-06-18,2025-06-20,661,649,8,26.68,17635.48,Low,Road
SHP001858,SUP001,PRD003,WH04,2025-09-03,2025-09-06,2025-09-07,995,979,13,61.82,61510.9,Medium,Road
SHP001859,SUP004,PRD015,WH06,2024-02-29,2024-03-20,2024-03-22,693,688,2,78.61,54476.73,Low,Sea
SHP001860,SUP007,PRD016,WH04,2024-06-15,2024-06-24,2024-06-22,830,829,1,140.51,116623.3,High,Rail
SHP001861,SUP001,PRD019,WH02,2024-07-20,2024-08-07,2024-08-09,358,355,3,126.17,45168.86,Low,Road
SHP001862,SUP001,PRD010,WH03,2024-05-25,2024-06-03,2024-06-02,219,216,3,138.08,30239.52,Medium,Road
SHP001863,SUP008,PRD002,WH02,2025-11-06,2025-11-21,2025-11-23,817,812,5,31.97,26119.49,Low,Rail
SHP001864,SUP020,PRD012,WH06,2025-03-14,2025-03-18,2025-03-18,299,297,10,116.56,34851.44,Medium,Rail
SHP001865,SUP016,PRD015,WH03,2024-08-29,2024-09-14,2024-09-12,880,865,13,148.06,130292.8,Low,Sea
SHP001866,SUP013,PRD008,WH03,2025-08-03,2025-08-23,2025-08-26,171,170,3,149.79,25614.09,Medium,Rail
SHP001867,SUP018,PRD022,WH05,2025-11-17,2025-11-23,2025-11-25,77,77,0,78.2,6021.4,Medium,Road
SHP001868,SUP020,PRD003,WH06,2025-07-14,2025-08-01,2025-08-03,857,857,31,35.49,30414.93,High,Rail
SHP001869,SUP010,PRD013,WH04,2025-04-27,2025-05-05,2025-05-04,130,130,1,104.64,13603.2,Low,Road
SHP001870,SUP012,PRD017,WH02,2024-04-17,2024-04-20,2024-04-18,90,90,2,110.51,9945.9,Low,Sea
SHP001871,SUP001,PRD010,WH05,2024-08-13,2024-08-29,2024-08-27,637,637,6,26.2,16689.4,Low,Air
SHP001872,SUP010,PRD021,WH01,2025-11-03,2025-11-06,2025-11-07,90,90,0,27.86,2507.4,Low,Rail
SHP001873,SUP009,PRD025,WH05,2025-09-22,2025-10-07,2025-10-08,822,811,6,103.08,84731.76,Medium,Rail
SHP001874,SUP003,PRD016,WH03,2025-10-22,2025-11-04,2025-11-05,249,248,2,54.31,13523.19,Low,Road
SHP001875,SUP019,PRD002,WH03,2025-10-23,2025-11-09,2025-11-09,94,94,4,29.72,2793.68,Medium,Road
SHP001876,SUP009,PRD023,WH01,2025-03-07,2025-03-27,2025-03-26,351,349,6,42.9,15057.9,Medium,Sea
SHP001877,SUP010,PRD004,WH02,2025-10-16,2025-11-01,2025-10-30,384,383,0,71.65,27513.6,Medium,Road
SHP001878,SUP019,PRD016,WH03,2025-02-22,2025-03-03,2025-03-04,617,611,21,104.41,64420.97,Low,Air
SHP001879,SUP016,PRD025,WH05,2025-03-30,2025-04-03,2025-04-01,294,290,8,45.46,13365.24,Medium,Sea
SHP001880,SUP018,PRD010,WH04,2024-06-08,2024-06-17,2024-06-19,700,697,22,16.13,11291.0,Low,Road
SHP001881,SUP014,PRD015,WH01,2025-06-06,2025-06-22,2025-06-24,430,426,4,7.39,3177.7,Low,Road
SHP001882,SUP003,PRD002,WH04,2025-10-11,2025-10-22,2025-10-22,657,652,9,117.9,77460.3,Low,Road
SHP001883,SUP002,PRD023,WH03,2025-08-12,2025-08-27,2025-09-03,674,664,23,105.03,70790.22,Low,Road
SHP001884,SUP001,PRD025,WH04,2024-03-17,2024-03-25,2024-03-23,197,195,3,115.96,22844.12,Medium,Sea
SHP001885,SUP018,PRD001,WH05,2025-05-23,2025-05-29,2025-05-28,665,661,27,82.94,55155.1,High,Road
SHP001886,SUP009,PRD009,WH02,2025-03-16,2025-03-23,2025-03-21,383,382,0,148.86,57013.38,Medium,Sea
SHP001887,SUP013,PRD025,WH03,2024-09-10,2024-09-20,2024-09-22,367,367,13,94.56,34703.52,Medium,Sea
SHP001888,SUP002,PRD022,WH02,2024-11-15,2024-12-02,2024-12-03,522,515,14,122.26,63819.72,Medium,Road
SHP001889,SUP007,PRD011,WH02,2024-09-19,2024-09-25,2024-09-23,329,326,4,16.01,5267.29,High,Road
SHP001890,SUP016,PRD015,WH03,2025-08-19,2025-08-25,2025-08-28,547,541,16,36.38,19899.86,Medium,Road
SHP001891,SUP019,PRD012,WH04,2025-10-19,2025-10-22,2025-10-24,419,418,23,62.93,26367.67,Low,Sea
SHP001892,SUP015,PRD005,WH06,2025-07-07,2025-07-27,2025-07-26,797,784,40,114.89,91567.33,Low,Road
SHP001893,SUP011,PRD004,WH06,2025-01-08,2025-01-17,2025-01-19,26,26,0,28.57,742.82,Medium,Road
SHP001894,SUP001,PRD004,WH02,2025-09-28,2025-10-11,2025-10-11,604,604,7,136.94,82711.76,High,Road
SHP001895,SUP007,PRD017,WH02,2024-06-15,2024-06-30,2024-07-02,498,492,1,29.92,14900.16,Medium,Road
SHP001896,SUP020,PRD023,WH05,2025-04-03,2025-04-08,2025-04-11,428,426,9,79.14,33871.92,Medium,Road
SHP001897,SUP008,PRD005,WH03,2024-10-06,2024-10-19,2024-10-17,580,577,14,59.17,34318.6,High,Sea
SHP001898,SUP010,PRD007,WH01,2025-11-30,2025-12-16,2025-12-19,697,690,0,61.37,42774.89,Medium,Road
SHP001899,SUP005,PRD010,WH02,2024-10-28,2024-11-01,2024-11-04,871,871,0,137.58,119832.18,Medium,Air
SHP001900,SUP009,PRD013,WH01,2025-06-14,2025-06-28,2025-06-28,824,818,14,64.38,53049.12,Low,Rail
SHP001901,SUP001,PRD009,WH02,2025-08-02,2025-08-22,2025-08-20,283,279,3,111.26,31486.58,Medium,Rail
SHP001902,SUP002,PRD018,WH02,2024-08-05,2024-08-17,2024-08-21,683,678,18,69.18,47249.94,Low,Road
SHP001903,SUP019,PRD016,WH05,2024-04-11,2024-04-21,2024-04-28,927,921,31,16.02,14850.54,Medium,Road
SHP001904,SUP014,PRD003,WH04,2025-07-07,2025-07-13,2025-07-19,731,728,34,66.95,48940.45,Low,Road
SHP001905,SUP020,PRD010,WH03,2024-10-14,2024-10-25,2024-10-30,215,215,5,42.69,9178.35,Medium,Sea
SHP001906,SUP010,PRD011,WH02,2024-06-15,2024-06-18,2024-06-19,36,36,0,106.32,3827.52,Medium,Road
SHP001907,SUP009,PRD021,WH05,2025-09-12,2025-09-20,2025-09-21,282,282,7,100.05,28214.1,Medium,Sea
SHP001908,SUP010,PRD024,WH03,2024-02-05,2024-02-19,2024-02-17,530,529,0,74.17,39310.1,Low,Rail
SHP001909,SUP006,PRD014,WH05,2024-12-18,2025-01-01,2024-12-31,522,517,5,52.68,27498.96,Low,Road
SHP001910,SUP017,PRD004,WH01,2025-11-06,2025-11-26,2025-11-25,853,843,16,104.58,89206.74,Medium,Road
SHP001911,SUP006,PRD023,WH02,2024-03-13,2024-03-28,2024-03-30,420,414,3,63.57,26699.4,High,Road
SHP001912,SUP004,PRD009,WH01,2025-10-09,2025-10-28,2025-10-28,867,852,25,83.75,72611.25,Medium,Road
SHP001913,SUP020,PRD019,WH06,2024-12-18,2025-01-05,2025-01-06,386,382,11,127.98,49400.28,Low,Road
SHP001914,SUP003,PRD024,WH01,2024-03-10,2024-03-21,2024-03-20,240,239,3,51.67,12400.8,Low,Road
SHP001915,SUP019,PRD005,WH01,2025-02-28,2025-03-12,2025-03-19,971,956,26,18.53,17992.63,Medium,Rail
SHP001916,SUP018,PRD010,WH05,2025-07-14,2025-07-23,2025-07-23,859,858,18,111.1,95434.9,High,Sea
SHP001917,SUP004,PRD007,WH01,2025-10-03,2025-10-23,2025-10-21,929,929,21,83.13,77227.77,Medium,Road
SHP001918,SUP008,PRD019,WH06,2025-05-31,2025-06-15,2025-06-18,257,253,3,149.42,38400.94,High,Rail
SHP001919,SUP017,PRD003,WH06,2025-03-03,2025-03-12,2025-03-12,57,57,1,115.59,6588.63,High,Road
SHP001920,SUP005,PRD015,WH05,2025-06-22,2025-07-10,2025-07-08,372,366,0,132.57,49316.04,Low,Road
SHP001921,SUP013,PRD006,WH04,2024-06-08,2024-06-22,2024-06-24,438,432,8,71.95,31514.1,High,Rail
SHP001922,SUP001,PRD012,WH05,2024-05-28,2024-06-10,2024-06-12,828,827,19,13.25,10971.0,High,Road
SHP001923,SUP013,PRD002,WH02,2024-08-17,2024-08-22,2024-08-23,628,619,4,89.47,56187.16,Low,Road
SHP001924,SUP004,PRD012,WH06,2025-07-15,2025-07-27,2025-07-28,608,598,10,41.39,25165.12,High,Road
SHP001925,SUP014,PRD023,WH01,2024-03-07,2024-03-12,2024-03-17,765,757,28,142.01,108637.65,Medium,Rail
SHP001926,SUP003,PRD018,WH05,2025-01-15,2025-01-18,2025-01-18,410,405,6,133.75,54837.5,High,Air
SHP001927,SUP005,PRD019,WH04,2024-02-27,2024-03-07,2024-03-05,944,928,4,29.36,27715.84,High,Road
SHP001928,SUP007,PRD011,WH05,2024-09-15,2024-09-20,2024-09-21,327,325,0,121.5,39730.5,Medium,Sea
SHP001929,SUP001,PRD015,WH02,2024-12-07,2024-12-25,2024-12-26,669,668,11,46.35,31008.15,Medium,Road
SHP001930,SUP012,PRD025,WH06,2024-05-09,2024-05-12,2024-05-13,836,829,21,147.43,123251.48,High,Air
SHP001931,SUP011,PRD016,WH03,2024-06-20,2024-07-08,2024-07-11,904,890,8,149.62,135256.48,Medium,Road
SHP001932,SUP008,PRD013,WH02,2025-09-05,2025-09-22,2025-09-22,926,914,25,123.07,113962.82,High,Road
SHP001933,SUP006,PRD001,WH02,2024-07-27,2024-08-14,2024-08-14,771,761,12,121.16,93414.36,Low,Road
SHP001934,SUP002,PRD021,WH04,2024-12-19,2024-12-30,2024-12-31,100,100,1,49.23,4923.0,Medium,Road
SHP001935,SUP019,PRD006,WH03,2025-04-15,2025-04-22,2025-04-26,646,646,28,60.28,38940.88,Medium,Sea
SHP001936,SUP020,PRD020,WH06,2024-04-25,2024-04-28,2024-05-03,620,616,23,134.49,83383.8,Medium,Rail
SHP001937,SUP020,PRD008,WH05,2024-09-20,2024-09-30,2024-10-01,66,66,1,122.69,8097.54,Low,Sea
SHP001938,SUP014,PRD004,WH04,2025-10-23,2025-11-08,2025-11-16,401,397,16,35.42,14203.42,Medium,Rail
SHP001939,SUP001,PRD002,WH04,2025-03-17,2025-03-27,2025-03-26,662,659,16,75.72,50126.64,Medium,Road
SHP001940,SUP010,PRD019,WH02,2025-07-01,2025-07-18,2025-07-18,410,406,5,144.45,59224.5,Medium,Sea
SHP001941,SUP016,PRD007,WH01,2025-03-28,2025-04-01,2025-04-01,189,189,4,145.61,27520.29,Medium,Road
SHP001942,SUP004,PRD014,WH05,2025-04-21,2025-05-07,2025-05-05,506,504,11,87.21,44128.26,High,Sea
SHP001943,SUP011,PRD006,WH05,2024-10-13,2024-10-21,2024-10-24,547,541,11,129.37,70765.39,Medium,Road
SHP001944,SUP016,PRD017,WH06,2024-10-29,2024-11-11,2024-11-12,666,655,0,142.97,95218.02,High,Rail
SHP001945,SUP020,PRD007,WH06,2024-11-06,2024-11-26,2024-11-28,865,855,15,129.96,112415.4,High,Road
SHP001946,SUP001,PRD006,WH04,2024-07-26,2024-08-12,2024-08-11,696,694,8,70.21,48866.16,High,Road
SHP001947,SUP016,PRD012,WH06,2025-09-09,2025-09-18,2025-09-16,860,855,21,130.47,112204.2,Medium,Road
SHP001948,SUP019,PRD014,WH02,2025-03-21,2025-03-24,2025-03-27,646,638,28,121.11,78237.06,Low,Road
SHP001949,SUP009,PRD022,WH02,2025-10-31,2025-11-12,2025-11-10,833,820,5,133.84,111488.72,Low,Road
SHP001950,SUP009,PRD014,WH06,2025-09-24,2025-10-07,2025-10-08,982,974,9,96.01,94281.82,Medium,Sea
SHP001951,SUP009,PRD020,WH01,2024-02-24,2024-03-10,2024-03-09,781,772,15,21.67,16924.27,Medium,Road
SHP001952,SUP017,PRD015,WH02,2024-01-12,2024-01-22,2024-01-22,913,909,7,91.35,83402.55,High,Road
SHP001953,SUP012,PRD003,WH02,2025-10-18,2025-11-06,2025-11-06,451,450,8,97.46,43954.46,Low,Road
SHP001954,SUP013,PRD016,WH03,2025-02-03,2025-02-10,2025-02-13,495,490,3,106.51,52722.45,Low,Road
SHP001955,SUP008,PRD010,WH06,2025-10-09,2025-10-28,2025-10-26,801,798,12,29.83,23893.83,Medium,Air
SHP001956,SUP016,PRD007,WH06,2025-05-29,2025-06-16,2025-06-15,744,740,15,4.53,3370.32,High,Road
SHP001957,SUP018,PRD020,WH03,2025-10-17,2025-10-30,2025-11-01,895,893,32,31.43,28129.85,Medium,Road
SHP001958,SUP001,PRD022,WH04,2025-06-25,2025-07-01,2025-07-02,305,302,2,102.66,31311.3,Medium,Road
SHP001959,SUP001,PRD021,WH03,2024-08-24,2024-08-30,2024-08-28,398,393,2,30.78,12250.44,Medium,Road
SHP001960,SUP012,PRD007,WH06,2024-10-05,2024-10-22,2024-10-25,30,30,1,51.5,1545.0,Medium,Road
SHP001961,SUP006,PRD013,WH06,2024-12-13,2024-12-17,2024-12-17,52,52,0,128.12,6662.24,High,Road
SHP001962,SUP009,PRD017,WH03,2025-09-18,2025-09-22,2025-09-23,777,777,9,116.69,90668.13,Medium,Road
SHP001963,SUP005,PRD008,WH01,2024-04-13,2024-05-02,2024-05-01,278,275,0,116.25,32317.5,Low,Air
SHP001964,SUP016,PRD008,WH06,2025-09-21,2025-10-10,2025-10-14,980,967,38,142.82,139963.6,High,Road
SHP001965,SUP018,PRD010,WH05,2025-05-31,2025-06-09,2025-06-09,274,272,6,139.01,38088.74,Low,Road
SHP001966,SUP017,PRD002,WH06,2024-09-04,2024-09-09,2024-09-11,297,293,3,79.43,23590.71,Medium,Rail
SHP001967,SUP018,PRD020,WH03,2024-12-29,2025-01-17,2025-01-21,590,589,14,24.82,14643.8,High,Rail
SHP001968,SUP001,PRD025,WH04,2024-11-16,2024-11-29,2024-12-01,606,597,2,61.72,37402.32,Low,Air
SHP001969,SUP019,PRD019,WH01,2025-09-24,2025-10-01,2025-10-02,193,192,9,28.19,5440.67,Medium,Road
SHP001970,SUP008,PRD005,WH05,2024-10-12,2024-10-19,2024-10-20,594,590,0,28.24,16774.56,Low,Road
SHP001971,SUP003,PRD006,WH06,2024-05-28,2024-06-13,2024-06-11,77,77,0,62.29,4796.33,Medium,Rail
SHP001972,SUP005,PRD020,WH05,2024-03-24,2024-04-09,2024-04-07,11,11,0,46.39,510.29,High,Road
SHP001973,SUP008,PRD018,WH01,2025-02-09,2025-02-12,2025-02-11,445,438,10,82.34,36641.3,Low,Road
SHP001974,SUP019,PRD023,WH01,2025-03-31,2025-04-16,2025-04-21,102,102,1,26.87,2740.74,Medium,Rail
SHP001975,SUP018,PRD016,WH03,2024-06-09,2024-06-29,2024-06-28,402,397,12,85.75,34471.5,Low,Road
SHP001976,SUP018,PRD008,WH01,2025-04-04,2025-04-15,2025-04-16,734,730,19,145.47,106774.98,Medium,Sea
SHP001977,SUP001,PRD025,WH04,2025-07-03,2025-07-22,2025-07-22,268,266,2,51.38,13769.84,Medium,Road
SHP001978,SUP015,PRD010,WH04,2025-05-14,2025-05-25,2025-05-25,631,630,32,124.04,78269.24,High,Sea
SHP001979,SUP018,PRD004,WH04,2025-05-23,2025-06-04,2025-06-04,187,186,4,144.72,27062.64,Medium,Road
SHP001980,SUP007,PRD009,WH04,2025-10-15,2025-10-26,2025-10-24,640,631,2,80.28,51379.2,Medium,Sea
SHP001981,SUP016,PRD025,WH06,2025-04-25,2025-05-13,2025-05-15,556,553,12,93.51,51991.56,High,Rail
SHP001982,SUP016,PRD002,WH01,2025-10-24,2025-10-29,2025-10-30,540,539,8,23.12,12484.8,Low,Road
SHP001983,SUP015,PRD001,WH02,2024-04-23,2024-04-30,2024-05-05,496,493,20,79.6,39481.6,High,Sea
SHP001984,SUP006,PRD025,WH01,2025-07-31,2025-08-07,2025-08-08,123,122,0,141.73,17432.79,Medium,Road
SHP001985,SUP009,PRD011,WH05,2024-12-26,2025-01-01,2024-12-31,482,476,5,54.3,26172.6,Medium,Road
SHP001986,SUP007,PRD007,WH05,2024-12-06,2024-12-13,2024-12-12,853,840,0,85.72,73119.16,Low,Road
SHP001987,SUP014,PRD005,WH03,2025-03-24,2025-04-09,2025-04-16,616,605,18,38.37,23635.92,High,Road
SHP001988,SUP011,PRD022,WH02,2024-06-28,2024-07-02,2024-07-02,743,737,2,91.11,67694.73,Low,Road
SHP001989,SUP016,PRD003,WH04,2025-02-10,2025-02-19,2025-02-20,434,433,14,102.96,44684.64,Medium,Road
SHP001990,SUP006,PRD014,WH02,2025-10-27,2025-11-12,2025-11-10,948,948,0,54.21,51391.08,High,Road
SHP001991,SUP016,PRD002,WH01,2024-07-14,2024-07-24,2024-07-28,284,282,0,143.03,40620.52,High,Road
SHP001992,SUP020,PRD008,WH03,2025-04-10,2025-04-28,2025-04-27,884,869,23,125.02,110517.68,Medium,Sea
SHP001993,SUP016,PRD006,WH06,2024-11-06,2024-11-12,2024-11-12,696,692,16,122.88,85524.48,Low,Rail
SHP001994,SUP012,PRD020,WH05,2024-09-18,2024-10-07,2024-10-09,885,876,23,116.08,102730.8,Medium,Sea
SHP001995,SUP017,PRD003,WH03,2025-02-22,2025-03-03,2025-03-06,75,75,2,102.73,7704.75,Medium,Road
SHP001996,SUP005,PRD015,WH04,2025-02-09,2025-02-20,2025-02-24,327,327,0,10.39,3397.53,Medium,Road
SHP001997,SUP013,PRD005,WH01,2024-05-22,2024-06-04,2024-06-05,751,743,16,82.45,61919.95,Low,Sea
SHP001998,SUP008,PRD022,WH03,2024-12-07,2024-12-13,2024-12-15,530,524,10,50.92,26987.6,Medium,Rail
SHP001999,SUP005,PRD004,WH04,2024-11-11,2024-11-16,2024-11-18,417,412,3,119.99,50035.83,Medium,Road
SHP002000,SUP012,PRD021,WH01,2024-04-10,2024-04-21,2024-04-20,219,216,8,64.82,14195.58,Medium,Road
SHP002001,SUP009,PRD019,WH06,2024-08-31,2024-09-18,2024-09-18,885,879,12,27.97,24753.45,Low,Road
SHP002002,SUP003,PRD009,WH04,2025-05-04,2025-05-21,2025-05-19,805,794,8,3.65,2938.25,Low,Rail
SHP002003,SUP003,PRD006,WH04,2024-01-12,2024-01-25,2024-01-23,998,994,20,65.14,65009.72,High,Rail
SHP002004,SUP001,PRD007,WH06,2024-08-26,2024-09-13,2024-09-13,968,968,12,121.93,118028.24,Low,Sea
SHP002005,SUP018,PRD013,WH04,2025-07-14,2025-07-20,2025-07-20,710,702,21,52.05,36955.5,Medium,Sea
SHP002006,SUP012,PRD006,WH02,2024-02-11,2024-03-01,2024-03-08,762,760,9,79.66,60700.92,Medium,Road
SHP002007,SUP009,PRD006,WH03,2025-11-08,2025-11-19,2025-11-18,925,921,11,99.44,91982.0,Medium,Road
SHP002008,SUP009,PRD025,WH04,2025-08-16,2025-08-22,2025-08-24,916,913,18,26.72,24475.52,Low,Road
SHP002009,SUP018,PRD006,WH03,2025-03-04,2025-03-19,2025-03-17,881,878,35,2.02,1779.62,Medium,Sea
SHP002010,SUP018,PRD021,WH03,2024-06-06,2024-06-21,2024-06-24,97,97,2,63.02,6112.94,High,Road
SHP002011,SUP007,PRD011,WH06,2024-08-03,2024-08-10,2024-08-10,351,345,3,20.11,7058.61,Medium,Road
SHP002012,SUP004,PRD025,WH01,2025-10-31,2025-11-18,2025-11-20,461,461,12,36.28,16725.08,High,Road
SHP002013,SUP013,PRD020,WH01,2025-04-06,2025-04-25,2025-04-23,624,622,9,94.96,59255.04,High,Road
SHP002014,SUP017,PRD017,WH04,2024-05-13,2024-05-16,2024-05-15,719,707,1,2.17,1560.23,Medium,Road
SHP002015,SUP002,PRD002,WH03,2024-03-07,2024-03-22,2024-03-26,530,525,21,144.52,76595.6,Medium,Rail
SHP002016,SUP014,PRD015,WH05,2024-01-07,2024-01-24,2024-01-26,365,365,8,149.64,54618.6,Low,Rail
SHP002017,SUP003,PRD002,WH01,2025-06-09,2025-06-18,2025-06-17,425,421,6,52.25,22206.25,Medium,Road
SHP002018,SUP005,PRD015,WH05,2024-03-13,2024-03-25,2024-03-26,552,551,0,12.37,6828.24,High,Road
SHP002019,SUP014,PRD020,WH01,2025-02-02,2025-02-07,2025-02-07,616,615,30,110.57,68111.12,Medium,Sea
SHP002020,SUP003,PRD005,WH04,2025-02-08,2025-02-27,2025-02-25,359,353,13,35.06,12586.54,Low,Rail
SHP002021,SUP007,PRD012,WH06,2025-11-05,2025-11-12,2025-11-14,292,290,8,66.09,19298.28,Low,Sea
SHP002022,SUP018,PRD006,WH06,2025-07-31,2025-08-18,2025-08-17,159,158,3,58.07,9233.13,Medium,Road
SHP002023,SUP013,PRD018,WH04,2024-05-09,2024-05-12,2024-05-14,125,124,3,21.42,2677.5,Medium,Road
SHP002024,SUP010,PRD012,WH05,2025-04-10,2025-04-14,2025-04-14,775,762,11,136.78,106004.5,Medium,Road
SHP002025,SUP013,PRD019,WH06,2024-07-24,2024-08-06,2024-08-04,957,943,28,50.63,48452.91,Low,Sea
SHP002026,SUP016,PRD005,WH03,2024-09-22,2024-10-12,2024-10-12,559,559,14,130.8,73117.2,Medium,Road
SHP002027,SUP009,PRD011,WH01,2025-06-20,2025-06-30,2025-06-28,377,371,11,98.32,37066.64,Low,Road
SHP002028,SUP002,PRD020,WH06,2024-09-09,2024-09-26,2024-09-25,224,221,0,93.04,20840.96,Low,Rail
SHP002029,SUP005,PRD018,WH05,2024-10-15,2024-10-18,2024-10-17,144,143,2,118.86,17115.84,High,Sea
SHP002030,SUP017,PRD021,WH01,2024-06-12,2024-06-20,2024-06-19,557,557,17,98.24,54719.68,Low,Rail
SHP002031,SUP004,PRD014,WH05,2024-04-04,2024-04-12,2024-04-15,382,378,2,136.54,52158.28,Low,Road
SHP002032,SUP017,PRD006,WH02,2024-04-19,2024-05-08,2024-05-09,509,503,18,98.97,50375.73,Medium,Air
SHP002033,SUP009,PRD008,WH04,2024-12-01,2024-12-10,2024-12-11,94,94,3,126.43,11884.42,Medium,Rail
SHP002034,SUP020,PRD015,WH06,2024-08-25,2024-09-14,2024-09-16,391,390,12,35.62,13927.42,High,Road
SHP002035,SUP002,PRD014,WH03,2025-01-15,2025-01-25,2025-01-25,228,226,6,90.95,20736.6,High,Sea
SHP002036,SUP018,PRD023,WH03,2025-03-11,2025-03-16,2025-03-16,727,725,14,117.59,85487.93,Low,Road
SHP002037,SUP011,PRD020,WH03,2025-04-27,2025-05-09,2025-05-11,791,781,7,29.44,23287.04,High,Road
SHP002038,SUP013,PRD005,WH03,2024-01-25,2024-02-08,2024-02-10,167,166,2,71.49,11938.83,Medium,Rail
SHP002039,SUP008,PRD001,WH03,2025-10-14,2025-10-24,2025-10-23,206,205,4,133.74,27550.44,Medium,Road
SHP002040,SUP001,PRD014,WH03,2024-04-26,2024-05-01,2024-04-30,547,544,10,33.57,18362.79,High,Sea
SHP002041,SUP017,PRD025,WH04,2025-04-26,2025-05-12,2025-05-12,931,928,40,77.4,72059.4,High,Rail
SHP002042,SUP012,PRD009,WH03,2025-01-26,2025-02-03,2025-02-02,912,904,26,5.17,4715.04,Medium,Rail
SHP002043,SUP004,PRD006,WH04,2025-06-20,2025-07-01,2025-07-03,865,851,26,59.71,51649.15,Low,Sea
SHP002044,SUP013,PRD020,WH03,2024-03-19,2024-04-08,2024-04-09,189,189,4,96.82,18298.98,Medium,Air
SHP002045,SUP009,PRD013,WH03,2025-08-02,2025-08-05,2025-08-06,152,152,2,112.08,17036.16,Medium,Road
SHP002046,SUP007,PRD023,WH06,2024-06-21,2024-07-04,2024-07-04,869,855,15,61.69,53608.61,High,Rail
SHP002047,SUP005,PRD016,WH04,2024-01-12,2024-01-20,2024-01-18,551,550,0,43.84,24155.84,Low,Rail
SHP002048,SUP005,PRD010,WH02,2024-05-07,2024-05-16,2024-05-14,235,235,0,13.97,3282.95,Low,Road
SHP002049,SUP017,PRD012,WH05,2025-08-30,2025-09-14,2025-09-18,762,758,17,135.28,103083.36,Medium,Road
SHP002050,SUP009,PRD006,WH04,2024-04-01,2024-04-21,2024-04-19,68,68,0,43.59,2964.12,Medium,Road
SHP002051,SUP006,PRD020,WH02,2025-10-14,2025-10-20,2025-10-20,463,459,2,123.67,57259.21,High,Road
SHP002052,SUP019,PRD016,WH03,2025-06-26,2025-07-09,2025-07-10,543,535,19,106.46,57807.78,High,Road
SHP002053,SUP016,PRD019,WH01,2025-06-15,2025-06-25,2025-06-24,541,539,9,134.35,72683.35,Medium,Road
SHP002054,SUP002,PRD001,WH06,2025-10-19,2025-11-07,2025-11-07,640,632,12,87.3,55872.0,High,Sea
SHP002055,SUP010,PRD015,WH01,2025-03-22,2025-03-31,2025-03-29,792,792,4,130.16,103086.72,Low,Road
SHP002056,SUP016,PRD018,WH02,2025-01-24,2025-02-11,2025-02-10,94,94,1,136.73,12852.62,Medium,Sea
SHP002057,SUP005,PRD004,WH04,2025-11-02,2025-11-09,2025-11-07,85,85,0,10.21,867.85,Medium,Road
SHP002058,SUP015,PRD012,WH04,2024-02-12,2024-02-19,2024-02-25,310,307,15,34.38,10657.8,Medium,Rail
SHP002059,SUP013,PRD013,WH02,2024-09-10,2024-09-27,2024-09-28,103,102,3,140.04,14424.12,Low,Sea
SHP002060,SUP013,PRD021,WH03,2024-05-09,2024-05-27,2024-05-29,144,144,5,49.73,7161.12,Low,Road
SHP002061,SUP013,PRD003,WH06,2024-02-29,2024-03-20,2024-03-21,958,943,27,35.81,34305.98,Low,Rail
SHP002062,SUP015,PRD002,WH01,2025-10-24,2025-11-07,2025-11-14,564,555,19,24.33,13722.12,Low,Sea
SHP002063,SUP014,PRD013,WH03,2025-04-11,2025-04-23,2025-04-25,675,663,16,114.34,77179.5,High,Rail
SHP002064,SUP008,PRD016,WH04,2024-10-13,2024-10-20,2024-10-19,30,30,0,62.84,1885.2,Medium,Road
SHP002065,SUP011,PRD018,WH06,2025-05-31,2025-06-03,2025-06-02,526,525,2,122.66,64519.16,Medium,Rail
SHP002066,SUP018,PRD022,WH06,2025-04-11,2025-04-26,2025-04-24,933,924,23,62.35,58172.55,High,Sea
SHP002067,SUP004,PRD020,WH02,2024-12-10,2024-12-23,2024-12-26,652,642,8,118.61,77333.72,High,Sea
SHP002068,SUP010,PRD007,WH03,2025-10-03,2025-10-09,2025-10-07,718,718,0,100.54,72187.72,Low,Road
SHP002069,SUP001,PRD009,WH05,2025-01-16,2025-01-30,2025-01-29,742,737,0,135.28,100377.76,Medium,Sea
SHP002070,SUP005,PRD023,WH05,2025-11-20,2025-12-06,2025-12-06,703,698,4,57.21,40218.63,Low,Rail
SHP002071,SUP013,PRD002,WH06,2024-09-09,2024-09-27,2024-10-02,158,158,3,43.65,6896.7,Medium,Road
SHP002072,SUP001,PRD004,WH05,2024-02-25,2024-03-08,2024-03-06,56,56,1,64.25,3598.0,Medium,Road
SHP002073,SUP008,PRD013,WH05,2025-04-07,2025-04-19,2025-04-21,398,393,4,53.3,21213.4,Medium,Rail
SHP002074,SUP003,PRD010,WH02,2025-04-01,2025-04-05,2025-04-07,452,452,2,145.41,65725.32,High,Road
SHP002075,SUP003,PRD024,WH05,2024-03-23,2024-03-31,2024-04-01,621,618,10,96.68,60038.28,Low,Road
SHP002076,SUP007,PRD006,WH05,2024-04-08,2024-04-12,2024-04-11,653,643,7,109.24,71333.72,Low,Road
SHP002077,SUP004,PRD009,WH03,2024-05-28,2024-06-03,2024-06-02,537,532,3,121.12,65041.44,Low,Road
SHP002078,SUP003,PRD011,WH04,2024-11-24,2024-12-03,2024-12-02,940,939,12,140.76,132314.4,Low,Road
SHP002079,SUP015,PRD024,WH01,2024-06-04,2024-06-09,2024-06-10,502,495,17,112.67,56560.34,Medium,Road
SHP002080,SUP008,PRD007,WH02,2024-07-08,2024-07-16,2024-07-14,339,337,4,102.39,34710.21,Medium,Sea
SHP002081,SUP003,PRD009,WH01,2025-05-08,2025-05-24,2025-05-22,103,103,3,49.14,5061.42,Low,Road
SHP002082,SUP007,PRD021,WH03,2024-09-19,2024-09-22,2024-09-22,410,404,0,26.07,10688.7,High,Road
SHP002083,SUP018,PRD014,WH02,2024-03-20,2024-03-28,2024-04-02,975,973,13,100.83,98309.25,Medium,Road
SHP002084,SUP011,PRD005,WH05,2025-02-03,2025-02-11,2025-02-11,308,306,3,123.35,37991.8,Medium,Road
SHP002085,SUP011,PRD003,WH04,2025-08-31,2025-09-10,2025-09-11,436,432,0,96.29,41982.44,Low,Sea
SHP002086,SUP017,PRD024,WH06,2024-09-16,2024-09-19,2024-09-23,323,319,6,76.18,24606.14,Medium,Sea
SHP002087,SUP006,PRD013,WH02,2025-09-06,2025-09-16,2025-09-16,590,584,7,148.28,87485.2,Medium,Sea
SHP002088,SUP008,PRD009,WH01,2025-07-05,2025-07-09,2025-07-11,579,571,2,113.36,65635.44,Low,Sea
SHP002089,SUP001,PRD017,WH03,2024-04-10,2024-04-21,2024-04-20,640,638,16,116.08,74291.2,Low,Sea
SHP002090,SUP010,PRD003,WH03,2024-12-24,2025-01-03,2025-01-01,288,287,0,77.83,22415.04,High,Sea
SHP002091,SUP019,PRD001,WH02,2025-01-14,2025-01-18,2025-01-23,18,18,0,31.0,558.0,Medium,Road
SHP002092,SUP003,PRD013,WH03,2024-08-08,2024-08-21,2024-08-22,699,699,7,80.14,56017.86,Medium,Road
SHP002093,SUP004,PRD007,WH01,2025-02-23,2025-02-27,2025-02-28,581,576,9,64.15,37271.15,Medium,Road
SHP002094,SUP011,PRD022,WH02,2024-05-03,2024-05-19,2024-05-18,618,607,18,133.29,82373.22,Medium,Road
SHP002095,SUP015,PRD020,WH04,2025-02-25,2025-03-06,2025-03-10,700,697,30,85.88,60116.0,High,Road
SHP002096,SUP001,PRD015,WH04,2024-08-18,2024-08-29,2024-08-30,648,640,0,76.64,49662.72,Low,Rail
SHP002097,SUP009,PRD008,WH01,2025-11-20,2025-11-26,2025-11-26,162,160,1,23.35,3782.7,Low,Road
SHP002098,SUP011,PRD015,WH02,2024-03-03,2024-03-12,2024-03-13,155,154,1,75.82,11752.1,Medium,Road
SHP002099,SUP019,PRD009,WH03,2025-04-29,2025-05-19,2025-05-27,544,543,13,137.53,74816.32,Medium,Sea
SHP002100,SUP013,PRD013,WH03,2025-09-19,2025-10-01,2025-10-08,960,946,14,137.88,132364.8,High,Road
SHP002101,SUP016,PRD004,WH01,2025-07-27,2025-08-06,2025-08-09,183,183,4,40.12,7341.96,Low,Rail
SHP002102,SUP004,PRD025,WH01,2025-04-27,2025-05-09,2025-05-07,506,506,17,103.63,52436.78,High,Road
SHP002103,SUP001,PRD010,WH02,2025-06-02,2025-06-06,2025-06-09,830,829,7,143.37,118997.1,Medium,Road
SHP002104,SUP020,PRD017,WH03,2024-06-03,2024-06-11,2024-06-12,127,127,3,149.26,18956.02,Low,Road
SHP002105,SUP013,PRD006,WH02,2024-04-01,2024-04-05,2024-04-06,748,736,20,17.97,13441.56,High,Rail
SHP002106,SUP001,PRD023,WH03,2025-06-09,2025-06-16,2025-06-17,889,888,12,122.78,109151.42,Medium,Sea
SHP002107,SUP005,PRD017,WH06,2025-03-30,2025-04-05,2025-04-08,117,117,2,89.52,10473.84,Medium,Rail
SHP002108,SUP005,PRD022,WH02,2025-08-20,2025-09-08,2025-09-06,278,278,0,29.63,8237.14,Medium,Rail
SHP002109,SUP014,PRD025,WH06,2025-10-06,2025-10-14,2025-10-17,143,143,6,9.3,1329.9,Low,Sea
SHP002110,SUP014,PRD008,WH05,2025-05-24,2025-06-12,2025-06-14,181,180,7,3.81,689.61,Medium,Road
SHP002111,SUP008,PRD008,WH04,2024-07-01,2024-07-09,2024-07-08,353,352,4,43.99,15528.47,Medium,Road
SHP002112,SUP004,PRD004,WH04,2025-01-20,2025-02-01,2025-02-03,891,879,27,148.34,132170.94,High,Rail
SHP002113,SUP007,PRD001,WH02,2025-07-27,2025-08-16,2025-08-16,532,529,0,2.96,1574.72,Low,Sea
SHP002114,SUP020,PRD009,WH03,2025-02-08,2025-02-15,2025-02-17,361,356,10,139.18,50243.98,Medium,Rail
SHP002115,SUP019,PRD014,WH06,2024-09-02,2024-09-17,2024-09-15,563,553,17,25.2,14187.6,Medium,Rail
SHP002116,SUP015,PRD001,WH04,2025-08-13,2025-08-19,2025-08-24,391,387,15,47.69,18646.79,Medium,Road
SHP002117,SUP004,PRD017,WH03,2025-10-22,2025-10-26,2025-10-29,254,252,5,22.58,5735.32,Medium,Road
SHP002118,SUP019,PRD019,WH05,2025-10-11,2025-10-22,2025-10-25,494,486,16,39.96,19740.24,Low,Air
SHP002119,SUP009,PRD019,WH04,2025-04-15,2025-04-25,2025-04-26,519,516,5,127.22,66027.18,Low,Road
SHP002120,SUP013,PRD008,WH02,2025-02-26,2025-03-14,2025-03-14,818,810,17,103.76,84875.68,Low,Rail
SHP002121,SUP014,PRD005,WH03,2024-03-05,2024-03-20,2024-03-24,102,101,1,102.87,10492.74,High,Sea
SHP002122,SUP014,PRD015,WH03,2024-01-13,2024-01-20,2024-01-24,332,331,5,91.83,30487.56,High,Road
SHP002123,SUP010,PRD018,WH03,2024-07-31,2024-08-16,2024-08-15,904,887,0,133.3,120503.2,Medium,Road
SHP002124,SUP016,PRD012,WH04,2024-08-29,2024-09-02,2024-09-04,537,531,12,49.93,26812.41,High,Rail
SHP002125,SUP005,PRD012,WH04,2025-05-07,2025-05-22,2025-05-20,873,865,0,88.55,77304.15,Medium,Road
SHP002126,SUP006,PRD013,WH03,2024-07-31,2024-08-10,2024-08-14,154,153,2,45.93,7073.22,Low,Road
SHP002127,SUP002,PRD023,WH02,2025-11-23,2025-12-01,2025-11-29,960,943,35,42.82,41107.2,Medium,Road
SHP002128,SUP013,PRD009,WH02,2024-12-03,2024-12-15,2024-12-20,293,290,7,88.99,26074.07,Medium,Rail
SHP002129,SUP013,PRD013,WH02,2024-06-21,2024-07-09,2024-07-15,377,375,16,52.67,19856.59,Low,Sea
SHP002130,SUP019,PRD011,WH04,2025-11-02,2025-11-07,2025-11-08,930,927,31,20.82,19362.6,Low,Road
SHP002131,SUP018,PRD002,WH03,2024-06-12,2024-06-29,2024-07-01,68,68,2,54.03,3674.04,Medium,Rail
SHP002132,SUP019,PRD022,WH02,2025-04-09,2025-04-24,2025-04-26,234,233,6,61.39,14365.26,Low,Road
SHP002133,SUP001,PRD023,WH06,2025-05-11,2025-05-28,2025-06-01,756,755,0,25.83,19527.48,Low,Sea
SHP002134,SUP008,PRD020,WH01,2025-11-30,2025-12-12,2025-12-15,535,526,0,145.79,77997.65,Low,Sea
SHP002135,SUP016,PRD017,WH06,2025-01-29,2025-02-16,2025-02-16,340,338,0,79.65,27081.0,High,Sea
SHP002136,SUP002,PRD018,WH05,2024-11-03,2024-11-08,2024-11-11,814,810,15,118.21,96222.94,Low,Air
SHP002137,SUP008,PRD021,WH04,2024-07-01,2024-07-21,2024-07-23,403,398,11,79.21,31921.63,Low,Rail
SHP002138,SUP006,PRD003,WH01,2025-09-20,2025-10-02,2025-10-01,567,560,14,95.84,54341.28,High,Road
SHP002139,SUP016,PRD007,WH04,2025-05-24,2025-06-01,2025-05-31,303,299,7,84.8,25694.4,Medium,Sea
SHP002140,SUP011,PRD023,WH01,2025-06-29,2025-07-16,2025-07-15,377,376,2,62.67,23626.59,Medium,Sea
SHP002141,SUP017,PRD011,WH02,2025-07-17,2025-08-01,2025-08-01,547,542,9,99.51,54431.97,High,Road
SHP002142,SUP019,PRD018,WH06,2025-09-15,2025-09-20,2025-09-22,775,761,27,107.1,83002.5,Medium,Sea
SHP002143,SUP011,PRD019,WH05,2025-08-16,2025-08-22,2025-08-24,436,430,6,67.25,29321.0,Low,Rail
SHP002144,SUP008,PRD014,WH06,2024-08-14,2024-08-23,2024-08-27,128,127,2,81.04,10373.12,Low,Sea
SHP002145,SUP004,PRD013,WH02,2025-03-11,2025-03-21,2025-03-22,145,145,3,21.68,3143.6,Low,Road
SHP002146,SUP011,PRD021,WH03,2025-02-25,2025-03-17,2025-03-19,691,685,22,85.94,59384.54,Medium,Rail
SHP002147,SUP008,PRD002,WH03,2025-07-07,2025-07-23,2025-07-23,196,195,5,39.51,7743.96,Medium,Road
SHP002148,SUP009,PRD025,WH02,2024-01-21,2024-01-30,2024-01-31,882,873,19,41.29,36417.78,Medium,Road
SHP002149,SUP002,PRD018,WH02,2025-07-07,2025-07-18,2025-07-20,840,837,6,77.03,64705.2,Medium,Sea
SHP002150,SUP016,PRD009,WH03,2025-01-31,2025-02-15,2025-02-20,168,167,6,121.52,20415.36,Low,Rail
SHP002151,SUP006,PRD012,WH06,2025-09-16,2025-09-29,2025-09-28,673,663,6,140.63,94643.99,Medium,Road
SHP002152,SUP019,PRD009,WH02,2024-04-14,2024-04-18,2024-04-21,397,397,15,93.41,37083.77,Low,Road
SHP002153,SUP008,PRD022,WH01,2024-07-10,2024-07-13,2024-07-11,54,54,1,149.33,8063.82,Medium,Sea
SHP002154,SUP014,PRD012,WH02,2024-01-17,2024-01-29,2024-02-01,722,721,21,66.71,48164.62,Low,Road
SHP002155,SUP016,PRD003,WH03,2024-04-29,2024-05-08,2024-05-09,217,215,1,67.95,14745.15,Medium,Air
SHP002156,SUP012,PRD021,WH06,2025-01-27,2025-02-03,2025-02-09,532,527,31,89.66,47699.12,High,Sea
SHP002157,SUP005,PRD008,WH03,2025-02-28,2025-03-06,2025-03-07,917,916,0,100.87,92497.79,Low,Road
SHP002158,SUP019,PRD019,WH04,2024-05-08,2024-05-23,2024-05-25,111,110,5,105.33,11691.63,Medium,Sea
SHP002159,SUP018,PRD002,WH02,2024-05-09,2024-05-21,2024-05-25,725,714,15,107.0,77575.0,High,Road
SHP002160,SUP009,PRD014,WH02,2025-07-25,2025-08-09,2025-08-09,166,165,3,49.91,8285.06,Low,Road
SHP002161,SUP002,PRD020,WH02,2025-07-13,2025-07-18,2025-07-18,798,785,31,6.23,4971.54,Medium,Road
SHP002162,SUP020,PRD015,WH03,2024-01-29,2024-02-12,2024-02-20,780,773,29,148.58,115892.4,Low,Sea
SHP002163,SUP012,PRD011,WH02,2024-04-06,2024-04-20,2024-04-21,366,366,11,116.06,42477.96,Low,Road
SHP002164,SUP002,PRD023,WH03,2024-01-10,2024-01-24,2024-01-26,952,949,30,83.31,79311.12,Low,Sea
SHP002165,SUP010,PRD012,WH02,2024-08-29,2024-09-04,2024-09-07,693,681,4,60.63,42016.59,Medium,Rail
SHP002166,SUP001,PRD003,WH03,2024-08-19,2024-08-27,2024-08-27,877,864,11,125.63,110177.51,High,Rail
SHP002167,SUP004,PRD004,WH02,2024-10-10,2024-10-17,2024-10-15,128,127,3,5.2,665.6,High,Air
SHP002168,SUP012,PRD013,WH02,2024-07-18,2024-07-31,2024-07-31,487,479,4,144.31,70278.97,Low,Road
SHP002169,SUP009,PRD002,WH05,2024-03-19,2024-03-23,2024-03-21,615,612,0,48.11,29587.65,High,Road
SHP002170,SUP004,PRD019,WH03,2024-06-21,2024-06-27,2024-06-27,506,498,9,38.23,19344.38,Medium,Road
SHP002171,SUP009,PRD019,WH04,2025-04-11,2025-04-14,2025-04-19,261,257,8,108.82,28402.02,Low,Rail
SHP002172,SUP006,PRD007,WH05,2025-08-03,2025-08-07,2025-08-10,579,577,3,117.18,67847.22,High,Sea
SHP002173,SUP001,PRD004,WH04,2025-02-19,2025-02-22,2025-02-22,269,269,0,74.22,19965.18,High,Road
SHP002174,SUP010,PRD006,WH04,2025-03-24,2025-04-11,2025-04-12,889,877,0,99.23,88215.47,Medium,Rail
SHP002175,SUP014,PRD019,WH02,2024-03-27,2024-04-08,2024-04-12,37,37,0,131.8,4876.6,Medium,Road
SHP002176,SUP018,PRD014,WH04,2024-04-10,2024-04-21,2024-04-22,651,645,10,84.17,54794.67,Medium,Road
SHP002177,SUP006,PRD022,WH05,2024-01-08,2024-01-11,2024-01-11,516,516,1,76.11,39272.76,Medium,Rail
SHP002178,SUP018,PRD018,WH06,2024-07-18,2024-07-27,2024-07-30,763,750,28,96.23,73423.49,High,Rail
SHP002179,SUP020,PRD015,WH06,2025-05-19,2025-05-30,2025-06-02,895,885,29,32.35,28953.25,Medium,Road
SHP002180,SUP016,PRD012,WH05,2024-03-27,2024-04-01,2024-03-31,874,871,27,46.07,40265.18,High,Road
SHP002181,SUP015,PRD017,WH04,2024-02-12,2024-02-25,2024-02-25,961,949,51,133.58,128370.38,Medium,Rail
SHP002182,SUP016,PRD015,WH04,2025-01-19,2025-02-02,2025-02-03,350,345,9,37.59,13156.5,Low,Road
SHP002183,SUP008,PRD016,WH02,2025-09-12,2025-09-16,2025-09-14,361,359,9,58.47,21107.67,Low,Rail
SHP002184,SUP013,PRD020,WH03,2025-03-10,2025-03-14,2025-03-15,382,378,10,125.06,47772.92,Medium,Road
SHP002185,SUP011,PRD023,WH03,2025-02-11,2025-02-25,2025-02-28,606,596,12,13.63,8259.78,Medium,Sea
SHP002186,SUP007,PRD025,WH05,2025-04-27,2025-05-06,2025-05-10,909,903,23,60.31,54821.79,Low,Air
SHP002187,SUP017,PRD021,WH01,2025-10-25,2025-11-10,2025-11-11,457,449,7,59.2,27054.4,Low,Road
SHP002188,SUP018,PRD014,WH06,2024-01-17,2024-01-20,2024-01-21,266,262,2,29.6,7873.6,Medium,Road
SHP002189,SUP019,PRD018,WH04,2025-10-06,2025-10-24,2025-10-28,270,270,10,62.28,16815.6,High,Road
SHP002190,SUP013,PRD004,WH05,2024-05-27,2024-06-12,2024-06-12,275,273,7,61.07,16794.25,High,Road
SHP002191,SUP015,PRD019,WH06,2024-10-03,2024-10-06,2024-10-07,107,106,4,34.66,3708.62,High,Rail
SHP002192,SUP001,PRD013,WH04,2024-08-19,2024-08-26,2024-08-30,488,488,5,16.78,8188.64,Medium,Sea
SHP002193,SUP016,PRD024,WH06,2024-12-31,2025-01-18,2025-01-21,418,417,11,49.5,20691.0,Low,Road
SHP002194,SUP005,PRD014,WH03,2024-08-15,2024-08-31,2024-09-01,500,500,0,108.11,54055.0,High,Rail
SHP002195,SUP003,PRD007,WH03,2025-10-12,2025-10-15,2025-10-15,255,253,7,129.14,32930.7,Medium,Road
SHP002196,SUP010,PRD010,WH05,2025-03-11,2025-03-27,2025-03-26,67,67,0,22.62,1515.54,Medium,Road
SHP002197,SUP019,PRD023,WH04,2025-02-02,2025-02-19,2025-02-19,44,44,1,58.71,2583.24,Low,Rail
SHP002198,SUP005,PRD012,WH01,2024-07-29,2024-08-09,2024-08-07,361,357,7,107.23,38710.03,High,Sea
SHP002199,SUP007,PRD001,WH06,2025-01-25,2025-02-07,2025-02-10,932,924,0,138.26,128858.32,Low,Sea
SHP002200,SUP014,PRD016,WH02,2025-05-13,2025-05-28,2025-06-02,173,171,4,75.93,13135.89,Medium,Sea
SHP002201,SUP003,PRD012,WH02,2025-06-23,2025-07-10,2025-07-10,205,204,0,141.74,29056.7,Medium,Sea
SHP002202,SUP013,PRD021,WH03,2025-07-16,2025-08-05,2025-08-09,168,167,7,41.44,6961.92,Low,Road
SHP002203,SUP013,PRD008,WH03,2025-05-05,2025-05-21,2025-05-27,756,755,17,127.66,96510.96,Low,Sea
SHP002204,SUP010,PRD020,WH05,2025-03-17,2025-04-05,2025-04-05,382,378,5,122.59,46829.38,Medium,Road
SHP002205,SUP002,PRD010,WH02,2024-09-17,2024-10-01,2024-10-02,321,316,7,146.71,47093.91,Medium,Road
SHP002206,SUP006,PRD010,WH02,2024-12-15,2024-12-25,2024-12-24,501,496,0,113.83,57028.83,Low,Sea
SHP002207,SUP008,PRD023,WH06,2024-12-17,2024-12-30,2024-12-30,324,324,5,26.66,8637.84,Medium,Road
SHP002208,SUP004,PRD020,WH04,2025-06-03,2025-06-23,2025-06-24,516,508,5,75.01,38705.16,Medium,Road
SHP002209,SUP012,PRD014,WH01,2024-11-15,2024-11-27,2024-12-01,714,713,34,64.41,45988.74,Low,Road
SHP002210,SUP015,PRD018,WH02,2024-05-17,2024-05-29,2024-05-29,936,922,43,21.9,20498.4,Medium,Road
SHP002211,SUP008,PRD024,WH03,2025-07-03,2025-07-22,2025-07-24,508,506,5,13.25,6731.0,Medium,Sea
SHP002212,SUP007,PRD002,WH04,2025-09-14,2025-10-02,2025-10-04,822,820,7,149.49,122880.78,Medium,Road
SHP002213,SUP014,PRD011,WH03,2025-01-02,2025-01-08,2025-01-10,131,130,4,133.74,17519.94,Low,Road
SHP002214,SUP019,PRD014,WH05,2024-08-07,2024-08-22,2024-08-29,469,469,12,42.55,19955.95,Medium,Road
SHP002215,SUP014,PRD001,WH04,2024-12-02,2024-12-17,2024-12-23,79,79,3,117.48,9280.92,Low,Road
SHP002216,SUP013,PRD019,WH05,2024-08-10,2024-08-16,2024-08-16,19,19,0,133.26,2531.94,Medium,Road
SHP002217,SUP001,PRD014,WH04,2025-10-09,2025-10-23,2025-10-24,602,594,15,74.83,45047.66,Medium,Road
SHP002218,SUP019,PRD010,WH01,2024-12-25,2024-12-30,2025-01-02,241,240,8,75.39,18168.99,Medium,Road
SHP002219,SUP001,PRD010,WH03,2024-11-24,2024-12-12,2024-12-11,496,488,3,129.44,64202.24,Medium,Rail
SHP002220,SUP004,PRD019,WH06,2025-04-07,2025-04-20,2025-04-18,862,857,10,21.8,18791.6,Medium,Sea
SHP002221,SUP010,PRD012,WH01,2025-07-14,2025-07-20,2025-07-20,618,613,2,49.73,30733.14,Medium,Road
SHP002222,SUP003,PRD010,WH04,2025-01-16,2025-01-25,2025-01-23,884,883,5,54.89,48522.76,Medium,Rail
SHP002223,SUP020,PRD022,WH02,2025-08-12,2025-08-25,2025-08-26,884,882,23,55.91,49424.44,Medium,Rail
SHP002224,SUP009,PRD018,WH06,2025-09-08,2025-09-16,2025-09-21,417,417,7,2.6,1084.2,High,Road
SHP002225,SUP003,PRD001,WH02,2024-06-17,2024-07-04,2024-07-02,974,967,14,95.13,92656.62,Medium,Road
SHP002226,SUP006,PRD016,WH01,2024-08-04,2024-08-11,2024-08-12,444,441,0,42.74,18976.56,Medium,Sea
SHP002227,SUP006,PRD006,WH04,2025-01-12,2025-01-26,2025-01-29,609,607,9,133.49,81295.41,Medium,Road
SHP002228,SUP012,PRD017,WH01,2024-04-28,2024-05-07,2024-05-06,30,30,1,73.48,2204.4,Medium,Rail
SHP002229,SUP001,PRD015,WH03,2024-07-08,2024-07-19,2024-07-17,159,158,0,43.7,6948.3,Low,Sea
SHP002230,SUP016,PRD019,WH06,2025-01-04,2025-01-20,2025-01-20,528,522,7,120.82,63792.96,Medium,Road
SHP002231,SUP005,PRD019,WH06,2024-05-28,2024-06-09,2024-06-08,785,777,5,40.28,31619.8,High,Rail
SHP002232,SUP009,PRD010,WH04,2025-11-06,2025-11-22,2025-11-23,90,90,2,51.02,4591.8,Medium,Road
SHP002233,SUP010,PRD023,WH02,2025-10-13,2025-10-26,2025-10-27,608,604,3,69.43,42213.44,Low,Road
SHP002234,SUP013,PRD016,WH06,2025-05-02,2025-05-08,2025-05-06,787,782,12,61.93,48738.91,High,Road
SHP002235,SUP015,PRD002,WH02,2025-01-08,2025-01-25,2025-01-29,216,214,7,56.31,12162.96,Medium,Rail
SHP002236,SUP012,PRD004,WH05,2025-11-23,2025-12-13,2025-12-13,936,926,30,66.41,62159.76,Medium,Road
SHP002237,SUP005,PRD022,WH06,2024-06-08,2024-06-18,2024-06-16,988,980,28,22.49,22220.12,High,Sea
SHP002238,SUP005,PRD002,WH04,2024-12-16,2025-01-02,2025-01-01,259,256,0,133.32,34529.88,High,Rail
SHP002239,SUP018,PRD001,WH04,2024-10-14,2024-11-02,2024-11-01,882,878,25,111.99,98775.18,High,Road
SHP002240,SUP012,PRD015,WH05,2024-10-14,2024-10-28,2024-10-29,129,129,4,104.06,13423.74,Medium,Road
SHP002241,SUP003,PRD005,WH02,2024-08-13,2024-08-19,2024-08-19,739,738,9,148.44,109697.16,High,Road
SHP002242,SUP007,PRD013,WH05,2025-06-06,2025-06-22,2025-06-26,315,310,0,132.45,41721.75,Low,Rail
SHP002243,SUP017,PRD025,WH02,2025-06-05,2025-06-17,2025-06-17,939,928,17,45.91,43109.49,Medium,Rail
SHP002244,SUP019,PRD020,WH03,2024-09-29,2024-10-14,2024-10-18,420,417,25,76.45,32109.0,Low,Road
SHP002245,SUP018,PRD022,WH04,2025-02-05,2025-02-19,2025-02-19,513,506,17,69.56,35684.28,Medium,Rail
SHP002246,SUP001,PRD001,WH03,2024-07-01,2024-07-08,2024-07-11,634,624,0,29.28,18563.52,High,Road
SHP002247,SUP005,PRD022,WH01,2025-10-26,2025-10-30,2025-11-02,942,940,1,118.58,111702.36,Medium,Road
SHP002248,SUP002,PRD016,WH03,2025-05-02,2025-05-16,2025-05-15,377,371,5,50.71,19117.67,Low,Sea
SHP002249,SUP001,PRD022,WH01,2024-05-03,2024-05-22,2024-05-20,176,174,0,148.4,26118.4,Medium,Road
SHP002250,SUP007,PRD016,WH03,2025-09-17,2025-10-05,2025-10-06,499,499,6,89.31,44565.69,Medium,Sea
SHP002251,SUP011,PRD005,WH03,2025-02-17,2025-03-09,2025-03-10,763,755,3,130.79,99792.77,Low,Road
SHP002252,SUP011,PRD024,WH02,2024-06-20,2024-06-26,2024-06-25,626,626,5,77.7,48640.2,Medium,Sea
SHP002253,SUP018,PRD003,WH01,2024-10-14,2024-11-01,2024-11-04,756,743,20,138.75,104895.0,Medium,Road
SHP002254,SUP017,PRD013,WH05,2025-03-10,2025-03-24,2025-03-23,180,179,6,66.79,12022.2,Medium,Road
SHP002255,SUP002,PRD018,WH05,2025-11-16,2025-11-30,2025-12-02,384,382,1,134.52,51655.68,High,Road
SHP002256,SUP007,PRD023,WH06,2024-04-22,2024-05-06,2024-05-06,573,570,3,103.12,59087.76,Medium,Road
SHP002257,SUP007,PRD021,WH01,2024-05-01,2024-05-08,2024-05-09,533,526,7,34.32,18292.56,Medium,Road
SHP002258,SUP010,PRD005,WH06,2025-06-27,2025-07-04,2025-07-02,826,811,5,84.21,69557.46,Low,Sea
SHP002259,SUP003,PRD005,WH03,2024-08-09,2024-08-18,2024-08-17,837,832,17,34.77,29102.49,Low,Air
SHP002260,SUP012,PRD001,WH05,2025-09-22,2025-10-03,2025-10-06,397,395,16,55.65,22093.05,Low,Rail
SHP002261,SUP003,PRD003,WH06,2024-02-08,2024-02-15,2024-02-14,858,857,21,36.81,31582.98,Low,Air
SHP002262,SUP011,PRD020,WH04,2025-05-11,2025-05-20,2025-05-21,425,421,8,20.34,8644.5,Medium,Road
SHP002263,SUP012,PRD024,WH04,2024-08-20,2024-09-02,2024-09-05,202,200,6,102.73,20751.46,Medium,Road
SHP002264,SUP004,PRD020,WH01,2025-06-13,2025-06-28,2025-06-30,874,866,19,3.97,3469.78,Medium,Road
SHP002265,SUP016,PRD003,WH04,2024-05-28,2024-05-31,2024-05-31,946,946,21,147.01,139071.46,Medium,Sea
SHP002266,SUP020,PRD025,WH01,2025-01-31,2025-02-17,2025-02-20,809,803,11,139.12,112548.08,Low,Road
SHP002267,SUP018,PRD024,WH04,2025-10-22,2025-11-06,2025-11-09,859,853,21,107.0,91913.0,High,Sea
SHP002268,SUP004,PRD003,WH04,2025-09-29,2025-10-12,2025-10-17,29,29,0,46.49,1348.21,Low,Road
SHP002269,SUP006,PRD015,WH04,2024-10-28,2024-11-15,2024-11-16,445,440,0,118.76,52848.2,Low,Road
SHP002270,SUP015,PRD003,WH05,2024-12-25,2025-01-14,2025-01-17,51,51,1,42.1,2147.1,Medium,Road
SHP002271,SUP001,PRD019,WH05,2024-08-25,2024-09-08,2024-09-07,360,358,0,135.33,48718.8,High,Road
SHP002272,SUP003,PRD024,WH05,2025-10-08,2025-10-17,2025-10-19,127,127,1,74.45,9455.15,Medium,Road
SHP002273,SUP005,PRD008,WH03,2025-10-24,2025-11-13,2025-11-13,975,972,0,20.74,20221.5,High,Sea
SHP002274,SUP017,PRD016,WH06,2024-08-23,2024-09-07,2024-09-11,233,232,5,68.94,16063.02,Medium,Air
SHP002275,SUP014,PRD014,WH06,2024-07-21,2024-07-25,2024-07-28,955,949,27,41.42,39556.1,Medium,Road
SHP002276,SUP009,PRD012,WH06,2024-09-12,2024-09-29,2024-09-30,853,837,19,40.03,34145.59,Low,Rail
SHP002277,SUP003,PRD003,WH05,2025-08-20,2025-09-03,2025-09-03,238,235,0,126.08,30007.04,High,Sea
SHP002278,SUP013,PRD020,WH03,2025-10-23,2025-10-31,2025-11-05,285,283,8,31.94,9102.9,Medium,Road
SHP002279,SUP003,PRD015,WH03,2024-08-22,2024-08-31,2024-09-01,54,54,1,117.71,6356.34,High,Road
SHP002280,SUP011,PRD018,WH06,2024-12-10,2024-12-20,2024-12-18,202,200,3,36.17,7306.34,Medium,Road
SHP002281,SUP002,PRD004,WH01,2025-06-17,2025-07-05,2025-07-07,769,768,27,17.8,13688.2,Low,Air
SHP002282,SUP015,PRD015,WH01,2025-04-10,2025-04-18,2025-04-25,988,978,37,76.41,75493.08,High,Rail
SHP002283,SUP013,PRD001,WH05,2025-06-24,2025-07-03,2025-07-03,376,373,16,73.79,27745.04,Medium,Sea
SHP002284,SUP019,PRD017,WH01,2024-07-31,2024-08-05,2024-08-03,56,56,1,149.29,8360.24,Low,Road
SHP002285,SUP016,PRD010,WH06,2025-04-07,2025-04-11,2025-04-11,691,687,1,102.34,70716.94,Low,Road
SHP002286,SUP018,PRD022,WH06,2025-03-11,2025-03-26,2025-03-27,906,903,23,105.5,95583.0,Low,Road
SHP002287,SUP007,PRD016,WH01,2024-10-09,2024-10-18,2024-10-21,417,416,8,130.16,54276.72,Medium,Rail
SHP002288,SUP013,PRD012,WH05,2025-07-15,2025-07-30,2025-08-01,281,281,9,50.85,14288.85,Medium,Road
SHP002289,SUP004,PRD003,WH02,2025-08-29,2025-09-07,2025-09-10,447,444,8,3.86,1725.42,High,Road
SHP002290,SUP009,PRD024,WH03,2025-04-07,2025-04-19,2025-04-17,229,227,1,28.64,6558.56,Low,Road
SHP002291,SUP010,PRD006,WH01,2025-02-10,2025-02-15,2025-02-17,999,991,10,129.67,129540.33,Medium,Road
SHP002292,SUP009,PRD015,WH03,2024-03-28,2024-04-12,2024-04-13,588,581,10,55.78,32798.64,Medium,Rail
SHP002293,SUP007,PRD024,WH05,2024-02-13,2024-02-17,2024-02-18,556,548,4,81.46,45291.76,Medium,Road
SHP002294,SUP015,PRD012,WH01,2025-04-05,2025-04-09,2025-04-08,660,660,19,70.61,46602.6,Low,Sea
SHP002295,SUP008,PRD005,WH01,2024-10-04,2024-10-15,2024-10-17,943,926,22,128.08,120779.44,Medium,Road
SHP002296,SUP019,PRD008,WH03,2025-11-13,2025-11-23,2025-11-27,99,99,3,23.24,2300.76,Medium,Rail
SHP002297,SUP011,PRD012,WH05,2025-02-24,2025-03-10,2025-03-14,313,310,0,28.38,8882.94,Low,Air
SHP002298,SUP005,PRD004,WH04,2025-12-01,2025-12-08,2025-12-08,905,894,1,132.73,120120.65,Medium,Road
SHP002299,SUP002,PRD003,WH03,2024-12-18,2024-12-21,2024-12-26,195,193,4,116.93,22801.35,High,Road
SHP002300,SUP010,PRD023,WH03,2025-11-26,2025-12-11,2025-12-11,160,160,1,28.36,4537.6,Medium,Road
SHP002301,SUP016,PRD009,WH06,2025-05-29,2025-06-10,2025-06-11,740,739,11,43.27,32019.8,Medium,Rail
SHP002302,SUP013,PRD012,WH04,2025-09-21,2025-10-01,2025-10-01,838,833,41,110.91,92942.58,Medium,Road
SHP002303,SUP008,PRD022,WH02,2024-01-19,2024-01-24,2024-01-23,394,391,7,24.16,9519.04,High,Road
SHP002304,SUP009,PRD001,WH04,2024-01-23,2024-01-27,2024-01-27,457,452,10,69.01,31537.57,Medium,Road
SHP002305,SUP011,PRD023,WH03,2025-02-16,2025-02-28,2025-02-28,107,106,1,58.93,6305.51,Low,Road
SHP002306,SUP011,PRD022,WH02,2024-01-30,2024-02-10,2024-02-10,840,837,12,22.05,18522.0,Low,Road
SHP002307,SUP016,PRD024,WH05,2024-04-17,2024-04-20,2024-04-21,309,306,1,102.73,31743.57,Medium,Rail
SHP002308,SUP010,PRD015,WH02,2025-01-01,2025-01-21,2025-01-22,716,704,12,15.92,11398.72,Low,Rail
SHP002309,SUP012,PRD010,WH04,2024-10-07,2024-10-25,2024-10-25,246,244,8,132.86,32683.56,Low,Road
SHP002310,SUP006,PRD014,WH06,2024-05-07,2024-05-17,2024-05-15,524,523,11,134.94,70708.56,Medium,Road
SHP002311,SUP012,PRD017,WH01,2024-08-16,2024-08-29,2024-09-02,602,597,24,128.21,77182.42,Medium,Road
SHP002312,SUP010,PRD015,WH01,2024-04-20,2024-05-06,2024-05-05,599,594,5,94.45,56575.55,Medium,Sea
SHP002313,SUP018,PRD007,WH06,2024-05-15,2024-05-22,2024-05-23,764,759,11,89.34,68255.76,Medium,Air
SHP002314,SUP018,PRD024,WH01,2024-12-27,2025-01-15,2025-01-16,577,575,8,111.36,64254.72,High,Sea
SHP002315,SUP004,PRD019,WH01,2024-07-04,2024-07-08,2024-07-06,460,460,2,21.37,9830.2,Low,Road
SHP002316,SUP009,PRD013,WH05,2025-10-17,2025-11-05,2025-11-05,913,908,15,13.59,12407.67,Medium,Road
SHP002317,SUP007,PRD021,WH01,2025-08-06,2025-08-15,2025-08-13,175,175,0,42.63,7460.25,Low,Road
SHP002318,SUP018,PRD021,WH03,2024-05-08,2024-05-28,2024-06-01,182,182,6,122.54,22302.28,Low,Air
SHP002319,SUP008,PRD015,WH06,2024-09-17,2024-09-22,2024-09-23,860,851,28,143.53,123435.8,Low,Road
SHP002320,SUP011,PRD015,WH06,2025-05-29,2025-06-08,2025-06-06,214,214,4,99.4,21271.6,Low,Road
SHP002321,SUP007,PRD017,WH06,2025-03-24,2025-04-04,2025-04-06,444,442,4,11.9,5283.6,Medium,Road
SHP002322,SUP009,PRD004,WH01,2024-04-13,2024-04-19,2024-04-20,470,470,15,24.08,11317.6,Medium,Road
SHP002323,SUP008,PRD009,WH01,2025-04-27,2025-04-30,2025-04-28,181,179,3,12.39,2242.59,Medium,Sea
SHP002324,SUP003,PRD001,WH02,2024-08-11,2024-08-22,2024-08-23,454,453,10,143.26,65040.04,Medium,Road
SHP002325,SUP017,PRD008,WH04,2025-05-05,2025-05-11,2025-05-13,32,32,1,5.81,185.92,Medium,Rail
SHP002326,SUP002,PRD005,WH01,2025-04-17,2025-05-01,2025-04-30,367,366,8,76.61,28115.87,Medium,Rail
SHP002327,SUP015,PRD004,WH05,2024-01-10,2024-01-24,2024-01-22,945,941,38,114.72,108410.4,Medium,Rail
SHP002328,SUP014,PRD017,WH02,2025-02-08,2025-02-26,2025-03-01,315,311,12,121.33,38218.95,Medium,Road
SHP002329,SUP018,PRD023,WH01,2024-10-28,2024-11-06,2024-11-08,513,510,13,112.3,57609.9,Medium,Road
SHP002330,SUP016,PRD003,WH06,2024-08-18,2024-09-04,2024-09-07,763,751,12,71.85,54821.55,Medium,Rail
SHP002331,SUP020,PRD008,WH03,2024-03-06,2024-03-24,2024-03-24,101,100,2,81.27,8208.27,Low,Rail
SHP002332,SUP004,PRD022,WH02,2024-04-21,2024-04-29,2024-05-02,316,313,5,17.81,5627.96,Medium,Rail
SHP002333,SUP020,PRD022,WH02,2024-01-13,2024-01-19,2024-01-23,300,300,13,138.99,41697.0,Medium,Air
SHP002334,SUP006,PRD015,WH05,2025-01-27,2025-02-09,2025-02-08,362,359,1,65.03,23540.86,Medium,Rail
SHP002335,SUP006,PRD013,WH04,2025-05-14,2025-05-22,2025-05-21,392,391,0,63.74,24986.08,High,Sea
SHP002336,SUP011,PRD011,WH02,2025-08-20,2025-09-02,2025-09-03,118,117,2,53.08,6263.44,Medium,Road
SHP002337,SUP017,PRD001,WH06,2024-08-21,2024-09-07,2024-09-05,130,129,3,16.57,2154.1,Medium,Road
SHP002338,SUP003,PRD018,WH05,2025-08-24,2025-09-10,2025-09-13,266,262,9,36.24,9639.84,Low,Road
SHP002339,SUP013,PRD025,WH01,2024-11-09,2024-11-18,2024-11-25,144,143,2,83.04,11957.76,Medium,Rail
SHP002340,SUP003,PRD007,WH02,2025-07-19,2025-08-07,2025-08-08,524,524,13,146.8,76923.2,Medium,Sea
SHP002341,SUP016,PRD016,WH05,2024-01-12,2024-01-19,2024-01-21,690,682,25,47.29,32630.1,Medium,Rail
SHP002342,SUP015,PRD008,WH03,2024-07-27,2024-08-13,2024-08-14,354,350,5,115.01,40713.54,Medium,Road
SHP002343,SUP011,PRD008,WH03,2024-01-14,2024-01-19,2024-01-22,631,624,6,18.06,11395.86,Low,Road
SHP002344,SUP018,PRD013,WH06,2025-09-24,2025-09-29,2025-09-30,968,965,22,2.13,2061.84,Medium,Sea
SHP002345,SUP015,PRD022,WH02,2025-02-21,2025-03-13,2025-03-17,900,894,45,39.3,35370.0,Medium,Road
SHP002346,SUP005,PRD006,WH03,2025-03-12,2025-03-24,2025-03-25,26,26,0,141.99,3691.74,High,Rail
SHP002347,SUP016,PRD007,WH02,2025-01-11,2025-01-23,2025-01-23,367,366,6,100.1,36736.7,Low,Road
SHP002348,SUP016,PRD011,WH05,2024-01-20,2024-02-04,2024-02-04,345,343,11,127.65,44039.25,Medium,Rail
SHP002349,SUP017,PRD001,WH03,2025-08-09,2025-08-26,2025-08-25,244,244,5,15.74,3840.56,Low,Rail
SHP002350,SUP009,PRD013,WH03,2024-03-10,2024-03-28,2024-03-29,492,490,14,83.49,41077.08,Medium,Sea
SHP002351,SUP003,PRD014,WH02,2024-07-29,2024-08-10,2024-08-13,522,515,3,145.35,75872.7,High,Road
SHP002352,SUP020,PRD011,WH05,2024-04-10,2024-04-19,2024-04-20,351,350,8,39.23,13769.73,Low,Road
SHP002353,SUP013,PRD005,WH04,2025-11-28,2025-12-17,2025-12-20,54,54,1,65.72,3548.88,Medium,Road
SHP002354,SUP003,PRD015,WH04,2024-05-11,2024-05-14,2024-05-14,744,739,0,95.21,70836.24,Medium,Sea
SHP002355,SUP007,PRD010,WH05,2025-09-14,2025-10-02,2025-10-04,836,830,0,138.97,116178.92,High,Road
SHP002356,SUP006,PRD013,WH05,2025-01-15,2025-01-23,2025-01-26,902,885,0,81.31,73341.62,Low,Road
SHP002357,SUP009,PRD018,WH02,2024-05-11,2024-05-18,2024-05-16,593,588,0,35.06,20790.58,High,Road
SHP002358,SUP012,PRD014,WH06,2024-01-20,2024-02-08,2024-02-06,615,608,11,2.26,1389.9,Medium,Road
SHP002359,SUP015,PRD014,WH02,2025-06-19,2025-06-27,2025-07-04,819,814,27,89.65,73423.35,Medium,Road
SHP002360,SUP020,PRD023,WH03,2024-08-14,2024-09-03,2024-09-04,21,21,0,74.66,1567.86,High,Road
SHP002361,SUP003,PRD007,WH06,2024-06-02,2024-06-18,2024-06-17,83,83,0,93.82,7787.06,Medium,Road
SHP002362,SUP010,PRD012,WH05,2025-04-13,2025-04-25,2025-04-25,90,90,0,58.29,5246.1,High,Road
SHP002363,SUP001,PRD017,WH01,2025-02-08,2025-02-17,2025-02-16,83,83,1,13.65,1132.95,Medium,Road
SHP002364,SUP019,PRD024,WH03,2024-07-20,2024-07-24,2024-07-27,336,334,7,29.43,9888.48,High,Road
SHP002365,SUP019,PRD018,WH02,2024-02-07,2024-02-25,2024-02-25,83,83,3,111.5,9254.5,High,Rail
SHP002366,SUP013,PRD021,WH03,2024-07-06,2024-07-14,2024-07-16,108,108,3,70.48,7611.84,Low,Air
SHP002367,SUP012,PRD005,WH03,2024-02-26,2024-03-11,2024-03-13,404,403,9,104.02,42024.08,Low,Rail
SHP002368,SUP001,PRD003,WH04,2024-01-20,2024-02-05,2024-02-07,527,523,0,82.0,43214.0,Medium,Sea
SHP002369,SUP019,PRD023,WH05,2024-09-29,2024-10-10,2024-10-11,680,676,29,6.56,4460.8,Medium,Road
SHP002370,SUP016,PRD001,WH06,2024-04-28,2024-05-04,2024-05-04,729,718,23,70.8,51613.2,Low,Road
SHP002371,SUP015,PRD023,WH02,2025-08-05,2025-08-08,2025-08-09,428,428,15,22.76,9741.28,High,Road
SHP002372,SUP016,PRD014,WH06,2025-05-30,2025-06-02,2025-06-07,862,860,8,86.11,74226.82,Low,Road
SHP002373,SUP011,PRD006,WH03,2024-08-08,2024-08-22,2024-08-25,743,733,3,5.98,4443.14,High,Rail
SHP002374,SUP006,PRD014,WH06,2025-06-09,2025-06-28,2025-06-30,681,671,0,149.23,101625.63,Medium,Sea
SHP002375,SUP011,PRD012,WH03,2025-05-29,2025-06-16,2025-06-17,739,730,25,7.46,5512.94,High,Sea
SHP002376,SUP003,PRD016,WH02,2024-12-01,2024-12-08,2024-12-09,88,88,2,61.01,5368.88,Low,Road
SHP002377,SUP015,PRD005,WH03,2025-11-28,2025-12-08,2025-12-13,529,521,21,22.93,12129.97,Low,Road
SHP002378,SUP001,PRD017,WH01,2024-02-24,2024-03-13,2024-03-11,436,430,7,117.77,51347.72,Medium,Road
SHP002379,SUP007,PRD003,WH04,2025-05-14,2025-06-01,2025-05-31,692,688,12,71.73,49637.16,Low,Rail
SHP002380,SUP001,PRD001,WH05,2025-06-19,2025-07-05,2025-07-03,652,649,0,2.45,1597.4,Medium,Sea
SHP002381,SUP017,PRD013,WH03,2024-06-10,2024-06-19,2024-06-19,564,556,1,79.1,44612.4,Medium,Road
SHP002382,SUP009,PRD002,WH06,2025-10-31,2025-11-04,2025-11-04,368,365,4,54.55,20074.4,Medium,Road
SHP002383,SUP013,PRD001,WH02,2025-08-16,2025-09-04,2025-09-09,374,370,4,147.66,55224.84,High,Road
SHP002384,SUP011,PRD002,WH02,2024-06-07,2024-06-10,2024-06-12,288,284,5,109.95,31665.6,Medium,Sea
SHP002385,SUP020,PRD008,WH01,2024-07-06,2024-07-11,2024-07-16,839,825,26,60.96,51145.44,Medium,Road
SHP002386,SUP006,PRD013,WH02,2024-02-29,2024-03-07,2024-03-07,275,274,6,82.39,22657.25,Low,Road
SHP002387,SUP001,PRD001,WH03,2024-11-14,2024-11-24,2024-11-22,490,489,0,40.58,19884.2,High,Sea
SHP002388,SUP007,PRD008,WH03,2024-07-29,2024-08-12,2024-08-13,572,567,12,85.66,48997.52,Medium,Rail
SHP002389,SUP012,PRD023,WH06,2025-02-09,2025-02-12,2025-02-15,290,289,9,39.21,11370.9,Low,Road
SHP002390,SUP020,PRD010,WH03,2025-10-25,2025-11-14,2025-11-12,219,218,4,104.08,22793.52,Medium,Rail
SHP002391,SUP019,PRD017,WH06,2024-04-18,2024-04-29,2024-04-29,21,21,0,79.56,1670.76,Medium,Rail
SHP002392,SUP017,PRD003,WH01,2024-03-16,2024-03-20,2024-03-19,77,77,1,29.25,2252.25,Low,Sea
SHP002393,SUP004,PRD006,WH02,2025-06-25,2025-07-10,2025-07-10,390,390,3,99.79,38918.1,High,Road
SHP002394,SUP003,PRD009,WH04,2024-11-09,2024-11-20,2024-11-20,887,879,2,58.55,51933.85,High,Rail
SHP002395,SUP001,PRD022,WH05,2024-04-26,2024-05-02,2024-05-01,963,958,9,141.6,136360.8,Low,Road
SHP002396,SUP018,PRD009,WH05,2024-01-19,2024-01-22,2024-01-23,529,522,22,105.65,55888.85,Low,Road
SHP002397,SUP015,PRD012,WH06,2025-03-07,2025-03-18,2025-03-21,550,540,19,85.34,46937.0,Medium,Road
SHP002398,SUP008,PRD002,WH01,2025-11-15,2025-11-25,2025-11-26,109,108,3,128.29,13983.61,Medium,Road
SHP002399,SUP001,PRD006,WH04,2024-12-15,2025-01-02,2025-01-02,27,27,0,23.12,624.24,Low,Road
SHP002400,SUP020,PRD003,WH06,2024-07-01,2024-07-14,2024-07-15,333,328,9,94.39,31431.87,Medium,Rail
SHP002401,SUP014,PRD014,WH02,2024-04-22,2024-04-28,2024-05-03,137,136,7,43.83,6004.71,Low,Road
SHP002402,SUP004,PRD007,WH04,2024-07-01,2024-07-13,2024-07-13,450,445,2,8.23,3703.5,Low,Sea
SHP002403,SUP005,PRD014,WH02,2025-04-25,2025-04-30,2025-05-01,295,291,0,64.83,19124.85,Low,Rail
SHP002404,SUP013,PRD013,WH05,2024-05-25,2024-06-08,2024-06-11,369,363,11,46.48,17151.12,Medium,Road
SHP002405,SUP015,PRD015,WH03,2025-09-19,2025-10-09,2025-10-09,653,645,16,50.98,33289.94,Medium,Sea
SHP002406,SUP006,PRD015,WH03,2024-04-22,2024-04-26,2024-04-24,918,910,10,33.28,30551.04,High,Air
SHP002407,SUP001,PRD018,WH05,2025-04-20,2025-05-06,2025-05-05,31,31,0,61.52,1907.12,Medium,Road
SHP002408,SUP019,PRD014,WH06,2024-10-29,2024-11-06,2024-11-14,969,962,43,45.14,43740.66,Low,Rail
SHP002409,SUP013,PRD020,WH03,2024-04-27,2024-05-14,2024-05-14,746,744,29,70.27,52421.42,Medium,Road
SHP002410,SUP006,PRD019,WH03,2024-06-09,2024-06-26,2024-06-27,982,979,4,14.97,14700.54,Low,Sea
SHP002411,SUP015,PRD006,WH02,2025-02-04,2025-02-14,2025-02-19,817,816,29,65.25,53309.25,High,Road
SHP002412,SUP016,PRD015,WH04,2024-07-16,2024-08-05,2024-08-06,923,918,8,120.17,110916.91,Medium,Road
SHP002413,SUP016,PRD006,WH05,2024-09-16,2024-09-25,2024-09-26,775,772,4,32.89,25489.75,High,Road
SHP002414,SUP010,PRD002,WH04,2025-10-21,2025-11-08,2025-11-08,801,798,0,33.39,26745.39,Medium,Road
SHP002415,SUP009,PRD023,WH05,2024-02-16,2024-02-23,2024-02-24,548,546,0,69.09,37861.32,Low,Air
SHP002416,SUP009,PRD021,WH03,2025-02-02,2025-02-07,2025-02-07,376,373,6,68.18,25635.68,Low,Sea
SHP002417,SUP017,PRD006,WH05,2025-07-12,2025-07-17,2025-07-16,145,144,1,84.91,12311.95,Low,Road
SHP002418,SUP017,PRD014,WH01,2024-03-18,2024-03-23,2024-03-23,23,23,0,129.4,2976.2,Medium,Sea
SHP002419,SUP017,PRD023,WH04,2024-05-03,2024-05-06,2024-05-09,965,953,25,94.35,91047.75,Medium,Sea
SHP002420,SUP012,PRD001,WH04,2024-03-15,2024-03-30,2024-04-01,931,919,22,117.02,108945.62,Medium,Road
SHP002421,SUP013,PRD022,WH06,2024-05-16,2024-05-31,2024-06-01,856,852,13,97.94,83836.64,Low,Air
SHP002422,SUP012,PRD017,WH05,2025-08-24,2025-09-10,2025-09-08,682,674,21,48.72,33227.04,Medium,Sea
SHP002423,SUP014,PRD009,WH03,2025-02-03,2025-02-11,2025-02-12,407,407,16,34.81,14167.67,Low,Air
SHP002424,SUP010,PRD013,WH02,2025-05-19,2025-05-30,2025-05-29,955,953,7,141.77,135390.35,Medium,Air
SHP002425,SUP019,PRD023,WH06,2025-05-14,2025-05-31,2025-06-04,376,373,14,17.41,6546.16,Low,Road
SHP002426,SUP002,PRD013,WH02,2025-07-26,2025-08-15,2025-08-18,705,692,19,13.42,9461.1,Low,Road
SHP002427,SUP004,PRD008,WH01,2024-05-17,2024-05-30,2024-05-30,188,186,0,50.77,9544.76,Medium,Road
SHP002428,SUP019,PRD007,WH04,2024-02-19,2024-02-22,2024-02-23,386,386,12,19.61,7569.46,Low,Rail
SHP002429,SUP007,PRD002,WH03,2025-09-10,2025-09-19,2025-09-21,114,114,0,78.24,8919.36,Low,Road
SHP002430,SUP015,PRD013,WH04,2025-09-16,2025-09-30,2025-10-06,911,895,40,99.03,90216.33,Medium,Road
SHP002431,SUP015,PRD002,WH04,2024-09-10,2024-09-14,2024-09-16,605,600,22,95.92,58031.6,Medium,Rail
SHP002432,SUP006,PRD007,WH05,2025-09-21,2025-10-07,2025-10-08,257,253,0,26.16,6723.12,Medium,Road
SHP002433,SUP003,PRD014,WH04,2025-07-16,2025-07-21,2025-07-20,636,630,0,36.5,23214.0,High,Rail
SHP002434,SUP006,PRD015,WH04,2025-03-01,2025-03-08,2025-03-08,354,350,1,65.0,23010.0,Low,Rail
SHP002435,SUP016,PRD015,WH02,2025-06-30,2025-07-20,2025-07-19,993,982,16,30.57,30356.01,Low,Road
SHP002436,SUP002,PRD008,WH03,2024-10-28,2024-11-06,2024-11-04,119,119,3,46.69,5556.11,Medium,Air
SHP002437,SUP007,PRD015,WH04,2025-08-03,2025-08-08,2025-08-08,633,631,0,34.92,22104.36,High,Rail
SHP002438,SUP011,PRD008,WH03,2024-12-14,2024-12-23,2024-12-22,205,205,3,86.26,17683.3,Medium,Road
SHP002439,SUP007,PRD021,WH01,2024-02-18,2024-03-02,2024-03-02,385,379,1,99.64,38361.4,High,Air
SHP002440,SUP004,PRD023,WH03,2024-03-14,2024-03-23,2024-03-26,504,495,12,149.83,75514.32,Medium,Sea
SHP002441,SUP020,PRD011,WH02,2024-09-17,2024-09-21,2024-09-23,549,543,22,4.28,2349.72,High,Sea
SHP002442,SUP007,PRD022,WH06,2024-12-21,2025-01-01,2024-12-30,859,852,7,96.9,83237.1,Low,Rail
SHP002443,SUP004,PRD002,WH04,2025-08-04,2025-08-13,2025-08-11,159,158,3,49.91,7935.69,Low,Sea
SHP002444,SUP012,PRD004,WH04,2025-08-24,2025-08-31,2025-08-30,667,657,13,50.41,33623.47,Medium,Road
SHP002445,SUP005,PRD020,WH04,2024-09-16,2024-09-19,2024-09-21,923,908,0,123.22,113732.06,Medium,Road
SHP002446,SUP019,PRD010,WH04,2025-09-29,2025-10-05,2025-10-08,647,641,20,37.43,24217.21,Low,Road
SHP002447,SUP005,PRD017,WH06,2024-10-21,2024-11-08,2024-11-08,473,469,0,122.25,57824.25,Low,Road
SHP002448,SUP019,PRD015,WH03,2025-10-02,2025-10-19,2025-10-18,820,814,26,99.65,81713.0,Medium,Road
SHP002449,SUP003,PRD001,WH04,2024-11-08,2024-11-14,2024-11-13,694,694,14,79.89,55443.66,Medium,Sea
SHP002450,SUP011,PRD014,WH06,2025-09-03,2025-09-22,2025-09-21,388,382,5,124.51,48309.88,Medium,Road
SHP002451,SUP007,PRD023,WH06,2024-06-30,2024-07-11,2024-07-14,176,176,1,11.47,2018.72,High,Road
SHP002452,SUP017,PRD008,WH05,2025-11-16,2025-11-22,2025-11-24,844,840,32,127.05,107230.2,Medium,Road
SHP002453,SUP009,PRD015,WH04,2024-12-29,2025-01-06,2025-01-04,473,469,9,109.73,51902.29,High,Road
SHP002454,SUP009,PRD020,WH06,2024-07-06,2024-07-16,2024-07-15,981,980,15,110.49,108390.69,Medium,Rail
SHP002455,SUP010,PRD008,WH02,2025-07-22,2025-08-03,2025-08-03,578,577,0,80.07,46280.46,High,Sea
SHP002456,SUP013,PRD002,WH01,2025-06-26,2025-06-30,2025-06-28,319,319,6,39.08,12466.52,Medium,Sea
SHP002457,SUP015,PRD018,WH05,2025-08-18,2025-08-21,2025-08-24,833,824,34,53.21,44323.93,Medium,Sea
SHP002458,SUP005,PRD022,WH04,2025-10-25,2025-10-28,2025-10-29,165,163,0,20.0,3300.0,High,Road
SHP002459,SUP003,PRD003,WH05,2025-07-01,2025-07-16,2025-07-17,276,274,3,69.26,19115.76,High,Road
SHP002460,SUP008,PRD005,WH01,2025-02-11,2025-03-03,2025-03-06,649,644,4,66.26,43002.74,Medium,Rail
SHP002461,SUP020,PRD005,WH01,2025-09-09,2025-09-13,2025-09-19,375,371,10,122.8,46050.0,Low,Road
SHP002462,SUP010,PRD017,WH01,2025-02-17,2025-02-22,2025-02-21,430,426,0,135.03,58062.9,Medium,Road
SHP002463,SUP013,PRD014,WH04,2024-12-07,2024-12-21,2024-12-25,140,139,4,42.08,5891.2,Medium,Rail
SHP002464,SUP003,PRD017,WH04,2024-08-07,2024-08-25,2024-08-24,979,969,37,11.28,11043.12,Medium,Road
SHP002465,SUP008,PRD006,WH03,2024-06-11,2024-07-01,2024-07-02,254,252,2,36.81,9349.74,Medium,Rail
SHP002466,SUP009,PRD017,WH03,2024-08-07,2024-08-18,2024-08-18,958,952,25,99.7,95512.6,Medium,Rail
SHP002467,SUP012,PRD001,WH03,2024-09-26,2024-09-30,2024-09-30,244,243,5,118.89,29009.16,Medium,Road
SHP002468,SUP011,PRD008,WH05,2025-09-23,2025-10-08,2025-10-08,660,653,9,51.97,34300.2,High,Rail
SHP002469,SUP002,PRD004,WH04,2025-02-03,2025-02-07,2025-02-06,629,627,24,51.76,32557.04,Medium,Road
SHP002470,SUP018,PRD022,WH01,2024-06-30,2024-07-19,2024-07-23,139,139,4,148.88,20694.32,Medium,Road
SHP002471,SUP009,PRD005,WH01,2025-09-09,2025-09-23,2025-09-22,152,150,2,110.48,16792.96,High,Sea
SHP002472,SUP002,PRD001,WH03,2024-07-23,2024-08-06,2024-08-07,870,862,16,93.16,81049.2,High,Road
SHP002473,SUP002,PRD022,WH02,2025-08-04,2025-08-16,2025-08-15,465,458,10,37.18,17288.7,Medium,Road
SHP002474,SUP003,PRD002,WH05,2025-07-09,2025-07-13,2025-07-11,140,139,1,10.84,1517.6,Low,Rail
SHP002475,SUP016,PRD004,WH05,2024-08-15,2024-09-04,2024-09-06,152,150,3,103.67,15757.84,Medium,Rail
SHP002476,SUP019,PRD008,WH05,2025-11-26,2025-12-10,2025-12-08,247,244,11,144.15,35605.05,Low,Rail
SHP002477,SUP004,PRD016,WH03,2025-09-10,2025-09-26,2025-09-26,963,957,17,104.22,100363.86,Low,Rail
SHP002478,SUP018,PRD010,WH06,2025-08-18,2025-09-06,2025-09-08,799,789,15,44.41,35483.59,Low,Road
SHP002479,SUP020,PRD019,WH02,2024-09-06,2024-09-23,2024-09-24,999,987,15,2.18,2177.82,Medium,Rail
SHP002480,SUP018,PRD014,WH05,2025-03-16,2025-03-29,2025-03-30,190,189,4,100.82,19155.8,High,Sea
SHP002481,SUP010,PRD022,WH05,2025-06-16,2025-07-05,2025-07-03,268,265,0,29.5,7906.0,Medium,Road
SHP002482,SUP011,PRD010,WH05,2024-07-14,2024-07-20,2024-07-20,607,606,8,149.86,90965.02,Medium,Road
SHP002483,SUP017,PRD020,WH03,2025-11-20,2025-11-28,2025-11-28,148,147,3,24.53,3630.44,Low,Road
SHP002484,SUP020,PRD016,WH04,2025-06-02,2025-06-19,2025-06-18,354,348,14,80.66,28553.64,Low,Road
SHP002485,SUP016,PRD007,WH01,2024-03-10,2024-03-18,2024-03-18,37,37,0,135.56,5015.72,Medium,Sea
SHP002486,SUP020,PRD014,WH05,2025-09-30,2025-10-13,2025-10-16,692,691,23,70.79,48986.68,Medium,Road
SHP002487,SUP013,PRD004,WH01,2025-02-02,2025-02-13,2025-02-17,746,740,11,118.26,88221.96,Medium,Sea
SHP002488,SUP002,PRD014,WH06,2025-11-02,2025-11-14,2025-11-12,314,312,6,16.23,5096.22,Medium,Rail
SHP002489,SUP002,PRD017,WH03,2024-07-21,2024-07-30,2024-07-30,238,237,7,46.53,11074.14,Medium,Road
SHP002490,SUP014,PRD011,WH05,2024-05-27,2024-06-02,2024-06-03,450,442,17,85.94,38673.0,Low,Road
SHP002491,SUP004,PRD001,WH04,2025-04-16,2025-04-28,2025-04-30,971,971,8,58.56,56861.76,Medium,Road
SHP002492,SUP017,PRD012,WH03,2025-10-16,2025-10-24,2025-10-24,826,820,13,46.56,38458.56,High,Rail
SHP002493,SUP013,PRD013,WH02,2024-07-17,2024-07-31,2024-08-01,616,616,18,117.08,72121.28,High,Road
SHP002494,SUP004,PRD005,WH01,2025-03-01,2025-03-11,2025-03-09,343,342,9,13.6,4664.8,Medium,Road
SHP002495,SUP003,PRD005,WH02,2025-10-27,2025-11-09,2025-11-07,234,234,3,80.83,18914.22,Medium,Road
SHP002496,SUP012,PRD009,WH05,2025-05-06,2025-05-25,2025-05-30,829,819,23,133.02,110273.58,High,Sea
SHP002497,SUP008,PRD001,WH04,2024-05-21,2024-06-06,2024-06-05,512,504,2,132.18,67676.16,Medium,Rail
SHP002498,SUP002,PRD001,WH02,2024-11-08,2024-11-17,2024-11-20,349,344,3,99.51,34728.99,Medium,Sea
SHP002499,SUP006,PRD006,WH02,2024-06-13,2024-07-02,2024-06-30,424,420,4,52.89,22425.36,Medium,Road
SHP002500,SUP010,PRD019,WH05,2024-11-09,2024-11-16,2024-11-16,698,689,7,112.71,78671.58,High,Road
SHP002501,SUP012,PRD009,WH02,2024-01-21,2024-02-07,2024-02-10,425,419,11,115.75,49193.75,Medium,Road
SHP002502,SUP010,PRD019,WH01,2024-03-22,2024-04-11,2024-04-12,87,87,0,36.93,3212.91,Medium,Rail
SHP002503,SUP010,PRD025,WH05,2025-08-03,2025-08-09,2025-08-11,960,942,0,148.27,142339.2,Low,Rail
SHP002504,SUP003,PRD023,WH03,2024-05-10,2024-05-23,2024-05-21,364,359,5,58.36,21243.04,High,Rail
SHP002505,SUP020,PRD024,WH02,2025-08-21,2025-09-04,2025-09-03,302,298,9,136.58,41247.16,Medium,Road
SHP002506,SUP010,PRD016,WH03,2024-10-31,2024-11-10,2024-11-11,536,528,8,128.19,68709.84,Medium,Road
SHP002507,SUP009,PRD020,WH02,2025-01-05,2025-01-17,2025-01-21,82,82,0,117.76,9656.32,Medium,Road
SHP002508,SUP020,PRD023,WH02,2025-01-18,2025-02-05,2025-02-04,126,125,3,73.32,9238.32,Medium,Sea
SHP002509,SUP019,PRD013,WH05,2025-03-20,2025-03-25,2025-03-28,634,626,23,78.52,49781.68,Medium,Road
SHP002510,SUP014,PRD024,WH03,2025-02-28,2025-03-13,2025-03-17,417,410,14,60.23,25115.91,Low,Rail
SHP002511,SUP002,PRD005,WH05,2024-06-09,2024-06-13,2024-06-18,320,317,9,9.9,3168.0,Medium,Rail
SHP002512,SUP005,PRD023,WH02,2024-06-26,2024-07-13,2024-07-17,260,257,0,43.47,11302.2,Low,Sea
SHP002513,SUP020,PRD010,WH04,2025-09-20,2025-09-25,2025-09-27,407,404,12,61.43,25002.01,Low,Air
SHP002514,SUP008,PRD006,WH02,2025-05-04,2025-05-13,2025-05-16,87,87,1,117.53,10225.11,Low,Road
SHP002515,SUP007,PRD024,WH05,2024-11-22,2024-11-30,2024-12-01,415,408,0,115.24,47824.6,Medium,Sea
SHP002516,SUP006,PRD002,WH01,2025-08-20,2025-08-23,2025-08-22,194,193,0,143.91,27918.54,Medium,Road
SHP002517,SUP011,PRD014,WH06,2024-10-15,2024-11-03,2024-11-03,768,757,1,38.61,29652.48,Medium,Road
SHP002518,SUP012,PRD021,WH01,2025-08-15,2025-08-30,2025-09-05,803,795,8,12.32,9892.96,Medium,Road
SHP002519,SUP018,PRD020,WH02,2025-10-25,2025-10-30,2025-11-01,229,229,5,110.92,25400.68,Low,Rail
SHP002520,SUP019,PRD005,WH05,2025-07-26,2025-08-06,2025-08-07,260,259,11,20.74,5392.4,Medium,Road
SHP002521,SUP010,PRD010,WH06,2025-07-26,2025-08-01,2025-07-30,97,97,0,126.88,12307.36,Low,Rail
SHP002522,SUP014,PRD006,WH03,2024-12-19,2024-12-29,2024-12-30,807,805,14,140.61,113472.27,High,Road
SHP002523,SUP003,PRD007,WH04,2024-01-28,2024-02-03,2024-02-03,291,288,3,11.63,3384.33,Low,Sea
SHP002524,SUP018,PRD023,WH03,2024-02-12,2024-02-25,2024-02-27,489,488,17,84.51,41325.39,Medium,Road
SHP002525,SUP015,PRD025,WH03,2025-11-11,2025-11-25,2025-11-26,600,594,20,111.6,66960.0,Medium,Road
SHP002526,SUP006,PRD002,WH05,2025-02-26,2025-03-10,2025-03-12,991,986,16,146.33,145013.03,Medium,Road
SHP002527,SUP010,PRD015,WH02,2025-08-20,2025-08-29,2025-08-29,959,948,1,84.06,80613.54,Medium,Road
SHP002528,SUP012,PRD023,WH05,2024-06-25,2024-06-30,2024-07-03,109,108,3,17.37,1893.33,Medium,Rail
SHP002529,SUP007,PRD021,WH05,2025-06-12,2025-06-18,2025-06-18,407,400,6,144.5,58811.5,High,Road
SHP002530,SUP017,PRD017,WH06,2025-09-01,2025-09-09,2025-09-10,373,370,14,112.62,42007.26,Low,Sea
SHP002531,SUP001,PRD005,WH04,2025-05-08,2025-05-18,2025-05-19,299,299,6,106.87,31954.13,High,Rail
SHP002532,SUP018,PRD004,WH04,2024-07-16,2024-08-04,2024-08-06,847,832,37,56.41,47779.27,Medium,Sea
SHP002533,SUP015,PRD007,WH02,2025-09-01,2025-09-17,2025-09-18,536,531,21,114.34,61286.24,Medium,Road
SHP002534,SUP019,PRD017,WH06,2025-07-30,2025-08-05,2025-08-07,381,376,14,72.59,27656.79,High,Sea
SHP002535,SUP001,PRD011,WH04,2025-05-31,2025-06-09,2025-06-09,707,700,1,2.2,1555.4,High,Rail
SHP002536,SUP005,PRD017,WH01,2025-05-28,2025-06-12,2025-06-13,228,225,0,65.1,14842.8,Medium,Road
SHP002537,SUP015,PRD012,WH05,2024-01-22,2024-01-25,2024-01-29,559,549,21,53.83,30090.97,Low,Road
SHP002538,SUP003,PRD014,WH04,2024-04-21,2024-05-11,2024-05-13,637,626,6,62.46,39787.02,High,Rail
SHP002539,SUP001,PRD017,WH05,2024-02-26,2024-03-06,2024-03-04,54,54,1,6.18,333.72,Low,Sea
SHP002540,SUP008,PRD017,WH05,2024-03-06,2024-03-09,2024-03-12,604,601,4,19.33,11675.32,Low,Road
SHP002541,SUP012,PRD002,WH01,2024-04-07,2024-04-12,2024-04-11,358,356,8,42.76,15308.08,High,Road
SHP002542,SUP019,PRD012,WH02,2024-05-23,2024-06-08,2024-06-08,534,528,21,22.7,12121.8,Medium,Road
SHP002543,SUP012,PRD010,WH04,2025-03-10,2025-03-19,2025-03-22,557,549,28,31.17,17361.69,Low,Sea
SHP002544,SUP013,PRD020,WH06,2025-09-28,2025-10-13,2025-10-11,241,238,7,70.96,17101.36,Low,Sea
SHP002545,SUP001,PRD007,WH05,2025-11-09,2025-11-23,2025-11-25,45,45,1,83.18,3743.1,Low,Road
SHP002546,SUP019,PRD014,WH02,2024-03-26,2024-03-30,2024-04-03,587,579,19,45.69,26820.03,High,Road
SHP002547,SUP006,PRD018,WH02,2025-08-10,2025-08-21,2025-08-23,51,51,0,117.19,5976.69,Medium,Road
SHP002548,SUP008,PRD018,WH04,2024-12-09,2024-12-21,2024-12-23,404,404,11,21.97,8875.88,Low,Road
SHP002549,SUP004,PRD008,WH05,2024-10-20,2024-11-02,2024-11-03,683,681,14,84.79,57911.57,Medium,Road
SHP002550,SUP005,PRD019,WH03,2025-07-24,2025-08-02,2025-07-31,314,313,0,107.34,33704.76,Low,Road
SHP002551,SUP007,PRD021,WH05,2025-10-11,2025-10-20,2025-10-22,31,31,0,12.15,376.65,Medium,Road
SHP002552,SUP004,PRD020,WH06,2025-09-02,2025-09-21,2025-09-22,195,194,6,27.02,5268.9,Low,Road
SHP002553,SUP020,PRD018,WH06,2024-08-30,2024-09-07,2024-09-07,595,587,29,52.87,31457.65,Medium,Road
SHP002554,SUP004,PRD008,WH01,2025-07-14,2025-07-24,2025-07-24,526,524,5,119.2,62699.2,Low,Sea
SHP002555,SUP015,PRD006,WH02,2024-02-01,2024-02-17,2024-02-20,381,377,14,35.55,13544.55,Medium,Air
SHP002556,SUP005,PRD007,WH04,2025-01-25,2025-02-13,2025-02-13,955,941,0,28.42,27141.1,Medium,Road
SHP002557,SUP009,PRD013,WH06,2024-10-03,2024-10-19,2024-10-17,565,561,11,128.86,72805.9,Low,Road
SHP002558,SUP002,PRD021,WH06,2025-06-15,2025-07-02,2025-06-30,39,39,0,126.08,4917.12,Low,Road
SHP002559,SUP007,PRD019,WH02,2024-06-02,2024-06-22,2024-06-22,282,278,0,50.65,14283.3,Low,Road
SHP002560,SUP017,PRD010,WH04,2025-01-17,2025-01-30,2025-02-03,484,483,11,71.9,34799.6,Low,Road
SHP002561,SUP016,PRD020,WH03,2024-03-08,2024-03-13,2024-03-14,565,565,17,136.01,76845.65,Medium,Rail
SHP002562,SUP017,PRD002,WH02,2024-08-01,2024-08-19,2024-08-18,92,92,1,88.56,8147.52,Medium,Sea
SHP002563,SUP020,PRD019,WH01,2025-10-16,2025-10-29,2025-11-04,854,850,22,84.23,71932.42,Low,Sea
SHP002564,SUP002,PRD025,WH06,2025-01-10,2025-01-22,2025-01-27,457,457,18,87.14,39822.98,Medium,Road
SHP002565,SUP011,PRD014,WH01,2024-07-31,2024-08-06,2024-08-04,759,752,11,79.25,60150.75,Medium,Road
SHP002566,SUP002,PRD010,WH04,2024-03-19,2024-04-05,2024-04-10,461,460,15,119.5,55089.5,Medium,Air
SHP002567,SUP001,PRD015,WH06,2025-09-19,2025-09-24,2025-09-22,293,291,3,100.66,29493.38,Medium,Road
SHP002568,SUP002,PRD016,WH02,2025-08-26,2025-09-09,2025-09-10,221,219,5,110.0,24310.0,Medium,Road
SHP002569,SUP009,PRD013,WH03,2025-01-15,2025-01-20,2025-01-23,121,120,0,33.11,4006.31,Low,Rail
SHP002570,SUP002,PRD004,WH02,2025-11-10,2025-11-15,2025-11-16,91,91,1,124.62,11340.42,Medium,Rail
SHP002571,SUP015,PRD007,WH05,2024-02-27,2024-03-12,2024-03-15,353,352,9,133.74,47210.22,High,Road
SHP002572,SUP010,PRD022,WH02,2024-01-26,2024-02-03,2024-02-01,302,300,0,32.9,9935.8,High,Sea
SHP002573,SUP015,PRD004,WH05,2025-03-22,2025-04-02,2025-04-01,518,517,22,69.73,36120.14,Low,Road
SHP002574,SUP010,PRD003,WH04,2024-03-06,2024-03-25,2024-03-23,81,81,0,132.22,10709.82,Medium,Sea
SHP002575,SUP017,PRD012,WH04,2024-09-10,2024-09-19,2024-09-21,219,216,5,17.87,3913.53,Medium,Road
SHP002576,SUP009,PRD018,WH05,2024-02-13,2024-02-27,2024-02-27,141,140,2,63.94,9015.54,Low,Road
SHP002577,SUP018,PRD013,WH01,2024-04-06,2024-04-24,2024-04-22,250,248,4,144.94,36235.0,Low,Sea
SHP002578,SUP004,PRD017,WH04,2025-07-07,2025-07-12,2025-07-12,944,940,34,41.18,38873.92,Medium,Road
SHP002579,SUP009,PRD018,WH05,2024-08-14,2024-08-25,2024-08-26,986,979,21,130.11,128288.46,High,Road
SHP002580,SUP016,PRD003,WH02,2025-11-09,2025-11-19,2025-11-19,784,775,10,53.35,41826.4,Medium,Rail
SHP002581,SUP004,PRD020,WH02,2025-03-11,2025-03-31,2025-04-03,630,625,7,105.17,66257.1,High,Sea
SHP002582,SUP016,PRD019,WH04,2025-08-23,2025-09-10,2025-09-09,668,666,19,108.69,72604.92,High,Road
SHP002583,SUP019,PRD013,WH01,2025-01-13,2025-01-20,2025-01-22,156,154,6,59.19,9233.64,Medium,Road
SHP002584,SUP001,PRD019,WH02,2024-06-26,2024-07-03,2024-07-04,92,92,1,108.29,9962.68,Medium,Rail
SHP002585,SUP006,PRD006,WH04,2025-03-02,2025-03-13,2025-03-16,116,115,1,124.94,14493.04,Low,Sea
SHP002586,SUP010,PRD001,WH05,2024-11-02,2024-11-17,2024-11-15,948,941,0,124.73,118244.04,Medium,Road
SHP002587,SUP016,PRD010,WH03,2025-05-18,2025-05-25,2025-05-25,840,835,16,14.86,12482.4,Medium,Road
SHP002588,SUP004,PRD018,WH06,2024-09-24,2024-10-06,2024-10-06,450,445,0,18.73,8428.5,Medium,Sea
SHP002589,SUP013,PRD016,WH02,2025-08-08,2025-08-13,2025-08-13,869,862,4,84.04,73030.76,Medium,Rail
SHP002590,SUP016,PRD015,WH02,2024-01-08,2024-01-22,2024-01-22,961,960,20,129.6,124545.6,Low,Road
SHP002591,SUP020,PRD023,WH03,2025-05-22,2025-06-05,2025-06-08,406,405,7,67.67,27474.02,Medium,Sea
SHP002592,SUP006,PRD008,WH05,2025-04-20,2025-04-29,2025-05-02,705,702,2,140.5,99052.5,Low,Road
SHP002593,SUP011,PRD011,WH06,2024-10-23,2024-10-31,2024-11-02,290,290,7,39.44,11437.6,Low,Road
SHP002594,SUP003,PRD022,WH05,2024-06-12,2024-06-23,2024-06-25,212,212,3,51.27,10869.24,Medium,Sea
SHP002595,SUP020,PRD016,WH05,2025-04-29,2025-05-14,2025-05-15,161,160,4,8.84,1423.24,Medium,Road
SHP002596,SUP010,PRD009,WH02,2025-08-19,2025-09-07,2025-09-08,879,863,0,11.85,10416.15,Medium,Sea
SHP002597,SUP001,PRD001,WH06,2024-03-12,2024-03-15,2024-03-17,510,508,5,77.49,39519.9,Medium,Road
SHP002598,SUP020,PRD021,WH03,2025-07-20,2025-07-27,2025-07-26,155,155,7,9.73,1508.15,Medium,Road
SHP002599,SUP011,PRD016,WH06,2025-07-12,2025-07-20,2025-07-21,209,209,4,100.83,21073.47,Low,Road
SHP002600,SUP012,PRD018,WH04,2024-08-25,2024-09-01,2024-09-01,30,30,0,46.38,1391.4,Medium,Road
SHP002601,SUP014,PRD019,WH04,2024-04-13,2024-04-26,2024-05-02,62,62,1,96.31,5971.22,Medium,Road
SHP002602,SUP008,PRD020,WH04,2024-07-28,2024-08-10,2024-08-15,241,241,2,33.77,8138.57,Low,Road
SHP002603,SUP011,PRD022,WH03,2025-07-07,2025-07-18,2025-07-16,662,655,9,109.05,72191.1,High,Sea
SHP002604,SUP004,PRD009,WH06,2025-04-12,2025-04-16,2025-04-17,934,924,2,130.31,121709.54,Medium,Road
SHP002605,SUP007,PRD006,WH06,2025-03-29,2025-04-06,2025-04-09,348,344,0,15.42,5366.16,Medium,Road
SHP002606,SUP010,PRD025,WH02,2024-09-24,2024-10-07,2024-10-05,604,603,0,132.13,79806.52,Medium,Air
SHP002607,SUP019,PRD012,WH03,2025-01-20,2025-01-24,2025-01-27,82,82,2,37.28,3056.96,Low,Road
SHP002608,SUP004,PRD009,WH03,2025-01-21,2025-01-29,2025-01-30,456,454,2,29.51,13456.56,Medium,Sea
SHP002609,SUP002,PRD013,WH06,2024-09-15,2024-10-05,2024-10-06,121,121,2,30.17,3650.57,Low,Sea
SHP002610,SUP018,PRD022,WH04,2024-10-09,2024-10-14,2024-10-16,704,697,22,2.94,2069.76,Low,Road
SHP002611,SUP014,PRD008,WH03,2025-09-17,2025-10-01,2025-10-05,848,833,11,104.28,88429.44,Medium,Road
SHP002612,SUP016,PRD025,WH03,2024-02-09,2024-02-15,2024-02-16,802,787,6,7.41,5942.82,Medium,Road
SHP002613,SUP011,PRD006,WH02,2025-04-30,2025-05-06,2025-05-07,914,913,17,45.68,41751.52,Medium,Sea
SHP002614,SUP010,PRD004,WH06,2024-08-07,2024-08-24,2024-08-25,926,921,17,36.86,34132.36,Medium,Road
SHP002615,SUP017,PRD019,WH06,2024-05-08,2024-05-12,2024-05-14,442,439,16,109.76,48513.92,Medium,Road
SHP002616,SUP014,PRD001,WH04,2025-06-03,2025-06-08,2025-06-09,155,153,5,139.22,21579.1,Medium,Rail
SHP002617,SUP004,PRD020,WH01,2025-09-04,2025-09-13,2025-09-11,528,525,11,17.55,9266.4,Medium,Sea
SHP002618,SUP019,PRD019,WH02,2025-11-18,2025-11-25,2025-11-29,33,33,1,112.64,3717.12,Medium,Sea
SHP002619,SUP002,PRD003,WH06,2025-09-10,2025-09-25,2025-09-27,765,765,22,23.07,17648.55,Low,Road
SHP002620,SUP007,PRD018,WH06,2025-09-04,2025-09-09,2025-09-09,284,284,0,59.49,16895.16,Medium,Road
SHP002621,SUP009,PRD017,WH04,2024-09-16,2024-09-20,2024-09-19,716,716,17,119.78,85762.48,Medium,Road
SHP002622,SUP019,PRD008,WH01,2024-12-31,2025-01-11,2025-01-17,760,759,38,13.25,10070.0,Medium,Sea
SHP002623,SUP016,PRD009,WH05,2025-06-27,2025-06-30,2025-07-04,69,69,2,61.89,4270.41,Medium,Road
SHP002624,SUP016,PRD018,WH01,2025-10-10,2025-10-26,2025-10-26,82,82,1,51.63,4233.66,Medium,Road
SHP002625,SUP018,PRD001,WH03,2025-06-07,2025-06-24,2025-06-24,678,674,15,122.27,82899.06,Low,Road
SHP002626,SUP011,PRD020,WH02,2024-01-16,2024-01-30,2024-01-30,839,826,21,137.53,115387.67,Medium,Rail
SHP002627,SUP007,PRD004,WH01,2024-05-08,2024-05-13,2024-05-11,437,431,0,108.68,47493.16,High,Road
SHP002628,SUP009,PRD011,WH06,2025-07-28,2025-08-03,2025-08-07,23,23,0,146.17,3361.91,Medium,Road
SHP002629,SUP004,PRD005,WH06,2024-04-18,2024-04-26,2024-04-27,401,397,11,26.53,10638.53,Low,Sea
SHP002630,SUP013,PRD018,WH03,2025-06-16,2025-06-19,2025-06-19,491,489,18,81.85,40188.35,Low,Road
SHP002631,SUP004,PRD011,WH02,2025-10-31,2025-11-13,2025-11-13,867,862,5,107.39,93107.13,Medium,Rail
SHP002632,SUP019,PRD024,WH01,2024-09-25,2024-09-29,2024-10-01,674,664,23,10.31,6948.94,High,Road
SHP002633,SUP002,PRD001,WH01,2024-06-10,2024-06-28,2024-06-26,74,74,2,100.77,7456.98,High,Air
SHP002634,SUP009,PRD021,WH03,2024-09-16,2024-09-19,2024-09-17,918,914,1,146.39,134386.02,Low,Sea
SHP002635,SUP012,PRD010,WH05,2024-04-11,2024-04-18,2024-04-19,758,748,8,143.09,108462.22,Medium,Road
SHP002636,SUP002,PRD016,WH06,2025-05-20,2025-05-26,2025-05-27,456,450,9,61.98,28262.88,Medium,Road
SHP002637,SUP006,PRD012,WH02,2025-07-24,2025-07-28,2025-07-31,782,778,0,66.52,52018.64,Low,Rail
SHP002638,SUP005,PRD020,WH02,2024-09-03,2024-09-09,2024-09-07,956,941,0,32.4,30974.4,High,Rail
SHP002639,SUP005,PRD022,WH01,2025-10-01,2025-10-16,2025-10-15,92,92,1,69.44,6388.48,Medium,Road
SHP002640,SUP020,PRD002,WH04,2025-06-20,2025-07-06,2025-07-07,133,133,3,101.07,13442.31,High,Road
SHP002641,SUP005,PRD011,WH01,2024-05-10,2024-05-19,2024-05-20,940,934,4,85.1,79994.0,Medium,Road
SHP002642,SUP004,PRD010,WH02,2024-12-18,2024-12-21,2024-12-24,264,263,7,144.72,38206.08,Medium,Road
SHP002643,SUP009,PRD012,WH02,2024-07-14,2024-07-22,2024-07-20,943,936,31,60.71,57249.53,Medium,Road
SHP002644,SUP010,PRD015,WH03,2025-10-27,2025-11-01,2025-10-31,744,735,0,5.77,4292.88,Medium,Road
SHP002645,SUP016,PRD016,WH02,2025-01-16,2025-01-31,2025-01-29,153,152,3,139.49,21341.97,Medium,Road
SHP002646,SUP010,PRD021,WH04,2025-10-06,2025-10-20,2025-10-19,483,482,7,113.43,54786.69,Medium,Rail
SHP002647,SUP010,PRD022,WH04,2024-08-14,2024-08-17,2024-08-18,287,285,0,33.76,9689.12,Low,Road
SHP002648,SUP019,PRD017,WH01,2025-12-01,2025-12-08,2025-12-12,906,902,22,83.02,75216.12,Low,Rail
SHP002649,SUP010,PRD013,WH03,2025-04-20,2025-04-29,2025-05-01,909,898,9,140.07,127323.63,Low,Rail
SHP002650,SUP006,PRD016,WH03,2025-04-21,2025-05-10,2025-05-10,717,704,3,111.84,80189.28,Medium,Rail
SHP002651,SUP017,PRD020,WH05,2024-09-21,2024-10-09,2024-10-12,835,825,28,99.64,83199.4,Low,Rail
SHP002652,SUP005,PRD004,WH04,2025-01-06,2025-01-16,2025-01-16,651,643,11,103.52,67391.52,Low,Rail
SHP002653,SUP006,PRD023,WH01,2025-04-30,2025-05-06,2025-05-04,188,186,1,12.47,2344.36,Low,Road
SHP002654,SUP015,PRD016,WH05,2025-03-09,2025-03-13,2025-03-16,936,936,41,28.78,26938.08,High,Road
SHP002655,SUP019,PRD002,WH03,2025-10-07,2025-10-19,2025-10-18,173,171,7,124.08,21465.84,Medium,Rail
SHP002656,SUP018,PRD024,WH01,2024-07-29,2024-08-13,2024-08-14,289,287,8,140.02,40465.78,Medium,Road
SHP002657,SUP004,PRD004,WH02,2025-07-25,2025-08-09,2025-08-07,294,290,9,148.63,43697.22,Medium,Rail
SHP002658,SUP008,PRD024,WH01,2025-01-11,2025-01-29,2025-01-28,267,267,4,103.38,27602.46,High,Road
SHP002659,SUP016,PRD010,WH03,2025-01-29,2025-02-04,2025-02-02,116,116,4,117.26,13602.16,Medium,Air
SHP002660,SUP019,PRD020,WH06,2025-03-25,2025-04-13,2025-04-11,194,192,6,73.85,14326.9,Medium,Road
SHP002661,SUP020,PRD005,WH03,2024-12-29,2025-01-10,2025-01-13,551,549,18,86.55,47689.05,Low,Sea
SHP002662,SUP003,PRD014,WH02,2025-04-01,2025-04-12,2025-04-12,23,23,0,72.3,1662.9,Medium,Sea
SHP002663,SUP010,PRD024,WH05,2024-08-13,2024-08-24,2024-08-24,342,338,3,10.8,3693.6,Medium,Rail
SHP002664,SUP002,PRD021,WH06,2024-05-10,2024-05-19,2024-05-19,564,557,7,77.91,43941.24,Medium,Road
SHP002665,SUP004,PRD009,WH01,2025-08-10,2025-08-21,2025-08-23,234,234,12,24.74,5789.16,Medium,Air
SHP002666,SUP006,PRD014,WH02,2025-04-20,2025-04-26,2025-04-26,143,143,0,102.02,14588.86,Medium,Sea
SHP002667,SUP011,PRD005,WH06,2024-10-03,2024-10-14,2024-10-15,174,174,2,144.04,25062.96,Low,Road
SHP002668,SUP014,PRD024,WH05,2024-06-04,2024-06-12,2024-06-15,240,238,6,120.61,28946.4,High,Rail
SHP002669,SUP016,PRD005,WH02,2024-08-05,2024-08-19,2024-08-17,219,218,4,34.91,7645.29,High,Sea
SHP002670,SUP019,PRD012,WH04,2024-07-08,2024-07-15,2024-07-16,280,276,8,148.04,41451.2,Low,Road
SHP002671,SUP002,PRD017,WH01,2025-02-20,2025-03-08,2025-03-09,394,392,3,98.58,38840.52,Low,Road
SHP002672,SUP017,PRD017,WH04,2025-11-05,2025-11-24,2025-11-25,690,682,13,12.97,8949.3,Low,Rail
SHP002673,SUP009,PRD018,WH04,2025-11-22,2025-11-29,2025-11-29,459,452,9,108.29,49705.11,Low,Air
SHP002674,SUP017,PRD025,WH01,2025-06-29,2025-07-09,2025-07-13,577,577,7,97.51,56263.27,Medium,Rail
SHP002675,SUP015,PRD006,WH03,2024-02-10,2024-02-20,2024-02-22,353,348,12,98.34,34714.02,Medium,Road
SHP002676,SUP007,PRD004,WH04,2024-11-02,2024-11-14,2024-11-13,16,16,0,31.0,496.0,Low,Road
SHP002677,SUP019,PRD025,WH02,2024-12-03,2024-12-18,2024-12-27,893,886,35,83.09,74199.37,Low,Sea
SHP002678,SUP003,PRD009,WH05,2024-11-09,2024-11-23,2024-11-27,651,640,5,20.18,13137.18,Low,Rail
SHP002679,SUP001,PRD001,WH05,2024-03-15,2024-03-20,2024-03-21,921,910,11,77.36,71248.56,Medium,Road
SHP002680,SUP004,PRD014,WH05,2024-10-05,2024-10-20,2024-10-19,526,526,14,29.44,15485.44,Medium,Rail
SHP002681,SUP018,PRD003,WH02,2024-06-24,2024-07-08,2024-07-07,300,299,6,50.43,15129.0,Medium,Sea
SHP002682,SUP008,PRD022,WH03,2025-10-23,2025-10-31,2025-11-01,386,385,8,139.29,53765.94,Medium,Sea
SHP002683,SUP019,PRD005,WH01,2024-09-29,2024-10-14,2024-10-14,925,923,33,108.66,100510.5,Medium,Road
SHP002684,SUP006,PRD004,WH05,2025-09-11,2025-09-18,2025-09-17,322,321,4,107.7,34679.4,Low,Road
SHP002685,SUP001,PRD006,WH01,2025-10-12,2025-10-26,2025-10-29,503,494,4,102.55,51582.65,Medium,Rail
SHP002686,SUP008,PRD017,WH02,2024-10-15,2024-10-19,2024-10-19,978,963,0,75.25,73594.5,Medium,Road
SHP002687,SUP001,PRD007,WH01,2024-09-28,2024-10-02,2024-10-02,331,327,1,95.3,31544.3,Medium,Road
SHP002688,SUP019,PRD018,WH06,2024-03-06,2024-03-11,2024-03-11,303,303,8,73.46,22258.38,High,Sea
SHP002689,SUP011,PRD006,WH01,2025-04-27,2025-04-30,2025-04-30,570,570,4,104.73,59696.1,Medium,Road
SHP002690,SUP015,PRD001,WH05,2024-09-04,2024-09-22,2024-09-24,971,964,24,142.67,138532.57,Low,Rail
SHP002691,SUP011,PRD008,WH04,2024-06-04,2024-06-10,2024-06-08,683,676,0,110.66,75580.78,High,Rail
SHP002692,SUP019,PRD004,WH02,2024-02-16,2024-02-25,2024-02-29,873,857,43,101.65,88740.45,High,Rail
SHP002693,SUP010,PRD002,WH06,2025-03-29,2025-04-03,2025-04-04,614,606,15,99.51,61099.14,Medium,Road
SHP002694,SUP012,PRD025,WH06,2024-07-19,2024-08-01,2024-08-01,817,805,38,52.4,42810.8,Medium,Road
SHP002695,SUP001,PRD024,WH01,2025-10-21,2025-10-28,2025-10-30,130,130,0,79.46,10329.8,Medium,Sea
SHP002696,SUP007,PRD022,WH05,2024-05-03,2024-05-14,2024-05-14,210,207,0,112.58,23641.8,Medium,Road
SHP002697,SUP017,PRD014,WH04,2024-01-01,2024-01-17,2024-01-15,421,418,10,14.91,6277.11,High,Sea
SHP002698,SUP010,PRD015,WH03,2025-10-01,2025-10-04,2025-10-05,616,605,0,50.64,31194.24,Medium,Road
SHP002699,SUP006,PRD014,WH04,2024-07-09,2024-07-17,2024-07-17,113,112,0,79.25,8955.25,Low,Road
SHP002700,SUP017,PRD013,WH04,2025-08-01,2025-08-05,2025-08-03,73,73,0,136.23,9944.79,Medium,Sea
SHP002701,SUP018,PRD019,WH05,2025-05-30,2025-06-08,2025-06-10,748,746,18,35.31,26411.88,Low,Rail
SHP002702,SUP005,PRD005,WH03,2025-03-17,2025-04-02,2025-04-02,743,737,3,97.15,72182.45,Low,Road
SHP002703,SUP018,PRD013,WH02,2024-05-22,2024-06-01,2024-06-04,618,617,19,4.17,2577.06,Medium,Road
SHP002704,SUP017,PRD010,WH01,2024-07-09,2024-07-29,2024-07-29,647,638,8,139.67,90366.49,Low,Road
SHP002705,SUP016,PRD023,WH06,2025-06-16,2025-06-29,2025-06-29,554,551,8,97.2,53848.8,Low,Road
SHP002706,SUP008,PRD007,WH03,2024-08-14,2024-08-25,2024-08-25,217,216,3,5.36,1163.12,High,Sea
SHP002707,SUP013,PRD017,WH06,2024-11-08,2024-11-22,2024-11-26,392,386,10,104.89,41116.88,Medium,Road
SHP002708,SUP016,PRD023,WH06,2025-09-20,2025-10-02,2025-10-01,639,637,27,133.31,85185.09,Low,Air
SHP002709,SUP011,PRD009,WH02,2024-10-28,2024-11-13,2024-11-11,125,124,1,49.07,6133.75,Low,Road
SHP002710,SUP006,PRD005,WH06,2025-10-15,2025-10-25,2025-10-24,869,869,8,136.33,118470.77,Medium,Road
SHP002711,SUP003,PRD023,WH04,2025-04-04,2025-04-22,2025-04-20,480,478,19,61.81,29668.8,Low,Road
SHP002712,SUP001,PRD015,WH04,2025-02-04,2025-02-23,2025-02-21,385,382,1,142.63,54912.55,Low,Road
SHP002713,SUP018,PRD008,WH06,2025-07-04,2025-07-20,2025-07-22,332,332,11,18.73,6218.36,High,Road
SHP002714,SUP005,PRD024,WH01,2025-01-27,2025-01-31,2025-01-31,109,109,0,57.64,6282.76,Medium,Air
SHP002715,SUP013,PRD004,WH03,2024-07-25,2024-08-06,2024-08-10,920,903,22,108.59,99902.8,Low,Road
SHP002716,SUP010,PRD023,WH01,2024-07-28,2024-08-07,2024-08-06,255,254,2,105.31,26854.05,High,Sea
SHP002717,SUP005,PRD010,WH04,2024-04-24,2024-05-12,2024-05-12,726,719,6,41.51,30136.26,High,Rail
SHP002718,SUP014,PRD022,WH04,2025-10-07,2025-10-23,2025-10-26,297,294,6,75.49,22420.53,High,Road
SHP002719,SUP017,PRD009,WH02,2024-09-07,2024-09-22,2024-09-22,848,838,18,45.24,38363.52,High,Sea
SHP002720,SUP001,PRD006,WH05,2024-08-06,2024-08-14,2024-08-16,175,175,0,136.28,23849.0,Low,Road
SHP002721,SUP002,PRD004,WH02,2025-02-10,2025-02-25,2025-02-26,751,740,17,48.03,36070.53,Medium,Rail
SHP002722,SUP007,PRD025,WH04,2025-03-18,2025-04-02,2025-04-01,510,510,3,45.02,22960.2,Low,Sea
SHP002723,SUP010,PRD001,WH04,2025-08-25,2025-09-07,2025-09-07,631,622,2,88.0,55528.0,High,Road
SHP002724,SUP020,PRD017,WH05,2024-12-19,2025-01-01,2024-12-31,455,452,16,48.49,22062.95,Low,Rail
SHP002725,SUP007,PRD012,WH01,2025-07-11,2025-07-27,2025-07-28,696,684,0,102.59,71402.64,Medium,Road
SHP002726,SUP016,PRD014,WH04,2025-07-03,2025-07-11,2025-07-13,486,486,4,147.64,71753.04,Medium,Road
SHP002727,SUP005,PRD023,WH05,2024-05-21,2024-06-07,2024-06-11,734,734,0,72.31,53075.54,Medium,Sea
SHP002728,SUP012,PRD006,WH04,2025-09-03,2025-09-14,2025-09-12,672,668,14,130.54,87722.88,Medium,Road
SHP002729,SUP017,PRD013,WH04,2025-05-15,2025-05-27,2025-05-26,828,828,15,84.62,70065.36,Low,Road
SHP002730,SUP016,PRD016,WH05,2025-06-30,2025-07-14,2025-07-16,651,639,12,17.36,11301.36,Low,Air
SHP002731,SUP020,PRD001,WH06,2025-10-20,2025-10-26,2025-10-25,626,621,24,44.8,28044.8,Medium,Sea
SHP002732,SUP016,PRD003,WH01,2025-06-25,2025-07-14,2025-07-14,828,823,11,145.17,120200.76,Low,Road
SHP002733,SUP019,PRD002,WH05,2025-05-21,2025-05-25,2025-05-25,405,399,10,62.26,25215.3,Medium,Rail
SHP002734,SUP015,PRD020,WH06,2025-08-18,2025-08-23,2025-08-30,78,78,2,90.86,7087.08,Medium,Sea
SHP002735,SUP012,PRD021,WH01,2024-10-07,2024-10-18,2024-10-22,874,864,22,48.3,42214.2,Low,Sea
SHP002736,SUP010,PRD005,WH05,2025-02-27,2025-03-08,2025-03-09,510,508,1,113.84,58058.4,Low,Road
SHP002737,SUP002,PRD023,WH02,2024-09-26,2024-10-16,2024-10-19,634,628,10,115.64,73315.76,Low,Rail
SHP002738,SUP007,PRD003,WH04,2024-06-02,2024-06-08,2024-06-06,655,644,4,101.22,66299.1,Medium,Road
SHP002739,SUP013,PRD006,WH03,2025-09-05,2025-09-11,2025-09-10,528,525,7,19.0,10032.0,Low,Sea
SHP002740,SUP003,PRD012,WH01,2025-10-23,2025-10-31,2025-11-03,296,295,6,99.8,29540.8,Medium,Sea
SHP002741,SUP015,PRD017,WH03,2024-03-23,2024-03-26,2024-03-31,781,776,29,127.21,99351.01,Medium,Air
SHP002742,SUP001,PRD020,WH02,2025-09-13,2025-09-23,2025-09-21,356,356,1,106.75,38003.0,Medium,Rail
SHP002743,SUP003,PRD004,WH06,2025-03-01,2025-03-11,2025-03-12,940,923,0,134.96,126862.4,Medium,Road
SHP002744,SUP010,PRD009,WH02,2024-10-01,2024-10-06,2024-10-05,402,399,0,81.47,32750.94,Medium,Road
SHP002745,SUP015,PRD024,WH02,2024-10-10,2024-10-26,2024-10-25,69,69,3,33.5,2311.5,Medium,Road
SHP002746,SUP006,PRD022,WH02,2024-06-21,2024-07-10,2024-07-11,705,697,4,30.3,21361.5,Low,Sea
SHP002747,SUP020,PRD002,WH06,2024-11-22,2024-11-30,2024-12-04,679,667,24,114.81,77955.99,Medium,Sea
SHP002748,SUP015,PRD015,WH02,2024-03-03,2024-03-08,2024-03-11,976,958,27,139.58,136230.08,High,Road
SHP002749,SUP007,PRD005,WH02,2024-03-13,2024-03-18,2024-03-16,266,264,3,38.18,10155.88,Medium,Air
SHP002750,SUP005,PRD015,WH02,2025-09-27,2025-10-14,2025-10-12,706,696,0,134.37,94865.22,Medium,Road
SHP002751,SUP004,PRD017,WH05,2025-01-09,2025-01-28,2025-01-26,489,487,14,142.05,69462.45,High,Rail
SHP002752,SUP018,PRD022,WH01,2025-09-24,2025-10-04,2025-10-06,890,881,31,77.98,69402.2,Low,Road
SHP002753,SUP003,PRD018,WH04,2025-05-22,2025-06-10,2025-06-10,831,827,13,87.6,72795.6,Low,Rail
SHP002754,SUP017,PRD006,WH02,2025-02-01,2025-02-07,2025-02-08,437,436,5,113.33,49525.21,Low,Road
SHP002755,SUP018,PRD011,WH05,2024-04-29,2024-05-05,2024-05-09,888,875,32,107.7,95637.6,High,Sea
SHP002756,SUP018,PRD006,WH03,2025-03-12,2025-04-01,2025-03-31,233,233,3,117.7,27424.1,Medium,Rail
SHP002757,SUP002,PRD016,WH03,2025-11-06,2025-11-26,2025-11-27,836,826,18,10.93,9137.48,Medium,Sea
SHP002758,SUP013,PRD016,WH04,2025-04-09,2025-04-20,2025-04-22,774,770,7,10.25,7933.5,Low,Road
SHP002759,SUP015,PRD019,WH01,2024-10-12,2024-10-27,2024-10-27,667,666,29,54.8,36551.6,Low,Road
SHP002760,SUP005,PRD005,WH03,2024-09-21,2024-10-11,2024-10-14,174,173,0,60.19,10473.06,Medium,Sea
SHP002761,SUP003,PRD015,WH05,2024-11-15,2024-11-28,2024-11-27,640,639,12,21.75,13920.0,Medium,Road
SHP002762,SUP005,PRD019,WH05,2025-11-03,2025-11-12,2025-11-10,491,487,0,103.04,50592.64,Medium,Sea
SHP002763,SUP005,PRD013,WH06,2025-01-10,2025-01-26,2025-01-24,14,14,0,47.26,661.64,Medium,Sea
SHP002764,SUP005,PRD006,WH05,2024-03-29,2024-04-09,2024-04-12,128,127,0,30.13,3856.64,Low,Road
SHP002765,SUP003,PRD023,WH03,2025-10-15,2025-10-25,2025-10-27,373,367,1,41.25,15386.25,Low,Road
SHP002766,SUP003,PRD002,WH03,2024-07-21,2024-08-07,2024-08-05,703,700,21,17.28,12147.84,High,Road
SHP002767,SUP020,PRD023,WH01,2024-11-29,2024-12-13,2024-12-14,526,526,23,35.0,18410.0,Low,Road
SHP002768,SUP018,PRD015,WH05,2024-08-09,2024-08-23,2024-08-25,887,876,22,47.42,42061.54,Medium,Road
SHP002769,SUP020,PRD025,WH06,2024-02-10,2024-02-20,2024-02-18,881,869,25,13.9,12245.9,Medium,Sea
SHP002770,SUP004,PRD008,WH05,2024-03-08,2024-03-27,2024-03-25,144,143,2,88.99,12814.56,Medium,Road
SHP002771,SUP001,PRD008,WH01,2025-05-28,2025-06-11,2025-06-11,623,613,6,121.79,75875.17,Low,Road
SHP002772,SUP016,PRD008,WH05,2025-09-28,2025-10-15,2025-10-18,229,229,7,76.03,17410.87,Low,Rail
SHP002773,SUP008,PRD010,WH04,2025-09-13,2025-09-24,2025-09-22,674,665,12,118.71,80010.54,Low,Road
SHP002774,SUP017,PRD018,WH05,2025-08-20,2025-08-24,2025-08-22,56,56,0,74.62,4178.72,Medium,Rail
SHP002775,SUP008,PRD008,WH06,2025-09-23,2025-10-04,2025-10-05,50,50,0,138.98,6949.0,Medium,Road
SHP002776,SUP007,PRD002,WH04,2024-05-06,2024-05-19,2024-05-17,310,306,4,134.54,41707.4,Medium,Road
SHP002777,SUP008,PRD016,WH01,2024-09-11,2024-09-27,2024-10-01,875,867,0,52.51,45946.25,Medium,Sea
SHP002778,SUP012,PRD015,WH02,2025-11-25,2025-12-12,2025-12-12,11,11,0,72.69,799.59,Medium,Sea
SHP002779,SUP016,PRD021,WH01,2024-01-16,2024-01-21,2024-01-23,863,848,13,68.36,58994.68,High,Road
SHP002780,SUP012,PRD022,WH05,2025-04-21,2025-04-29,2025-05-04,91,91,2,127.47,11599.77,High,Rail
SHP002781,SUP019,PRD021,WH01,2024-03-02,2024-03-20,2024-03-22,475,471,19,9.46,4493.5,Medium,Road
SHP002782,SUP010,PRD006,WH02,2025-03-07,2025-03-14,2025-03-13,195,194,0,94.61,18448.95,Low,Sea
SHP002783,SUP007,PRD017,WH03,2025-10-31,2025-11-20,2025-11-21,532,523,12,31.59,16805.88,Low,Rail
SHP002784,SUP012,PRD018,WH05,2024-09-24,2024-10-08,2024-10-09,738,736,13,73.88,54523.44,Medium,Rail
SHP002785,SUP020,PRD025,WH01,2024-02-04,2024-02-24,2024-02-29,779,777,21,136.71,106497.09,Medium,Road
SHP002786,SUP005,PRD001,WH04,2025-07-29,2025-08-02,2025-08-02,748,742,1,128.56,96162.88,Low,Road
SHP002787,SUP016,PRD016,WH02,2025-05-08,2025-05-24,2025-05-22,622,617,17,100.24,62349.28,Low,Road
SHP002788,SUP009,PRD008,WH05,2025-07-15,2025-07-23,2025-07-26,559,557,14,4.63,2588.17,Medium,Road
SHP002789,SUP007,PRD003,WH03,2025-04-13,2025-05-02,2025-05-05,212,210,1,127.53,27036.36,Medium,Road
SHP002790,SUP020,PRD013,WH05,2025-10-22,2025-10-28,2025-10-28,227,226,4,77.47,17585.69,Medium,Air
SHP002791,SUP014,PRD004,WH05,2024-11-20,2024-12-01,2024-12-02,487,482,13,129.32,62978.84,Medium,Rail
SHP002792,SUP011,PRD004,WH02,2024-10-30,2024-11-03,2024-11-02,830,830,15,110.33,91573.9,Medium,Road
SHP002793,SUP007,PRD009,WH03,2024-10-02,2024-10-06,2024-10-07,871,855,0,123.56,107620.76,Medium,Road
SHP002794,SUP010,PRD003,WH04,2025-11-14,2025-11-24,2025-11-24,355,353,1,68.29,24242.95,Medium,Road
SHP002795,SUP009,PRD009,WH06,2024-07-19,2024-07-24,2024-07-22,573,573,0,53.85,30856.05,Medium,Sea
SHP002796,SUP004,PRD010,WH01,2025-03-20,2025-04-06,2025-04-09,80,80,0,77.34,6187.2,Medium,Road
SHP002797,SUP016,PRD018,WH06,2024-11-19,2024-11-29,2024-11-27,858,853,24,97.14,83346.12,Medium,Road
SHP002798,SUP010,PRD011,WH03,2024-02-04,2024-02-17,2024-02-20,992,976,0,21.58,21407.36,Medium,Sea
SHP002799,SUP019,PRD022,WH01,2025-04-26,2025-05-09,2025-05-08,212,212,7,117.29,24865.48,Medium,Road
SHP002800,SUP017,PRD025,WH04,2025-04-24,2025-05-02,2025-05-03,91,91,0,71.69,6523.79,High,Road
SHP002801,SUP009,PRD015,WH02,2024-03-05,2024-03-21,2024-03-21,335,332,6,140.81,47171.35,Low,Sea
SHP002802,SUP013,PRD012,WH01,2024-01-08,2024-01-23,2024-01-26,903,894,12,12.48,11269.44,Medium,Sea
SHP002803,SUP001,PRD010,WH02,2024-10-27,2024-11-01,2024-11-02,417,411,1,4.18,1743.06,High,Road
SHP002804,SUP002,PRD020,WH04,2024-12-08,2024-12-18,2024-12-21,193,193,2,68.95,13307.35,High,Road
SHP002805,SUP013,PRD006,WH06,2025-03-06,2025-03-13,2025-03-13,12,12,0,14.97,179.64,Medium,Road
SHP002806,SUP009,PRD015,WH05,2025-02-27,2025-03-09,2025-03-09,119,119,2,140.1,16671.9,Low,Road
SHP002807,SUP007,PRD019,WH03,2024-11-27,2024-12-09,2024-12-07,819,815,9,40.64,33284.16,High,Sea
SHP002808,SUP016,PRD019,WH02,2025-03-13,2025-03-20,2025-03-22,374,374,4,64.93,24283.82,Low,Road
SHP002809,SUP019,PRD009,WH01,2025-08-10,2025-08-14,2025-08-19,12,12,0,34.98,419.76,Medium,Road
SHP002810,SUP007,PRD019,WH06,2024-06-22,2024-07-10,2024-07-11,740,739,1,30.13,22296.2,Medium,Road
SHP002811,SUP006,PRD009,WH01,2025-07-12,2025-07-27,2025-07-29,877,875,0,112.86,98978.22,Low,Rail
SHP002812,SUP018,PRD003,WH04,2025-06-10,2025-06-14,2025-06-17,824,821,17,59.49,49019.76,Medium,Air
SHP002813,SUP019,PRD024,WH01,2025-10-20,2025-11-09,2025-11-11,350,346,12,23.78,8323.0,Medium,Road
SHP002814,SUP011,PRD023,WH05,2024-01-26,2024-02-01,2024-01-31,76,76,0,109.16,8296.16,Medium,Road
SHP002815,SUP012,PRD012,WH01,2025-08-27,2025-09-13,2025-09-15,204,201,5,57.07,11642.28,Medium,Rail
SHP002816,SUP010,PRD015,WH02,2025-02-09,2025-02-13,2025-02-13,11,11,0,34.94,384.34,High,Road
SHP002817,SUP013,PRD023,WH01,2024-08-19,2024-08-28,2024-08-30,805,795,23,105.61,85016.05,High,Road
SHP002818,SUP012,PRD015,WH01,2025-06-16,2025-07-04,2025-07-08,645,641,15,142.82,92118.9,High,Air
SHP002819,SUP010,PRD018,WH06,2025-07-03,2025-07-15,2025-07-16,993,979,2,9.52,9453.36,Medium,Sea
SHP002820,SUP020,PRD002,WH03,2025-05-19,2025-05-24,2025-05-25,915,904,33,34.99,32015.85,Low,Road
SHP002821,SUP018,PRD005,WH04,2025-10-30,2025-11-16,2025-11-20,120,120,4,47.26,5671.2,Medium,Sea
SHP002822,SUP004,PRD012,WH01,2024-06-27,2024-07-13,2024-07-12,675,674,6,22.38,15106.5,Low,Rail
SHP002823,SUP005,PRD022,WH03,2024-05-11,2024-05-15,2024-05-16,55,55,0,62.5,3437.5,Low,Rail
SHP002824,SUP005,PRD004,WH03,2025-03-30,2025-04-03,2025-04-06,267,264,0,78.29,20903.43,Low,Road
SHP002825,SUP012,PRD007,WH01,2024-12-13,2025-01-02,2025-01-03,628,626,26,89.22,56030.16,High,Road
SHP002826,SUP003,PRD019,WH05,2025-06-23,2025-07-08,2025-07-08,916,916,20,143.94,131849.04,Medium,Air
SHP002827,SUP008,PRD015,WH03,2025-02-09,2025-02-23,2025-02-21,297,296,3,65.03,19313.91,Medium,Road
SHP002828,SUP002,PRD008,WH02,2024-03-16,2024-03-26,2024-03-27,932,928,26,84.21,78483.72,Low,Sea
SHP002829,SUP018,PRD010,WH05,2025-08-01,2025-08-19,2025-08-17,576,574,11,121.43,69943.68,Medium,Road
SHP002830,SUP009,PRD003,WH05,2025-05-06,2025-05-23,2025-05-23,782,771,13,102.71,80319.22,Low,Road
SHP002831,SUP013,PRD022,WH01,2024-07-12,2024-07-19,2024-07-19,551,547,16,132.85,73200.35,High,Road
SHP002832,SUP007,PRD013,WH04,2024-06-10,2024-06-30,2024-07-01,282,278,0,92.87,26189.34,Low,Road
SHP002833,SUP010,PRD019,WH03,2024-12-12,2024-12-21,2024-12-21,228,228,0,82.43,18794.04,Medium,Rail
SHP002834,SUP009,PRD017,WH06,2024-12-26,2025-01-04,2025-01-08,570,567,0,60.67,34581.9,Medium,Road
SHP002835,SUP015,PRD006,WH04,2025-08-06,2025-08-15,2025-08-15,314,310,14,111.12,34891.68,Low,Air
SHP002836,SUP005,PRD022,WH05,2024-03-27,2024-04-03,2024-04-04,637,630,1,47.48,30244.76,Medium,Rail
SHP002837,SUP012,PRD006,WH01,2024-09-18,2024-10-07,2024-10-07,455,453,9,145.64,66266.2,Medium,Sea
SHP002838,SUP001,PRD024,WH01,2024-08-01,2024-08-11,2024-08-09,540,540,0,147.8,79812.0,Medium,Road
SHP002839,SUP012,PRD015,WH01,2025-10-26,2025-10-29,2025-11-01,997,984,20,44.91,44775.27,Medium,Road
SHP002840,SUP006,PRD006,WH04,2025-07-26,2025-08-12,2025-08-10,715,714,12,110.77,79200.55,Medium,Sea
SHP002841,SUP019,PRD018,WH03,2024-09-18,2024-10-06,2024-10-09,66,66,2,17.47,1153.02,Medium,Rail
SHP002842,SUP019,PRD017,WH04,2024-10-09,2024-10-12,2024-10-17,937,927,35,41.33,38726.21,Medium,Rail
SHP002843,SUP016,PRD023,WH02,2025-10-09,2025-10-26,2025-10-31,866,859,29,62.1,53778.6,Medium,Road
SHP002844,SUP019,PRD009,WH06,2025-04-11,2025-04-24,2025-04-24,750,745,34,104.57,78427.5,Medium,Road
SHP002845,SUP003,PRD001,WH02,2025-01-14,2025-01-19,2025-01-20,153,152,3,116.0,17748.0,High,Road
SHP002846,SUP010,PRD013,WH02,2024-12-27,2025-01-04,2025-01-03,761,761,7,102.19,77766.59,Medium,Sea
SHP002847,SUP018,PRD019,WH02,2025-03-24,2025-04-03,2025-04-08,241,238,5,27.25,6567.25,Medium,Rail
SHP002848,SUP013,PRD011,WH02,2025-03-16,2025-03-28,2025-03-26,828,828,28,74.69,61843.32,High,Air
SHP002849,SUP018,PRD014,WH03,2024-04-02,2024-04-14,2024-04-18,517,515,15,142.0,73414.0,Medium,Sea
SHP002850,SUP003,PRD021,WH01,2025-09-12,2025-09-26,2025-09-28,199,197,2,7.81,1554.19,Medium,Road
SHP002851,SUP003,PRD023,WH03,2025-02-27,2025-03-16,2025-03-16,111,110,0,58.48,6491.28,Low,Road
SHP002852,SUP012,PRD004,WH01,2024-05-21,2024-06-10,2024-06-11,543,536,6,114.44,62140.92,Low,Sea
SHP002853,SUP020,PRD017,WH03,2024-10-17,2024-10-24,2024-10-24,446,443,11,72.03,32125.38,Medium,Road
SHP002854,SUP007,PRD014,WH02,2025-03-07,2025-03-18,2025-03-19,49,49,0,9.6,470.4,Low,Sea
SHP002855,SUP008,PRD025,WH03,2025-11-19,2025-11-25,2025-11-24,861,859,28,49.83,42903.63,Low,Road
SHP002856,SUP009,PRD022,WH04,2025-10-14,2025-10-23,2025-10-22,999,998,20,113.98,113866.02,Medium,Sea
SHP002857,SUP014,PRD005,WH04,2025-12-01,2025-12-17,2025-12-22,540,532,21,72.2,38988.0,Low,Rail
SHP002858,SUP005,PRD025,WH04,2024-02-18,2024-03-09,2024-03-07,984,983,0,132.83,130704.72,High,Road
SHP002859,SUP019,PRD003,WH02,2024-10-28,2024-11-08,2024-11-11,772,764,26,94.82,73201.04,Medium,Road
SHP002860,SUP016,PRD001,WH01,2024-07-08,2024-07-17,2024-07-15,145,145,2,36.36,5272.2,Medium,Sea
SHP002861,SUP012,PRD023,WH01,2024-05-15,2024-05-25,2024-05-24,433,427,9,69.56,30119.48,Medium,Road
SHP002862,SUP004,PRD022,WH03,2025-07-08,2025-07-12,2025-07-13,736,731,7,32.86,24184.96,Low,Sea
SHP002863,SUP008,PRD012,WH03,2025-02-07,2025-02-14,2025-02-17,976,971,0,108.31,105710.56,Low,Road
SHP002864,SUP007,PRD010,WH06,2025-08-24,2025-09-11,2025-09-10,909,907,8,121.85,110761.65,Medium,Rail
SHP002865,SUP015,PRD013,WH05,2024-12-06,2024-12-18,2024-12-17,749,749,26,54.66,40940.34,Medium,Rail
SHP002866,SUP006,PRD016,WH03,2024-11-13,2024-12-02,2024-12-01,687,679,0,109.13,74972.31,High,Road
SHP002867,SUP005,PRD020,WH01,2025-09-09,2025-09-19,2025-09-19,157,156,0,24.37,3826.09,Medium,Sea
SHP002868,SUP014,PRD016,WH03,2024-12-28,2025-01-01,2025-01-01,864,864,29,105.02,90737.28,Medium,Road
SHP002869,SUP013,PRD010,WH02,2025-01-16,2025-02-05,2025-02-08,318,315,8,77.12,24524.16,Medium,Sea
SHP002870,SUP010,PRD004,WH05,2024-08-20,2024-09-04,2024-09-04,928,917,13,15.34,14235.52,Medium,Road
SHP002871,SUP018,PRD020,WH01,2024-12-09,2024-12-14,2024-12-18,303,300,1,137.29,41598.87,Medium,Road
SHP002872,SUP004,PRD016,WH04,2025-07-02,2025-07-06,2025-07-05,914,913,26,141.63,129449.82,Low,Road
SHP002873,SUP008,PRD022,WH03,2025-07-06,2025-07-14,2025-07-12,602,599,4,149.48,89986.96,High,Road
SHP002874,SUP011,PRD001,WH02,2025-06-12,2025-06-21,2025-06-21,435,432,6,39.08,16999.8,Low,Road
SHP002875,SUP017,PRD010,WH03,2025-07-24,2025-07-29,2025-07-27,127,126,2,39.49,5015.23,High,Road
SHP002876,SUP018,PRD006,WH03,2024-07-01,2024-07-09,2024-07-11,887,887,16,32.01,28392.87,High,Road
SHP002877,SUP011,PRD004,WH01,2024-02-10,2024-03-01,2024-03-01,765,753,21,78.83,60304.95,Medium,Rail
SHP002878,SUP016,PRD004,WH05,2025-07-04,2025-07-14,2025-07-13,82,82,2,87.74,7194.68,Medium,Road
SHP002879,SUP012,PRD008,WH03,2025-01-31,2025-02-20,2025-02-18,500,494,8,6.98,3490.0,Medium,Road
SHP002880,SUP013,PRD010,WH03,2025-05-08,2025-05-21,2025-05-24,415,415,9,148.21,61507.15,Medium,Rail
SHP002881,SUP016,PRD024,WH05,2025-10-20,2025-10-31,2025-11-02,918,918,20,74.47,68363.46,Low,Rail
SHP002882,SUP001,PRD006,WH02,2024-11-28,2024-12-15,2024-12-14,251,249,5,131.0,32881.0,Low,Sea
SHP002883,SUP016,PRD009,WH06,2024-05-06,2024-05-23,2024-05-26,343,338,6,65.74,22548.82,Medium,Road
SHP002884,SUP015,PRD019,WH02,2025-07-11,2025-07-25,2025-07-31,568,568,23,102.78,58379.04,Medium,Road
SHP002885,SUP006,PRD015,WH06,2025-07-10,2025-07-28,2025-07-26,55,55,0,24.31,1337.05,High,Road
SHP002886,SUP012,PRD024,WH02,2024-01-01,2024-01-07,2024-01-10,357,353,6,117.83,42065.31,Medium,Road
SHP002887,SUP008,PRD019,WH05,2024-06-16,2024-07-04,2024-07-02,60,60,0,124.36,7461.6,High,Road
SHP002888,SUP007,PRD009,WH05,2025-09-11,2025-10-01,2025-09-30,190,188,4,123.75,23512.5,Medium,Road
SHP002889,SUP002,PRD018,WH04,2024-01-19,2024-02-05,2024-02-07,341,340,10,30.1,10264.1,High,Rail
SHP002890,SUP012,PRD001,WH05,2024-11-27,2024-12-09,2024-12-10,302,302,6,47.13,14233.26,Medium,Sea
SHP002891,SUP014,PRD021,WH01,2025-08-06,2025-08-16,2025-08-16,25,25,0,19.31,482.75,Medium,Air
SHP002892,SUP016,PRD008,WH03,2025-03-31,2025-04-17,2025-04-19,179,179,3,137.63,24635.77,High,Rail
SHP002893,SUP011,PRD017,WH01,2024-04-18,2024-04-27,2024-04-29,842,841,6,16.06,13522.52,Medium,Sea
SHP002894,SUP020,PRD019,WH02,2024-09-24,2024-10-14,2024-10-15,129,129,3,42.01,5419.29,Medium,Sea
SHP002895,SUP009,PRD018,WH04,2025-03-20,2025-03-26,2025-03-26,237,234,5,88.5,20974.5,High,Road
SHP002896,SUP010,PRD007,WH06,2024-08-27,2024-09-16,2024-09-14,103,103,0,71.9,7405.7,Medium,Road
SHP002897,SUP017,PRD023,WH02,2024-10-27,2024-11-12,2024-11-14,786,775,21,132.06,103799.16,High,Sea
SHP002898,SUP012,PRD001,WH02,2025-08-24,2025-09-04,2025-09-07,95,95,2,40.71,3867.45,Medium,Road
SHP002899,SUP006,PRD004,WH06,2024-04-12,2024-04-18,2024-04-18,370,367,5,146.49,54201.3,Low,Road
SHP002900,SUP019,PRD012,WH03,2024-09-06,2024-09-15,2024-09-19,137,137,3,32.81,4494.97,High,Rail
SHP002901,SUP011,PRD010,WH03,2025-03-28,2025-04-10,2025-04-12,772,766,24,132.33,102158.76,High,Road
SHP002902,SUP009,PRD002,WH01,2025-06-03,2025-06-06,2025-06-04,704,700,9,128.33,90344.32,Medium,Sea
SHP002903,SUP006,PRD023,WH04,2024-06-01,2024-06-12,2024-06-10,190,190,1,144.86,27523.4,Low,Road
SHP002904,SUP016,PRD005,WH05,2024-06-22,2024-07-11,2024-07-15,822,811,17,145.64,119716.08,Low,Road
SHP002905,SUP020,PRD021,WH01,2024-12-08,2024-12-17,2024-12-15,128,127,5,37.93,4855.04,Medium,Sea
SHP002906,SUP016,PRD013,WH05,2025-10-31,2025-11-13,2025-11-15,51,51,0,72.92,3718.92,Medium,Road
SHP002907,SUP006,PRD020,WH01,2025-03-06,2025-03-22,2025-03-22,379,377,0,118.31,44839.49,Medium,Road
SHP002908,SUP005,PRD006,WH01,2025-11-19,2025-11-23,2025-11-24,517,512,0,105.12,54347.04,High,Sea
SHP002909,SUP004,PRD022,WH05,2025-11-17,2025-11-29,2025-12-01,898,891,9,65.76,59052.48,Low,Sea
SHP002910,SUP002,PRD001,WH05,2025-10-19,2025-11-01,2025-11-03,598,591,15,125.2,74869.6,Medium,Road
SHP002911,SUP006,PRD024,WH04,2024-11-19,2024-12-02,2024-11-30,719,717,0,9.56,6873.64,Medium,Road
SHP002912,SUP009,PRD017,WH02,2025-11-03,2025-11-22,2025-11-26,272,270,8,26.57,7227.04,High,Sea
SHP002913,SUP017,PRD014,WH04,2025-09-30,2025-10-12,2025-10-15,219,216,6,15.3,3350.7,Medium,Road
SHP002914,SUP014,PRD019,WH05,2025-02-23,2025-03-01,2025-03-07,247,244,8,147.57,36449.79,Medium,Road
SHP002915,SUP007,PRD007,WH06,2025-08-16,2025-08-19,2025-08-17,537,530,2,76.06,40844.22,High,Sea
SHP002916,SUP019,PRD021,WH02,2025-04-29,2025-05-12,2025-05-18,274,273,7,16.54,4531.96,Medium,Rail
SHP002917,SUP001,PRD021,WH01,2025-10-20,2025-10-25,2025-10-23,349,346,4,3.88,1354.12,High,Sea
SHP002918,SUP020,PRD005,WH04,2025-02-15,2025-02-18,2025-02-16,287,286,9,145.49,41755.63,Medium,Road
SHP002919,SUP015,PRD006,WH04,2024-03-24,2024-03-29,2024-03-27,985,967,42,76.85,75697.25,Medium,Sea
SHP002920,SUP018,PRD020,WH06,2024-04-22,2024-04-27,2024-04-26,462,454,15,137.85,63686.7,High,Sea
SHP002921,SUP003,PRD025,WH01,2024-11-27,2024-12-16,2024-12-14,617,610,16,138.8,85639.6,High,Road
SHP002922,SUP018,PRD017,WH06,2025-01-12,2025-01-16,2025-01-17,905,896,16,47.29,42797.45,High,Road
SHP002923,SUP002,PRD010,WH04,2025-10-16,2025-10-31,2025-10-31,380,377,11,77.55,29469.0,High,Road
SHP002924,SUP010,PRD024,WH04,2024-02-10,2024-02-23,2024-02-26,798,795,4,14.9,11890.2,Medium,Road
SHP002925,SUP011,PRD010,WH05,2024-04-14,2024-05-03,2024-05-03,328,323,7,97.2,31881.6,High,Road
SHP002926,SUP003,PRD020,WH03,2024-07-20,2024-08-06,2024-08-08,563,561,12,51.93,29236.59,Medium,Sea
SHP002927,SUP007,PRD003,WH04,2025-03-25,2025-04-08,2025-04-06,219,217,3,130.66,28614.54,Low,Road
SHP002928,SUP008,PRD012,WH06,2024-09-22,2024-10-09,2024-10-08,228,226,9,138.45,31566.6,Medium,Road
SHP002929,SUP019,PRD022,WH02,2024-07-28,2024-08-10,2024-08-11,828,818,36,28.75,23805.0,Medium,Rail
SHP002930,SUP018,PRD021,WH06,2025-07-16,2025-07-20,2025-07-20,143,142,4,88.69,12682.67,High,Sea
SHP002931,SUP013,PRD012,WH03,2024-04-27,2024-05-11,2024-05-14,175,175,5,123.55,21621.25,Medium,Road
SHP002932,SUP013,PRD018,WH04,2025-01-11,2025-01-31,2025-02-03,681,681,23,77.0,52437.0,Low,Rail
SHP002933,SUP019,PRD013,WH04,2025-07-04,2025-07-21,2025-07-24,495,487,17,128.12,63419.4,Medium,Road
SHP002934,SUP012,PRD002,WH03,2025-06-23,2025-07-10,2025-07-11,427,423,14,77.88,33254.76,Low,Rail
SHP002935,SUP017,PRD005,WH05,2024-03-24,2024-03-30,2024-04-02,486,482,8,103.27,50189.22,High,Road
SHP002936,SUP012,PRD011,WH02,2025-03-29,2025-04-08,2025-04-12,352,346,7,37.98,13368.96,Low,Rail
SHP002937,SUP013,PRD004,WH04,2025-10-28,2025-11-07,2025-11-11,742,734,11,145.4,107886.8,Medium,Sea
SHP002938,SUP012,PRD007,WH03,2025-09-20,2025-09-24,2025-09-29,570,565,15,88.08,50205.6,Low,Road
SHP002939,SUP019,PRD022,WH01,2025-05-28,2025-06-08,2025-06-12,461,460,12,130.85,60321.85,Low,Road
SHP002940,SUP014,PRD025,WH05,2025-08-27,2025-09-03,2025-09-06,176,176,6,72.74,12802.24,High,Sea
SHP002941,SUP007,PRD022,WH01,2025-11-08,2025-11-19,2025-11-17,643,637,10,49.67,31937.81,Medium,Rail
SHP002942,SUP013,PRD007,WH02,2025-01-21,2025-02-07,2025-02-07,202,202,3,38.41,7758.82,Low,Rail
SHP002943,SUP006,PRD018,WH01,2024-12-15,2024-12-25,2024-12-24,223,222,4,47.11,10505.53,Medium,Air
SHP002944,SUP019,PRD021,WH01,2024-10-22,2024-10-28,2024-10-29,687,680,16,36.87,25329.69,Medium,Road
SHP002945,SUP019,PRD024,WH03,2024-09-14,2024-10-04,2024-10-08,802,792,23,56.25,45112.5,High,Road
SHP002946,SUP004,PRD010,WH03,2024-03-21,2024-04-08,2024-04-10,442,435,5,129.63,57296.46,Low,Road
SHP002947,SUP019,PRD010,WH06,2024-09-24,2024-10-11,2024-10-15,857,853,32,51.45,44092.65,High,Rail
SHP002948,SUP009,PRD015,WH01,2025-02-22,2025-03-03,2025-03-02,266,262,2,129.23,34375.18,Medium,Rail
SHP002949,SUP016,PRD024,WH01,2024-08-22,2024-09-08,2024-09-14,629,629,19,9.97,6271.13,Medium,Road
SHP002950,SUP004,PRD012,WH05,2024-11-06,2024-11-22,2024-11-23,336,335,6,146.96,49378.56,Low,Rail
SHP002951,SUP006,PRD015,WH04,2024-12-22,2024-12-25,2024-12-27,353,353,3,93.72,33083.16,High,Air
SHP002952,SUP008,PRD023,WH05,2024-07-31,2024-08-15,2024-08-18,614,610,17,125.34,76958.76,Medium,Sea
SHP002953,SUP016,PRD021,WH01,2025-07-27,2025-07-31,2025-07-30,162,160,5,141.71,22957.02,Medium,Sea
SHP002954,SUP005,PRD008,WH03,2024-02-18,2024-03-06,2024-03-04,854,846,3,26.01,22212.54,Low,Road
SHP002955,SUP010,PRD007,WH01,2024-05-06,2024-05-23,2024-05-21,758,747,0,40.0,30320.0,Low,Road
SHP002956,SUP013,PRD013,WH03,2024-08-10,2024-08-21,2024-08-21,36,36,0,94.83,3413.88,Medium,Rail
SHP002957,SUP014,PRD019,WH01,2024-10-05,2024-10-20,2024-10-21,344,343,6,103.3,35535.2,High,Rail
SHP002958,SUP007,PRD024,WH02,2025-02-11,2025-02-22,2025-02-22,383,379,9,84.78,32470.74,Low,Rail
SHP002959,SUP020,PRD012,WH01,2025-05-19,2025-06-07,2025-06-11,322,317,11,107.36,34569.92,High,Rail
SHP002960,SUP006,PRD002,WH06,2024-10-20,2024-10-30,2024-10-30,311,310,0,50.22,15618.42,Low,Sea
SHP002961,SUP007,PRD016,WH01,2024-10-03,2024-10-22,2024-10-20,97,97,0,8.55,829.35,Low,Road
SHP002962,SUP005,PRD007,WH05,2025-03-13,2025-03-21,2025-03-24,244,241,3,23.21,5663.24,Medium,Road
SHP002963,SUP018,PRD002,WH06,2024-04-16,2024-04-25,2024-04-25,589,581,20,137.58,81034.62,Low,Sea
SHP002964,SUP012,PRD022,WH01,2025-10-19,2025-10-28,2025-10-28,175,175,5,62.01,10851.75,High,Road
SHP002965,SUP006,PRD001,WH06,2025-02-23,2025-03-05,2025-03-07,977,960,10,86.36,84373.72,Medium,Rail
SHP002966,SUP001,PRD015,WH02,2025-09-02,2025-09-17,2025-09-16,343,343,6,111.46,38230.78,Medium,Sea
SHP002967,SUP004,PRD021,WH01,2025-03-04,2025-03-08,2025-03-11,642,642,15,60.83,39052.86,Low,Sea
SHP002968,SUP019,PRD015,WH01,2025-01-09,2025-01-13,2025-01-12,14,14,0,19.41,271.74,High,Road
SHP002969,SUP012,PRD008,WH03,2024-03-13,2024-03-21,2024-03-24,408,403,14,141.95,57915.6,Medium,Rail
SHP002970,SUP015,PRD015,WH04,2025-09-25,2025-10-02,2025-10-03,289,285,6,78.13,22579.57,Medium,Road
SHP002971,SUP003,PRD006,WH05,2024-01-30,2024-02-11,2024-02-11,937,923,33,96.2,90139.4,Medium,Road
SHP002972,SUP020,PRD010,WH05,2024-07-06,2024-07-23,2024-07-26,719,714,24,88.0,63272.0,Medium,Sea
SHP002973,SUP008,PRD023,WH01,2024-12-29,2025-01-05,2025-01-07,249,246,6,58.15,14479.35,Medium,Road
SHP002974,SUP011,PRD001,WH04,2025-03-26,2025-04-11,2025-04-10,375,371,7,127.76,47910.0,Medium,Road
SHP002975,SUP016,PRD009,WH01,2024-07-13,2024-07-22,2024-07-23,110,110,2,5.11,562.1,High,Road
SHP002976,SUP009,PRD009,WH03,2024-06-04,2024-06-20,2024-06-20,845,837,4,21.93,18530.85,High,Rail
SHP002977,SUP003,PRD023,WH06,2024-06-20,2024-07-06,2024-07-05,589,584,15,119.02,70102.78,High,Road
SHP002978,SUP005,PRD014,WH05,2024-02-10,2024-02-19,2024-02-20,255,251,1,31.02,7910.1,High,Road
SHP002979,SUP020,PRD005,WH04,2024-03-03,2024-03-14,2024-03-16,946,942,17,125.76,118968.96,Medium,Sea
SHP002980,SUP014,PRD013,WH02,2024-01-23,2024-02-11,2024-02-09,866,850,40,21.04,18220.64,High,Road
SHP002981,SUP015,PRD005,WH04,2024-12-25,2024-12-29,2024-12-28,461,460,18,7.7,3549.7,Low,Rail
SHP002982,SUP006,PRD023,WH01,2024-03-15,2024-03-27,2024-03-25,282,281,8,37.02,10439.64,Medium,Road
SHP002983,SUP004,PRD002,WH05,2025-07-13,2025-07-28,2025-07-28,422,415,7,83.53,35249.66,Low,Road
SHP002984,SUP008,PRD019,WH04,2025-11-02,2025-11-06,2025-11-05,316,313,0,64.77,20467.32,Low,Road
SHP002985,SUP019,PRD022,WH03,2024-04-27,2024-05-08,2024-05-11,841,839,19,130.61,109843.01,Low,Road
SHP002986,SUP005,PRD007,WH02,2025-09-03,2025-09-18,2025-09-16,407,403,0,40.96,16670.72,Medium,Road
SHP002987,SUP013,PRD009,WH04,2025-01-14,2025-01-19,2025-01-21,857,854,34,20.04,17174.28,Low,Road
SHP002988,SUP016,PRD019,WH06,2025-11-09,2025-11-22,2025-11-23,827,825,11,93.64,77440.28,Low,Road
SHP002989,SUP001,PRD007,WH01,2024-10-16,2024-10-31,2024-10-31,577,568,18,78.82,45479.14,Medium,Rail
SHP002990,SUP013,PRD002,WH05,2025-03-15,2025-03-21,2025-03-25,564,562,17,113.48,64002.72,Low,Air
SHP002991,SUP011,PRD002,WH02,2025-10-29,2025-11-07,2025-11-07,485,484,9,3.01,1459.85,Low,Air
SHP002992,SUP008,PRD009,WH03,2024-01-07,2024-01-23,2024-01-22,127,127,3,103.15,13100.05,Low,Road
SHP002993,SUP008,PRD019,WH01,2024-07-14,2024-08-02,2024-08-01,309,305,0,9.04,2793.36,Low,Road
SHP002994,SUP014,PRD018,WH04,2025-02-24,2025-03-04,2025-03-06,19,19,0,64.87,1232.53,Low,Road
SHP002995,SUP013,PRD006,WH04,2025-07-21,2025-07-30,2025-07-29,525,516,14,75.59,39684.75,High,Sea
SHP002996,SUP003,PRD018,WH05,2024-07-11,2024-07-21,2024-07-22,239,239,5,123.57,29533.23,Low,Sea
SHP002997,SUP004,PRD011,WH01,2025-07-12,2025-07-22,2025-07-22,677,677,7,48.67,32949.59,Medium,Road
SHP002998,SUP020,PRD013,WH03,2024-05-27,2024-06-04,2024-06-04,828,818,27,69.82,57810.96,Medium,Road
SHP002999,SUP015,PRD017,WH01,2025-10-30,2025-11-06,2025-11-07,471,466,16,130.57,61498.47,High,Sea
SHP003000,SUP015,PRD004,WH06,2024-07-20,2024-07-23,2024-07-27,811,803,25,69.53,56388.83,Low,Sea
SHP003001,SUP013,PRD009,WH03,2025-03-19,2025-03-24,2025-03-25,746,739,19,32.43,24192.78,Medium,Road
SHP003002,SUP009,PRD008,WH04,2025-02-22,2025-03-04,2025-03-07,398,393,0,88.58,35254.84,Medium,Sea
SHP003003,SUP010,PRD008,WH03,2025-03-02,2025-03-12,2025-03-14,745,734,1,56.18,41854.1,Low,Sea
SHP003004,SUP012,PRD003,WH02,2025-04-23,2025-04-29,2025-04-28,705,695,16,101.62,71642.1,Medium,Sea
SHP003005,SUP014,PRD022,WH04,2025-04-19,2025-04-26,2025-04-29,814,811,18,9.97,8115.58,Low,Rail
SHP003006,SUP001,PRD014,WH01,2024-05-05,2024-05-20,2024-05-21,953,937,7,77.21,73581.13,Low,Road
SHP003007,SUP014,PRD014,WH05,2025-01-29,2025-02-06,2025-02-07,461,455,12,85.44,39387.84,Medium,Air
SHP003008,SUP014,PRD006,WH03,2025-07-29,2025-08-02,2025-08-03,110,109,3,47.97,5276.7,Medium,Road
SHP003009,SUP008,PRD005,WH04,2024-11-20,2024-11-29,2024-11-28,748,737,15,112.36,84045.28,High,Rail
SHP003010,SUP016,PRD011,WH04,2025-01-26,2025-02-10,2025-02-13,251,248,3,32.18,8077.18,Low,Sea
SHP003011,SUP014,PRD009,WH04,2025-11-18,2025-12-01,2025-12-02,327,325,11,49.04,16036.08,Low,Road
SHP003012,SUP001,PRD025,WH06,2025-09-19,2025-09-22,2025-09-22,13,13,0,49.41,642.33,Medium,Road
SHP003013,SUP016,PRD007,WH04,2025-03-15,2025-03-21,2025-03-22,564,564,15,30.99,17478.36,Low,Road
SHP003014,SUP018,PRD021,WH06,2024-07-22,2024-07-30,2024-07-30,79,79,3,103.32,8162.28,Medium,Road
SHP003015,SUP007,PRD019,WH06,2025-04-30,2025-05-08,2025-05-09,816,809,5,132.85,108405.6,High,Road
SHP003016,SUP015,PRD014,WH03,2024-01-31,2024-02-04,2024-02-12,442,436,14,110.45,48818.9,Low,Road
SHP003017,SUP017,PRD001,WH02,2025-01-22,2025-02-01,2025-02-02,273,271,3,31.21,8520.33,Medium,Rail
SHP003018,SUP019,PRD020,WH03,2025-09-16,2025-09-25,2025-09-27,397,396,17,73.65,29239.05,High,Sea
SHP003019,SUP013,PRD001,WH02,2025-03-09,2025-03-28,2025-03-30,826,824,17,106.25,87762.5,Medium,Road
SHP003020,SUP009,PRD006,WH03,2025-01-10,2025-01-15,2025-01-14,373,370,2,35.84,13368.32,Medium,Rail
SHP003021,SUP015,PRD003,WH05,2024-12-09,2024-12-24,2024-12-27,374,369,9,50.76,18984.24,High,Air
SHP003022,SUP003,PRD015,WH01,2025-03-18,2025-04-05,2025-04-03,656,656,23,139.43,91466.08,High,Road
SHP003023,SUP001,PRD006,WH02,2025-08-01,2025-08-10,2025-08-12,563,559,14,127.1,71557.3,High,Road
SHP003024,SUP016,PRD020,WH05,2024-03-15,2024-03-18,2024-03-18,213,211,3,72.47,15436.11,Low,Road
SHP003025,SUP008,PRD014,WH01,2025-07-10,2025-07-25,2025-07-23,179,178,4,129.27,23139.33,Medium,Road
SHP003026,SUP013,PRD020,WH02,2025-10-27,2025-11-06,2025-11-08,762,748,6,129.42,98618.04,Low,Road
SHP003027,SUP008,PRD010,WH03,2024-06-03,2024-06-09,2024-06-08,861,847,11,48.48,41741.28,Medium,Rail
SHP003028,SUP017,PRD018,WH05,2025-03-05,2025-03-19,2025-03-20,508,506,13,63.93,32476.44,Medium,Road
SHP003029,SUP014,PRD006,WH06,2024-12-28,2025-01-14,2025-01-15,980,978,31,127.89,125332.2,High,Road
SHP003030,SUP007,PRD011,WH01,2025-03-23,2025-03-31,2025-03-31,837,835,0,102.0,85374.0,Low,Road
SHP003031,SUP015,PRD010,WH01,2024-08-21,2024-09-05,2024-09-08,52,52,2,67.89,3530.28,Medium,Road
SHP003032,SUP016,PRD001,WH01,2025-07-16,2025-08-04,2025-08-09,881,866,33,97.96,86302.76,Medium,Sea
SHP003033,SUP019,PRD016,WH02,2024-09-18,2024-09-29,2024-10-05,317,315,11,23.6,7481.2,Low,Sea
SHP003034,SUP006,PRD004,WH01,2024-05-04,2024-05-19,2024-05-17,370,370,2,14.46,5350.2,Low,Road
SHP003035,SUP001,PRD018,WH03,2024-09-01,2024-09-09,2024-09-07,752,738,21,122.38,92029.76,High,Road
SHP003036,SUP012,PRD009,WH01,2025-06-25,2025-07-10,2025-07-17,131,130,4,17.54,2297.74,High,Air
SHP003037,SUP018,PRD021,WH04,2025-04-29,2025-05-14,2025-05-18,276,273,3,87.88,24254.88,Medium,Rail
SHP003038,SUP016,PRD010,WH04,2024-05-01,2024-05-04,2024-05-04,768,757,33,61.96,47585.28,High,Road
SHP003039,SUP012,PRD022,WH05,2024-05-04,2024-05-09,2024-05-08,23,23,0,91.55,2105.65,Low,Road
SHP003040,SUP020,PRD009,WH04,2025-07-02,2025-07-09,2025-07-15,245,243,7,54.55,13364.75,Medium,Sea
SHP003041,SUP013,PRD015,WH05,2024-06-18,2024-06-28,2024-06-29,313,311,5,78.34,24520.42,High,Sea
SHP003042,SUP008,PRD007,WH03,2024-05-03,2024-05-22,2024-05-21,830,819,14,28.89,23978.7,High,Rail
SHP003043,SUP001,PRD011,WH02,2024-02-04,2024-02-24,2024-02-24,830,821,0,27.03,22434.9,High,Air
SHP003044,SUP007,PRD022,WH04,2024-03-27,2024-04-07,2024-04-12,385,384,1,120.6,46431.0,Medium,Rail
SHP003045,SUP015,PRD011,WH05,2025-10-07,2025-10-23,2025-10-30,383,379,13,84.88,32509.04,Low,Road
SHP003046,SUP013,PRD001,WH04,2024-07-19,2024-07-24,2024-07-28,225,222,2,5.82,1309.5,Medium,Sea
SHP003047,SUP013,PRD012,WH05,2025-01-03,2025-01-15,2025-01-20,894,887,15,18.96,16950.24,Low,Road
SHP003048,SUP009,PRD011,WH04,2024-03-17,2024-03-29,2024-03-31,179,177,2,16.06,2874.74,Medium,Sea
SHP003049,SUP015,PRD005,WH05,2024-02-28,2024-03-19,2024-03-24,304,303,11,10.87,3304.48,Medium,Road
SHP003050,SUP004,PRD005,WH04,2025-03-06,2025-03-13,2025-03-12,839,834,8,28.79,24154.81,Medium,Sea
SHP003051,SUP013,PRD003,WH03,2025-09-29,2025-10-05,2025-10-08,364,359,7,124.37,45270.68,Low,Road
SHP003052,SUP012,PRD013,WH06,2025-05-14,2025-05-28,2025-06-02,837,836,19,86.53,72425.61,High,Road
SHP003053,SUP005,PRD006,WH05,2024-04-18,2024-05-03,2024-05-06,95,95,1,129.79,12330.05,High,Sea
SHP003054,SUP007,PRD013,WH06,2024-10-04,2024-10-22,2024-10-23,313,312,0,34.24,10717.12,Medium,Road
SHP003055,SUP008,PRD021,WH06,2024-03-08,2024-03-21,2024-03-22,897,881,11,38.3,34355.1,High,Road
SHP003056,SUP005,PRD002,WH06,2024-03-09,2024-03-23,2024-03-22,80,80,1,115.02,9201.6,High,Road
SHP003057,SUP009,PRD010,WH04,2024-06-13,2024-06-18,2024-06-16,76,76,1,58.13,4417.88,Medium,Road
SHP003058,SUP014,PRD025,WH04,2025-05-03,2025-05-16,2025-05-21,358,357,9,77.29,27669.82,Low,Road
SHP003059,SUP012,PRD013,WH06,2024-10-31,2024-11-08,2024-11-09,72,72,0,79.54,5726.88,Low,Road
SHP003060,SUP004,PRD012,WH05,2025-11-04,2025-11-20,2025-11-22,324,321,8,68.13,22074.12,Low,Sea
SHP003061,SUP020,PRD009,WH02,2024-12-30,2025-01-06,2025-01-08,564,557,12,54.22,30580.08,Low,Sea
SHP003062,SUP008,PRD020,WH05,2025-01-13,2025-01-16,2025-01-14,23,23,0,18.09,416.07,High,Road
SHP003063,SUP017,PRD022,WH02,2024-12-08,2024-12-12,2024-12-17,632,621,12,8.92,5637.44,Medium,Road
SHP003064,SUP008,PRD011,WH05,2025-07-07,2025-07-24,2025-07-25,559,550,15,92.7,51819.3,Medium,Rail
SHP003065,SUP001,PRD001,WH01,2024-12-19,2025-01-01,2024-12-31,607,600,9,75.1,45585.7,Low,Road
SHP003066,SUP020,PRD019,WH05,2025-02-19,2025-02-25,2025-03-01,391,388,5,53.15,20781.65,Low,Sea
SHP003067,SUP002,PRD009,WH03,2024-04-18,2024-05-03,2024-05-05,62,62,0,83.56,5180.72,Medium,Sea
SHP003068,SUP004,PRD024,WH02,2025-07-16,2025-08-04,2025-08-04,933,929,15,52.48,48963.84,Medium,Sea
SHP003069,SUP001,PRD021,WH04,2025-05-11,2025-05-22,2025-05-26,630,626,7,83.0,52290.0,Medium,Rail
SHP003070,SUP007,PRD012,WH01,2024-12-06,2024-12-24,2024-12-25,407,400,0,130.1,52950.7,Medium,Sea
SHP003071,SUP001,PRD020,WH04,2025-01-17,2025-01-31,2025-02-02,747,735,0,53.12,39680.64,Low,Road
SHP003072,SUP009,PRD014,WH05,2025-06-16,2025-07-03,2025-07-02,563,562,3,47.0,26461.0,Medium,Road
SHP003073,SUP003,PRD006,WH03,2024-10-26,2024-10-30,2024-10-28,212,212,4,22.55,4780.6,Low,Sea
SHP003074,SUP012,PRD001,WH01,2024-05-18,2024-06-05,2024-06-06,122,122,3,81.57,9951.54,Low,Road
SHP003075,SUP019,PRD015,WH04,2024-12-24,2025-01-03,2025-01-02,568,564,21,136.74,77668.32,High,Road
SHP003076,SUP015,PRD012,WH03,2025-05-13,2025-05-25,2025-05-30,466,466,19,25.66,11957.56,Low,Sea
SHP003077,SUP016,PRD008,WH03,2025-01-19,2025-02-07,2025-02-10,194,194,3,59.15,11475.1,Medium,Air
SHP003078,SUP010,PRD010,WH05,2025-08-26,2025-09-11,2025-09-11,532,530,0,89.68,47709.76,Medium,Sea
SHP003079,SUP006,PRD014,WH06,2024-10-06,2024-10-18,2024-10-17,812,811,0,71.78,58285.36,Low,Sea
SHP003080,SUP017,PRD025,WH06,2025-09-28,2025-10-18,2025-10-18,615,611,13,42.36,26051.4,Low,Rail
SHP003081,SUP017,PRD003,WH05,2025-04-27,2025-05-15,2025-05-14,604,604,13,74.36,44913.44,Medium,Rail
SHP003082,SUP019,PRD008,WH04,2024-04-20,2024-05-09,2024-05-12,217,215,4,50.71,11004.07,High,Road
SHP003083,SUP018,PRD011,WH05,2024-05-18,2024-06-01,2024-06-02,423,418,13,86.37,36534.51,Low,Sea
SHP003084,SUP011,PRD021,WH03,2025-03-10,2025-03-18,2025-03-18,907,907,13,9.58,8689.06,Low,Road
SHP003085,SUP007,PRD022,WH03,2025-05-23,2025-05-31,2025-06-05,418,417,5,24.14,10090.52,Medium,Road
SHP003086,SUP010,PRD022,WH01,2024-09-29,2024-10-09,2024-10-10,418,413,0,43.36,18124.48,Medium,Sea
SHP003087,SUP007,PRD002,WH04,2024-04-08,2024-04-20,2024-04-21,170,168,0,99.57,16926.9,Medium,Road
SHP003088,SUP005,PRD011,WH05,2024-04-13,2024-04-16,2024-04-14,539,533,0,69.07,37228.73,Medium,Road
SHP003089,SUP012,PRD014,WH05,2024-08-01,2024-08-06,2024-08-10,747,740,5,60.24,44999.28,Medium,Sea
SHP003090,SUP016,PRD007,WH06,2025-10-25,2025-11-03,2025-11-03,881,875,19,62.7,55238.7,High,Road
SHP003091,SUP018,PRD021,WH02,2024-06-13,2024-07-01,2024-07-04,385,385,15,97.65,37595.25,High,Road
SHP003092,SUP003,PRD012,WH02,2025-06-03,2025-06-07,2025-06-07,953,936,29,137.95,131466.35,Medium,Road
SHP003093,SUP020,PRD013,WH06,2024-10-10,2024-10-21,2024-10-28,578,577,20,30.97,17900.66,Medium,Road
SHP003094,SUP015,PRD015,WH06,2025-05-31,2025-06-17,2025-06-19,440,435,20,24.27,10678.8,Low,Rail
SHP003095,SUP005,PRD024,WH06,2025-10-18,2025-10-24,2025-10-22,393,390,3,12.34,4849.62,High,Road
SHP003096,SUP013,PRD010,WH01,2025-09-04,2025-09-20,2025-09-22,827,825,10,28.91,23908.57,High,Sea
SHP003097,SUP019,PRD011,WH04,2024-06-12,2024-06-18,2024-06-19,650,645,21,107.42,69823.0,High,Road
SHP003098,SUP012,PRD005,WH06,2025-10-20,2025-10-27,2025-10-30,274,272,12,69.41,19018.34,Medium,Road
SHP003099,SUP005,PRD021,WH05,2024-03-04,2024-03-16,2024-03-15,235,232,0,56.52,13282.2,Medium,Road
SHP003100,SUP006,PRD018,WH03,2024-03-31,2024-04-10,2024-04-08,587,582,0,29.47,17298.89,Medium,Road
SHP003101,SUP007,PRD008,WH04,2024-04-26,2024-05-01,2024-05-01,897,881,1,115.69,103773.93,Medium,Rail
SHP003102,SUP010,PRD013,WH04,2024-09-23,2024-10-11,2024-10-10,845,834,12,25.96,21936.2,Low,Sea
SHP003103,SUP016,PRD010,WH06,2025-11-15,2025-11-23,2025-11-27,231,230,2,146.93,33940.83,Low,Air
SHP003104,SUP008,PRD003,WH01,2025-07-12,2025-07-31,2025-08-02,691,690,13,46.13,31875.83,Medium,Sea
SHP003105,SUP009,PRD001,WH04,2024-05-19,2024-05-22,2024-05-23,634,633,12,58.83,37298.22,Medium,Road
SHP003106,SUP004,PRD009,WH04,2024-09-02,2024-09-18,2024-09-16,457,456,5,5.59,2554.63,Low,Rail
SHP003107,SUP008,PRD011,WH05,2025-10-22,2025-10-28,2025-10-26,797,790,0,23.66,18857.02,Medium,Rail
SHP003108,SUP007,PRD022,WH03,2025-01-29,2025-02-10,2025-02-09,665,664,4,26.79,17815.35,Low,Sea
SHP003109,SUP015,PRD011,WH02,2025-05-01,2025-05-12,2025-05-18,576,574,36,69.83,40222.08,Low,Sea
SHP003110,SUP003,PRD022,WH06,2025-04-20,2025-05-05,2025-05-03,671,661,10,107.56,72172.76,Medium,Road
SHP003111,SUP017,PRD017,WH06,2025-05-31,2025-06-08,2025-06-10,360,359,9,35.08,12628.8,Medium,Road
SHP003112,SUP011,PRD002,WH02,2024-07-02,2024-07-11,2024-07-11,42,42,0,37.09,1557.78,High,Road
SHP003113,SUP009,PRD005,WH04,2024-01-20,2024-01-25,2024-01-25,738,727,15,100.9,74464.2,Medium,Sea
SHP003114,SUP005,PRD016,WH05,2025-07-11,2025-07-27,2025-07-28,918,915,1,81.43,74752.74,High,Sea
SHP003115,SUP010,PRD022,WH01,2025-06-07,2025-06-16,2025-06-17,95,95,0,3.38,321.1,Low,Road
SHP003116,SUP015,PRD008,WH01,2025-08-04,2025-08-22,2025-08-25,739,736,28,41.51,30675.89,High,Sea
SHP003117,SUP014,PRD012,WH02,2025-06-12,2025-07-02,2025-07-03,169,168,5,124.79,21089.51,High,Rail
SHP003118,SUP004,PRD020,WH05,2024-05-26,2024-05-29,2024-05-29,364,358,8,68.39,24893.96,Low,Road
SHP003119,SUP020,PRD020,WH01,2025-10-27,2025-11-07,2025-11-08,502,497,13,109.54,54989.08,High,Rail
SHP003120,SUP002,PRD005,WH03,2024-10-30,2024-11-03,2024-11-06,554,552,15,139.76,77427.04,Medium,Air
SHP003121,SUP012,PRD012,WH04,2025-09-11,2025-09-14,2025-09-16,428,425,13,79.47,34013.16,High,Air
SHP003122,SUP001,PRD001,WH02,2025-08-04,2025-08-20,2025-08-21,497,490,0,49.46,24581.62,Low,Road
SHP003123,SUP020,PRD016,WH01,2025-11-25,2025-12-07,2025-12-09,705,698,14,53.29,37569.45,Medium,Road
SHP003124,SUP005,PRD020,WH02,2024-08-15,2024-08-30,2024-08-30,304,301,1,71.09,21611.36,High,Sea
SHP003125,SUP006,PRD010,WH02,2024-04-11,2024-04-18,2024-04-16,305,300,5,137.92,42065.6,High,Road
SHP003126,SUP011,PRD020,WH06,2025-08-09,2025-08-25,2025-08-27,181,179,2,99.82,18067.42,Medium,Road
SHP003127,SUP008,PRD018,WH01,2025-02-20,2025-03-06,2025-03-09,231,229,3,132.3,30561.3,Low,Road
SHP003128,SUP007,PRD017,WH06,2024-08-03,2024-08-21,2024-08-22,78,78,1,73.84,5759.52,High,Rail
SHP003129,SUP004,PRD025,WH01,2025-02-10,2025-02-27,2025-02-27,455,455,9,17.83,8112.65,High,Road
SHP003130,SUP006,PRD010,WH03,2025-02-02,2025-02-05,2025-02-07,170,169,0,135.78,23082.6,High,Road
SHP003131,SUP016,PRD014,WH02,2025-05-13,2025-05-27,2025-05-26,703,700,18,146.45,102954.35,Low,Sea
SHP003132,SUP020,PRD016,WH01,2025-04-09,2025-04-22,2025-04-26,203,201,4,131.95,26785.85,Low,Rail
SHP003133,SUP015,PRD013,WH05,2025-11-21,2025-11-26,2025-12-01,326,324,12,98.13,31990.38,Low,Road
SHP003134,SUP014,PRD013,WH01,2024-03-22,2024-04-04,2024-04-10,90,90,3,145.78,13120.2,Low,Road
SHP003135,SUP012,PRD017,WH04,2025-08-26,2025-08-30,2025-08-29,631,629,9,26.11,16475.41,Medium,Rail
SHP003136,SUP012,PRD015,WH06,2025-11-17,2025-12-07,2025-12-08,932,916,34,14.13,13169.16,Medium,Road
SHP003137,SUP016,PRD002,WH01,2024-12-30,2025-01-03,2025-01-07,588,579,17,86.22,50697.36,Low,Rail
SHP003138,SUP015,PRD005,WH04,2024-06-11,2024-06-14,2024-06-22,629,628,29,95.28,59931.12,High,Sea
SHP003139,SUP013,PRD014,WH02,2024-02-17,2024-03-03,2024-03-08,84,84,2,9.16,769.44,Medium,Road
SHP003140,SUP011,PRD022,WH05,2025-05-25,2025-06-04,2025-06-04,229,226,1,103.18,23628.22,High,Road
SHP003141,SUP017,PRD017,WH06,2024-11-24,2024-11-29,2024-11-30,144,144,1,57.26,8245.44,Medium,Sea
SHP003142,SUP015,PRD020,WH01,2024-04-25,2024-05-11,2024-05-15,25,25,1,119.37,2984.25,Low,Road
SHP003143,SUP014,PRD009,WH06,2024-12-02,2024-12-09,2024-12-11,100,99,3,23.27,2327.0,Medium,Rail
SHP003144,SUP010,PRD010,WH06,2024-05-26,2024-06-04,2024-06-02,488,483,0,48.0,23424.0,High,Road
SHP003145,SUP012,PRD001,WH06,2025-07-28,2025-08-13,2025-08-17,447,443,11,62.76,28053.72,Low,Road
SHP003146,SUP016,PRD001,WH06,2024-11-18,2024-12-05,2024-12-07,764,751,27,36.52,27901.28,Low,Road
SHP003147,SUP015,PRD015,WH04,2025-03-18,2025-04-05,2025-04-04,580,577,26,49.36,28628.8,Medium,Road
SHP003148,SUP010,PRD014,WH06,2024-01-13,2024-01-21,2024-01-19,162,161,1,50.86,8239.32,Medium,Road
SHP003149,SUP004,PRD011,WH04,2025-05-08,2025-05-15,2025-05-18,382,382,6,31.75,12128.5,Low,Road
SHP003150,SUP009,PRD003,WH02,2025-12-01,2025-12-08,2025-12-09,702,691,0,136.17,95591.34,Low,Road
SHP003151,SUP020,PRD001,WH01,2024-10-13,2024-10-28,2024-10-27,347,345,12,109.14,37871.58,Low,Road
SHP003152,SUP009,PRD023,WH03,2024-04-23,2024-05-02,2024-05-03,578,575,13,129.91,75087.98,High,Road
SHP003153,SUP020,PRD017,WH05,2025-04-24,2025-05-05,2025-05-08,350,347,13,86.41,30243.5,Medium,Road
SHP003154,SUP011,PRD005,WH01,2024-01-22,2024-02-01,2024-01-31,800,786,8,146.24,116992.0,High,Road
SHP003155,SUP011,PRD021,WH03,2024-12-14,2024-12-18,2024-12-20,740,728,11,143.42,106130.8,Medium,Road
SHP003156,SUP007,PRD013,WH05,2025-11-13,2025-11-18,2025-11-20,990,983,11,114.42,113275.8,Medium,Road
SHP003157,SUP010,PRD002,WH05,2025-07-19,2025-07-25,2025-07-23,100,99,0,110.98,11098.0,Medium,Sea
SHP003158,SUP004,PRD003,WH02,2024-11-15,2024-11-24,2024-11-25,185,185,1,38.69,7157.65,Medium,Road
SHP003159,SUP005,PRD001,WH04,2024-05-05,2024-05-17,2024-05-15,718,711,0,46.54,33415.72,High,Rail
SHP003160,SUP005,PRD017,WH05,2024-10-03,2024-10-22,2024-10-22,588,578,0,72.56,42665.28,Low,Sea
SHP003161,SUP011,PRD016,WH06,2024-07-22,2024-07-27,2024-07-27,442,438,11,52.94,23399.48,Medium,Road
SHP003162,SUP009,PRD006,WH06,2024-07-12,2024-07-27,2024-07-28,544,544,15,19.15,10417.6,Medium,Road
SHP003163,SUP016,PRD003,WH03,2025-11-11,2025-11-20,2025-11-21,544,535,13,114.74,62418.56,Medium,Rail
SHP003164,SUP009,PRD013,WH05,2025-10-25,2025-11-05,2025-11-05,286,283,4,24.95,7135.7,Low,Rail
SHP003165,SUP004,PRD002,WH02,2025-06-30,2025-07-15,2025-07-14,16,16,0,29.55,472.8,High,Road
SHP003166,SUP002,PRD015,WH02,2025-11-26,2025-12-05,2025-12-06,282,282,10,145.72,41093.04,Medium,Road
SHP003167,SUP014,PRD022,WH02,2024-10-12,2024-10-19,2024-10-19,597,588,22,72.29,43157.13,Medium,Road
SHP003168,SUP003,PRD018,WH01,2024-02-26,2024-03-17,2024-03-18,627,622,10,119.02,74625.54,Low,Rail
SHP003169,SUP018,PRD001,WH03,2024-10-29,2024-11-15,2024-11-15,595,590,16,79.2,47124.0,Low,Road
SHP003170,SUP006,PRD006,WH06,2024-06-11,2024-06-16,2024-06-15,484,481,2,32.78,15865.52,High,Sea
SHP003171,SUP011,PRD023,WH04,2024-01-19,2024-01-29,2024-01-29,253,251,1,91.86,23240.58,Medium,Road
SHP003172,SUP018,PRD018,WH04,2025-01-04,2025-01-17,2025-01-21,808,796,9,126.65,102333.2,High,Road
SHP003173,SUP012,PRD005,WH02,2024-09-20,2024-09-25,2024-09-25,634,625,33,147.07,93242.38,Medium,Road
SHP003174,SUP005,PRD021,WH01,2024-04-22,2024-05-06,2024-05-06,350,345,6,28.22,9877.0,Medium,Sea
SHP003175,SUP009,PRD024,WH04,2025-05-02,2025-05-07,2025-05-07,14,14,0,79.44,1112.16,High,Rail
SHP003176,SUP020,PRD018,WH02,2024-11-22,2024-11-29,2024-12-01,348,343,12,45.94,15987.12,High,Rail
SHP003177,SUP018,PRD002,WH06,2025-06-25,2025-07-01,2025-07-03,876,866,7,122.64,107432.64,Medium,Road
SHP003178,SUP019,PRD021,WH06,2025-10-08,2025-10-12,2025-10-15,641,640,19,125.1,80189.1,Low,Road
SHP003179,SUP003,PRD011,WH05,2025-08-01,2025-08-18,2025-08-19,637,626,0,19.67,12529.79,Low,Air
SHP003180,SUP009,PRD006,WH04,2024-03-05,2024-03-14,2024-03-15,978,967,6,34.66,33897.48,Medium,Sea
SHP003181,SUP004,PRD017,WH02,2024-10-18,2024-10-22,2024-10-21,512,511,13,111.01,56837.12,High,Rail
SHP003182,SUP017,PRD025,WH04,2024-01-25,2024-01-30,2024-01-29,102,102,2,96.79,9872.58,Low,Sea
SHP003183,SUP017,PRD003,WH06,2025-07-02,2025-07-22,2025-07-25,445,439,6,113.52,50516.4,High,Road
SHP003184,SUP002,PRD019,WH06,2024-01-01,2024-01-14,2024-01-12,861,856,12,135.34,116527.74,Low,Sea
SHP003185,SUP009,PRD022,WH04,2025-07-02,2025-07-22,2025-07-23,90,90,1,10.11,909.9,Low,Sea
SHP003186,SUP009,PRD017,WH04,2024-05-20,2024-05-28,2024-05-27,305,305,7,11.74,3580.7,Medium,Sea
SHP003187,SUP005,PRD017,WH04,2025-10-09,2025-10-25,2025-10-23,849,837,0,76.34,64812.66,Medium,Rail
SHP003188,SUP015,PRD015,WH02,2024-07-06,2024-07-24,2024-07-31,231,228,7,50.22,11600.82,Medium,Sea
SHP003189,SUP015,PRD006,WH03,2024-05-07,2024-05-22,2024-05-24,589,584,27,53.47,31493.83,High,Road
SHP003190,SUP003,PRD016,WH06,2024-07-19,2024-08-01,2024-07-30,547,543,10,14.51,7936.97,Medium,Road
SHP003191,SUP019,PRD008,WH04,2024-05-06,2024-05-19,2024-05-21,302,297,7,119.65,36134.3,Medium,Sea
SHP003192,SUP003,PRD004,WH06,2024-09-13,2024-09-24,2024-09-25,935,935,14,12.53,11715.55,Medium,Rail
SHP003193,SUP006,PRD023,WH02,2025-11-06,2025-11-20,2025-11-18,318,315,2,140.13,44561.34,Low,Rail
SHP003194,SUP004,PRD018,WH01,2025-06-30,2025-07-15,2025-07-16,517,512,10,106.31,54962.27,Low,Road
SHP003195,SUP013,PRD001,WH06,2024-07-12,2024-07-21,2024-07-24,940,931,34,60.25,56635.0,Low,Road
SHP003196,SUP013,PRD006,WH05,2024-04-13,2024-05-01,2024-05-01,607,598,24,30.53,18531.71,Medium,Sea
SHP003197,SUP011,PRD016,WH03,2025-06-18,2025-07-01,2025-06-29,819,805,17,8.03,6576.57,Medium,Sea
SHP003198,SUP005,PRD003,WH06,2024-09-21,2024-10-02,2024-10-03,496,494,1,37.64,18669.44,Medium,Rail
SHP003199,SUP001,PRD007,WH01,2025-01-18,2025-02-02,2025-02-02,687,677,10,42.21,28998.27,Low,Road
SHP003200,SUP009,PRD007,WH01,2024-09-16,2024-09-26,2024-09-27,218,218,5,147.69,32196.42,Medium,Rail
SHP003201,SUP017,PRD003,WH02,2025-02-17,2025-03-04,2025-03-02,134,133,0,75.76,10151.84,High,Road
SHP003202,SUP001,PRD005,WH03,2024-12-23,2025-01-09,2025-01-13,93,93,1,129.04,12000.72,Medium,Road
SHP003203,SUP003,PRD002,WH02,2024-03-15,2024-03-22,2024-03-20,165,163,6,37.63,6208.95,High,Road
SHP003204,SUP015,PRD001,WH03,2024-12-20,2025-01-08,2025-01-14,779,771,28,57.85,45065.15,Low,Rail
SHP003205,SUP010,PRD011,WH03,2025-08-06,2025-08-25,2025-08-23,915,901,0,136.46,124860.9,Low,Air
SHP003206,SUP008,PRD014,WH05,2024-07-06,2024-07-14,2024-07-18,741,734,19,40.07,29691.87,Medium,Rail
SHP003207,SUP012,PRD021,WH01,2025-11-15,2025-11-21,2025-11-22,861,855,23,27.52,23694.72,Medium,Road
SHP003208,SUP015,PRD008,WH02,2024-10-16,2024-10-20,2024-10-23,468,462,16,77.63,36330.84,Medium,Road
SHP003209,SUP009,PRD016,WH01,2024-02-14,2024-03-05,2024-03-10,391,387,3,138.14,54012.74,High,Road
SHP003210,SUP010,PRD023,WH04,2025-07-26,2025-08-08,2025-08-10,36,36,0,67.04,2413.44,Medium,Air
SHP003211,SUP020,PRD012,WH01,2024-03-23,2024-03-29,2024-04-04,713,700,19,34.8,24812.4,High,Road
SHP003212,SUP009,PRD013,WH03,2024-05-02,2024-05-14,2024-05-13,485,480,8,56.76,27528.6,Medium,Road
SHP003213,SUP015,PRD022,WH06,2024-12-23,2024-12-27,2024-12-31,444,443,12,148.05,65734.2,Medium,Road
SHP003214,SUP001,PRD003,WH02,2025-06-11,2025-06-16,2025-06-17,508,504,0,126.0,64008.0,High,Road
SHP003215,SUP002,PRD023,WH05,2024-03-06,2024-03-22,2024-03-22,892,890,25,126.11,112490.12,Medium,Road
SHP003216,SUP019,PRD017,WH06,2025-10-18,2025-11-06,2025-11-14,579,570,16,90.03,52127.37,Medium,Sea
SHP003217,SUP014,PRD018,WH06,2025-01-09,2025-01-15,2025-01-16,343,339,12,81.26,27872.18,Medium,Road
SHP003218,SUP008,PRD012,WH03,2024-06-10,2024-06-21,2024-06-19,974,969,7,12.91,12574.34,Medium,Road
SHP003219,SUP006,PRD013,WH06,2025-01-14,2025-01-17,2025-01-17,770,760,7,96.77,74512.9,Low,Rail
SHP003220,SUP012,PRD006,WH03,2025-10-17,2025-10-22,2025-10-21,43,43,1,72.18,3103.74,Low,Road
SHP003221,SUP015,PRD024,WH04,2024-12-23,2024-12-30,2025-01-02,864,861,38,130.19,112484.16,Medium,Road
SHP003222,SUP014,PRD012,WH06,2024-07-06,2024-07-14,2024-07-14,343,342,1,54.11,18559.73,Low,Road
SHP003223,SUP001,PRD006,WH03,2024-11-17,2024-11-29,2024-11-27,941,929,17,10.12,9522.92,High,Rail
SHP003224,SUP011,PRD013,WH05,2025-03-25,2025-04-01,2025-04-03,506,500,8,144.96,73349.76,Low,Road
SHP003225,SUP003,PRD001,WH02,2025-04-18,2025-04-24,2025-04-25,34,34,0,140.31,4770.54,Medium,Rail
SHP003226,SUP019,PRD012,WH05,2024-01-13,2024-01-22,2024-01-27,101,100,3,125.95,12720.95,Low,Air
SHP003227,SUP018,PRD022,WH04,2024-07-02,2024-07-19,2024-07-19,57,57,1,18.72,1067.04,Medium,Rail
SHP003228,SUP020,PRD006,WH04,2024-04-20,2024-04-27,2024-05-01,145,144,4,22.32,3236.4,Medium,Road
SHP003229,SUP002,PRD018,WH05,2025-05-22,2025-06-06,2025-06-10,230,230,8,31.52,7249.6,Medium,Rail
SHP003230,SUP007,PRD006,WH04,2024-10-16,2024-10-22,2024-10-24,776,775,14,79.36,61583.36,Medium,Road
SHP003231,SUP008,PRD016,WH04,2024-10-21,2024-11-07,2024-11-07,365,363,4,52.94,19323.1,High,Air
SHP003232,SUP019,PRD013,WH01,2025-03-26,2025-03-30,2025-03-29,960,951,35,9.03,8668.8,Low,Road
SHP003233,SUP015,PRD025,WH02,2024-08-02,2024-08-07,2024-08-08,832,817,30,139.54,116097.28,Low,Road
SHP003234,SUP010,PRD021,WH05,2025-09-23,2025-09-26,2025-09-28,970,959,0,37.39,36268.3,High,Road
SHP003235,SUP001,PRD010,WH05,2025-07-20,2025-08-06,2025-08-06,603,594,1,25.5,15376.5,Medium,Road
SHP003236,SUP006,PRD022,WH04,2024-01-27,2024-02-05,2024-02-03,657,648,0,78.05,51278.85,Medium,Rail
SHP003237,SUP013,PRD017,WH02,2025-09-21,2025-10-03,2025-10-01,29,29,0,4.42,128.18,Medium,Rail
SHP003238,SUP014,PRD004,WH02,2024-08-18,2024-08-24,2024-08-27,56,56,1,126.84,7103.04,Medium,Road
SHP003239,SUP003,PRD016,WH01,2025-07-18,2025-07-26,2025-07-24,743,743,5,3.33,2474.19,Medium,Road
SHP003240,SUP011,PRD014,WH04,2024-11-16,2024-12-04,2024-12-05,914,897,0,102.61,93785.54,High,Road
SHP003241,SUP003,PRD007,WH05,2024-08-20,2024-08-23,2024-08-21,631,625,5,8.88,5603.28,Medium,Rail
SHP003242,SUP019,PRD016,WH04,2025-10-31,2025-11-11,2025-11-14,318,317,15,74.05,23547.9,High,Road
SHP003243,SUP010,PRD020,WH03,2025-03-12,2025-03-26,2025-03-28,655,643,0,8.8,5764.0,Medium,Sea
SHP003244,SUP015,PRD022,WH01,2025-06-16,2025-06-28,2025-06-28,410,404,15,19.2,7872.0,High,Sea
SHP003245,SUP011,PRD017,WH06,2025-02-06,2025-02-17,2025-02-17,459,453,13,127.5,58522.5,High,Rail
SHP003246,SUP015,PRD002,WH04,2024-02-22,2024-03-10,2024-03-17,228,227,9,61.47,14015.16,Medium,Road
SHP003247,SUP013,PRD004,WH05,2024-11-08,2024-11-17,2024-11-15,373,369,7,129.85,48434.05,Medium,Road
SHP003248,SUP005,PRD019,WH04,2024-10-07,2024-10-14,2024-10-16,723,713,9,142.59,103092.57,Medium,Sea
SHP003249,SUP004,PRD011,WH01,2024-01-31,2024-02-14,2024-02-12,184,182,4,63.39,11663.76,Medium,Road
SHP003250,SUP013,PRD015,WH03,2024-12-02,2024-12-09,2024-12-11,39,39,1,100.31,3912.09,Medium,Road
SHP003251,SUP009,PRD023,WH01,2024-07-01,2024-07-12,2024-07-13,80,80,2,56.29,4503.2,Medium,Rail
SHP003252,SUP017,PRD018,WH06,2024-01-23,2024-02-04,2024-02-05,701,690,13,124.9,87554.9,High,Sea
SHP003253,SUP002,PRD017,WH01,2025-06-27,2025-07-14,2025-07-17,771,762,28,93.39,72003.69,Medium,Road
SHP003254,SUP005,PRD006,WH01,2025-03-21,2025-03-28,2025-03-30,209,209,4,84.96,17756.64,Medium,Road
SHP003255,SUP016,PRD021,WH06,2024-03-14,2024-03-27,2024-03-27,118,118,1,57.65,6802.7,Medium,Sea
SHP003256,SUP007,PRD016,WH01,2024-01-10,2024-01-21,2024-01-21,817,805,21,14.2,11601.4,Medium,Rail
SHP003257,SUP001,PRD020,WH04,2025-04-28,2025-05-03,2025-05-09,839,838,6,147.29,123576.31,Medium,Sea
SHP003258,SUP012,PRD018,WH05,2025-03-31,2025-04-19,2025-04-22,980,973,41,37.37,36622.6,Medium,Rail
SHP003259,SUP011,PRD004,WH04,2025-07-19,2025-08-05,2025-08-06,570,561,16,9.63,5489.1,Low,Road
SHP003260,SUP012,PRD008,WH05,2025-07-17,2025-07-20,2025-07-21,166,166,4,27.83,4619.78,Low,Road
SHP003261,SUP019,PRD024,WH05,2025-10-21,2025-11-09,2025-11-10,189,187,6,83.8,15838.2,High,Sea
SHP003262,SUP012,PRD009,WH04,2024-06-08,2024-06-20,2024-06-21,625,621,7,85.93,53706.25,Low,Road
SHP003263,SUP012,PRD012,WH03,2024-01-14,2024-02-03,2024-02-04,734,725,37,18.01,13219.34,Low,Road
SHP003264,SUP014,PRD011,WH04,2024-06-26,2024-07-04,2024-07-06,900,884,36,29.87,26883.0,Low,Road
SHP003265,SUP002,PRD014,WH04,2025-02-15,2025-02-25,2025-02-24,341,340,4,103.06,35143.46,Medium,Sea
SHP003266,SUP002,PRD024,WH04,2024-02-22,2024-03-05,2024-03-06,221,218,2,127.98,28283.58,Low,Road
SHP003267,SUP004,PRD009,WH01,2025-02-11,2025-02-23,2025-02-25,213,210,3,36.72,7821.36,Medium,Sea
SHP003268,SUP020,PRD006,WH01,2024-01-22,2024-02-09,2024-02-07,961,959,20,103.1,99079.1,Medium,Road
SHP003269,SUP016,PRD008,WH02,2024-01-30,2024-02-13,2024-02-11,735,728,6,94.13,69185.55,Medium,Sea
SHP003270,SUP010,PRD012,WH02,2024-09-16,2024-09-26,2024-09-28,218,217,0,90.44,19715.92,Medium,Road
SHP003271,SUP013,PRD006,WH03,2024-07-23,2024-08-05,2024-08-07,133,132,5,104.78,13935.74,High,Road
SHP003272,SUP002,PRD015,WH01,2024-02-28,2024-03-03,2024-03-05,297,294,8,100.3,29789.1,High,Road
SHP003273,SUP003,PRD019,WH06,2025-04-15,2025-04-29,2025-04-29,14,14,0,15.77,220.78,Low,Rail
SHP003274,SUP019,PRD010,WH03,2025-04-10,2025-04-25,2025-04-27,781,773,24,62.42,48750.02,Low,Sea
SHP003275,SUP006,PRD003,WH02,2024-01-12,2024-01-30,2024-01-31,266,262,3,134.6,35803.6,Medium,Road
SHP003276,SUP019,PRD011,WH01,2025-09-22,2025-10-12,2025-10-11,233,232,8,110.16,25667.28,Low,Rail
SHP003277,SUP020,PRD011,WH06,2024-10-16,2024-11-04,2024-11-05,615,607,6,13.0,7995.0,High,Rail
SHP003278,SUP019,PRD012,WH03,2024-12-19,2024-12-28,2025-01-01,180,180,7,79.57,14322.6,Medium,Rail
SHP003279,SUP008,PRD022,WH04,2025-09-30,2025-10-06,2025-10-08,919,918,12,132.33,121611.27,Medium,Sea
SHP003280,SUP014,PRD004,WH03,2024-03-15,2024-03-21,2024-03-19,18,18,0,6.77,121.86,High,Road
SHP003281,SUP010,PRD007,WH01,2025-07-14,2025-07-27,2025-07-28,806,794,4,120.66,97251.96,Low,Rail
SHP003282,SUP003,PRD009,WH01,2025-08-13,2025-08-31,2025-09-03,335,332,8,77.21,25865.35,High,Road
SHP003283,SUP006,PRD022,WH04,2025-03-16,2025-03-31,2025-03-31,968,956,16,5.74,5556.32,Medium,Sea
SHP003284,SUP015,PRD004,WH03,2024-08-28,2024-09-17,2024-09-21,225,224,6,90.92,20457.0,Medium,Road
SHP003285,SUP018,PRD019,WH01,2024-06-02,2024-06-07,2024-06-09,244,244,5,18.72,4567.68,Medium,Rail
SHP003286,SUP014,PRD022,WH05,2024-04-05,2024-04-10,2024-04-13,848,835,31,84.38,71554.24,High,Road
SHP003287,SUP019,PRD007,WH04,2024-10-20,2024-11-05,2024-11-04,700,698,17,49.1,34370.0,High,Sea
SHP003288,SUP010,PRD002,WH01,2024-07-27,2024-08-04,2024-08-03,967,952,1,30.11,29116.37,Low,Road
SHP003289,SUP015,PRD014,WH06,2024-12-08,2024-12-15,2024-12-20,31,31,1,41.08,1273.48,Medium,Road
SHP003290,SUP004,PRD018,WH05,2024-03-28,2024-04-09,2024-04-12,820,809,7,75.28,61729.6,Low,Sea
SHP003291,SUP002,PRD012,WH05,2025-01-24,2025-02-08,2025-02-09,880,879,19,112.37,98885.6,High,Rail
SHP003292,SUP003,PRD007,WH04,2024-11-20,2024-12-08,2024-12-06,91,91,1,125.19,11392.29,Low,Road
SHP003293,SUP007,PRD019,WH01,2024-06-05,2024-06-16,2024-06-20,391,391,2,22.12,8648.92,Low,Sea
SHP003294,SUP016,PRD008,WH06,2025-10-29,2025-11-12,2025-11-12,814,808,21,118.5,96459.0,Low,Road
SHP003295,SUP010,PRD001,WH01,2025-10-12,2025-10-29,2025-11-03,965,962,2,52.14,50315.1,Medium,Road
SHP003296,SUP019,PRD014,WH06,2025-09-24,2025-10-13,2025-10-17,326,325,10,9.13,2976.38,Low,Road
SHP003297,SUP017,PRD018,WH04,2025-07-30,2025-08-18,2025-08-21,756,750,22,33.55,25363.8,Medium,Sea
SHP003298,SUP019,PRD012,WH01,2025-09-10,2025-09-24,2025-09-24,732,725,28,117.47,85988.04,Low,Sea
SHP003299,SUP005,PRD008,WH02,2025-10-20,2025-10-29,2025-10-29,817,803,0,67.93,55498.81,High,Sea
SHP003300,SUP020,PRD025,WH02,2024-05-16,2024-05-23,2024-05-29,273,270,7,149.23,40739.79,Low,Road
SHP003301,SUP013,PRD008,WH06,2025-11-04,2025-11-16,2025-11-18,360,360,12,74.63,26866.8,Low,Air
SHP003302,SUP013,PRD003,WH01,2025-03-03,2025-03-11,2025-03-11,974,969,25,99.61,97020.14,Medium,Road
SHP003303,SUP011,PRD023,WH05,2025-03-27,2025-04-04,2025-04-04,46,46,0,56.56,2601.76,High,Rail
SHP003304,SUP011,PRD025,WH05,2025-09-03,2025-09-19,2025-09-17,843,838,23,126.15,106344.45,Medium,Road
SHP003305,SUP016,PRD005,WH03,2024-05-20,2024-06-01,2024-06-03,527,519,16,42.39,22339.53,High,Rail
SHP003306,SUP015,PRD007,WH03,2024-03-23,2024-04-08,2024-04-13,675,664,17,128.76,86913.0,Medium,Road
SHP003307,SUP017,PRD006,WH03,2024-06-25,2024-07-13,2024-07-18,525,522,15,143.25,75206.25,Medium,Rail
SHP003308,SUP018,PRD003,WH01,2024-07-16,2024-07-30,2024-07-28,382,378,7,130.2,49736.4,High,Road
SHP003309,SUP019,PRD020,WH02,2025-09-15,2025-10-01,2025-10-01,865,850,39,73.75,63793.75,Medium,Road
SHP003310,SUP004,PRD013,WH06,2025-07-21,2025-08-02,2025-08-02,323,323,4,122.19,39467.37,Medium,Sea
SHP003311,SUP005,PRD001,WH04,2025-11-21,2025-12-02,2025-11-30,171,170,1,146.59,25066.89,High,Road
SHP003312,SUP007,PRD023,WH02,2025-02-24,2025-03-01,2025-02-28,280,280,2,30.63,8576.4,Medium,Road
SHP003313,SUP002,PRD008,WH04,2025-02-04,2025-02-16,2025-02-16,801,797,28,81.02,64897.02,High,Rail
SHP003314,SUP001,PRD013,WH04,2025-11-28,2025-12-18,2025-12-19,573,563,4,47.71,27337.83,Low,Rail
SHP003315,SUP012,PRD012,WH06,2025-04-15,2025-04-30,2025-05-03,166,165,5,16.2,2689.2,Medium,Sea
SHP003316,SUP010,PRD005,WH02,2024-08-05,2024-08-10,2024-08-08,722,716,0,36.45,26316.9,Low,Air
SHP003317,SUP008,PRD005,WH01,2025-09-23,2025-10-08,2025-10-10,666,664,2,90.97,60586.02,Medium,Road
SHP003318,SUP001,PRD006,WH01,2024-06-23,2024-06-26,2024-06-24,521,513,6,34.93,18198.53,Medium,Sea
SHP003319,SUP012,PRD021,WH04,2024-01-23,2024-01-27,2024-01-27,89,89,2,68.37,6084.93,Medium,Air
SHP003320,SUP002,PRD017,WH06,2024-08-22,2024-09-09,2024-09-10,318,318,5,135.22,42999.96,Low,Rail
SHP003321,SUP010,PRD008,WH05,2024-01-13,2024-01-19,2024-01-21,465,461,4,93.67,43556.55,Low,Road
SHP003322,SUP017,PRD024,WH06,2024-04-10,2024-04-25,2024-04-26,245,242,6,52.48,12857.6,High,Sea
SHP003323,SUP003,PRD011,WH04,2025-06-19,2025-06-22,2025-06-22,58,58,0,133.65,7751.7,Medium,Air
SHP003324,SUP007,PRD011,WH03,2025-06-06,2025-06-09,2025-06-07,53,53,0,128.99,6836.47,Medium,Road
SHP003325,SUP012,PRD017,WH04,2025-03-27,2025-04-07,2025-04-12,344,344,11,106.23,36543.12,Low,Rail
SHP003326,SUP008,PRD021,WH01,2025-03-06,2025-03-23,2025-03-23,30,30,0,66.46,1993.8,Medium,Sea
SHP003327,SUP020,PRD008,WH02,2025-08-28,2025-09-05,2025-09-09,530,526,21,123.78,65603.4,Low,Rail
SHP003328,SUP012,PRD013,WH03,2025-06-16,2025-06-26,2025-06-30,557,552,11,131.45,73217.65,Medium,Road
SHP003329,SUP003,PRD010,WH04,2025-10-13,2025-10-18,2025-10-17,20,20,0,12.6,252.0,High,Road
SHP003330,SUP017,PRD008,WH02,2024-10-19,2024-10-28,2024-10-28,397,395,5,128.72,51101.84,Low,Road
SHP003331,SUP009,PRD014,WH06,2024-04-10,2024-04-19,2024-04-18,939,925,22,143.53,134774.67,Low,Road
SHP003332,SUP010,PRD006,WH05,2025-05-16,2025-05-19,2025-05-20,409,404,9,118.38,48417.42,Medium,Road
SHP003333,SUP006,PRD005,WH02,2024-10-30,2024-11-15,2024-11-13,111,110,0,118.7,13175.7,Low,Air
SHP003334,SUP001,PRD002,WH03,2025-06-23,2025-07-10,2025-07-08,397,391,1,142.01,56377.97,Medium,Sea
SHP003335,SUP012,PRD002,WH06,2025-07-06,2025-07-23,2025-07-23,377,374,7,85.07,32071.39,Low,Road
SHP003336,SUP005,PRD015,WH03,2024-12-20,2024-12-31,2025-01-01,780,774,0,70.49,54982.2,Low,Road
SHP003337,SUP013,PRD009,WH02,2024-10-29,2024-11-18,2024-11-21,692,686,12,91.55,63352.6,Medium,Road
SHP003338,SUP015,PRD001,WH03,2025-05-10,2025-05-30,2025-06-03,478,475,19,70.91,33894.98,Medium,Rail
SHP003339,SUP011,PRD010,WH01,2025-10-19,2025-10-28,2025-10-28,404,403,0,136.3,55065.2,Medium,Road
SHP003340,SUP008,PRD023,WH04,2024-08-14,2024-08-26,2024-08-27,399,396,8,21.52,8586.48,Low,Road
SHP003341,SUP005,PRD022,WH04,2024-08-23,2024-09-03,2024-09-03,898,898,0,139.15,124956.7,Medium,Sea
SHP003342,SUP002,PRD010,WH01,2025-03-30,2025-04-11,2025-04-17,258,258,1,124.43,32102.94,High,Road
SHP003343,SUP012,PRD015,WH04,2024-01-13,2024-01-19,2024-01-24,192,191,5,39.57,7597.44,Medium,Sea
SHP003344,SUP002,PRD019,WH05,2024-07-28,2024-08-07,2024-08-08,885,870,10,37.54,33222.9,Low,Rail
SHP003345,SUP016,PRD012,WH03,2025-01-31,2025-02-17,2025-02-22,158,156,4,122.6,19370.8,Low,Road
SHP003346,SUP003,PRD024,WH01,2024-04-09,2024-04-24,2024-04-26,787,780,14,20.19,15889.53,Medium,Road
SHP003347,SUP010,PRD004,WH01,2024-01-31,2024-02-15,2024-02-13,324,320,0,94.35,30569.4,Medium,Road
SHP003348,SUP019,PRD022,WH03,2025-06-11,2025-06-17,2025-06-15,180,179,6,149.11,26839.8,High,Road
SHP003349,SUP008,PRD002,WH02,2025-10-10,2025-10-14,2025-10-16,117,116,2,50.58,5917.86,Medium,Road
SHP003350,SUP007,PRD007,WH03,2024-11-24,2024-12-06,2024-12-04,703,703,18,104.01,73119.03,Medium,Road
SHP003351,SUP001,PRD016,WH01,2024-06-14,2024-06-18,2024-06-19,674,666,14,135.42,91273.08,High,Rail
SHP003352,SUP012,PRD019,WH01,2025-04-03,2025-04-19,2025-04-17,579,571,22,2.71,1569.09,Low,Road
SHP003353,SUP005,PRD011,WH05,2024-04-09,2024-04-25,2024-04-23,154,153,0,123.76,19059.04,Medium,Road
SHP003354,SUP016,PRD013,WH04,2025-09-12,2025-09-17,2025-09-18,331,329,3,42.15,13951.65,Medium,Road
SHP003355,SUP004,PRD016,WH04,2024-06-21,2024-07-05,2024-07-10,698,691,4,133.49,93176.02,Medium,Rail
SHP003356,SUP017,PRD018,WH02,2024-06-10,2024-06-25,2024-06-28,308,305,2,65.25,20097.0,Medium,Road
SHP003357,SUP002,PRD007,WH02,2024-09-19,2024-09-26,2024-09-30,498,497,11,80.47,40074.06,Medium,Road
SHP003358,SUP012,PRD011,WH02,2024-09-30,2024-10-06,2024-10-05,958,954,26,77.92,74647.36,Low,Road
SHP003359,SUP001,PRD012,WH06,2024-01-03,2024-01-13,2024-01-16,308,308,10,132.12,40692.96,High,Sea
SHP003360,SUP012,PRD023,WH05,2024-01-28,2024-02-17,2024-02-20,561,558,17,116.31,65249.91,Medium,Sea
SHP003361,SUP012,PRD006,WH03,2024-11-21,2024-11-28,2024-12-01,872,867,29,126.36,110185.92,Low,Rail
SHP003362,SUP012,PRD005,WH04,2024-05-28,2024-06-06,2024-06-07,328,324,6,118.78,38959.84,Medium,Road
SHP003363,SUP019,PRD019,WH02,2025-06-23,2025-07-02,2025-07-02,774,763,26,105.66,81780.84,Medium,Road
SHP003364,SUP017,PRD013,WH05,2025-05-02,2025-05-11,2025-05-09,288,288,11,124.41,35830.08,Medium,Sea
SHP003365,SUP020,PRD022,WH01,2025-03-13,2025-04-01,2025-04-02,68,68,1,72.51,4930.68,High,Rail
SHP003366,SUP011,PRD014,WH06,2024-03-05,2024-03-24,2024-03-28,796,786,9,34.63,27565.48,High,Road
SHP003367,SUP013,PRD006,WH04,2024-12-21,2024-12-27,2024-12-29,431,427,11,105.84,45617.04,Medium,Road
SHP003368,SUP008,PRD015,WH06,2025-06-16,2025-06-19,2025-06-21,436,433,6,49.37,21525.32,Medium,Rail
SHP003369,SUP010,PRD023,WH05,2024-09-08,2024-09-28,2024-09-30,645,644,3,88.55,57114.75,Low,Road
SHP003370,SUP008,PRD010,WH01,2024-08-22,2024-08-25,2024-08-23,121,120,2,129.09,15619.89,Low,Road
SHP003371,SUP020,PRD024,WH05,2024-08-14,2024-08-19,2024-08-18,261,260,9,112.75,29427.75,Medium,Road
SHP003372,SUP008,PRD005,WH05,2025-06-08,2025-06-17,2025-06-16,645,636,13,117.85,76013.25,Medium,Sea
SHP003373,SUP009,PRD008,WH01,2024-11-08,2024-11-28,2024-11-29,925,917,25,38.81,35899.25,Low,Road
SHP003374,SUP007,PRD002,WH06,2024-02-18,2024-02-21,2024-02-19,75,75,0,126.12,9459.0,Low,Road
SHP003375,SUP014,PRD024,WH01,2024-04-27,2024-05-16,2024-05-17,158,158,4,135.48,21405.84,Medium,Sea
SHP003376,SUP002,PRD019,WH04,2024-02-23,2024-03-01,2024-03-04,102,101,2,77.5,7905.0,High,Road
SHP003377,SUP011,PRD020,WH01,2025-10-11,2025-10-25,2025-10-26,556,548,12,145.06,80653.36,Medium,Sea
SHP003378,SUP008,PRD015,WH05,2025-07-18,2025-08-02,2025-08-01,362,360,9,38.93,14092.66,Low,Sea
SHP003379,SUP013,PRD001,WH03,2024-02-13,2024-02-16,2024-02-16,425,424,17,73.0,31025.0,Medium,Rail
SHP003380,SUP015,PRD018,WH05,2024-02-22,2024-03-05,2024-03-10,485,477,12,133.61,64800.85,High,Rail
SHP003381,SUP003,PRD001,WH06,2025-08-08,2025-08-12,2025-08-11,817,805,7,63.19,51626.23,Low,Sea
SHP003382,SUP014,PRD010,WH06,2025-07-11,2025-07-15,2025-07-16,57,57,1,95.44,5440.08,Medium,Sea
SHP003383,SUP015,PRD001,WH04,2025-06-08,2025-06-19,2025-06-26,523,521,12,61.32,32070.36,High,Air
SHP003384,SUP002,PRD001,WH03,2025-11-07,2025-11-22,2025-11-23,986,973,37,139.54,137586.44,Low,Road
SHP003385,SUP019,PRD001,WH05,2024-04-11,2024-04-30,2024-05-07,933,923,31,14.4,13435.2,High,Road
SHP003386,SUP012,PRD023,WH06,2025-02-01,2025-02-08,2025-02-09,895,895,30,116.45,104222.75,High,Rail
SHP003387,SUP020,PRD002,WH02,2024-05-17,2024-05-26,2024-05-27,450,445,24,143.15,64417.5,High,Sea
SHP003388,SUP004,PRD013,WH02,2025-11-05,2025-11-13,2025-11-14,711,702,6,123.82,88036.02,High,Road
SHP003389,SUP003,PRD010,WH04,2025-01-21,2025-02-03,2025-02-03,954,938,20,139.63,133207.02,Medium,Road
SHP003390,SUP005,PRD022,WH05,2024-04-20,2024-04-28,2024-04-28,712,711,8,11.02,7846.24,Medium,Sea
SHP003391,SUP003,PRD013,WH01,2025-09-05,2025-09-18,2025-09-16,306,302,5,87.37,26735.22,Medium,Sea
SHP003392,SUP015,PRD017,WH05,2024-01-17,2024-01-29,2024-02-05,785,771,41,123.75,97143.75,Medium,Rail
SHP003393,SUP019,PRD025,WH02,2024-06-30,2024-07-14,2024-07-16,370,365,13,101.04,37384.8,Medium,Road
SHP003394,SUP002,PRD018,WH01,2025-06-19,2025-06-24,2025-06-26,99,99,2,108.6,10751.4,Low,Road
SHP003395,SUP012,PRD013,WH03,2025-06-24,2025-07-01,2025-07-03,567,563,13,85.36,48399.12,Low,Road
SHP003396,SUP005,PRD022,WH01,2024-06-19,2024-07-04,2024-07-02,75,75,0,98.91,7418.25,Medium,Sea
SHP003397,SUP017,PRD001,WH06,2025-02-12,2025-02-23,2025-02-25,771,764,16,19.03,14672.13,Medium,Rail
SHP003398,SUP014,PRD015,WH04,2025-01-12,2025-01-18,2025-01-18,16,16,0,28.34,453.44,Medium,Road
SHP003399,SUP010,PRD013,WH05,2024-07-06,2024-07-22,2024-07-23,64,64,0,51.49,3295.36,Medium,Rail
SHP003400,SUP003,PRD012,WH03,2024-08-17,2024-08-22,2024-08-24,910,898,5,104.24,94858.4,Medium,Rail
SHP003401,SUP004,PRD005,WH01,2024-04-28,2024-05-08,2024-05-14,91,91,2,4.76,433.16,Medium,Road
SHP003402,SUP006,PRD019,WH03,2024-06-04,2024-06-18,2024-06-17,594,588,8,51.44,30555.36,Low,Road
SHP003403,SUP016,PRD017,WH01,2025-11-17,2025-11-20,2025-11-21,892,890,18,24.06,21461.52,Low,Road
SHP003404,SUP007,PRD006,WH06,2025-04-09,2025-04-21,2025-04-20,347,342,0,120.31,41747.57,High,Sea
SHP003405,SUP015,PRD011,WH01,2024-04-13,2024-04-17,2024-04-17,150,149,4,117.96,17694.0,Medium,Road
SHP003406,SUP020,PRD013,WH05,2025-08-26,2025-09-02,2025-08-31,476,468,11,125.7,59833.2,Low,Air
SHP003407,SUP011,PRD003,WH05,2025-11-28,2025-12-09,2025-12-09,354,349,8,111.53,39481.62,Low,Rail
SHP003408,SUP001,PRD014,WH05,2025-05-16,2025-06-04,2025-06-05,645,635,11,76.8,49536.0,High,Road
SHP003409,SUP005,PRD001,WH05,2025-11-23,2025-12-11,2025-12-14,302,302,4,56.07,16933.14,Low,Rail
SHP003410,SUP013,PRD023,WH03,2025-11-12,2025-11-15,2025-11-19,96,96,2,101.93,9785.28,Medium,Road
SHP003411,SUP014,PRD015,WH06,2025-11-29,2025-12-10,2025-12-13,249,246,8,19.57,4872.93,Medium,Rail
SHP003412,SUP009,PRD006,WH04,2024-06-23,2024-07-13,2024-07-16,280,279,6,108.31,30326.8,High,Sea
SHP003413,SUP017,PRD022,WH02,2025-11-04,2025-11-11,2025-11-13,394,388,7,4.15,1635.1,High,Road
SHP003414,SUP015,PRD004,WH03,2025-02-24,2025-03-10,2025-03-09,213,213,6,147.5,31417.5,Medium,Sea
SHP003415,SUP007,PRD004,WH04,2024-05-13,2024-05-27,2024-05-28,606,603,7,93.33,56557.98,Low,Sea
SHP003416,SUP012,PRD001,WH05,2025-01-25,2025-01-29,2025-01-30,487,485,14,11.15,5430.05,High,Rail
SHP003417,SUP006,PRD011,WH02,2025-05-15,2025-05-24,2025-05-26,262,260,0,147.98,38770.76,High,Road
SHP003418,SUP016,PRD024,WH05,2025-10-26,2025-11-03,2025-11-03,231,230,5,101.34,23409.54,Medium,Road
SHP003419,SUP005,PRD022,WH04,2024-02-02,2024-02-11,2024-02-10,183,183,0,68.13,12467.79,Medium,Road
SHP003420,SUP009,PRD002,WH04,2024-02-24,2024-03-14,2024-03-17,562,557,7,9.26,5204.12,Low,Rail
SHP003421,SUP014,PRD005,WH01,2025-06-02,2025-06-21,2025-06-19,552,551,15,86.04,47494.08,High,Road
SHP003422,SUP008,PRD009,WH06,2025-09-29,2025-10-14,2025-10-16,795,781,12,138.5,110107.5,Medium,Rail
SHP003423,SUP014,PRD023,WH02,2024-01-12,2024-01-16,2024-01-16,15,15,0,33.87,508.05,High,Sea
SHP003424,SUP012,PRD014,WH04,2025-06-11,2025-06-28,2025-07-01,621,618,12,138.76,86169.96,Medium,Road
SHP003425,SUP010,PRD015,WH04,2025-07-08,2025-07-25,2025-07-24,527,518,7,96.62,50918.74,Low,Road
SHP003426,SUP020,PRD016,WH02,2025-01-07,2025-01-17,2025-01-18,899,895,10,81.42,73196.58,Medium,Sea
SHP003427,SUP020,PRD013,WH06,2025-04-28,2025-05-04,2025-05-05,312,308,10,117.8,36753.6,Low,Air
SHP003428,SUP013,PRD023,WH04,2025-10-08,2025-10-25,2025-10-30,770,761,19,145.97,112396.9,Medium,Rail
SHP003429,SUP019,PRD025,WH03,2024-08-15,2024-08-24,2024-08-25,917,905,31,11.21,10279.57,Medium,Road
SHP003430,SUP015,PRD025,WH03,2025-09-14,2025-10-04,2025-10-09,609,606,15,26.17,15937.53,Low,Sea
SHP003431,SUP008,PRD004,WH06,2024-11-02,2024-11-14,2024-11-16,176,175,1,144.82,25488.32,Low,Sea
SHP003432,SUP010,PRD009,WH06,2025-04-01,2025-04-07,2025-04-07,521,520,0,49.97,26034.37,Medium,Rail
SHP003433,SUP003,PRD011,WH06,2024-06-08,2024-06-17,2024-06-15,580,574,7,17.94,10405.2,High,Road
SHP003434,SUP003,PRD022,WH06,2024-11-26,2024-12-08,2024-12-08,253,253,1,29.07,7354.71,High,Rail
SHP003435,SUP005,PRD010,WH06,2024-08-12,2024-08-19,2024-08-19,44,44,0,53.17,2339.48,Medium,Sea
SHP003436,SUP016,PRD002,WH06,2025-05-18,2025-05-23,2025-05-24,652,652,21,147.49,96163.48,High,Road
SHP003437,SUP017,PRD019,WH06,2025-03-31,2025-04-03,2025-04-03,158,156,3,5.12,808.96,Medium,Road
SHP003438,SUP006,PRD009,WH03,2024-02-14,2024-02-20,2024-02-20,458,453,3,68.81,31514.98,Medium,Road
SHP003439,SUP020,PRD022,WH03,2024-08-01,2024-08-19,2024-08-23,578,571,7,91.92,53129.76,Medium,Sea
SHP003440,SUP020,PRD017,WH05,2024-02-28,2024-03-19,2024-03-26,826,820,27,58.84,48601.84,Medium,Road
SHP003441,SUP016,PRD015,WH02,2025-10-05,2025-10-15,2025-10-13,516,513,4,25.47,13142.52,Medium,Road
SHP003442,SUP002,PRD013,WH05,2025-09-07,2025-09-27,2025-09-27,373,372,7,78.37,29232.01,Medium,Road
SHP003443,SUP020,PRD005,WH06,2024-07-13,2024-07-21,2024-07-22,501,493,9,37.48,18777.48,High,Rail
SHP003444,SUP015,PRD023,WH04,2025-05-03,2025-05-13,2025-05-16,785,782,27,42.97,33731.45,Medium,Road
SHP003445,SUP018,PRD012,WH06,2024-06-05,2024-06-17,2024-06-20,981,967,22,116.59,114374.79,Medium,Road
SHP003446,SUP001,PRD007,WH01,2025-09-01,2025-09-06,2025-09-07,561,558,2,142.67,80037.87,Low,Sea
SHP003447,SUP019,PRD018,WH02,2024-08-13,2024-08-30,2024-08-31,10,10,0,58.31,583.1,Medium,Sea
SHP003448,SUP012,PRD021,WH02,2025-02-15,2025-02-28,2025-03-01,656,654,17,85.28,55943.68,Low,Sea
SHP003449,SUP008,PRD002,WH05,2024-07-23,2024-08-06,2024-08-08,999,983,19,40.12,40079.88,Low,Rail
SHP003450,SUP006,PRD005,WH05,2024-03-19,2024-04-04,2024-04-06,259,258,1,64.8,16783.2,Medium,Rail
SHP003451,SUP012,PRD016,WH06,2024-05-03,2024-05-13,2024-05-13,404,401,11,129.95,52499.8,Medium,Road
SHP003452,SUP007,PRD004,WH03,2025-04-15,2025-04-25,2025-04-25,220,220,5,16.61,3654.2,High,Rail
SHP003453,SUP018,PRD024,WH02,2024-08-05,2024-08-24,2024-08-28,597,590,18,77.76,46422.72,Medium,Road
SHP003454,SUP014,PRD008,WH05,2025-05-30,2025-06-16,2025-06-18,959,953,27,37.78,36231.02,Low,Rail
SHP003455,SUP008,PRD014,WH01,2025-08-24,2025-08-30,2025-08-30,540,531,8,71.08,38383.2,Medium,Road
SHP003456,SUP020,PRD010,WH05,2024-04-13,2024-05-03,2024-05-04,94,94,2,23.67,2224.98,Medium,Sea
SHP003457,SUP014,PRD001,WH05,2025-01-27,2025-01-31,2025-02-02,633,622,20,103.89,65762.37,Medium,Road
SHP003458,SUP005,PRD021,WH06,2025-09-22,2025-09-30,2025-10-01,984,981,15,101.29,99669.36,Low,Sea
SHP003459,SUP009,PRD023,WH01,2025-10-06,2025-10-13,2025-10-12,266,266,5,39.95,10626.7,High,Sea
SHP003460,SUP008,PRD001,WH01,2025-08-30,2025-09-05,2025-09-07,546,538,13,125.51,68528.46,Medium,Sea
SHP003461,SUP002,PRD008,WH01,2025-03-09,2025-03-19,2025-03-19,112,111,0,67.62,7573.44,Low,Road
SHP003462,SUP016,PRD017,WH05,2024-11-26,2024-12-07,2024-12-06,846,845,26,84.56,71537.76,Low,Road
SHP003463,SUP013,PRD002,WH03,2024-05-22,2024-06-11,2024-06-10,780,778,24,60.15,46917.0,High,Rail
SHP003464,SUP007,PRD005,WH06,2025-06-23,2025-06-27,2025-06-27,112,112,2,136.32,15267.84,Medium,Road
SHP003465,SUP016,PRD022,WH03,2024-10-04,2024-10-22,2024-10-22,397,393,4,123.39,48985.83,Low,Road
SHP003466,SUP007,PRD009,WH05,2024-08-20,2024-09-06,2024-09-08,171,169,1,131.68,22517.28,Medium,Road
SHP003467,SUP014,PRD005,WH03,2025-06-12,2025-06-17,2025-06-20,829,822,43,17.48,14490.92,Medium,Road
SHP003468,SUP014,PRD014,WH02,2025-07-24,2025-08-10,2025-08-10,957,946,25,137.75,131826.75,Medium,Sea
SHP003469,SUP012,PRD004,WH02,2024-03-30,2024-04-06,2024-04-08,574,573,23,95.39,54753.86,Low,Road
SHP003470,SUP001,PRD005,WH04,2025-05-06,2025-05-09,2025-05-10,364,359,7,39.01,14199.64,Medium,Sea
SHP003471,SUP001,PRD001,WH06,2024-07-17,2024-07-26,2024-07-25,489,488,1,142.4,69633.6,High,Road
SHP003472,SUP012,PRD004,WH02,2024-12-27,2025-01-11,2025-01-14,334,331,8,147.23,49174.82,Medium,Road
SHP003473,SUP020,PRD012,WH05,2025-03-16,2025-03-27,2025-03-30,169,167,2,26.31,4446.39,Medium,Sea
SHP003474,SUP015,PRD010,WH03,2024-01-26,2024-01-30,2024-02-03,698,697,17,35.51,24785.98,High,Road
SHP003475,SUP004,PRD007,WH04,2024-01-25,2024-02-11,2024-02-14,16,16,0,97.99,1567.84,High,Road
SHP003476,SUP007,PRD018,WH04,2025-01-28,2025-02-03,2025-02-03,165,165,1,34.76,5735.4,Low,Sea
SHP003477,SUP016,PRD015,WH05,2025-05-21,2025-05-28,2025-05-30,611,606,11,134.15,81965.65,Medium,Road
SHP003478,SUP003,PRD023,WH05,2024-10-27,2024-11-10,2024-11-08,707,704,16,5.65,3994.55,High,Road
SHP003479,SUP007,PRD018,WH05,2024-12-04,2024-12-15,2024-12-16,284,282,1,22.46,6378.64,Low,Road
SHP003480,SUP006,PRD018,WH03,2024-09-23,2024-10-11,2024-10-09,887,887,0,80.83,71696.21,High,Road
SHP003481,SUP016,PRD021,WH02,2025-04-05,2025-04-10,2025-04-13,108,107,3,45.13,4874.04,High,Rail
SHP003482,SUP008,PRD013,WH05,2025-11-23,2025-11-27,2025-11-27,862,848,32,39.93,34419.66,Low,Rail
SHP003483,SUP006,PRD001,WH03,2025-03-31,2025-04-16,2025-04-16,340,335,3,119.61,40667.4,Low,Sea
SHP003484,SUP010,PRD007,WH01,2024-12-25,2025-01-13,2025-01-12,741,734,0,48.61,36020.01,High,Road
SHP003485,SUP016,PRD003,WH01,2024-03-08,2024-03-11,2024-03-14,748,742,18,49.08,36711.84,Medium,Road
SHP003486,SUP011,PRD014,WH04,2025-02-15,2025-02-24,2025-02-26,114,113,1,114.3,13030.2,High,Road
SHP003487,SUP013,PRD004,WH05,2025-05-05,2025-05-17,2025-05-20,534,525,17,36.25,19357.5,High,Road
SHP003488,SUP006,PRD011,WH03,2024-02-18,2024-02-26,2024-02-27,158,156,1,87.09,13760.22,Medium,Road
SHP003489,SUP001,PRD002,WH01,2025-11-17,2025-11-21,2025-11-21,939,927,18,141.19,132577.41,Low,Sea
SHP003490,SUP019,PRD002,WH02,2025-07-17,2025-07-31,2025-08-03,222,219,9,25.53,5667.66,High,Sea
SHP003491,SUP012,PRD014,WH01,2024-04-11,2024-04-30,2024-05-01,235,234,6,122.93,28888.55,High,Road
SHP003492,SUP006,PRD025,WH05,2024-08-03,2024-08-22,2024-08-23,324,324,0,120.74,39119.76,Medium,Air
SHP003493,SUP018,PRD001,WH01,2025-03-13,2025-03-23,2025-03-25,279,278,8,131.62,36721.98,High,Rail
SHP003494,SUP013,PRD007,WH06,2025-11-30,2025-12-17,2025-12-20,320,317,10,32.15,10288.0,High,Rail
SHP003495,SUP007,PRD018,WH06,2025-07-22,2025-07-26,2025-07-28,952,945,1,102.6,97675.2,High,Road
SHP003496,SUP013,PRD001,WH03,2025-07-12,2025-07-30,2025-08-03,68,68,2,53.68,3650.24,Low,Road
SHP003497,SUP008,PRD016,WH02,2024-06-07,2024-06-19,2024-06-21,975,974,29,36.54,35626.5,High,Rail
SHP003498,SUP017,PRD022,WH03,2025-05-03,2025-05-06,2025-05-08,22,22,0,78.75,1732.5,Medium,Road
SHP003499,SUP009,PRD020,WH04,2025-11-16,2025-12-05,2025-12-07,710,699,21,97.51,69232.1,Low,Road
SHP003500,SUP020,PRD019,WH06,2024-08-29,2024-09-10,2024-09-10,402,395,11,43.44,17462.88,Low,Road
SHP003501,SUP013,PRD010,WH01,2024-01-05,2024-01-19,2024-01-24,27,27,0,46.87,1265.49,High,Road
SHP003502,SUP002,PRD011,WH01,2025-08-18,2025-09-06,2025-09-11,245,243,8,135.09,33097.05,Medium,Road
SHP003503,SUP004,PRD002,WH06,2024-12-26,2025-01-03,2025-01-03,928,923,9,95.46,88586.88,High,Sea
SHP003504,SUP002,PRD003,WH03,2025-04-03,2025-04-17,2025-04-15,263,260,8,63.83,16787.29,Low,Rail
SHP003505,SUP004,PRD007,WH05,2024-09-04,2024-09-12,2024-09-14,233,231,6,31.41,7318.53,Low,Road
SHP003506,SUP018,PRD010,WH04,2025-07-19,2025-07-24,2025-07-22,36,36,0,67.57,2432.52,Medium,Sea
SHP003507,SUP005,PRD006,WH02,2025-11-03,2025-11-07,2025-11-05,448,443,4,58.09,26024.32,Medium,Road
SHP003508,SUP019,PRD005,WH01,2025-02-25,2025-03-01,2025-02-27,336,334,12,2.82,947.52,Medium,Road
SHP003509,SUP010,PRD018,WH05,2024-01-15,2024-02-02,2024-02-02,48,48,0,78.09,3748.32,Medium,Road
SHP003510,SUP018,PRD022,WH02,2025-07-26,2025-08-12,2025-08-13,926,920,22,13.22,12241.72,Medium,Road
SHP003511,SUP010,PRD015,WH06,2024-05-01,2024-05-08,2024-05-10,751,741,0,148.56,111568.56,Medium,Road
SHP003512,SUP005,PRD002,WH01,2024-10-03,2024-10-20,2024-10-18,318,317,2,111.96,35603.28,Low,Road
SHP003513,SUP017,PRD004,WH02,2025-07-11,2025-07-24,2025-07-29,138,138,2,24.49,3379.62,Medium,Air
SHP003514,SUP013,PRD003,WH01,2025-03-28,2025-04-03,2025-04-07,145,144,1,148.82,21578.9,Low,Sea
SHP003515,SUP017,PRD002,WH02,2025-01-24,2025-02-12,2025-02-13,990,976,22,32.34,32016.6,High,Road
SHP003516,SUP009,PRD021,WH03,2024-10-20,2024-11-09,2024-11-09,805,804,12,67.52,54353.6,Low,Road
SHP003517,SUP012,PRD010,WH02,2025-07-27,2025-08-11,2025-08-11,69,69,1,16.3,1124.7,Medium,Road
SHP003518,SUP014,PRD010,WH01,2025-08-20,2025-09-06,2025-09-10,402,399,13,107.64,43271.28,High,Sea
SHP003519,SUP014,PRD012,WH04,2025-03-21,2025-04-08,2025-04-09,278,275,5,102.07,28375.46,Low,Sea
SHP003520,SUP008,PRD022,WH01,2024-07-28,2024-08-12,2024-08-12,782,777,15,84.9,66391.8,Medium,Rail
SHP003521,SUP005,PRD012,WH05,2025-08-12,2025-08-21,2025-08-23,353,349,2,98.12,34636.36,High,Road
SHP003522,SUP019,PRD011,WH01,2024-10-28,2024-11-12,2024-11-14,115,114,4,134.97,15521.55,Low,Road
SHP003523,SUP014,PRD020,WH03,2024-08-10,2024-08-25,2024-08-25,691,680,10,56.2,38834.2,High,Rail
SHP003524,SUP009,PRD019,WH02,2024-01-03,2024-01-13,2024-01-13,802,791,22,24.78,19873.56,High,Road
SHP003525,SUP007,PRD013,WH04,2025-06-01,2025-06-21,2025-06-22,729,728,3,18.88,13763.52,High,Sea
SHP003526,SUP008,PRD004,WH01,2024-04-02,2024-04-05,2024-04-06,948,940,20,25.62,24287.76,Medium,Road
SHP003527,SUP014,PRD023,WH06,2025-06-03,2025-06-19,2025-06-24,626,622,21,67.64,42342.64,High,Road
SHP003528,SUP014,PRD013,WH05,2025-03-03,2025-03-19,2025-03-25,381,379,6,3.52,1341.12,Low,Sea
SHP003529,SUP011,PRD019,WH04,2025-05-07,2025-05-12,2025-05-12,457,456,5,70.95,32424.15,Medium,Road
SHP003530,SUP014,PRD001,WH01,2024-08-22,2024-08-27,2024-08-29,274,274,10,104.28,28572.72,Medium,Sea
SHP003531,SUP008,PRD005,WH03,2025-09-11,2025-09-29,2025-10-01,648,641,17,122.78,79561.44,Medium,Sea
SHP003532,SUP003,PRD014,WH06,2024-06-09,2024-06-19,2024-06-17,990,978,0,146.51,145044.9,High,Road
SHP003533,SUP018,PRD008,WH05,2024-11-26,2024-12-04,2024-12-07,404,402,7,123.2,49772.8,Low,Road
SHP003534,SUP003,PRD005,WH03,2024-11-28,2024-12-01,2024-11-29,489,481,18,29.4,14376.6,Low,Road
SHP003535,SUP013,PRD008,WH02,2024-02-19,2024-03-04,2024-03-06,315,310,8,20.06,6318.9,Medium,Air
SHP003536,SUP012,PRD006,WH01,2025-06-06,2025-06-14,2025-06-13,276,274,11,60.64,16736.64,Medium,Rail
SHP003537,SUP015,PRD003,WH03,2025-10-29,2025-11-03,2025-11-14,590,583,25,116.86,68947.4,Medium,Road
SHP003538,SUP018,PRD012,WH05,2025-05-06,2025-05-17,2025-05-20,784,771,20,117.12,91822.08,Medium,Road
SHP003539,SUP005,PRD018,WH05,2025-08-04,2025-08-21,2025-08-23,696,685,0,56.15,39080.4,Medium,Rail
SHP003540,SUP007,PRD004,WH06,2025-11-11,2025-11-18,2025-11-16,175,173,3,72.64,12712.0,Medium,Road
SHP003541,SUP011,PRD020,WH01,2024-09-28,2024-10-02,2024-10-02,795,792,11,80.22,63774.9,Medium,Sea
SHP003542,SUP011,PRD007,WH02,2025-08-02,2025-08-14,2025-08-14,599,591,20,117.3,70262.7,Medium,Sea
SHP003543,SUP015,PRD005,WH02,2024-09-08,2024-09-19,2024-09-22,858,847,45,43.39,37228.62,Medium,Road
SHP003544,SUP010,PRD015,WH01,2025-07-13,2025-07-18,2025-07-17,451,444,0,52.21,23546.71,Medium,Road
SHP003545,SUP015,PRD003,WH04,2025-11-26,2025-12-05,2025-12-10,330,327,8,148.88,49130.4,High,Sea
SHP003546,SUP013,PRD016,WH02,2025-11-29,2025-12-08,2025-12-10,365,365,10,85.08,31054.2,High,Rail
SHP003547,SUP014,PRD009,WH04,2024-03-30,2024-04-04,2024-04-08,230,230,7,125.76,28924.8,Medium,Road
SHP003548,SUP017,PRD022,WH06,2025-03-21,2025-04-03,2025-04-05,818,808,18,58.27,47664.86,Medium,Road
SHP003549,SUP013,PRD009,WH04,2024-11-27,2024-12-13,2024-12-15,690,680,29,30.03,20720.7,Medium,Sea
SHP003550,SUP010,PRD002,WH02,2024-05-18,2024-06-03,2024-06-02,319,315,0,24.28,7745.32,Medium,Rail
SHP003551,SUP001,PRD004,WH02,2024-12-22,2025-01-10,2025-01-12,287,286,5,80.46,23092.02,High,Road
SHP003552,SUP001,PRD025,WH01,2025-08-23,2025-08-29,2025-09-02,427,424,0,24.38,10410.26,Medium,Rail
SHP003553,SUP015,PRD022,WH03,2024-09-30,2024-10-20,2024-10-24,992,974,16,57.76,57297.92,Low,Road
SHP003554,SUP016,PRD019,WH01,2024-01-19,2024-01-25,2024-01-24,802,801,21,7.7,6175.4,Low,Rail
SHP003555,SUP012,PRD017,WH05,2024-11-06,2024-11-21,2024-11-24,348,344,2,140.15,48772.2,Medium,Rail
SHP003556,SUP006,PRD024,WH01,2024-06-02,2024-06-20,2024-06-20,104,103,1,140.27,14588.08,Medium,Rail
SHP003557,SUP006,PRD021,WH02,2025-01-24,2025-01-31,2025-01-29,361,358,0,117.21,42312.81,Medium,Road
SHP003558,SUP012,PRD025,WH02,2024-09-16,2024-09-19,2024-09-22,422,417,6,78.68,33202.96,Medium,Rail
SHP003559,SUP015,PRD021,WH01,2025-09-11,2025-09-17,2025-09-23,615,612,20,145.68,89593.2,High,Air
SHP003560,SUP004,PRD024,WH04,2025-07-24,2025-07-31,2025-07-29,230,227,4,8.83,2030.9,Low,Air
SHP003561,SUP004,PRD004,WH05,2024-05-04,2024-05-09,2024-05-11,480,476,8,63.48,30470.4,Low,Road
SHP003562,SUP002,PRD020,WH02,2024-12-19,2024-12-31,2025-01-01,886,882,28,9.54,8452.44,Medium,Sea
SHP003563,SUP012,PRD008,WH06,2024-09-29,2024-10-19,2024-10-23,716,703,11,103.87,74370.92,Medium,Rail
SHP003564,SUP007,PRD022,WH01,2025-09-10,2025-09-17,2025-09-15,97,97,1,25.23,2447.31,High,Road
SHP003565,SUP020,PRD017,WH03,2024-09-01,2024-09-04,2024-09-05,816,816,41,9.19,7499.04,Low,Road
SHP003566,SUP009,PRD005,WH06,2025-03-25,2025-03-29,2025-03-30,549,543,0,123.14,67603.86,Low,Road
SHP003567,SUP009,PRD009,WH02,2024-09-03,2024-09-13,2024-09-12,936,921,31,139.19,130281.84,Medium,Road
SHP003568,SUP008,PRD021,WH05,2025-06-03,2025-06-15,2025-06-16,795,785,12,120.3,95638.5,High,Road
SHP003569,SUP014,PRD006,WH02,2024-05-20,2024-06-02,2024-05-31,183,183,10,66.44,12158.52,High,Road
SHP003570,SUP001,PRD009,WH06,2024-12-27,2025-01-16,2025-01-15,464,464,0,50.1,23246.4,Medium,Road
SHP003571,SUP012,PRD022,WH03,2024-01-08,2024-01-11,2024-01-11,101,100,5,37.47,3784.47,Low,Road
SHP003572,SUP002,PRD006,WH03,2025-04-22,2025-05-09,2025-05-07,613,609,15,25.92,15888.96,Medium,Rail
SHP003573,SUP013,PRD004,WH02,2024-12-17,2024-12-24,2024-12-24,758,758,30,19.07,14455.06,Medium,Road
SHP003574,SUP004,PRD014,WH03,2025-05-09,2025-05-22,2025-05-23,165,163,5,95.47,15752.55,Medium,Rail
SHP003575,SUP020,PRD012,WH03,2025-08-28,2025-09-16,2025-09-17,982,975,25,53.64,52674.48,Medium,Road
SHP003576,SUP018,PRD002,WH05,2025-03-02,2025-03-10,2025-03-14,983,977,17,126.69,124536.27,Medium,Sea
SHP003577,SUP019,PRD017,WH03,2024-02-08,2024-02-15,2024-02-20,623,622,35,41.4,25792.2,Medium,Road
SHP003578,SUP016,PRD014,WH06,2025-08-15,2025-08-25,2025-08-25,834,833,33,35.0,29190.0,Medium,Rail
SHP003579,SUP014,PRD011,WH03,2024-07-05,2024-07-23,2024-07-21,138,138,4,30.12,4156.56,Low,Sea
SHP003580,SUP008,PRD019,WH05,2025-08-18,2025-09-04,2025-09-02,354,353,8,59.73,21144.42,Medium,Road
SHP003581,SUP012,PRD025,WH04,2025-08-22,2025-09-09,2025-09-12,301,297,11,113.03,34022.03,High,Road
SHP003582,SUP009,PRD011,WH06,2024-04-02,2024-04-13,2024-04-11,441,435,7,113.86,50212.26,High,Sea
SHP003583,SUP006,PRD017,WH04,2024-03-26,2024-04-14,2024-04-14,204,202,0,101.46,20697.84,Medium,Rail
SHP003584,SUP018,PRD021,WH01,2024-02-13,2024-03-02,2024-03-06,830,821,29,147.56,122474.8,Medium,Sea
SHP003585,SUP002,PRD001,WH06,2024-05-16,2024-05-24,2024-05-25,324,322,4,124.5,40338.0,Low,Road
SHP003586,SUP008,PRD018,WH03,2025-02-24,2025-03-09,2025-03-08,170,168,2,101.54,17261.8,Medium,Road
SHP003587,SUP014,PRD013,WH04,2024-03-14,2024-03-17,2024-03-19,53,53,2,47.28,2505.84,Low,Road
SHP003588,SUP006,PRD018,WH05,2025-07-01,2025-07-12,2025-07-13,273,272,2,108.25,29552.25,Medium,Rail
SHP003589,SUP010,PRD017,WH04,2025-09-04,2025-09-20,2025-09-20,324,319,5,90.81,29422.44,Low,Rail
SHP003590,SUP008,PRD025,WH05,2025-05-26,2025-06-08,2025-06-09,631,628,17,56.29,35518.99,Low,Road
SHP003591,SUP017,PRD006,WH06,2024-06-04,2024-06-09,2024-06-07,719,718,20,143.1,102888.9,Low,Road
SHP003592,SUP012,PRD020,WH02,2024-09-11,2024-10-01,2024-10-02,778,764,11,133.09,103544.02,Medium,Air
SHP003593,SUP017,PRD001,WH03,2024-06-19,2024-07-05,2024-07-06,628,622,22,96.61,60671.08,Low,Rail
SHP003594,SUP013,PRD004,WH02,2024-06-18,2024-07-05,2024-07-05,113,112,2,43.97,4968.61,High,Sea
SHP003595,SUP019,PRD021,WH05,2024-11-17,2024-12-04,2024-12-04,506,497,21,119.82,60628.92,Medium,Road
SHP003596,SUP012,PRD005,WH02,2025-07-20,2025-07-29,2025-07-28,424,422,7,149.42,63354.08,High,Road
SHP003597,SUP016,PRD010,WH03,2025-03-31,2025-04-15,2025-04-17,703,692,14,19.28,13553.84,Medium,Sea
SHP003598,SUP005,PRD012,WH01,2025-08-25,2025-09-14,2025-09-14,675,671,15,104.86,70780.5,Medium,Sea
SHP003599,SUP016,PRD017,WH01,2025-09-04,2025-09-18,2025-09-18,585,575,9,130.66,76436.1,High,Road
SHP003600,SUP006,PRD022,WH02,2024-06-03,2024-06-19,2024-06-21,11,11,0,19.95,219.45,Low,Road
SHP003601,SUP011,PRD016,WH04,2024-12-14,2024-12-28,2024-12-26,389,383,7,66.11,25716.79,Medium,Road
SHP003602,SUP017,PRD001,WH05,2025-03-26,2025-04-10,2025-04-13,610,603,17,16.4,10004.0,Low,Road
SHP003603,SUP014,PRD015,WH06,2025-10-14,2025-10-30,2025-11-03,969,961,23,57.16,55388.04,Medium,Sea
SHP003604,SUP006,PRD017,WH03,2024-06-21,2024-07-11,2024-07-10,76,76,1,17.43,1324.68,Low,Road
SHP003605,SUP011,PRD002,WH01,2024-01-10,2024-01-28,2024-01-28,207,207,4,134.41,27822.87,Medium,Road
SHP003606,SUP012,PRD019,WH04,2024-09-21,2024-10-09,2024-10-11,492,485,9,42.62,20969.04,Low,Sea
SHP003607,SUP013,PRD021,WH04,2025-03-13,2025-03-19,2025-03-19,724,721,19,42.76,30958.24,Medium,Road
SHP003608,SUP004,PRD015,WH04,2024-09-03,2024-09-18,2024-09-20,723,715,10,111.0,80253.0,High,Sea
SHP003609,SUP007,PRD007,WH01,2025-10-28,2025-11-05,2025-11-05,325,323,6,38.78,12603.5,Medium,Sea
SHP003610,SUP002,PRD022,WH06,2025-06-29,2025-07-14,2025-07-16,694,686,19,139.79,97014.26,Low,Rail
SHP003611,SUP006,PRD023,WH02,2025-05-13,2025-05-23,2025-05-22,516,511,16,105.7,54541.2,Medium,Road
SHP003612,SUP006,PRD011,WH02,2024-05-08,2024-05-25,2024-05-26,735,734,6,11.05,8121.75,Medium,Air
SHP003613,SUP018,PRD025,WH06,2025-11-02,2025-11-06,2025-11-09,902,897,31,80.1,72250.2,Medium,Sea
SHP003614,SUP020,PRD006,WH04,2025-08-23,2025-08-29,2025-08-30,189,188,7,19.8,3742.2,High,Road
SHP003615,SUP008,PRD015,WH03,2025-08-27,2025-09-13,2025-09-12,926,913,32,93.15,86256.9,Medium,Rail
SHP003616,SUP008,PRD007,WH03,2024-11-22,2024-11-26,2024-11-28,704,697,23,37.66,26512.64,Low,Sea
SHP003617,SUP008,PRD001,WH06,2025-02-07,2025-02-17,2025-02-17,232,229,5,108.4,25148.8,Low,Road
SHP003618,SUP008,PRD012,WH06,2025-09-20,2025-10-04,2025-10-04,39,39,0,70.84,2762.76,Medium,Road
SHP003619,SUP001,PRD011,WH03,2025-08-28,2025-09-17,2025-09-16,537,530,3,108.1,58049.7,Low,Rail
SHP003620,SUP002,PRD001,WH06,2025-11-05,2025-11-11,2025-11-11,75,75,1,21.66,1624.5,Low,Road
SHP003621,SUP012,PRD019,WH02,2025-09-02,2025-09-14,2025-09-15,728,718,25,137.73,100267.44,Medium,Road
SHP003622,SUP015,PRD014,WH04,2025-09-16,2025-10-01,2025-10-03,351,348,12,4.54,1593.54,Low,Road
SHP003623,SUP004,PRD014,WH03,2024-12-24,2025-01-11,2025-01-13,216,216,4,81.43,17588.88,High,Rail
SHP003624,SUP003,PRD021,WH04,2025-08-25,2025-09-05,2025-09-04,830,824,10,36.82,30560.6,Medium,Sea
SHP003625,SUP014,PRD025,WH04,2024-01-17,2024-02-06,2024-02-06,622,613,18,128.91,80182.02,Low,Road
SHP003626,SUP008,PRD001,WH04,2024-09-30,2024-10-07,2024-10-10,116,116,2,120.73,14004.68,Low,Road
SHP003627,SUP013,PRD014,WH02,2025-11-15,2025-11-21,2025-11-23,793,786,20,127.97,101480.21,Medium,Rail
SHP003628,SUP019,PRD025,WH02,2024-04-25,2024-05-14,2024-05-20,173,173,5,81.37,14077.01,High,Rail
SHP003629,SUP005,PRD010,WH06,2025-11-23,2025-11-26,2025-11-25,424,423,0,24.53,10400.72,High,Road
SHP003630,SUP013,PRD011,WH03,2024-03-31,2024-04-16,2024-04-19,59,59,2,3.34,197.06,Low,Rail
SHP003631,SUP020,PRD017,WH05,2024-03-22,2024-04-11,2024-04-11,374,370,17,97.49,36461.26,Medium,Rail
SHP003632,SUP001,PRD025,WH03,2024-11-19,2024-11-28,2024-11-29,638,629,5,148.71,94876.98,Low,Road
SHP003633,SUP016,PRD014,WH05,2024-04-23,2024-05-03,2024-05-03,267,267,7,30.15,8050.05,Low,Road
SHP003634,SUP002,PRD017,WH06,2024-02-27,2024-03-05,2024-03-05,90,90,1,31.95,2875.5,High,Rail
SHP003635,SUP007,PRD003,WH03,2024-06-02,2024-06-17,2024-06-16,498,491,9,4.87,2425.26,Medium,Sea
SHP003636,SUP006,PRD016,WH02,2025-02-07,2025-02-22,2025-02-22,710,703,14,70.83,50289.3,Medium,Rail
SHP003637,SUP005,PRD014,WH03,2025-09-19,2025-10-03,2025-10-01,658,649,9,86.97,57226.26,Low,Road
SHP003638,SUP004,PRD003,WH06,2024-09-22,2024-10-02,2024-10-06,614,610,21,125.52,77069.28,Medium,Road
SHP003639,SUP002,PRD012,WH03,2024-11-10,2024-11-15,2024-11-17,177,177,1,28.44,5033.88,Medium,Rail
SHP003640,SUP010,PRD016,WH06,2024-02-10,2024-02-28,2024-02-29,428,428,3,30.04,12857.12,Medium,Sea
SHP003641,SUP005,PRD024,WH06,2024-04-14,2024-04-24,2024-04-28,990,974,0,43.79,43352.1,Medium,Road
SHP003642,SUP018,PRD006,WH01,2024-07-11,2024-07-25,2024-07-26,625,621,22,128.53,80331.25,Medium,Rail
SHP003643,SUP010,PRD013,WH06,2025-02-04,2025-02-14,2025-02-19,579,574,2,103.25,59781.75,Low,Rail
SHP003644,SUP015,PRD007,WH05,2024-10-04,2024-10-19,2024-10-22,499,497,15,147.68,73692.32,Low,Road
SHP003645,SUP009,PRD025,WH02,2024-12-19,2025-01-05,2025-01-04,173,173,2,59.34,10265.82,High,Road
SHP003646,SUP011,PRD018,WH02,2025-08-02,2025-08-06,2025-08-06,176,174,0,12.22,2150.72,Medium,Road
SHP003647,SUP017,PRD001,WH01,2024-09-12,2024-09-26,2024-09-27,895,894,19,48.3,43228.5,Low,Road
SHP003648,SUP009,PRD002,WH02,2025-10-12,2025-10-21,2025-10-20,263,262,8,92.92,24437.96,Medium,Road
SHP003649,SUP016,PRD015,WH04,2025-10-22,2025-10-28,2025-10-29,599,596,20,43.17,25858.83,Low,Rail
SHP003650,SUP006,PRD022,WH01,2024-04-08,2024-04-22,2024-04-20,896,886,0,52.45,46995.2,Medium,Road
SHP003651,SUP011,PRD017,WH05,2025-08-10,2025-08-30,2025-08-30,475,470,0,62.57,29720.75,Low,Road
SHP003652,SUP017,PRD003,WH01,2024-10-08,2024-10-25,2024-10-26,835,831,5,4.58,3824.3,Medium,Road
SHP003653,SUP004,PRD021,WH04,2025-02-06,2025-02-10,2025-02-12,194,192,2,102.39,19863.66,Low,Sea
SHP003654,SUP015,PRD019,WH06,2024-04-18,2024-04-23,2024-04-24,81,81,1,7.06,571.86,Medium,Road
SHP003655,SUP001,PRD013,WH05,2025-11-30,2025-12-20,2025-12-21,744,735,4,60.46,44982.24,Low,Road
SHP003656,SUP020,PRD002,WH04,2024-07-17,2024-08-06,2024-08-05,551,546,15,146.65,80804.15,Low,Road
SHP003657,SUP001,PRD014,WH05,2024-10-29,2024-11-09,2024-11-08,624,616,0,31.55,19687.2,High,Road
SHP003658,SUP009,PRD013,WH01,2024-11-22,2024-11-28,2024-11-26,422,416,7,79.97,33747.34,Medium,Rail
SHP003659,SUP012,PRD003,WH01,2024-06-02,2024-06-09,2024-06-13,377,375,12,56.56,21323.12,Low,Road
SHP003660,SUP004,PRD005,WH05,2025-07-05,2025-07-18,2025-07-21,853,846,11,46.58,39732.74,Low,Road
SHP003661,SUP013,PRD013,WH05,2025-10-06,2025-10-19,2025-10-22,31,31,0,26.51,821.81,Low,Rail
SHP003662,SUP007,PRD025,WH06,2025-02-08,2025-02-15,2025-02-18,821,821,0,132.41,108708.61,Medium,Sea
SHP003663,SUP008,PRD001,WH04,2025-04-06,2025-04-17,2025-04-19,264,261,4,55.74,14715.36,Low,Road
SHP003664,SUP013,PRD021,WH04,2024-05-11,2024-05-25,2024-05-28,213,212,4,45.44,9678.72,High,Road
SHP003665,SUP011,PRD008,WH04,2024-03-24,2024-04-12,2024-04-10,192,190,1,73.25,14064.0,High,Rail
SHP003666,SUP009,PRD021,WH02,2025-02-02,2025-02-08,2025-02-08,723,712,0,60.15,43488.45,Medium,Road
SHP003667,SUP016,PRD020,WH04,2025-09-19,2025-10-09,2025-10-11,61,61,2,84.54,5156.94,Medium,Road
SHP003668,SUP010,PRD023,WH01,2024-04-18,2024-05-01,2024-04-30,315,313,1,23.24,7320.6,Medium,Sea
SHP003669,SUP011,PRD003,WH04,2024-08-08,2024-08-27,2024-08-28,496,488,2,124.25,61628.0,Medium,Air
SHP003670,SUP012,PRD011,WH02,2025-07-06,2025-07-24,2025-07-27,955,953,32,20.73,19797.15,Medium,Road
SHP003671,SUP014,PRD018,WH03,2025-01-02,2025-01-16,2025-01-21,722,716,37,59.88,43233.36,Medium,Road
SHP003672,SUP019,PRD021,WH03,2024-05-26,2024-06-04,2024-06-09,193,191,4,90.93,17549.49,Medium,Road
SHP003673,SUP012,PRD003,WH04,2024-04-21,2024-05-03,2024-05-03,627,621,23,135.51,84964.77,Low,Road
SHP003674,SUP018,PRD016,WH06,2025-09-06,2025-09-11,2025-09-14,834,821,31,68.67,57270.78,Low,Air
SHP003675,SUP017,PRD018,WH02,2025-07-11,2025-07-31,2025-08-01,758,746,15,103.94,78786.52,High,Sea
SHP003676,SUP003,PRD016,WH06,2025-05-08,2025-05-12,2025-05-13,833,828,12,82.77,68947.41,Medium,Sea
SHP003677,SUP001,PRD013,WH01,2025-05-19,2025-05-30,2025-06-02,740,728,10,121.77,90109.8,Low,Road
SHP003678,SUP019,PRD001,WH04,2025-04-19,2025-05-06,2025-05-09,297,296,9,12.83,3810.51,Medium,Rail
SHP003679,SUP004,PRD005,WH01,2024-09-27,2024-10-15,2024-10-15,462,459,12,54.41,25137.42,High,Sea
SHP003680,SUP016,PRD018,WH03,2025-02-24,2025-03-13,2025-03-11,982,979,0,86.35,84795.7,Medium,Rail
SHP003681,SUP012,PRD022,WH04,2025-01-01,2025-01-19,2025-01-20,252,249,3,132.17,33306.84,Medium,Road
SHP003682,SUP013,PRD014,WH06,2024-10-06,2024-10-11,2024-10-13,880,877,39,9.05,7964.0,Low,Road
SHP003683,SUP017,PRD010,WH04,2024-10-09,2024-10-14,2024-10-13,364,358,11,29.57,10763.48,Medium,Rail
SHP003684,SUP008,PRD025,WH05,2024-02-09,2024-02-19,2024-02-17,469,461,13,18.93,8878.17,Low,Road
SHP003685,SUP013,PRD006,WH03,2024-07-07,2024-07-25,2024-07-29,365,364,6,73.96,26995.4,Medium,Road
SHP003686,SUP020,PRD011,WH02,2024-06-12,2024-06-22,2024-06-21,736,726,13,106.17,78141.12,Medium,Road
SHP003687,SUP005,PRD016,WH06,2025-06-19,2025-07-08,2025-07-08,287,284,0,91.55,26274.85,High,Sea
SHP003688,SUP018,PRD022,WH06,2025-06-19,2025-06-25,2025-06-23,606,600,23,127.18,77071.08,High,Sea
SHP003689,SUP015,PRD025,WH06,2024-01-04,2024-01-15,2024-01-21,976,961,51,25.34,24731.84,Medium,Rail
SHP003690,SUP012,PRD020,WH06,2024-10-16,2024-10-29,2024-11-01,960,960,40,28.4,27264.0,Low,Road
SHP003691,SUP017,PRD023,WH03,2025-03-08,2025-03-27,2025-03-26,71,71,2,113.09,8029.39,Medium,Road
SHP003692,SUP015,PRD015,WH03,2025-04-15,2025-04-19,2025-04-25,368,365,12,31.65,11647.2,High,Rail
SHP003693,SUP002,PRD021,WH04,2024-06-29,2024-07-15,2024-07-16,505,496,12,143.09,72260.45,Low,Road
SHP003694,SUP006,PRD022,WH05,2024-09-04,2024-09-09,2024-09-07,661,650,4,7.36,4864.96,High,Rail
SHP003695,SUP017,PRD022,WH03,2025-09-19,2025-10-03,2025-10-02,611,604,4,93.0,56823.0,Low,Sea
SHP003696,SUP016,PRD004,WH02,2024-10-05,2024-10-13,2024-10-13,666,661,12,51.88,34552.08,Medium,Road
SHP003697,SUP017,PRD024,WH04,2025-08-03,2025-08-18,2025-08-21,857,842,16,142.28,121933.96,Medium,Rail
SHP003698,SUP020,PRD025,WH05,2024-09-10,2024-09-21,2024-09-23,777,767,21,10.99,8539.23,Low,Road
SHP003699,SUP009,PRD016,WH01,2024-06-29,2024-07-15,2024-07-13,455,448,3,48.54,22085.7,Low,Road
SHP003700,SUP005,PRD003,WH03,2025-11-11,2025-11-14,2025-11-14,235,234,2,104.95,24663.25,High,Road
SHP003701,SUP001,PRD011,WH03,2025-05-23,2025-05-26,2025-05-28,20,20,0,71.74,1434.8,High,Road
SHP003702,SUP006,PRD005,WH05,2025-11-30,2025-12-08,2025-12-08,459,451,0,77.76,35691.84,Medium,Sea
SHP003703,SUP014,PRD016,WH06,2025-07-19,2025-07-29,2025-07-30,32,32,0,96.73,3095.36,Low,Road
SHP003704,SUP017,PRD010,WH05,2024-11-21,2024-11-27,2024-12-01,357,352,3,139.44,49780.08,Medium,Road
SHP003705,SUP019,PRD021,WH05,2024-12-22,2025-01-11,2025-01-09,549,540,22,67.36,36980.64,Low,Rail
SHP003706,SUP001,PRD025,WH01,2025-10-11,2025-10-28,2025-10-28,690,686,18,58.9,40641.0,Low,Road
SHP003707,SUP001,PRD005,WH02,2025-11-10,2025-11-17,2025-11-15,104,103,2,21.8,2267.2,High,Road
SHP003708,SUP013,PRD012,WH05,2025-01-25,2025-02-06,2025-02-09,861,855,23,143.65,123682.65,Low,Sea
SHP003709,SUP014,PRD008,WH01,2025-09-06,2025-09-21,2025-09-24,730,728,5,26.59,19410.7,Low,Road
SHP003710,SUP006,PRD018,WH01,2024-03-25,2024-04-02,2024-04-04,818,818,0,20.08,16425.44,Medium,Sea
SHP003711,SUP006,PRD019,WH05,2024-11-12,2024-11-25,2024-11-30,388,385,0,74.3,28828.4,Medium,Road
SHP003712,SUP001,PRD003,WH03,2024-07-30,2024-08-06,2024-08-06,160,159,0,71.99,11518.4,Medium,Road
SHP003713,SUP014,PRD020,WH05,2025-05-29,2025-06-03,2025-06-02,732,730,30,5.46,3996.72,Medium,Sea
SHP003714,SUP003,PRD020,WH04,2025-01-18,2025-02-02,2025-01-31,472,464,11,31.1,14679.2,Medium,Road
SHP003715,SUP010,PRD021,WH06,2025-11-21,2025-11-24,2025-11-22,129,128,0,27.11,3497.19,High,Road
SHP003716,SUP019,PRD002,WH04,2024-12-07,2024-12-21,2024-12-29,347,343,20,44.7,15510.9,High,Sea
SHP003717,SUP019,PRD017,WH03,2024-02-07,2024-02-26,2024-02-29,208,208,8,95.46,19855.68,Medium,Road
SHP003718,SUP019,PRD024,WH02,2025-05-25,2025-06-12,2025-06-16,453,452,15,116.85,52933.05,Medium,Air
SHP003719,SUP004,PRD012,WH03,2025-02-23,2025-03-15,2025-03-16,486,478,8,99.6,48405.6,Low,Road
SHP003720,SUP020,PRD021,WH03,2024-06-17,2024-06-25,2024-06-26,254,250,14,82.82,21036.28,Medium,Road
SHP003721,SUP019,PRD004,WH01,2024-12-08,2024-12-25,2024-12-31,602,592,21,38.46,23152.92,Low,Road
SHP003722,SUP010,PRD006,WH03,2024-11-01,2024-11-21,2024-11-22,676,666,0,39.75,26871.0,Medium,Rail
SHP003723,SUP002,PRD009,WH02,2025-06-25,2025-06-30,2025-07-05,913,902,17,130.83,119447.79,Medium,Road
SHP003724,SUP004,PRD022,WH01,2025-06-20,2025-06-29,2025-07-02,341,338,5,23.83,8126.03,Medium,Road
SHP003725,SUP006,PRD022,WH01,2024-04-21,2024-04-27,2024-04-28,538,531,1,126.12,67852.56,Low,Rail
SHP003726,SUP007,PRD003,WH04,2025-02-14,2025-03-03,2025-03-04,414,407,0,104.2,43138.8,Low,Road
SHP003727,SUP016,PRD022,WH04,2024-07-24,2024-08-07,2024-08-10,965,961,25,70.03,67578.95,Medium,Rail
SHP003728,SUP007,PRD013,WH06,2024-07-03,2024-07-06,2024-07-04,397,392,4,28.0,11116.0,High,Rail
SHP003729,SUP018,PRD005,WH04,2025-01-16,2025-02-05,2025-02-04,337,337,9,95.01,32018.37,High,Rail
SHP003730,SUP020,PRD020,WH04,2025-05-10,2025-05-13,2025-05-12,447,441,13,39.91,17839.77,Medium,Rail
SHP003731,SUP019,PRD018,WH03,2025-01-13,2025-01-19,2025-01-19,894,889,28,59.28,52996.32,High,Road
SHP003732,SUP009,PRD022,WH06,2024-02-16,2024-02-26,2024-02-24,853,838,14,90.18,76923.54,Medium,Sea
SHP003733,SUP020,PRD013,WH03,2025-07-04,2025-07-15,2025-07-16,730,718,17,3.15,2299.5,Low,Sea
SHP003734,SUP010,PRD011,WH04,2025-06-11,2025-06-20,2025-06-21,16,16,0,105.57,1689.12,High,Rail
SHP003735,SUP013,PRD023,WH01,2025-05-18,2025-05-23,2025-05-26,156,154,3,143.32,22357.92,Medium,Road
SHP003736,SUP018,PRD009,WH03,2024-01-22,2024-02-11,2024-02-11,831,826,7,34.75,28877.25,Medium,Rail
SHP003737,SUP016,PRD001,WH06,2024-07-31,2024-08-19,2024-08-22,168,167,1,100.4,16867.2,Medium,Road
SHP003738,SUP017,PRD006,WH04,2024-11-05,2024-11-17,2024-11-18,66,66,2,54.18,3575.88,High,Road
SHP003739,SUP013,PRD005,WH03,2025-10-22,2025-11-09,2025-11-07,111,110,2,76.31,8470.41,Medium,Road
SHP003740,SUP012,PRD015,WH05,2024-09-28,2024-10-12,2024-10-11,309,307,11,139.97,43250.73,Low,Road
SHP003741,SUP010,PRD001,WH02,2025-07-24,2025-08-04,2025-08-07,612,612,0,118.1,72277.2,Medium,Road
SHP003742,SUP001,PRD006,WH03,2024-07-20,2024-08-07,2024-08-07,762,759,14,103.66,78988.92,Low,Road
SHP003743,SUP008,PRD018,WH01,2024-02-01,2024-02-05,2024-02-03,103,102,2,140.66,14487.98,Medium,Sea
SHP003744,SUP018,PRD001,WH03,2025-03-18,2025-04-02,2025-04-05,699,697,27,99.27,69389.73,High,Rail
SHP003745,SUP002,PRD005,WH06,2024-06-10,2024-06-22,2024-06-20,371,368,4,65.3,24226.3,Medium,Road
SHP003746,SUP016,PRD008,WH01,2024-09-10,2024-09-14,2024-09-17,768,758,10,38.67,29698.56,Medium,Rail
SHP003747,SUP012,PRD019,WH02,2025-06-04,2025-06-16,2025-06-17,879,879,21,119.61,105137.19,Medium,Air
SHP003748,SUP009,PRD015,WH01,2025-10-12,2025-10-21,2025-10-20,481,478,10,59.91,28816.71,Medium,Rail
SHP003749,SUP003,PRD002,WH01,2025-04-24,2025-05-08,2025-05-10,743,739,10,121.7,90423.1,Medium,Rail
SHP003750,SUP004,PRD006,WH03,2024-01-10,2024-01-17,2024-01-19,774,767,9,132.4,102477.6,Medium,Sea
SHP003751,SUP002,PRD001,WH03,2025-05-19,2025-06-01,2025-06-02,818,806,12,65.69,53734.42,Medium,Road
SHP003752,SUP008,PRD023,WH04,2025-07-13,2025-07-20,2025-07-20,533,531,10,77.53,41323.49,Medium,Air
SHP003753,SUP010,PRD020,WH04,2025-03-11,2025-03-23,2025-03-23,754,749,6,74.76,56369.04,Medium,Rail
SHP003754,SUP016,PRD005,WH02,2024-04-20,2024-05-04,2024-05-05,978,962,30,82.4,80587.2,High,Rail
SHP003755,SUP011,PRD016,WH06,2024-06-01,2024-06-08,2024-06-09,273,271,1,60.12,16412.76,Low,Rail
SHP003756,SUP018,PRD018,WH06,2025-09-26,2025-10-09,2025-10-10,110,110,2,106.69,11735.9,Low,Air
SHP003757,SUP014,PRD023,WH04,2024-04-11,2024-05-01,2024-05-02,473,468,17,128.64,60846.72,Medium,Road
SHP003758,SUP008,PRD022,WH03,2024-07-09,2024-07-19,2024-07-17,33,33,0,31.44,1037.52,Medium,Sea
SHP003759,SUP015,PRD015,WH01,2025-07-16,2025-07-19,2025-07-20,468,465,14,70.41,32951.88,High,Rail
SHP003760,SUP017,PRD014,WH04,2024-03-21,2024-03-26,2024-03-27,982,966,22,134.76,132334.32,Medium,Road
SHP003761,SUP018,PRD010,WH02,2025-05-03,2025-05-12,2025-05-14,679,671,29,39.16,26589.64,Medium,Rail
SHP003762,SUP006,PRD003,WH01,2024-03-28,2024-04-02,2024-04-01,296,292,2,50.56,14965.76,High,Rail
SHP003763,SUP014,PRD005,WH05,2024-07-12,2024-08-01,2024-08-06,346,342,7,18.37,6356.02,Low,Rail
SHP003764,SUP003,PRD019,WH05,2024-04-13,2024-04-29,2024-04-27,70,70,1,47.64,3334.8,Low,Air
SHP003765,SUP007,PRD003,WH02,2024-04-05,2024-04-12,2024-04-15,898,888,15,29.15,26176.7,Medium,Road
SHP003766,SUP015,PRD017,WH02,2025-02-26,2025-03-03,2025-03-07,616,612,34,128.6,79217.6,Medium,Sea
SHP003767,SUP016,PRD007,WH03,2024-07-16,2024-08-01,2024-07-31,654,650,3,148.78,97302.12,Low,Sea
SHP003768,SUP016,PRD005,WH02,2024-01-01,2024-01-08,2024-01-10,290,289,5,33.83,9810.7,Low,Rail
SHP003769,SUP008,PRD024,WH04,2025-02-10,2025-02-16,2025-02-20,879,876,13,21.88,19232.52,Low,Sea
SHP003770,SUP007,PRD013,WH03,2025-01-12,2025-01-19,2025-01-19,740,733,13,56.23,41610.2,Low,Rail
SHP003771,SUP006,PRD010,WH03,2024-06-15,2024-06-22,2024-06-23,310,305,2,85.61,26539.1,High,Road
SHP003772,SUP002,PRD003,WH03,2025-05-23,2025-06-04,2025-06-05,221,219,4,72.98,16128.58,Medium,Rail
SHP003773,SUP013,PRD012,WH06,2025-09-29,2025-10-09,2025-10-10,868,857,9,12.33,10702.44,Low,Road
SHP003774,SUP012,PRD018,WH06,2024-11-08,2024-11-16,2024-11-17,447,442,11,108.01,48280.47,Medium,Road
SHP003775,SUP015,PRD020,WH02,2025-08-15,2025-09-03,2025-09-05,313,311,16,70.85,22176.05,Medium,Road
SHP003776,SUP009,PRD013,WH06,2025-02-21,2025-03-11,2025-03-13,831,820,10,105.78,87903.18,High,Sea
SHP003777,SUP002,PRD014,WH05,2025-11-11,2025-11-19,2025-11-17,722,713,28,142.21,102675.62,Medium,Air
SHP003778,SUP017,PRD019,WH01,2025-04-21,2025-04-30,2025-05-02,992,991,11,19.77,19611.84,High,Rail
SHP003779,SUP005,PRD023,WH05,2024-03-13,2024-03-27,2024-03-29,915,906,0,120.06,109854.9,Medium,Road
SHP003780,SUP011,PRD012,WH06,2024-05-20,2024-06-01,2024-06-03,697,688,13,28.76,20045.72,Medium,Road
SHP003781,SUP019,PRD007,WH03,2025-08-04,2025-08-22,2025-08-25,751,740,10,128.07,96180.57,Low,Road
SHP003782,SUP007,PRD012,WH06,2024-09-18,2024-10-08,2024-10-06,788,786,13,100.47,79170.36,High,Rail
SHP003783,SUP002,PRD002,WH03,2024-12-05,2024-12-11,2024-12-14,660,658,16,92.53,61069.8,Medium,Sea
SHP003784,SUP016,PRD001,WH03,2024-11-03,2024-11-09,2024-11-09,19,19,0,4.6,87.4,High,Road
SHP003785,SUP012,PRD018,WH05,2024-09-01,2024-09-11,2024-09-15,88,88,1,95.2,8377.6,Medium,Road
SHP003786,SUP015,PRD001,WH04,2025-05-29,2025-06-16,2025-06-17,622,616,22,44.64,27766.08,Low,Road
SHP003787,SUP001,PRD013,WH02,2024-12-02,2024-12-20,2024-12-21,864,854,10,29.15,25185.6,Low,Sea
SHP003788,SUP013,PRD006,WH01,2025-07-28,2025-08-14,2025-08-18,897,886,14,50.21,45038.37,Low,Road
SHP003789,SUP006,PRD009,WH03,2025-07-14,2025-07-19,2025-07-18,879,868,0,52.13,45822.27,Medium,Sea
SHP003790,SUP013,PRD022,WH06,2024-03-16,2024-04-05,2024-04-06,957,953,28,102.74,98322.18,Medium,Road
SHP003791,SUP018,PRD009,WH04,2024-06-23,2024-07-06,2024-07-04,847,847,21,61.46,52056.62,Medium,Road
SHP003792,SUP003,PRD003,WH05,2024-04-18,2024-04-28,2024-04-27,697,691,15,133.1,92770.7,Low,Sea
SHP003793,SUP001,PRD021,WH04,2024-07-01,2024-07-10,2024-07-10,749,746,0,64.15,48048.35,Medium,Rail
SHP003794,SUP015,PRD015,WH05,2024-07-10,2024-07-26,2024-08-01,898,892,33,53.91,48411.18,Medium,Rail
SHP003795,SUP013,PRD011,WH03,2024-03-05,2024-03-11,2024-03-12,839,829,33,76.0,63764.0,Low,Rail
SHP003796,SUP005,PRD015,WH06,2025-04-18,2025-05-06,2025-05-10,513,506,2,37.83,19406.79,Low,Road
SHP003797,SUP013,PRD024,WH01,2024-04-09,2024-04-21,2024-04-24,681,672,20,25.77,17549.37,Medium,Road
SHP003798,SUP005,PRD024,WH06,2025-06-27,2025-07-10,2025-07-13,70,70,0,69.84,4888.8,High,Air
SHP003799,SUP019,PRD010,WH04,2024-05-07,2024-05-17,2024-05-20,577,570,27,37.61,21700.97,Low,Road
SHP003800,SUP018,PRD017,WH02,2025-03-27,2025-04-15,2025-04-19,315,315,10,137.92,43444.8,Medium,Sea
SHP003801,SUP010,PRD016,WH04,2025-01-03,2025-01-22,2025-01-26,745,740,7,105.43,78545.35,Medium,Road
SHP003802,SUP008,PRD014,WH06,2024-02-12,2024-02-24,2024-02-25,365,365,10,27.86,10168.9,Medium,Rail
SHP003803,SUP015,PRD017,WH04,2025-02-22,2025-02-27,2025-02-26,211,210,7,143.5,30278.5,Low,Road
SHP003804,SUP020,PRD019,WH06,2025-05-02,2025-05-11,2025-05-11,916,907,23,68.42,62672.72,Medium,Sea
SHP003805,SUP004,PRD018,WH06,2024-03-18,2024-03-29,2024-03-27,391,390,3,122.24,47795.84,High,Road
SHP003806,SUP002,PRD003,WH04,2024-09-26,2024-10-16,2024-10-18,305,304,7,14.15,4315.75,Medium,Road
SHP003807,SUP006,PRD010,WH03,2025-11-04,2025-11-13,2025-11-14,162,160,0,117.3,19002.6,High,Rail
SHP003808,SUP003,PRD023,WH01,2025-12-01,2025-12-05,2025-12-05,814,808,0,104.71,85233.94,Medium,Road
SHP003809,SUP007,PRD019,WH06,2024-11-10,2024-11-19,2024-11-21,507,501,0,21.05,10672.35,Low,Road
SHP003810,SUP010,PRD013,WH05,2024-06-16,2024-06-29,2024-07-02,491,486,0,7.89,3873.99,Medium,Road
SHP003811,SUP006,PRD001,WH02,2024-12-04,2024-12-24,2024-12-25,96,96,0,99.78,9578.88,Medium,Road
SHP003812,SUP016,PRD019,WH06,2024-07-11,2024-07-25,2024-07-25,928,928,21,60.69,56320.32,Medium,Sea
SHP003813,SUP002,PRD007,WH01,2025-03-28,2025-04-02,2025-04-01,118,118,3,110.93,13089.74,Low,Rail
SHP003814,SUP017,PRD002,WH04,2024-10-09,2024-10-29,2024-10-31,502,494,16,132.55,66540.1,Medium,Road
SHP003815,SUP013,PRD015,WH04,2024-12-01,2024-12-16,2024-12-22,259,258,11,84.51,21888.09,Medium,Rail
SHP003816,SUP001,PRD011,WH02,2025-01-24,2025-02-03,2025-02-07,540,537,0,88.79,47946.6,High,Road
SHP003817,SUP006,PRD014,WH01,2025-06-08,2025-06-24,2025-06-25,552,545,13,128.18,70755.36,Medium,Road
SHP003818,SUP005,PRD011,WH04,2024-08-27,2024-08-31,2024-09-04,259,255,0,95.47,24726.73,Medium,Road
SHP003819,SUP013,PRD022,WH04,2025-04-27,2025-05-03,2025-05-08,254,250,8,17.17,4361.18,Low,Rail
SHP003820,SUP018,PRD016,WH06,2025-10-20,2025-10-23,2025-10-25,533,525,13,143.06,76250.98,Medium,Sea
SHP003821,SUP012,PRD010,WH04,2025-08-14,2025-08-24,2025-08-29,840,830,25,7.03,5905.2,Medium,Road
SHP003822,SUP007,PRD011,WH05,2025-07-08,2025-07-24,2025-07-30,225,223,1,64.28,14463.0,Low,Road
SHP003823,SUP015,PRD007,WH01,2025-04-02,2025-04-06,2025-04-08,937,934,45,28.98,27154.26,Medium,Road
SHP003824,SUP003,PRD002,WH06,2024-03-29,2024-04-07,2024-04-07,566,560,9,74.55,42195.3,High,Rail
SHP003825,SUP016,PRD022,WH05,2025-10-21,2025-11-04,2025-11-04,872,865,30,18.56,16184.32,Low,Road
SHP003826,SUP001,PRD007,WH04,2024-04-04,2024-04-14,2024-04-15,188,188,3,114.06,21443.28,High,Road
SHP003827,SUP016,PRD007,WH05,2025-03-27,2025-04-12,2025-04-17,630,627,9,24.79,15617.7,Low,Road
SHP003828,SUP012,PRD004,WH04,2025-03-03,2025-03-09,2025-03-07,877,864,26,35.68,31291.36,Medium,Road
SHP003829,SUP019,PRD023,WH04,2024-05-30,2024-06-13,2024-06-16,863,849,32,95.0,81985.0,Low,Sea
SHP003830,SUP008,PRD023,WH04,2025-05-28,2025-06-04,2025-06-05,47,47,0,88.45,4157.15,Medium,Road
SHP003831,SUP012,PRD016,WH01,2025-01-10,2025-01-14,2025-01-17,876,875,33,33.22,29100.72,Medium,Road
SHP003832,SUP015,PRD017,WH04,2024-01-22,2024-02-06,2024-02-07,684,672,31,18.39,12578.76,High,Road
SHP003833,SUP002,PRD014,WH03,2024-11-08,2024-11-20,2024-11-24,776,773,0,111.53,86547.28,High,Road
SHP003834,SUP017,PRD010,WH03,2025-06-02,2025-06-19,2025-06-21,522,513,6,65.38,34128.36,Low,Sea
SHP003835,SUP007,PRD005,WH03,2024-07-24,2024-08-07,2024-08-09,669,660,19,11.39,7619.91,High,Rail
SHP003836,SUP013,PRD011,WH04,2025-01-09,2025-01-12,2025-01-14,912,911,5,39.17,35723.04,Medium,Sea
SHP003837,SUP001,PRD015,WH06,2025-03-26,2025-04-08,2025-04-07,106,106,0,51.31,5438.86,Medium,Rail
SHP003838,SUP006,PRD025,WH03,2025-09-17,2025-09-29,2025-09-29,126,125,1,17.94,2260.44,Medium,Rail
SHP003839,SUP013,PRD003,WH05,2025-08-17,2025-08-31,2025-08-31,540,536,20,12.42,6706.8,Low,Road
SHP003840,SUP011,PRD001,WH01,2024-06-27,2024-07-10,2024-07-11,94,94,1,35.56,3342.64,Medium,Sea
SHP003841,SUP010,PRD022,WH06,2024-07-28,2024-08-14,2024-08-14,223,221,0,53.27,11879.21,Low,Rail
SHP003842,SUP016,PRD017,WH02,2025-05-14,2025-05-21,2025-05-21,986,979,28,57.72,56911.92,Low,Road
SHP003843,SUP020,PRD006,WH02,2025-04-08,2025-04-15,2025-04-18,868,859,17,113.65,98648.2,High,Sea
SHP003844,SUP017,PRD016,WH01,2024-05-03,2024-05-23,2024-05-24,741,728,23,144.49,107067.09,Low,Sea
SHP003845,SUP017,PRD006,WH06,2024-04-22,2024-04-29,2024-04-29,299,296,7,78.77,23552.23,High,Road
SHP003846,SUP004,PRD011,WH05,2024-01-12,2024-01-29,2024-02-01,353,349,7,77.71,27431.63,Medium,Road
SHP003847,SUP005,PRD008,WH02,2024-05-05,2024-05-20,2024-05-19,955,950,0,76.14,72713.7,Low,Road
SHP003848,SUP014,PRD001,WH03,2025-07-18,2025-08-05,2025-08-07,200,200,5,18.54,3708.0,High,Road
SHP003849,SUP020,PRD021,WH02,2024-11-26,2024-11-30,2024-12-04,668,664,16,115.67,77267.56,Medium,Road
SHP003850,SUP010,PRD009,WH04,2024-10-09,2024-10-25,2024-10-25,890,883,3,80.2,71378.0,Medium,Road
SHP003851,SUP014,PRD023,WH03,2024-05-19,2024-06-05,2024-06-06,914,903,30,7.63,6973.82,High,Road
SHP003852,SUP001,PRD014,WH03,2025-02-04,2025-02-24,2025-02-24,748,739,1,80.86,60483.28,Medium,Air
SHP003853,SUP011,PRD021,WH02,2024-04-06,2024-04-12,2024-04-17,164,164,2,92.59,15184.76,Medium,Sea
SHP003854,SUP018,PRD015,WH05,2025-05-31,2025-06-04,2025-06-04,262,259,3,125.81,32962.22,High,Rail
SHP003855,SUP016,PRD008,WH05,2025-07-22,2025-07-31,2025-08-02,531,526,12,116.52,61872.12,Low,Sea
SHP003856,SUP018,PRD017,WH01,2024-03-09,2024-03-15,2024-03-16,399,394,12,92.69,36983.31,High,Rail
SHP003857,SUP008,PRD014,WH06,2024-04-27,2024-05-04,2024-05-04,50,50,2,28.84,1442.0,High,Rail
SHP003858,SUP010,PRD015,WH04,2024-02-28,2024-03-18,2024-03-16,94,94,0,78.52,7380.88,Low,Road
SHP003859,SUP010,PRD017,WH03,2024-02-02,2024-02-13,2024-02-13,154,154,0,15.45,2379.3,Low,Road
SHP003860,SUP005,PRD004,WH01,2024-11-13,2024-12-01,2024-12-03,505,498,4,90.09,45495.45,Medium,Road
SHP003861,SUP010,PRD022,WH03,2024-02-19,2024-03-10,2024-03-10,851,848,0,133.14,113302.14,Low,Road
SHP003862,SUP018,PRD007,WH01,2025-05-03,2025-05-12,2025-05-15,184,182,3,96.49,17754.16,Medium,Road
SHP003863,SUP006,PRD007,WH01,2024-01-19,2024-02-05,2024-02-10,963,949,11,86.6,83395.8,Medium,Road
SHP003864,SUP003,PRD006,WH01,2024-07-15,2024-07-27,2024-07-25,838,832,11,26.71,22382.98,High,Road
SHP003865,SUP008,PRD010,WH02,2025-03-25,2025-04-12,2025-04-14,786,775,13,72.57,57040.02,High,Road
SHP003866,SUP009,PRD015,WH04,2025-07-12,2025-07-29,2025-07-31,948,931,1,39.99,37910.52,Medium,Road
SHP003867,SUP005,PRD019,WH03,2025-11-09,2025-11-27,2025-11-30,734,731,0,89.69,65832.46,Low,Road
SHP003868,SUP002,PRD017,WH05,2025-03-27,2025-04-16,2025-04-20,774,766,2,65.15,50426.1,Medium,Rail
SHP003869,SUP002,PRD016,WH01,2024-10-15,2024-10-19,2024-10-19,237,235,3,69.28,16419.36,Low,Road
SHP003870,SUP007,PRD014,WH06,2024-05-20,2024-06-03,2024-06-04,694,682,4,92.35,64090.9,Medium,Road
SHP003871,SUP017,PRD016,WH05,2024-03-24,2024-03-27,2024-03-30,157,157,4,127.67,20044.19,Low,Sea
SHP003872,SUP010,PRD011,WH04,2025-11-24,2025-12-11,2025-12-12,162,160,1,2.35,380.7,Low,Rail
SHP003873,SUP012,PRD004,WH06,2025-01-25,2025-02-07,2025-02-05,708,696,12,6.76,4786.08,High,Rail
SHP003874,SUP002,PRD016,WH03,2025-08-13,2025-08-27,2025-09-02,609,605,14,80.41,48969.69,High,Rail
SHP003875,SUP010,PRD025,WH03,2024-08-02,2024-08-15,2024-08-16,873,873,0,109.39,95497.47,Medium,Road
SHP003876,SUP020,PRD007,WH03,2025-06-09,2025-06-26,2025-06-25,841,836,24,58.5,49198.5,Medium,Rail
SHP003877,SUP001,PRD011,WH03,2024-08-02,2024-08-09,2024-08-08,222,221,4,115.88,25725.36,Medium,Rail
SHP003878,SUP004,PRD017,WH06,2025-02-06,2025-02-18,2025-02-22,607,607,14,9.98,6057.86,Medium,Road
SHP003879,SUP013,PRD017,WH03,2024-05-07,2024-05-17,2024-05-19,408,401,8,11.59,4728.72,Low,Rail
SHP003880,SUP012,PRD009,WH06,2025-04-21,2025-05-03,2025-05-04,462,454,16,146.52,67692.24,High,Sea
SHP003881,SUP011,PRD011,WH01,2025-02-07,2025-02-24,2025-02-26,80,80,1,28.57,2285.6,Medium,Road
SHP003882,SUP010,PRD023,WH05,2024-01-29,2024-02-04,2024-02-06,711,698,0,80.94,57548.34,Medium,Rail
SHP003883,SUP015,PRD019,WH04,2024-12-03,2024-12-21,2024-12-25,396,396,9,57.47,22758.12,Low,Road
SHP003884,SUP005,PRD019,WH02,2024-12-26,2025-01-09,2025-01-09,180,180,1,128.89,23200.2,High,Road
SHP003885,SUP017,PRD025,WH05,2025-07-22,2025-08-07,2025-08-12,66,66,1,58.86,3884.76,Low,Rail
SHP003886,SUP005,PRD025,WH04,2025-01-26,2025-02-08,2025-02-09,808,795,5,113.54,91740.32,High,Road
SHP003887,SUP002,PRD008,WH03,2024-08-05,2024-08-25,2024-08-26,510,503,10,130.24,66422.4,Low,Road
SHP003888,SUP009,PRD021,WH02,2025-07-27,2025-08-02,2025-08-01,431,431,8,145.04,62512.24,Low,Rail
SHP003889,SUP006,PRD011,WH04,2025-10-30,2025-11-19,2025-11-20,550,548,3,64.21,35315.5,Low,Rail
SHP003890,SUP018,PRD015,WH01,2024-07-20,2024-07-28,2024-08-03,574,566,14,135.29,77656.46,Low,Sea
SHP003891,SUP014,PRD008,WH05,2024-01-17,2024-01-26,2024-02-02,700,698,18,140.5,98350.0,Medium,Air
SHP003892,SUP019,PRD005,WH05,2024-11-17,2024-11-23,2024-11-28,233,231,4,40.46,9427.18,Low,Road
SHP003893,SUP014,PRD022,WH02,2025-06-01,2025-06-04,2025-06-05,922,911,41,88.14,81265.08,High,Road
SHP003894,SUP008,PRD020,WH05,2025-07-23,2025-08-02,2025-08-04,730,725,2,84.73,61852.9,Medium,Road
SHP003895,SUP017,PRD001,WH01,2024-11-20,2024-12-04,2024-12-08,254,251,8,42.66,10835.64,Low,Road
SHP003896,SUP003,PRD004,WH04,2025-02-15,2025-03-07,2025-03-05,251,251,0,115.39,28962.89,Medium,Sea
SHP003897,SUP010,PRD005,WH03,2024-11-13,2024-11-21,2024-11-20,265,262,0,88.58,23473.7,Low,Road
SHP003898,SUP017,PRD017,WH04,2025-11-11,2025-12-01,2025-11-29,592,588,16,71.29,42203.68,Low,Rail
SHP003899,SUP011,PRD007,WH01,2024-03-22,2024-04-07,2024-04-08,168,166,2,34.45,5787.6,Low,Air
SHP003900,SUP008,PRD001,WH05,2025-04-18,2025-05-08,2025-05-09,378,376,3,46.95,17747.1,High,Road
SHP003901,SUP001,PRD022,WH01,2025-04-12,2025-04-21,2025-04-22,558,556,0,5.56,3102.48,Medium,Sea
SHP003902,SUP013,PRD013,WH05,2025-02-28,2025-03-19,2025-03-22,375,375,9,85.77,32163.75,Medium,Road
SHP003903,SUP004,PRD011,WH02,2025-11-19,2025-11-22,2025-11-21,45,45,0,136.75,6153.75,Medium,Sea
SHP003904,SUP007,PRD017,WH06,2024-07-22,2024-08-09,2024-08-09,368,362,3,140.79,51810.72,High,Rail
SHP003905,SUP014,PRD024,WH01,2025-08-05,2025-08-09,2025-08-14,284,283,12,149.0,42316.0,Low,Road
SHP003906,SUP005,PRD005,WH02,2025-01-21,2025-01-24,2025-01-24,802,790,4,39.52,31695.04,Medium,Rail
SHP003907,SUP011,PRD009,WH06,2024-04-07,2024-04-15,2024-04-15,79,79,1,140.72,11116.88,Medium,Sea
SHP003908,SUP017,PRD009,WH04,2024-12-10,2024-12-14,2024-12-13,64,64,1,34.98,2238.72,Medium,Road
SHP003909,SUP005,PRD018,WH04,2024-07-26,2024-08-15,2024-08-15,459,456,0,45.99,21109.41,Low,Rail
SHP003910,SUP020,PRD010,WH04,2025-05-28,2025-06-14,2025-06-17,480,474,24,15.58,7478.4,Low,Rail
SHP003911,SUP003,PRD022,WH04,2025-09-27,2025-10-04,2025-10-08,233,233,3,146.78,34199.74,Medium,Road
SHP003912,SUP005,PRD009,WH02,2025-08-08,2025-08-13,2025-08-14,166,165,0,4.15,688.9,Low,Road
SHP003913,SUP015,PRD007,WH05,2024-06-14,2024-07-03,2024-07-09,325,325,12,45.64,14833.0,Medium,Road
SHP003914,SUP019,PRD004,WH02,2024-01-22,2024-02-04,2024-02-06,353,348,16,102.63,36228.39,Medium,Road
SHP003915,SUP016,PRD010,WH05,2024-06-02,2024-06-05,2024-06-06,15,15,0,39.86,597.9,Low,Rail
SHP003916,SUP008,PRD013,WH05,2025-03-14,2025-03-28,2025-03-28,614,606,7,84.09,51631.26,Low,Road
SHP003917,SUP013,PRD004,WH03,2024-10-21,2024-10-27,2024-10-28,463,461,15,11.45,5301.35,Low,Road
SHP003918,SUP016,PRD021,WH03,2024-08-06,2024-08-13,2024-08-12,846,842,17,100.15,84726.9,Low,Road
SHP003919,SUP003,PRD002,WH01,2025-10-30,2025-11-15,2025-11-16,474,472,8,26.36,12494.64,Medium,Air
SHP003920,SUP001,PRD007,WH01,2025-05-09,2025-05-26,2025-05-25,217,216,0,38.16,8280.72,Medium,Rail
SHP003921,SUP009,PRD014,WH01,2024-08-17,2024-09-06,2024-09-04,136,136,2,107.56,14628.16,Medium,Road
SHP003922,SUP009,PRD019,WH06,2024-01-20,2024-02-06,2024-02-08,149,148,1,80.46,11988.54,Medium,Road
SHP003923,SUP017,PRD004,WH05,2025-07-06,2025-07-20,2025-07-20,305,303,5,11.03,3364.15,Medium,Road
SHP003924,SUP002,PRD004,WH05,2024-05-27,2024-06-13,2024-06-15,469,464,13,68.25,32009.25,High,Road
SHP003925,SUP009,PRD004,WH01,2024-04-17,2024-05-02,2024-05-03,57,57,0,144.72,8249.04,Medium,Rail
SHP003926,SUP019,PRD001,WH03,2025-02-06,2025-02-25,2025-02-27,135,134,6,82.77,11173.95,Low,Sea
SHP003927,SUP013,PRD003,WH02,2025-08-18,2025-08-25,2025-08-24,105,105,2,147.78,15516.9,High,Sea
SHP003928,SUP005,PRD014,WH06,2025-04-27,2025-05-15,2025-05-20,236,236,0,99.0,23364.0,Low,Road
SHP003929,SUP009,PRD014,WH06,2025-01-01,2025-01-09,2025-01-12,495,493,11,138.05,68334.75,Medium,Air
SHP003930,SUP013,PRD011,WH01,2025-02-17,2025-03-04,2025-03-10,371,371,2,81.58,30266.18,High,Sea
SHP003931,SUP001,PRD007,WH06,2024-11-04,2024-11-09,2024-11-09,636,636,0,142.24,90464.64,High,Road
SHP003932,SUP015,PRD006,WH01,2024-05-13,2024-05-21,2024-05-30,156,155,6,131.84,20567.04,Low,Road
SHP003933,SUP004,PRD020,WH03,2024-10-09,2024-10-24,2024-10-23,471,470,0,67.16,31632.36,Low,Road
SHP003934,SUP004,PRD004,WH04,2024-03-13,2024-03-18,2024-03-19,846,833,3,44.33,37503.18,High,Sea
SHP003935,SUP020,PRD007,WH01,2025-04-25,2025-05-12,2025-05-16,583,582,27,137.67,80261.61,High,Rail
SHP003936,SUP010,PRD019,WH04,2024-12-17,2024-12-29,2024-12-29,507,502,0,49.74,25218.18,Medium,Rail
SHP003937,SUP006,PRD004,WH05,2025-07-13,2025-07-28,2025-07-26,22,22,0,28.83,634.26,High,Road
SHP003938,SUP012,PRD019,WH04,2024-11-21,2024-12-04,2024-12-08,702,698,22,34.03,23889.06,Low,Road
SHP003939,SUP020,PRD021,WH06,2025-03-18,2025-04-03,2025-04-04,939,932,29,51.58,48433.62,High,Rail
SHP003940,SUP016,PRD002,WH01,2024-04-09,2024-04-28,2024-04-27,872,859,12,71.32,62191.04,Low,Road
SHP003941,SUP003,PRD010,WH06,2024-02-28,2024-03-15,2024-03-17,946,939,7,81.59,77184.14,Medium,Road
SHP003942,SUP014,PRD016,WH03,2025-05-22,2025-06-02,2025-06-08,353,348,11,38.64,13639.92,Low,Road
SHP003943,SUP001,PRD021,WH02,2024-09-14,2024-09-21,2024-09-21,952,941,0,106.29,101188.08,Low,Sea
SHP003944,SUP010,PRD018,WH03,2025-02-16,2025-02-22,2025-02-27,715,709,0,34.02,24324.3,Low,Road
SHP003945,SUP015,PRD001,WH02,2025-03-27,2025-03-30,2025-04-01,54,54,1,107.6,5810.4,Medium,Road
SHP003946,SUP007,PRD017,WH04,2024-03-05,2024-03-10,2024-03-12,759,751,14,13.56,10292.04,Medium,Road
SHP003947,SUP004,PRD014,WH03,2025-08-17,2025-08-31,2025-09-01,364,362,9,77.97,28381.08,Medium,Rail
SHP003948,SUP014,PRD007,WH01,2024-06-02,2024-06-21,2024-06-24,475,475,16,130.2,61845.0,Medium,Road
SHP003949,SUP016,PRD001,WH03,2024-09-22,2024-10-05,2024-10-03,513,511,16,60.38,30974.94,High,Road
SHP003950,SUP014,PRD005,WH02,2024-03-19,2024-04-06,2024-04-10,765,758,28,112.41,85993.65,Medium,Road
SHP003951,SUP003,PRD022,WH05,2024-11-10,2024-11-23,2024-11-22,798,790,13,65.53,52292.94,High,Road
SHP003952,SUP017,PRD002,WH02,2025-10-23,2025-11-06,2025-11-08,32,32,1,100.72,3223.04,Medium,Rail
SHP003953,SUP014,PRD015,WH04,2025-07-13,2025-07-25,2025-07-24,708,706,28,78.98,55917.84,Low,Road
SHP003954,SUP018,PRD012,WH04,2024-09-04,2024-09-08,2024-09-08,940,924,47,50.36,47338.4,Low,Rail
SHP003955,SUP003,PRD011,WH05,2025-09-01,2025-09-20,2025-09-20,258,254,0,100.8,26006.4,Medium,Rail
SHP003956,SUP019,PRD003,WH05,2025-02-17,2025-03-04,2025-03-14,216,215,4,118.19,25529.04,Low,Rail
SHP003957,SUP003,PRD004,WH06,2024-01-25,2024-02-08,2024-02-09,98,98,2,17.59,1723.82,Low,Road
SHP003958,SUP012,PRD020,WH02,2024-10-10,2024-10-21,2024-10-24,944,927,20,94.21,88934.24,Low,Road
SHP003959,SUP005,PRD020,WH04,2025-03-24,2025-03-29,2025-03-31,979,964,0,58.01,56791.79,Medium,Sea
SHP003960,SUP010,PRD015,WH06,2024-10-27,2024-11-08,2024-11-06,668,660,3,54.24,36232.32,Medium,Sea
SHP003961,SUP009,PRD004,WH03,2024-03-08,2024-03-22,2024-03-21,116,116,0,106.81,12389.96,Medium,Rail
SHP003962,SUP001,PRD012,WH04,2024-01-07,2024-01-20,2024-01-18,450,448,9,20.67,9301.5,Medium,Rail
SHP003963,SUP013,PRD020,WH06,2024-05-16,2024-05-29,2024-06-01,779,774,9,145.32,113204.28,Medium,Rail
SHP003964,SUP003,PRD022,WH05,2024-06-12,2024-06-27,2024-06-27,296,296,2,142.4,42150.4,Medium,Sea
SHP003965,SUP019,PRD018,WH02,2024-03-23,2024-03-28,2024-04-02,175,175,7,74.12,12971.0,Medium,Sea
SHP003966,SUP011,PRD011,WH05,2025-10-11,2025-10-28,2025-10-29,962,956,17,18.29,17594.98,Low,Rail
SHP003967,SUP016,PRD005,WH02,2025-02-23,2025-03-07,2025-03-07,770,757,15,2.53,1948.1,Low,Road
SHP003968,SUP006,PRD006,WH01,2024-03-13,2024-03-21,2024-03-22,351,345,7,142.51,50021.01,High,Rail
SHP003969,SUP003,PRD015,WH03,2024-08-24,2024-08-30,2024-08-31,380,376,7,90.0,34200.0,Low,Road
SHP003970,SUP019,PRD014,WH01,2024-02-15,2024-02-29,2024-03-04,979,961,32,121.1,118556.9,High,Road
SHP003971,SUP006,PRD015,WH04,2025-09-09,2025-09-28,2025-10-01,36,36,0,126.83,4565.88,High,Air
SHP003972,SUP008,PRD023,WH04,2024-09-18,2024-10-03,2024-10-07,335,332,0,104.92,35148.2,Medium,Road
SHP003973,SUP013,PRD013,WH05,2024-06-24,2024-06-28,2024-06-27,235,233,4,136.16,31997.6,Low,Air
SHP003974,SUP012,PRD024,WH04,2024-06-14,2024-06-17,2024-06-16,806,801,15,143.37,115556.22,Low,Sea
SHP003975,SUP010,PRD001,WH04,2025-10-18,2025-10-25,2025-10-27,52,52,0,84.48,4392.96,Low,Road
SHP003976,SUP003,PRD010,WH05,2025-01-04,2025-01-08,2025-01-08,321,316,0,147.78,47437.38,Medium,Road
SHP003977,SUP004,PRD006,WH04,2024-02-23,2024-02-29,2024-02-28,958,953,11,103.93,99564.94,Medium,Road
SHP003978,SUP001,PRD016,WH01,2025-11-20,2025-11-23,2025-11-29,185,184,5,41.76,7725.6,Low,Sea
SHP003979,SUP013,PRD011,WH02,2025-02-22,2025-02-25,2025-02-26,190,189,4,71.89,13659.1,Medium,Road
SHP003980,SUP004,PRD023,WH05,2025-05-21,2025-06-06,2025-06-06,611,607,17,130.77,79900.47,Medium,Sea
SHP003981,SUP011,PRD010,WH02,2024-12-06,2024-12-20,2024-12-20,692,680,10,18.33,12684.36,Low,Sea
SHP003982,SUP019,PRD004,WH06,2024-05-06,2024-05-23,2024-05-28,99,99,3,138.18,13679.82,Medium,Sea
SHP003983,SUP011,PRD022,WH05,2025-02-12,2025-03-04,2025-03-07,246,246,5,122.75,30196.5,Medium,Road
SHP003984,SUP012,PRD005,WH03,2025-01-01,2025-01-18,2025-01-22,806,792,4,46.84,37753.04,Low,Sea
SHP003985,SUP011,PRD004,WH04,2024-09-27,2024-10-15,2024-10-15,395,392,2,10.45,4127.75,Low,Road
SHP003986,SUP006,PRD003,WH02,2025-10-05,2025-10-18,2025-10-16,669,665,0,18.42,12322.98,Low,Sea
SHP003987,SUP012,PRD019,WH04,2025-08-27,2025-09-02,2025-09-07,179,179,4,63.62,11387.98,Medium,Road
SHP003988,SUP009,PRD002,WH05,2025-01-13,2025-01-26,2025-01-28,744,744,19,116.81,86906.64,Medium,Road
SHP003989,SUP010,PRD025,WH06,2024-03-13,2024-03-24,2024-03-25,772,767,0,54.7,42228.4,Low,Road
SHP003990,SUP003,PRD005,WH04,2024-09-04,2024-09-19,2024-09-18,788,783,26,56.65,44640.2,Low,Sea
SHP003991,SUP003,PRD009,WH05,2024-02-12,2024-02-28,2024-02-26,78,78,0,101.17,7891.26,Medium,Road
SHP003992,SUP020,PRD015,WH04,2025-01-11,2025-01-18,2025-01-16,515,515,18,103.63,53369.45,Medium,Sea
SHP003993,SUP016,PRD010,WH01,2024-02-10,2024-02-21,2024-02-21,586,582,8,87.03,50999.58,High,Road
SHP003994,SUP003,PRD019,WH01,2024-06-18,2024-07-08,2024-07-06,681,679,15,129.16,87957.96,Medium,Road
SHP003995,SUP010,PRD021,WH04,2024-07-30,2024-08-02,2024-07-31,685,678,9,15.82,10836.7,Low,Air
SHP003996,SUP011,PRD021,WH01,2025-05-07,2025-05-21,2025-05-22,351,349,6,19.54,6858.54,Low,Road
SHP003997,SUP008,PRD001,WH05,2025-11-10,2025-11-30,2025-12-01,59,59,1,106.91,6307.69,Low,Rail
SHP003998,SUP006,PRD019,WH02,2024-02-08,2024-02-21,2024-02-20,233,231,0,33.63,7835.79,Medium,Sea
SHP003999,SUP020,PRD006,WH02,2025-01-03,2025-01-12,2025-01-12,434,427,18,7.47,3241.98,High,Road
SHP004000,SUP011,PRD012,WH04,2024-05-30,2024-06-17,2024-06-15,308,304,0,73.56,22656.48,Medium,Rail
SHP004001,SUP012,PRD018,WH05,2024-04-20,2024-05-05,2024-05-06,741,741,23,24.19,17924.79,High,Road
SHP004002,SUP016,PRD011,WH03,2025-04-24,2025-04-27,2025-04-28,317,312,3,31.78,10074.26,Medium,Rail
SHP004003,SUP018,PRD012,WH06,2025-03-11,2025-03-16,2025-03-18,396,394,11,63.5,25146.0,Medium,Sea
SHP004004,SUP013,PRD004,WH01,2024-02-16,2024-03-06,2024-03-07,450,445,3,116.72,52524.0,Medium,Rail
SHP004005,SUP003,PRD014,WH04,2025-07-28,2025-08-15,2025-08-13,830,829,13,70.19,58257.7,Low,Sea
SHP004006,SUP015,PRD017,WH05,2024-12-31,2025-01-09,2025-01-09,11,11,0,125.01,1375.11,Medium,Sea
SHP004007,SUP014,PRD015,WH02,2024-03-09,2024-03-28,2024-04-01,128,127,5,59.88,7664.64,Medium,Sea
SHP004008,SUP018,PRD017,WH02,2024-10-25,2024-10-30,2024-11-06,739,733,21,52.21,38583.19,Low,Rail
SHP004009,SUP014,PRD012,WH03,2024-10-22,2024-11-09,2024-11-07,593,585,26,20.11,11925.23,Medium,Road
SHP004010,SUP005,PRD001,WH01,2024-07-21,2024-08-05,2024-08-06,801,801,0,24.94,19976.94,Medium,Rail
SHP004011,SUP014,PRD006,WH01,2024-03-01,2024-03-04,2024-03-04,71,71,2,132.01,9372.71,Medium,Road
SHP004012,SUP008,PRD024,WH04,2024-11-09,2024-11-14,2024-11-13,242,239,0,114.13,27619.46,Medium,Road
SHP004013,SUP015,PRD009,WH06,2024-06-09,2024-06-21,2024-06-19,386,384,11,126.1,48674.6,Low,Road
SHP004014,SUP015,PRD012,WH01,2024-11-26,2024-12-13,2024-12-17,294,293,10,99.54,29264.76,High,Road
SHP004015,SUP019,PRD007,WH02,2025-06-11,2025-06-16,2025-06-21,478,473,15,58.79,28101.62,Medium,Rail
SHP004016,SUP020,PRD007,WH03,2024-12-03,2024-12-15,2024-12-15,699,697,10,110.1,76959.9,Low,Sea
SHP004017,SUP006,PRD020,WH02,2025-08-28,2025-09-04,2025-09-08,474,469,5,22.78,10797.72,Low,Sea
SHP004018,SUP019,PRD015,WH02,2024-10-30,2024-11-12,2024-11-17,374,370,9,53.63,20057.62,Medium,Road
SHP004019,SUP008,PRD014,WH06,2025-05-17,2025-05-27,2025-05-28,320,315,3,47.55,15216.0,Low,Road
SHP004020,SUP006,PRD020,WH06,2025-10-11,2025-10-26,2025-10-24,753,753,8,97.36,73312.08,Medium,Road
SHP004021,SUP020,PRD019,WH03,2024-12-03,2024-12-12,2024-12-16,76,76,3,149.69,11376.44,Medium,Sea
SHP004022,SUP015,PRD014,WH06,2025-07-03,2025-07-14,2025-07-18,505,498,24,108.82,54954.1,Medium,Rail
SHP004023,SUP003,PRD019,WH02,2025-09-30,2025-10-13,2025-10-17,959,947,6,55.53,53253.27,Low,Sea
SHP004024,SUP010,PRD001,WH02,2024-10-01,2024-10-10,2024-10-11,471,468,2,76.17,35876.07,High,Sea
SHP004025,SUP015,PRD010,WH02,2024-06-12,2024-06-19,2024-06-22,57,57,1,104.19,5938.83,Low,Road
SHP004026,SUP016,PRD006,WH04,2025-03-18,2025-03-31,2025-03-30,572,562,14,69.38,39685.36,Medium,Road
SHP004027,SUP017,PRD012,WH06,2024-11-14,2024-12-01,2024-11-29,67,67,1,130.71,8757.57,Medium,Road
SHP004028,SUP019,PRD023,WH05,2025-08-11,2025-08-15,2025-08-14,806,804,18,57.79,46578.74,Low,Rail
SHP004029,SUP011,PRD024,WH04,2025-05-18,2025-06-07,2025-06-05,396,392,5,45.14,17875.44,Medium,Road
SHP004030,SUP016,PRD020,WH04,2025-11-16,2025-11-26,2025-11-29,625,625,9,50.36,31475.0,Low,Road
SHP004031,SUP005,PRD022,WH01,2025-01-21,2025-01-25,2025-01-25,315,314,0,124.23,39132.45,Medium,Rail
SHP004032,SUP005,PRD002,WH05,2025-08-25,2025-08-28,2025-08-27,817,814,3,28.56,23333.52,Low,Road
SHP004033,SUP014,PRD014,WH04,2025-11-21,2025-12-08,2025-12-12,87,87,3,54.7,4758.9,Medium,Sea
SHP004034,SUP018,PRD020,WH05,2025-05-08,2025-05-16,2025-05-18,634,631,24,89.69,56863.46,Low,Air
SHP004035,SUP008,PRD005,WH01,2025-05-04,2025-05-16,2025-05-14,524,524,9,74.53,39053.72,Low,Road
SHP004036,SUP005,PRD009,WH06,2024-03-13,2024-03-22,2024-03-21,365,365,5,120.35,43927.75,Low,Road
SHP004037,SUP007,PRD005,WH04,2025-05-23,2025-06-03,2025-06-04,661,652,2,2.02,1335.22,Medium,Road
SHP004038,SUP016,PRD009,WH02,2025-01-24,2025-02-08,2025-02-12,516,513,16,136.27,70315.32,High,Road
SHP004039,SUP014,PRD012,WH03,2025-09-10,2025-09-15,2025-09-18,190,190,6,42.82,8135.8,High,Rail
SHP004040,SUP005,PRD009,WH03,2024-10-21,2024-10-27,2024-10-28,802,794,1,113.05,90666.1,Medium,Road
SHP004041,SUP009,PRD022,WH05,2025-01-03,2025-01-09,2025-01-09,131,130,2,40.21,5267.51,Medium,Rail
SHP004042,SUP004,PRD016,WH06,2025-11-24,2025-12-09,2025-12-11,893,883,9,120.28,107410.04,Medium,Road
SHP004043,SUP004,PRD013,WH03,2025-07-02,2025-07-09,2025-07-10,791,786,16,140.07,110795.37,Medium,Road
SHP004044,SUP016,PRD015,WH06,2025-10-10,2025-10-30,2025-11-02,171,171,5,51.45,8797.95,Medium,Sea
SHP004045,SUP017,PRD017,WH05,2025-07-21,2025-07-28,2025-07-30,487,480,14,125.94,61332.78,Medium,Rail
SHP004046,SUP015,PRD016,WH02,2024-07-05,2024-07-20,2024-07-18,452,450,12,50.77,22948.04,High,Sea
SHP004047,SUP004,PRD010,WH03,2025-03-20,2025-03-30,2025-04-02,601,591,11,85.89,51619.89,Low,Road
SHP004048,SUP006,PRD024,WH04,2025-07-23,2025-08-10,2025-08-10,976,965,0,12.31,12014.56,Low,Road
SHP004049,SUP016,PRD013,WH06,2024-12-28,2025-01-16,2025-01-16,573,573,15,137.63,78861.99,Medium,Sea
SHP004050,SUP004,PRD010,WH03,2024-05-02,2024-05-18,2024-05-19,697,696,11,64.95,45270.15,Medium,Road
SHP004051,SUP006,PRD007,WH06,2024-07-06,2024-07-11,2024-07-13,479,479,3,106.38,50956.02,Medium,Road
SHP004052,SUP005,PRD010,WH01,2025-11-10,2025-11-21,2025-11-22,984,975,3,128.37,126316.08,Low,Rail
SHP004053,SUP016,PRD014,WH06,2025-02-23,2025-02-27,2025-03-02,616,616,0,144.63,89092.08,Low,Road
SHP004054,SUP016,PRD009,WH02,2025-09-17,2025-09-30,2025-09-30,875,859,4,146.87,128511.25,Low,Sea
SHP004055,SUP010,PRD016,WH06,2024-09-08,2024-09-20,2024-09-19,201,198,3,145.89,29323.89,Medium,Road
SHP004056,SUP009,PRD019,WH03,2025-09-10,2025-09-24,2025-09-27,546,544,3,147.1,80316.6,High,Road
SHP004057,SUP004,PRD002,WH06,2025-07-02,2025-07-20,2025-07-23,997,988,9,98.71,98413.87,Medium,Air
SHP004058,SUP014,PRD014,WH04,2024-11-30,2024-12-07,2024-12-10,815,803,21,47.88,39022.2,Medium,Sea
SHP004059,SUP004,PRD012,WH04,2024-04-01,2024-04-21,2024-04-22,453,451,1,106.98,48461.94,Medium,Rail
SHP004060,SUP012,PRD001,WH06,2025-06-13,2025-06-22,2025-06-21,451,447,13,50.69,22861.19,High,Air
SHP004061,SUP010,PRD022,WH01,2024-03-03,2024-03-18,2024-03-22,542,541,6,110.55,59918.1,Low,Rail
SHP004062,SUP004,PRD023,WH02,2025-10-23,2025-10-26,2025-10-25,360,360,6,79.55,28638.0,High,Rail
SHP004063,SUP018,PRD018,WH01,2025-05-26,2025-06-07,2025-06-06,27,27,0,88.88,2399.76,Low,Sea
SHP004064,SUP013,PRD022,WH04,2024-05-18,2024-06-06,2024-06-06,511,510,10,66.54,34001.94,Medium,Sea
SHP004065,SUP013,PRD022,WH05,2025-11-28,2025-12-16,2025-12-16,11,11,0,50.73,558.03,Medium,Rail
SHP004066,SUP014,PRD021,WH02,2024-07-03,2024-07-13,2024-07-11,204,202,7,58.66,11966.64,High,Road
SHP004067,SUP018,PRD009,WH04,2024-07-23,2024-07-27,2024-07-30,909,908,32,30.47,27697.23,Medium,Road
SHP004068,SUP001,PRD001,WH03,2024-08-01,2024-08-07,2024-08-10,711,705,0,6.34,4507.74,High,Road
SHP004069,SUP016,PRD024,WH02,2024-09-12,2024-09-27,2024-10-01,39,39,0,105.2,4102.8,Low,Rail
SHP004070,SUP015,PRD002,WH03,2024-05-14,2024-05-23,2024-05-28,152,151,5,56.85,8641.2,Medium,Road
SHP004071,SUP005,PRD004,WH05,2025-07-26,2025-08-04,2025-08-05,749,748,1,39.65,29697.85,Medium,Road
SHP004072,SUP006,PRD024,WH04,2024-03-28,2024-04-12,2024-04-12,536,528,1,134.44,72059.84,Medium,Road
SHP004073,SUP006,PRD024,WH04,2024-07-25,2024-08-14,2024-08-13,155,153,1,141.19,21884.45,Medium,Road
SHP004074,SUP003,PRD018,WH01,2024-05-08,2024-05-15,2024-05-17,632,626,8,124.44,78646.08,Medium,Road
SHP004075,SUP016,PRD006,WH02,2024-01-03,2024-01-12,2024-01-13,14,14,0,18.35,256.9,High,Rail
SHP004076,SUP012,PRD024,WH04,2024-04-30,2024-05-11,2024-05-12,115,114,4,39.04,4489.6,Medium,Sea
SHP004077,SUP004,PRD007,WH06,2025-01-19,2025-01-22,2025-01-25,91,91,3,64.46,5865.86,High,Sea
SHP004078,SUP001,PRD015,WH03,2025-09-05,2025-09-15,2025-09-16,664,662,0,17.69,11746.16,Medium,Road
SHP004079,SUP004,PRD019,WH05,2024-02-07,2024-02-17,2024-02-16,764,754,29,40.12,30651.68,High,Road
SHP004080,SUP001,PRD005,WH03,2024-12-06,2024-12-17,2024-12-20,830,828,12,53.59,44479.7,Low,Air
SHP004081,SUP008,PRD009,WH01,2025-10-06,2025-10-22,2025-10-20,579,574,14,119.35,69103.65,High,Sea
SHP004082,SUP005,PRD025,WH05,2024-01-21,2024-02-06,2024-02-08,834,830,7,122.42,102098.28,Low,Sea
SHP004083,SUP002,PRD016,WH02,2024-08-29,2024-09-18,2024-09-16,160,158,1,41.34,6614.4,Medium,Sea
SHP004084,SUP012,PRD017,WH02,2025-03-30,2025-04-02,2025-03-31,440,436,13,61.61,27108.4,Medium,Sea
SHP004085,SUP017,PRD015,WH06,2025-09-12,2025-09-23,2025-09-21,758,746,15,22.18,16812.44,Medium,Rail
SHP004086,SUP007,PRD022,WH03,2024-10-29,2024-11-09,2024-11-08,778,767,13,6.3,4901.4,High,Road
SHP004087,SUP011,PRD015,WH06,2025-08-18,2025-08-31,2025-08-30,15,15,0,114.35,1715.25,Low,Rail
SHP004088,SUP004,PRD023,WH03,2025-08-17,2025-09-02,2025-09-01,281,279,4,112.96,31741.76,Medium,Sea
SHP004089,SUP005,PRD025,WH05,2024-03-09,2024-03-14,2024-03-19,550,544,3,101.98,56089.0,Low,Rail
SHP004090,SUP006,PRD017,WH03,2024-05-08,2024-05-12,2024-05-13,948,947,0,134.23,127250.04,Medium,Sea
SHP004091,SUP011,PRD009,WH01,2024-07-14,2024-07-18,2024-07-20,265,262,3,38.52,10207.8,Medium,Road
SHP004092,SUP001,PRD024,WH01,2024-05-19,2024-05-26,2024-05-25,884,876,7,89.8,79383.2,Medium,Road
SHP004093,SUP010,PRD009,WH01,2025-03-19,2025-03-25,2025-03-24,396,392,0,31.99,12668.04,Medium,Road
SHP004094,SUP020,PRD007,WH01,2024-10-09,2024-10-29,2024-10-28,335,331,9,3.45,1155.75,Medium,Road
SHP004095,SUP011,PRD004,WH03,2024-11-07,2024-11-10,2024-11-08,268,267,5,137.69,36900.92,Medium,Rail
SHP004096,SUP017,PRD014,WH06,2025-06-18,2025-07-04,2025-07-07,708,700,19,3.25,2301.0,High,Road
SHP004097,SUP008,PRD002,WH05,2025-10-26,2025-11-04,2025-11-06,742,738,7,101.31,75172.02,Low,Road
SHP004098,SUP013,PRD001,WH04,2024-10-03,2024-10-23,2024-10-23,223,223,3,61.49,13712.27,High,Road
SHP004099,SUP020,PRD016,WH06,2024-03-01,2024-03-08,2024-03-13,304,301,14,37.75,11476.0,Medium,Road
SHP004100,SUP018,PRD019,WH06,2024-11-14,2024-11-29,2024-12-03,173,173,3,58.58,10134.34,Low,Rail
SHP004101,SUP016,PRD003,WH01,2024-02-21,2024-02-26,2024-02-25,568,565,16,37.51,21305.68,Low,Rail
SHP004102,SUP002,PRD024,WH04,2024-06-01,2024-06-10,2024-06-11,415,410,5,2.68,1112.2,Medium,Road
SHP004103,SUP005,PRD018,WH03,2024-11-06,2024-11-21,2024-11-19,640,636,1,5.23,3347.2,Medium,Sea
SHP004104,SUP018,PRD003,WH04,2025-06-27,2025-07-04,2025-07-02,282,278,9,124.62,35142.84,Low,Sea
SHP004105,SUP003,PRD003,WH03,2025-07-20,2025-07-24,2025-07-25,452,450,7,47.16,21316.32,High,Road
SHP004106,SUP017,PRD015,WH04,2025-01-23,2025-02-02,2025-02-04,334,331,4,5.47,1826.98,Low,Road
SHP004107,SUP016,PRD016,WH04,2025-07-01,2025-07-11,2025-07-11,996,987,7,87.63,87279.48,Medium,Rail
SHP004108,SUP006,PRD001,WH03,2025-09-13,2025-09-22,2025-09-21,261,261,2,17.84,4656.24,Medium,Road
SHP004109,SUP019,PRD025,WH05,2024-06-25,2024-07-14,2024-07-17,118,117,2,39.6,4672.8,Medium,Road
SHP004110,SUP007,PRD020,WH05,2024-12-27,2025-01-11,2025-01-09,417,411,7,39.31,16392.27,Low,Sea
SHP004111,SUP018,PRD015,WH02,2024-11-09,2024-11-25,2024-11-26,614,607,6,78.08,47941.12,High,Rail
SHP004112,SUP014,PRD001,WH06,2024-04-06,2024-04-25,2024-04-25,480,475,8,96.35,46248.0,Medium,Road
SHP004113,SUP006,PRD005,WH02,2024-07-31,2024-08-17,2024-08-17,985,974,0,121.72,119894.2,Medium,Road
SHP004114,SUP008,PRD014,WH03,2024-05-16,2024-05-26,2024-05-27,308,306,3,94.64,29149.12,Medium,Rail
SHP004115,SUP015,PRD025,WH06,2024-01-06,2024-01-22,2024-01-24,579,575,22,133.31,77186.49,Medium,Road
SHP004116,SUP015,PRD020,WH05,2024-04-18,2024-04-29,2024-05-04,75,75,2,35.44,2658.0,Medium,Road
SHP004117,SUP015,PRD024,WH06,2025-06-30,2025-07-14,2025-07-12,418,418,11,62.62,26175.16,Low,Road
SHP004118,SUP016,PRD006,WH02,2024-02-08,2024-02-26,2024-02-27,720,712,22,63.71,45871.2,Medium,Road
SHP004119,SUP001,PRD012,WH05,2025-10-23,2025-11-10,2025-11-08,705,701,22,124.4,87702.0,Medium,Rail
SHP004120,SUP011,PRD019,WH01,2025-02-28,2025-03-11,2025-03-11,538,532,7,123.62,66507.56,High,Road
SHP004121,SUP005,PRD007,WH02,2025-09-21,2025-10-07,2025-10-09,191,190,2,71.83,13719.53,Medium,Rail
SHP004122,SUP005,PRD003,WH06,2024-09-17,2024-10-02,2024-10-02,11,11,0,143.39,1577.29,Low,Road
SHP004123,SUP006,PRD022,WH04,2025-03-01,2025-03-08,2025-03-11,536,532,14,76.5,41004.0,Medium,Road
SHP004124,SUP002,PRD016,WH02,2024-03-27,2024-04-16,2024-04-16,758,749,28,130.54,98949.32,High,Air
SHP004125,SUP006,PRD020,WH02,2025-04-09,2025-04-18,2025-04-18,267,264,0,19.03,5081.01,Medium,Air
SHP004126,SUP014,PRD021,WH04,2024-03-16,2024-03-21,2024-03-19,607,597,9,110.74,67219.18,High,Road
SHP004127,SUP011,PRD020,WH06,2025-04-15,2025-04-27,2025-05-02,87,87,1,65.35,5685.45,High,Road
SHP004128,SUP004,PRD001,WH02,2025-02-17,2025-02-20,2025-02-25,761,759,16,42.91,32654.51,Medium,Road
SHP004129,SUP009,PRD025,WH02,2025-04-01,2025-04-13,2025-04-17,948,935,19,114.49,108536.52,Low,Sea
SHP004130,SUP003,PRD002,WH05,2024-10-11,2024-10-30,2024-11-03,315,313,6,53.11,16729.65,High,Road
SHP004131,SUP016,PRD014,WH04,2024-08-26,2024-08-30,2024-08-28,183,183,0,69.85,12782.55,Low,Road
SHP004132,SUP011,PRD015,WH03,2025-11-07,2025-11-26,2025-11-27,514,505,1,120.05,61705.7,Low,Road
SHP004133,SUP004,PRD004,WH04,2025-08-21,2025-08-31,2025-09-01,668,668,7,5.95,3974.6,High,Road
SHP004134,SUP001,PRD004,WH03,2025-10-14,2025-10-30,2025-10-31,958,941,0,128.92,123505.36,Low,Sea
SHP004135,SUP016,PRD004,WH03,2025-11-02,2025-11-16,2025-11-17,875,871,25,76.62,67042.5,High,Rail
SHP004136,SUP019,PRD020,WH03,2025-07-11,2025-07-15,2025-07-15,265,261,10,129.8,34397.0,Medium,Rail
SHP004137,SUP016,PRD007,WH06,2025-01-06,2025-01-24,2025-01-25,347,343,3,64.75,22468.25,Low,Road
SHP004138,SUP011,PRD015,WH01,2025-05-09,2025-05-12,2025-05-14,502,497,5,53.71,26962.42,Medium,Road
SHP004139,SUP008,PRD012,WH03,2025-09-15,2025-10-05,2025-10-08,116,115,1,44.84,5201.44,Medium,Road
SHP004140,SUP001,PRD020,WH04,2024-02-14,2024-02-22,2024-02-20,472,472,4,133.86,63181.92,High,Road
SHP004141,SUP009,PRD018,WH02,2025-02-04,2025-02-21,2025-02-23,680,674,12,22.63,15388.4,Low,Rail
SHP004142,SUP012,PRD017,WH05,2024-09-03,2024-09-15,2024-09-18,631,622,13,58.77,37083.87,Medium,Rail
SHP004143,SUP008,PRD012,WH06,2025-09-07,2025-09-13,2025-09-16,232,229,2,76.11,17657.52,High,Road
SHP004144,SUP017,PRD016,WH03,2025-08-19,2025-08-27,2025-08-30,774,763,14,53.08,41083.92,Medium,Sea
SHP004145,SUP010,PRD022,WH02,2025-03-25,2025-04-09,2025-04-10,721,712,0,62.2,44846.2,Low,Sea
SHP004146,SUP007,PRD012,WH06,2025-04-29,2025-05-14,2025-05-17,963,952,31,126.61,121925.43,High,Rail
SHP004147,SUP019,PRD008,WH02,2025-10-07,2025-10-22,2025-10-21,153,152,5,98.91,15133.23,Low,Road
SHP004148,SUP006,PRD006,WH03,2025-09-11,2025-09-17,2025-09-19,727,718,1,113.85,82768.95,Low,Road
SHP004149,SUP019,PRD013,WH03,2024-01-18,2024-01-22,2024-01-22,759,759,10,27.65,20986.35,Low,Road
SHP004150,SUP018,PRD005,WH06,2025-08-28,2025-09-12,2025-09-16,815,807,33,66.54,54230.1,Medium,Road
SHP004151,SUP015,PRD013,WH03,2025-10-23,2025-10-27,2025-11-03,301,300,11,80.58,24254.58,Low,Road
SHP004152,SUP002,PRD019,WH01,2024-10-15,2024-10-29,2024-10-29,141,141,3,117.5,16567.5,Medium,Sea
SHP004153,SUP014,PRD008,WH01,2025-02-17,2025-03-03,2025-03-07,943,940,42,7.57,7138.51,Medium,Road
SHP004154,SUP010,PRD007,WH06,2025-09-29,2025-10-18,2025-10-20,480,476,4,41.26,19804.8,Medium,Rail
SHP004155,SUP016,PRD003,WH03,2024-08-22,2024-08-30,2024-09-01,680,675,22,30.32,20617.6,Medium,Road
SHP004156,SUP007,PRD009,WH03,2025-02-19,2025-03-05,2025-03-07,918,917,2,27.93,25639.74,Low,Road
SHP004157,SUP008,PRD017,WH02,2025-05-13,2025-05-20,2025-05-19,995,992,25,7.99,7950.05,Low,Road
SHP004158,SUP010,PRD019,WH01,2025-09-25,2025-10-07,2025-10-07,831,831,1,77.34,64269.54,Low,Road
SHP004159,SUP015,PRD020,WH03,2025-10-11,2025-10-29,2025-11-04,376,370,9,110.66,41608.16,Low,Road
SHP004160,SUP008,PRD017,WH05,2024-04-24,2024-05-03,2024-05-04,941,924,12,63.54,59791.14,Medium,Sea
SHP004161,SUP013,PRD021,WH01,2025-11-04,2025-11-19,2025-11-19,699,693,13,8.41,5878.59,Low,Road
SHP004162,SUP012,PRD008,WH01,2024-08-21,2024-09-02,2024-09-07,752,738,32,49.05,36885.6,Low,Rail
SHP004163,SUP008,PRD009,WH02,2025-06-23,2025-07-07,2025-07-09,491,483,0,148.02,72677.82,Low,Rail
SHP004164,SUP015,PRD002,WH04,2024-01-11,2024-01-17,2024-01-20,643,633,26,47.94,30825.42,Medium,Rail
SHP004165,SUP012,PRD001,WH02,2024-07-24,2024-08-01,2024-08-07,273,270,8,65.62,17914.26,Medium,Rail
SHP004166,SUP011,PRD007,WH02,2025-11-09,2025-11-12,2025-11-12,982,967,18,74.27,72933.14,Low,Road
SHP004167,SUP019,PRD008,WH05,2024-09-03,2024-09-16,2024-09-15,115,114,5,57.42,6603.3,Low,Sea
SHP004168,SUP014,PRD020,WH03,2025-07-12,2025-07-24,2025-07-26,85,85,3,44.63,3793.55,Medium,Road
SHP004169,SUP018,PRD025,WH06,2024-05-06,2024-05-26,2024-05-31,218,216,7,110.87,24169.66,Medium,Road
SHP004170,SUP013,PRD006,WH01,2024-05-26,2024-06-14,2024-06-16,845,843,31,143.37,121147.65,High,Sea
SHP004171,SUP004,PRD022,WH05,2024-04-27,2024-05-07,2024-05-08,513,512,11,99.24,50910.12,Medium,Rail
SHP004172,SUP017,PRD025,WH05,2025-01-16,2025-01-25,2025-01-27,954,942,19,33.53,31987.62,Low,Road
SHP004173,SUP019,PRD012,WH04,2025-02-15,2025-02-22,2025-02-23,408,405,13,25.49,10399.92,Low,Road
SHP004174,SUP009,PRD004,WH02,2025-10-25,2025-11-01,2025-10-30,821,820,9,65.82,54038.22,Medium,Road
SHP004175,SUP007,PRD022,WH03,2025-08-06,2025-08-09,2025-08-07,841,829,1,126.16,106100.56,Medium,Road
SHP004176,SUP001,PRD006,WH01,2024-12-28,2025-01-03,2025-01-01,330,328,3,63.15,20839.5,Medium,Sea
SHP004177,SUP007,PRD018,WH01,2025-05-23,2025-06-11,2025-06-09,780,776,2,6.76,5272.8,High,Road
SHP004178,SUP007,PRD024,WH06,2024-05-16,2024-05-24,2024-05-27,341,341,0,121.02,41267.82,Low,Sea
SHP004179,SUP020,PRD021,WH06,2024-06-23,2024-07-01,2024-06-30,920,908,38,95.19,87574.8,Low,Sea
SHP004180,SUP007,PRD011,WH01,2024-10-15,2024-10-28,2024-10-29,901,897,27,13.68,12325.68,High,Sea
SHP004181,SUP008,PRD010,WH03,2025-04-25,2025-05-03,2025-05-04,775,761,16,31.45,24373.75,Low,Road
SHP004182,SUP016,PRD015,WH06,2024-01-19,2024-01-22,2024-01-25,730,726,18,40.28,29404.4,Medium,Rail
SHP004183,SUP003,PRD009,WH04,2024-07-13,2024-07-29,2024-07-30,182,180,3,50.15,9127.3,Medium,Sea
SHP004184,SUP013,PRD019,WH06,2024-11-25,2024-12-15,2024-12-16,526,518,8,85.07,44746.82,Medium,Rail
SHP004185,SUP010,PRD001,WH05,2024-06-23,2024-07-02,2024-07-05,881,877,0,30.55,26914.55,Medium,Road
SHP004186,SUP018,PRD003,WH02,2025-03-24,2025-03-31,2025-04-05,240,238,6,68.17,16360.8,Low,Rail
SHP004187,SUP007,PRD021,WH04,2024-12-19,2025-01-06,2025-01-08,706,704,11,134.66,95069.96,Medium,Road
SHP004188,SUP005,PRD020,WH02,2025-05-13,2025-05-27,2025-05-27,926,919,0,68.28,63227.28,High,Rail
SHP004189,SUP007,PRD011,WH04,2024-05-20,2024-06-03,2024-06-04,836,821,9,37.09,31007.24,Low,Road
SHP004190,SUP017,PRD015,WH05,2024-04-02,2024-04-19,2024-04-21,671,667,18,57.42,38528.82,Low,Road
SHP004191,SUP004,PRD007,WH01,2024-08-26,2024-09-03,2024-09-05,648,640,9,60.43,39158.64,Medium,Sea
SHP004192,SUP016,PRD011,WH03,2024-07-23,2024-08-04,2024-08-06,221,219,4,85.73,18946.33,Medium,Road
SHP004193,SUP019,PRD006,WH01,2025-07-13,2025-07-25,2025-07-29,93,93,3,30.43,2829.99,Medium,Road
SHP004194,SUP010,PRD024,WH01,2025-03-08,2025-03-12,2025-03-13,773,770,0,79.54,61484.42,Medium,Sea
SHP004195,SUP003,PRD008,WH04,2024-09-01,2024-09-08,2024-09-08,81,81,1,52.3,4236.3,Low,Rail
SHP004196,SUP003,PRD004,WH01,2024-11-12,2024-11-16,2024-11-14,25,25,0,55.61,1390.25,Medium,Road
SHP004197,SUP017,PRD013,WH03,2024-10-21,2024-10-29,2024-11-02,386,382,10,67.1,25900.6,Medium,Rail
SHP004198,SUP010,PRD019,WH05,2025-10-01,2025-10-13,2025-10-14,352,350,4,53.43,18807.36,Medium,Road
SHP004199,SUP017,PRD023,WH03,2024-10-08,2024-10-22,2024-10-20,524,519,18,125.47,65746.28,High,Rail
SHP004200,SUP017,PRD025,WH02,2024-01-17,2024-01-20,2024-01-19,295,292,8,105.64,31163.8,Medium,Road
SHP004201,SUP004,PRD025,WH02,2024-03-11,2024-03-26,2024-03-27,811,809,17,127.82,103662.02,Low,Road
SHP004202,SUP006,PRD019,WH01,2024-09-25,2024-09-29,2024-09-28,808,796,18,84.22,68049.76,Medium,Rail
SHP004203,SUP012,PRD011,WH04,2024-11-20,2024-12-03,2024-12-06,147,146,4,58.94,8664.18,Medium,Sea
SHP004204,SUP020,PRD006,WH01,2024-10-31,2024-11-16,2024-11-20,129,128,4,121.84,15717.36,High,Road
SHP004205,SUP017,PRD018,WH05,2025-03-26,2025-04-03,2025-04-04,733,729,21,114.04,83591.32,Medium,Road
SHP004206,SUP017,PRD020,WH06,2024-01-07,2024-01-18,2024-01-21,441,438,9,32.72,14429.52,Low,Road
SHP004207,SUP010,PRD004,WH05,2024-11-09,2024-11-22,2024-11-21,594,584,3,27.98,16620.12,Low,Road
SHP004208,SUP007,PRD012,WH01,2024-04-12,2024-04-30,2024-04-30,913,905,3,126.49,115485.37,Medium,Sea
SHP004209,SUP016,PRD003,WH04,2024-07-11,2024-07-25,2024-07-23,389,389,1,67.94,26428.66,Low,Road
SHP004210,SUP013,PRD015,WH04,2025-07-27,2025-08-10,2025-08-09,658,653,17,101.11,66530.38,Low,Road
SHP004211,SUP003,PRD024,WH04,2025-06-12,2025-06-21,2025-06-21,877,876,31,10.74,9418.98,High,Sea
SHP004212,SUP002,PRD015,WH05,2024-06-19,2024-06-28,2024-07-05,787,774,7,44.04,34659.48,Low,Road
SHP004213,SUP016,PRD020,WH05,2025-06-20,2025-07-08,2025-07-10,981,971,2,121.39,119083.59,High,Road
SHP004214,SUP006,PRD015,WH02,2024-09-07,2024-09-11,2024-09-12,925,916,0,138.8,128390.0,Low,Rail
SHP004215,SUP006,PRD017,WH05,2025-01-21,2025-02-08,2025-02-08,557,550,10,60.24,33553.68,High,Sea
SHP004216,SUP013,PRD016,WH02,2024-07-25,2024-07-29,2024-07-29,763,753,18,55.23,42140.49,Low,Air
SHP004217,SUP007,PRD004,WH01,2025-06-24,2025-07-08,2025-07-06,716,712,10,21.19,15172.04,Medium,Air
SHP004218,SUP005,PRD019,WH01,2025-09-20,2025-10-06,2025-10-05,435,434,2,103.21,44896.35,Medium,Air
SHP004219,SUP007,PRD021,WH03,2025-02-19,2025-03-03,2025-03-03,662,656,4,141.19,93467.78,Medium,Road
SHP004220,SUP002,PRD012,WH02,2025-01-14,2025-01-31,2025-01-31,782,779,22,11.16,8727.12,Medium,Sea
SHP004221,SUP017,PRD019,WH05,2024-05-23,2024-06-11,2024-06-13,507,507,6,51.88,26303.16,Medium,Sea
SHP004222,SUP013,PRD021,WH05,2024-01-25,2024-02-09,2024-02-11,531,527,6,100.45,53338.95,Medium,Road
SHP004223,SUP016,PRD012,WH04,2025-10-29,2025-11-07,2025-11-08,527,525,21,118.83,62623.41,Medium,Road
SHP004224,SUP020,PRD007,WH06,2024-03-13,2024-03-30,2024-03-28,819,809,38,144.48,118329.12,Low,Sea
SHP004225,SUP002,PRD001,WH01,2025-09-23,2025-09-30,2025-09-29,334,332,12,123.37,41205.58,High,Rail
SHP004226,SUP005,PRD012,WH03,2024-04-02,2024-04-17,2024-04-15,980,965,0,8.36,8192.8,Medium,Sea
SHP004227,SUP018,PRD015,WH01,2025-05-19,2025-05-28,2025-05-30,933,928,22,109.92,102555.36,Medium,Sea
SHP004228,SUP007,PRD022,WH03,2025-08-20,2025-09-06,2025-09-04,980,972,2,86.01,84289.8,Medium,Road
SHP004229,SUP011,PRD016,WH04,2024-12-01,2024-12-21,2024-12-23,786,786,8,135.35,106385.1,Medium,Rail
SHP004230,SUP011,PRD005,WH01,2025-02-28,2025-03-20,2025-03-21,942,939,10,94.41,88934.22,Low,Sea
SHP004231,SUP017,PRD006,WH02,2025-05-13,2025-05-18,2025-05-16,816,807,1,75.43,61550.88,Low,Rail
SHP004232,SUP016,PRD010,WH04,2024-12-29,2025-01-01,2025-01-02,418,418,9,59.23,24758.14,Medium,Rail
SHP004233,SUP013,PRD005,WH05,2025-09-21,2025-10-10,2025-10-11,841,827,28,121.44,102131.04,Low,Rail
SHP004234,SUP005,PRD024,WH02,2024-07-17,2024-08-05,2024-08-07,311,310,5,113.61,35332.71,Medium,Rail
SHP004235,SUP020,PRD019,WH01,2025-02-16,2025-02-28,2025-02-28,649,640,25,114.17,74096.33,Medium,Sea
SHP004236,SUP016,PRD024,WH06,2024-12-04,2024-12-08,2024-12-06,709,696,8,11.65,8259.85,High,Road
SHP004237,SUP016,PRD015,WH02,2025-10-20,2025-10-23,2025-10-25,257,254,6,119.87,30806.59,Medium,Road
SHP004238,SUP016,PRD003,WH06,2025-03-04,2025-03-16,2025-03-16,842,836,22,108.96,91744.32,Low,Air
SHP004239,SUP014,PRD020,WH03,2024-05-18,2024-05-24,2024-05-26,714,703,16,140.33,100195.62,Medium,Road
SHP004240,SUP006,PRD022,WH02,2025-11-23,2025-11-26,2025-11-28,104,103,1,19.31,2008.24,Medium,Sea
SHP004241,SUP002,PRD005,WH06,2025-06-25,2025-07-08,2025-07-09,556,546,3,104.34,58013.04,Medium,Sea
SHP004242,SUP014,PRD024,WH04,2024-02-26,2024-03-12,2024-03-14,765,754,24,44.41,33973.65,Medium,Sea
SHP004243,SUP016,PRD001,WH06,2024-08-19,2024-09-07,2024-09-08,228,228,6,108.75,24795.0,Low,Road
SHP004244,SUP020,PRD021,WH04,2025-10-19,2025-10-23,2025-10-26,529,527,15,147.97,78276.13,High,Road
SHP004245,SUP013,PRD020,WH02,2025-03-10,2025-03-30,2025-04-02,373,369,8,90.84,33883.32,Low,Rail
SHP004246,SUP015,PRD024,WH03,2025-01-18,2025-02-05,2025-02-12,671,661,38,32.53,21827.63,Medium,Sea
SHP004247,SUP012,PRD010,WH04,2025-07-13,2025-07-21,2025-07-23,10,10,0,64.73,647.3,Medium,Road
SHP004248,SUP009,PRD013,WH04,2024-07-12,2024-07-20,2024-07-18,677,666,6,14.41,9755.57,Low,Air
SHP004249,SUP018,PRD005,WH02,2025-10-09,2025-10-17,2025-10-19,152,151,1,83.48,12688.96,Low,Road
SHP004250,SUP014,PRD023,WH02,2025-06-17,2025-06-28,2025-06-29,713,706,19,12.8,9126.4,Low,Road
SHP004251,SUP020,PRD023,WH05,2025-06-01,2025-06-07,2025-06-07,16,16,0,105.69,1691.04,Medium,Road
SHP004252,SUP004,PRD017,WH03,2024-07-03,2024-07-07,2024-07-09,106,105,2,20.37,2159.22,Medium,Air
SHP004253,SUP008,PRD001,WH06,2024-10-18,2024-10-29,2024-10-31,513,512,5,46.17,23685.21,Low,Road
SHP004254,SUP008,PRD024,WH01,2024-11-30,2024-12-08,2024-12-09,539,531,11,54.99,29639.61,Medium,Road
SHP004255,SUP016,PRD003,WH04,2024-04-25,2024-05-11,2024-05-13,545,536,12,34.81,18971.45,Medium,Road
SHP004256,SUP010,PRD023,WH02,2024-02-18,2024-03-03,2024-03-05,201,201,0,2.36,474.36,Medium,Road
SHP004257,SUP017,PRD007,WH05,2025-11-15,2025-11-22,2025-11-26,975,961,12,22.47,21908.25,Low,Road
SHP004258,SUP001,PRD001,WH06,2024-03-22,2024-03-31,2024-03-29,349,344,8,35.0,12215.0,High,Rail
SHP004259,SUP018,PRD007,WH01,2024-11-28,2024-12-18,2024-12-22,423,421,18,15.91,6729.93,Medium,Sea
SHP004260,SUP010,PRD016,WH03,2025-07-10,2025-07-24,2025-07-22,867,864,0,30.91,26798.97,Low,Sea
SHP004261,SUP004,PRD021,WH04,2024-11-30,2024-12-18,2024-12-19,377,377,8,94.36,35573.72,Low,Road
SHP004262,SUP001,PRD022,WH03,2025-06-15,2025-06-23,2025-06-25,617,617,16,110.81,68369.77,Medium,Sea
SHP004263,SUP004,PRD007,WH05,2024-08-08,2024-08-22,2024-08-20,746,746,11,137.7,102724.2,Low,Road
SHP004264,SUP004,PRD021,WH06,2025-09-26,2025-10-07,2025-10-08,461,460,8,83.8,38631.8,Low,Road
SHP004265,SUP004,PRD003,WH06,2024-11-18,2024-12-01,2024-11-29,909,897,19,92.43,84018.87,Low,Sea
SHP004266,SUP017,PRD003,WH06,2024-01-03,2024-01-22,2024-01-23,232,232,5,53.12,12323.84,Medium,Road
SHP004267,SUP009,PRD020,WH04,2025-11-24,2025-12-08,2025-12-10,866,861,7,35.28,30552.48,Medium,Rail
SHP004268,SUP019,PRD014,WH05,2024-07-24,2024-08-06,2024-08-10,99,99,4,88.62,8773.38,Medium,Road
SHP004269,SUP013,PRD012,WH04,2024-02-09,2024-02-29,2024-02-28,719,716,19,23.88,17169.72,Medium,Sea
SHP004270,SUP004,PRD022,WH01,2024-02-28,2024-03-03,2024-03-01,818,813,19,69.86,57145.48,Medium,Road
SHP004271,SUP005,PRD004,WH04,2025-07-27,2025-08-05,2025-08-06,907,904,1,86.38,78346.66,Low,Road
SHP004272,SUP013,PRD017,WH02,2025-10-05,2025-10-21,2025-10-21,83,83,4,72.87,6048.21,Medium,Road
SHP004273,SUP016,PRD019,WH06,2025-05-21,2025-05-30,2025-05-28,534,527,12,26.0,13884.0,Medium,Rail
SHP004274,SUP005,PRD010,WH03,2025-07-25,2025-08-14,2025-08-15,778,765,8,36.47,28373.66,Medium,Road
SHP004275,SUP008,PRD019,WH04,2024-05-01,2024-05-08,2024-05-06,169,168,2,142.13,24019.97,High,Road
SHP004276,SUP016,PRD014,WH02,2025-04-23,2025-04-27,2025-04-28,525,519,8,54.56,28644.0,Medium,Road
SHP004277,SUP001,PRD001,WH02,2025-09-10,2025-09-14,2025-09-12,848,839,14,92.43,78380.64,Low,Road
SHP004278,SUP006,PRD010,WH05,2024-04-05,2024-04-25,2024-04-25,985,985,0,139.77,137673.45,Low,Road
SHP004279,SUP011,PRD007,WH06,2025-02-17,2025-03-07,2025-03-10,933,917,8,61.87,57724.71,Medium,Road
SHP004280,SUP016,PRD019,WH03,2024-08-22,2024-09-04,2024-09-07,60,60,1,20.26,1215.6,Low,Road
SHP004281,SUP005,PRD017,WH04,2024-03-02,2024-03-05,2024-03-05,286,284,1,99.85,28557.1,Medium,Road
SHP004282,SUP016,PRD009,WH02,2024-09-12,2024-09-30,2024-10-01,147,146,4,96.44,14176.68,Low,Road
SHP004283,SUP007,PRD025,WH01,2025-07-14,2025-07-20,2025-07-18,980,980,12,148.72,145745.6,Low,Road
SHP004284,SUP019,PRD024,WH03,2024-12-13,2025-01-01,2025-01-02,404,397,16,90.56,36586.24,Low,Rail
SHP004285,SUP001,PRD004,WH03,2025-11-01,2025-11-11,2025-11-11,326,324,0,109.79,35791.54,Low,Sea
SHP004286,SUP009,PRD010,WH02,2024-05-03,2024-05-23,2024-05-24,234,232,2,140.09,32781.06,Low,Road
SHP004287,SUP018,PRD025,WH01,2025-04-26,2025-05-11,2025-05-10,111,111,3,71.4,7925.4,High,Sea
SHP004288,SUP013,PRD022,WH01,2024-11-12,2024-11-28,2024-11-27,562,560,5,111.04,62404.48,Medium,Road
SHP004289,SUP015,PRD011,WH01,2025-05-18,2025-05-31,2025-06-09,890,887,48,14.5,12905.0,High,Road
SHP004290,SUP003,PRD025,WH06,2024-02-17,2024-02-21,2024-02-19,301,297,6,116.41,35039.41,Low,Road
SHP004291,SUP010,PRD008,WH04,2025-02-12,2025-03-04,2025-03-04,217,216,0,24.23,5257.91,Medium,Rail
SHP004292,SUP009,PRD015,WH05,2024-05-15,2024-05-29,2024-05-28,313,309,3,20.46,6403.98,Low,Road
SHP004293,SUP013,PRD015,WH05,2024-07-19,2024-08-04,2024-08-07,509,507,20,50.9,25908.1,Low,Rail
SHP004294,SUP016,PRD013,WH06,2024-09-06,2024-09-14,2024-09-14,607,607,0,30.12,18282.84,Medium,Rail
SHP004295,SUP003,PRD003,WH04,2024-11-09,2024-11-25,2024-11-23,196,194,4,126.11,24717.56,Medium,Rail
SHP004296,SUP015,PRD016,WH06,2025-01-02,2025-01-05,2025-01-06,851,848,37,56.88,48404.88,Medium,Sea
SHP004297,SUP017,PRD024,WH04,2025-03-04,2025-03-18,2025-03-19,180,178,1,91.66,16498.8,Medium,Road
SHP004298,SUP014,PRD008,WH02,2025-04-24,2025-05-14,2025-05-21,131,130,3,122.11,15996.41,Low,Road
SHP004299,SUP007,PRD003,WH02,2024-11-09,2024-11-19,2024-11-18,810,806,3,52.96,42897.6,High,Road
SHP004300,SUP020,PRD007,WH05,2025-05-14,2025-05-20,2025-05-23,307,307,5,146.1,44852.7,High,Rail
SHP004301,SUP016,PRD016,WH06,2024-12-20,2024-12-24,2024-12-23,811,800,11,79.18,64214.98,High,Road
SHP004302,SUP008,PRD003,WH06,2025-04-29,2025-05-02,2025-05-04,378,375,6,66.43,25110.54,Medium,Road
SHP004303,SUP004,PRD025,WH04,2024-07-29,2024-08-08,2024-08-13,179,179,4,36.23,6485.17,Medium,Road
SHP004304,SUP020,PRD006,WH04,2024-02-13,2024-02-24,2024-02-22,791,791,3,87.11,68904.01,High,Rail
SHP004305,SUP015,PRD009,WH03,2025-06-24,2025-07-05,2025-07-11,274,274,10,2.49,682.26,Low,Rail
SHP004306,SUP005,PRD006,WH06,2025-07-24,2025-07-29,2025-07-30,189,187,0,98.75,18663.75,Medium,Road
SHP004307,SUP013,PRD008,WH04,2025-08-05,2025-08-25,2025-08-23,932,930,10,126.64,118028.48,Low,Rail
SHP004308,SUP006,PRD019,WH06,2024-04-01,2024-04-04,2024-04-05,82,82,0,144.81,11874.42,Medium,Road
SHP004309,SUP005,PRD021,WH03,2024-09-21,2024-10-10,2024-10-11,162,160,0,101.87,16502.94,Medium,Road
SHP004310,SUP017,PRD023,WH05,2024-08-07,2024-08-22,2024-08-20,943,937,36,26.74,25215.82,Medium,Road
SHP004311,SUP007,PRD023,WH02,2025-03-17,2025-03-23,2025-03-24,814,802,12,143.8,117053.2,Medium,Sea
SHP004312,SUP006,PRD015,WH06,2025-02-04,2025-02-08,2025-02-09,575,574,11,127.72,73439.0,Low,Road
SHP004313,SUP002,PRD019,WH02,2025-02-03,2025-02-10,2025-02-14,570,564,13,70.27,40053.9,Low,Road
SHP004314,SUP011,PRD015,WH02,2025-07-29,2025-08-16,2025-08-14,213,210,3,35.53,7567.89,Low,Road
SHP004315,SUP007,PRD001,WH04,2025-05-04,2025-05-17,2025-05-17,153,151,0,25.74,3938.22,Low,Road
SHP004316,SUP008,PRD007,WH01,2025-04-29,2025-05-19,2025-05-18,998,989,19,67.52,67384.96,Low,Road
SHP004317,SUP005,PRD024,WH03,2025-04-14,2025-04-19,2025-04-17,373,368,0,73.75,27508.75,Low,Road
SHP004318,SUP018,PRD013,WH01,2025-07-27,2025-08-16,2025-08-14,350,346,9,124.34,43519.0,Low,Sea
SHP004319,SUP016,PRD021,WH05,2025-11-12,2025-12-02,2025-12-03,304,301,6,101.44,30837.76,High,Sea
SHP004320,SUP014,PRD014,WH03,2025-03-20,2025-03-27,2025-03-25,701,701,17,47.76,33479.76,Medium,Sea
SHP004321,SUP012,PRD025,WH02,2024-09-25,2024-10-01,2024-10-06,681,676,18,18.79,12795.99,High,Road
SHP004322,SUP017,PRD018,WH01,2024-09-23,2024-10-07,2024-10-05,539,533,2,112.08,60411.12,Medium,Road
SHP004323,SUP005,PRD010,WH01,2024-02-23,2024-03-01,2024-03-02,32,32,0,133.11,4259.52,Medium,Road
SHP004324,SUP014,PRD013,WH04,2025-06-11,2025-06-23,2025-06-26,223,222,10,11.59,2584.57,Medium,Road
SHP004325,SUP006,PRD008,WH04,2025-06-03,2025-06-16,2025-06-14,357,355,0,65.3,23312.1,Low,Road
SHP004326,SUP015,PRD014,WH05,2025-09-07,2025-09-20,2025-09-23,948,939,26,89.38,84732.24,Medium,Sea
SHP004327,SUP007,PRD019,WH05,2024-02-28,2024-03-02,2024-03-05,63,63,0,106.08,6683.04,Low,Rail
SHP004328,SUP014,PRD015,WH03,2024-02-09,2024-02-15,2024-02-15,96,96,2,125.16,12015.36,Medium,Road
SHP004329,SUP018,PRD024,WH01,2024-08-24,2024-09-12,2024-09-13,173,171,5,65.65,11357.45,Medium,Road
SHP004330,SUP001,PRD011,WH05,2025-01-20,2025-01-28,2025-01-28,132,132,1,45.22,5969.04,Medium,Road
SHP004331,SUP006,PRD025,WH04,2025-08-28,2025-09-11,2025-09-11,905,903,1,45.23,40933.15,High,Road
SHP004332,SUP003,PRD010,WH05,2025-10-11,2025-10-14,2025-10-12,663,658,3,8.69,5761.47,Medium,Road
SHP004333,SUP005,PRD022,WH06,2024-10-26,2024-11-10,2024-11-09,850,838,7,9.37,7964.5,Medium,Road
SHP004334,SUP012,PRD006,WH02,2025-01-29,2025-02-06,2025-02-07,172,170,4,149.31,25681.32,Medium,Road
SHP004335,SUP011,PRD021,WH02,2024-07-25,2024-08-03,2024-08-07,203,200,3,137.38,27888.14,High,Road
SHP004336,SUP013,PRD002,WH06,2024-12-01,2024-12-09,2024-12-11,785,780,20,84.95,66685.75,Low,Sea
SHP004337,SUP016,PRD006,WH05,2025-08-15,2025-09-02,2025-09-03,869,867,15,141.07,122589.83,Medium,Sea
SHP004338,SUP018,PRD012,WH06,2025-05-28,2025-06-01,2025-06-02,517,509,13,71.75,37094.75,High,Road
SHP004339,SUP017,PRD025,WH02,2024-06-26,2024-07-11,2024-07-13,68,68,1,120.19,8172.92,Medium,Road
SHP004340,SUP017,PRD013,WH03,2025-01-30,2025-02-03,2025-02-02,38,38,0,91.49,3476.62,Medium,Air
SHP004341,SUP011,PRD022,WH05,2025-01-05,2025-01-12,2025-01-11,238,235,2,129.48,30816.24,Low,Road
SHP004342,SUP020,PRD006,WH03,2025-10-19,2025-11-01,2025-11-04,582,576,21,94.24,54847.68,Low,Rail
SHP004343,SUP010,PRD011,WH04,2024-11-13,2024-11-17,2024-11-15,17,17,0,82.01,1394.17,Medium,Rail
SHP004344,SUP016,PRD020,WH02,2025-01-03,2025-01-15,2025-01-13,531,527,10,119.12,63252.72,Low,Road
SHP004345,SUP002,PRD003,WH01,2025-01-18,2025-02-01,2025-02-06,217,216,8,100.54,21817.18,High,Sea
SHP004346,SUP017,PRD006,WH04,2024-03-02,2024-03-10,2024-03-13,946,934,14,83.65,79132.9,Medium,Sea
SHP004347,SUP020,PRD024,WH02,2025-05-19,2025-05-27,2025-05-27,626,626,6,83.2,52083.2,Medium,Sea
SHP004348,SUP010,PRD021,WH06,2024-08-26,2024-09-05,2024-09-03,577,568,0,12.88,7431.76,Medium,Sea
SHP004349,SUP013,PRD002,WH06,2024-07-13,2024-08-01,2024-08-04,212,209,5,137.14,29073.68,Medium,Road
SHP004350,SUP012,PRD012,WH04,2025-11-08,2025-11-23,2025-11-27,278,275,14,63.87,17755.86,High,Sea
SHP004351,SUP015,PRD010,WH02,2024-08-09,2024-08-12,2024-08-10,611,609,33,131.76,80505.36,Medium,Sea
SHP004352,SUP007,PRD011,WH03,2024-03-01,2024-03-15,2024-03-14,427,423,3,64.74,27643.98,Low,Road
SHP004353,SUP013,PRD006,WH02,2024-05-08,2024-05-23,2024-05-28,940,926,33,89.26,83904.4,Medium,Sea
SHP004354,SUP012,PRD009,WH01,2025-11-15,2025-11-20,2025-11-23,196,196,5,132.67,26003.32,Medium,Air
SHP004355,SUP012,PRD014,WH03,2024-06-04,2024-06-23,2024-06-22,895,891,16,64.53,57754.35,Medium,Rail
SHP004356,SUP002,PRD024,WH06,2025-01-12,2025-01-17,2025-01-15,791,789,25,146.75,116079.25,Low,Road
SHP004357,SUP005,PRD019,WH04,2025-09-13,2025-09-22,2025-09-20,586,577,0,4.37,2560.82,Low,Road
SHP004358,SUP002,PRD011,WH05,2025-08-08,2025-08-15,2025-08-17,495,491,13,84.68,41916.6,Medium,Road
SHP004359,SUP020,PRD022,WH04,2025-03-12,2025-03-17,2025-03-19,481,477,5,124.4,59836.4,Low,Road
SHP004360,SUP013,PRD024,WH05,2024-07-25,2024-08-10,2024-08-13,349,347,6,60.06,20960.94,Medium,Sea
SHP004361,SUP003,PRD016,WH06,2025-01-22,2025-02-10,2025-02-09,721,718,5,11.26,8118.46,High,Road
SHP004362,SUP011,PRD013,WH05,2025-04-24,2025-05-07,2025-05-06,561,553,0,91.27,51202.47,Medium,Sea
SHP004363,SUP016,PRD019,WH03,2024-12-05,2024-12-15,2024-12-14,124,123,2,57.53,7133.72,High,Road
SHP004364,SUP001,PRD010,WH01,2024-12-05,2024-12-15,2024-12-13,31,31,0,48.65,1508.15,Medium,Road
SHP004365,SUP019,PRD012,WH06,2024-07-22,2024-07-26,2024-07-31,885,873,30,76.22,67454.7,Low,Road
SHP004366,SUP011,PRD002,WH06,2024-06-09,2024-06-23,2024-06-27,954,948,2,71.17,67896.18,High,Rail
SHP004367,SUP009,PRD012,WH06,2025-06-23,2025-07-03,2025-07-01,275,272,5,95.38,26229.5,High,Road
SHP004368,SUP014,PRD014,WH05,2025-01-26,2025-02-11,2025-02-13,95,95,3,8.54,811.3,Medium,Road
SHP004369,SUP009,PRD015,WH03,2025-11-07,2025-11-26,2025-11-26,104,104,1,80.61,8383.44,Medium,Road
SHP004370,SUP007,PRD016,WH04,2025-07-28,2025-08-08,2025-08-06,688,688,11,46.57,32040.16,Low,Road
SHP004371,SUP016,PRD016,WH04,2025-06-17,2025-07-01,2025-07-04,292,288,4,116.9,34134.8,Medium,Road
SHP004372,SUP003,PRD008,WH06,2024-03-10,2024-03-23,2024-03-21,327,325,4,83.13,27183.51,Low,Rail
SHP004373,SUP019,PRD012,WH04,2025-02-08,2025-02-22,2025-02-26,796,788,23,41.51,33041.96,Medium,Sea
SHP004374,SUP004,PRD006,WH05,2025-08-30,2025-09-10,2025-09-09,589,583,7,39.45,23236.05,Medium,Rail
SHP004375,SUP007,PRD001,WH05,2025-11-05,2025-11-10,2025-11-08,369,368,6,16.3,6014.7,Medium,Sea
SHP004376,SUP012,PRD022,WH02,2025-08-13,2025-08-27,2025-08-28,58,58,1,147.27,8541.66,Medium,Road
SHP004377,SUP018,PRD019,WH01,2025-05-31,2025-06-18,2025-06-20,66,66,1,107.53,7096.98,High,Sea
SHP004378,SUP005,PRD023,WH06,2024-04-29,2024-05-09,2024-05-09,23,23,0,86.41,1987.43,Medium,Sea
SHP004379,SUP010,PRD006,WH04,2025-11-20,2025-12-08,2025-12-08,667,664,0,19.51,13013.17,Low,Sea
SHP004380,SUP012,PRD005,WH05,2025-11-18,2025-12-05,2025-12-09,460,460,11,14.28,6568.8,Low,Rail
SHP004381,SUP008,PRD005,WH06,2024-08-04,2024-08-17,2024-08-21,688,682,8,27.84,19153.92,Medium,Rail
SHP004382,SUP019,PRD004,WH06,2024-02-25,2024-03-08,2024-03-14,276,274,9,124.59,34386.84,Medium,Sea
SHP004383,SUP015,PRD023,WH04,2024-12-31,2025-01-19,2025-01-25,441,434,14,103.77,45762.57,Medium,Sea
SHP004384,SUP001,PRD019,WH02,2025-11-29,2025-12-04,2025-12-03,773,762,19,9.06,7003.38,High,Rail
SHP004385,SUP003,PRD025,WH05,2025-05-18,2025-05-25,2025-05-27,566,556,4,97.97,55451.02,Medium,Road
SHP004386,SUP018,PRD024,WH05,2025-03-30,2025-04-04,2025-04-07,164,162,5,147.28,24153.92,Medium,Air
SHP004387,SUP018,PRD011,WH02,2024-04-13,2024-04-20,2024-04-20,538,531,12,77.38,41630.44,Medium,Road
SHP004388,SUP002,PRD004,WH02,2024-03-17,2024-03-28,2024-03-31,523,517,14,84.44,44162.12,Low,Road
SHP004389,SUP005,PRD009,WH05,2024-08-17,2024-08-25,2024-08-24,861,857,0,17.33,14921.13,Low,Road
SHP004390,SUP001,PRD003,WH01,2024-09-14,2024-09-17,2024-09-17,217,214,3,18.66,4049.22,Low,Sea
SHP004391,SUP010,PRD011,WH03,2024-09-20,2024-10-09,2024-10-08,781,772,0,138.42,108106.02,Medium,Road
SHP004392,SUP020,PRD001,WH02,2024-11-26,2024-12-11,2024-12-13,803,794,32,131.27,105409.81,Medium,Road
SHP004393,SUP010,PRD009,WH06,2024-06-30,2024-07-20,2024-07-19,414,407,0,138.36,57281.04,Medium,Road
SHP004394,SUP005,PRD004,WH03,2025-07-03,2025-07-21,2025-07-21,416,416,6,100.16,41666.56,High,Road
SHP004395,SUP018,PRD001,WH06,2025-11-18,2025-11-28,2025-11-30,215,214,4,43.39,9328.85,Medium,Road
SHP004396,SUP015,PRD019,WH02,2024-01-27,2024-02-06,2024-02-09,814,800,31,50.93,41457.02,Medium,Sea
SHP004397,SUP020,PRD009,WH03,2024-10-02,2024-10-12,2024-10-10,412,408,19,86.9,35802.8,Medium,Road
SHP004398,SUP008,PRD011,WH02,2025-10-13,2025-10-29,2025-10-28,909,897,16,57.09,51894.81,High,Sea
SHP004399,SUP017,PRD011,WH04,2024-10-25,2024-11-14,2024-11-14,333,330,8,92.58,30829.14,Low,Road
SHP004400,SUP012,PRD020,WH02,2024-03-31,2024-04-06,2024-04-08,550,541,6,133.55,73452.5,Medium,Road
SHP004401,SUP012,PRD001,WH06,2025-04-24,2025-05-04,2025-05-03,858,844,26,3.44,2951.52,Medium,Road
SHP004402,SUP001,PRD015,WH03,2025-07-26,2025-08-15,2025-08-13,210,210,1,39.21,8234.1,Medium,Road
SHP004403,SUP004,PRD020,WH01,2025-04-02,2025-04-21,2025-04-19,533,526,12,114.54,61049.82,Low,Road
SHP004404,SUP008,PRD002,WH01,2025-03-26,2025-04-11,2025-04-10,223,222,3,43.26,9646.98,Medium,Road
SHP004405,SUP001,PRD023,WH02,2024-12-30,2025-01-03,2025-01-05,901,898,15,106.16,95650.16,High,Road
SHP004406,SUP015,PRD017,WH02,2025-11-05,2025-11-09,2025-11-10,187,187,7,83.68,15648.16,High,Road
SHP004407,SUP018,PRD020,WH05,2024-12-16,2024-12-25,2024-12-26,594,591,15,67.25,39946.5,Medium,Road
SHP004408,SUP001,PRD002,WH04,2025-10-16,2025-10-30,2025-10-29,392,388,5,7.43,2912.56,Medium,Road
SHP004409,SUP011,PRD008,WH03,2025-02-03,2025-02-16,2025-02-19,306,303,6,52.66,16113.96,Low,Sea
SHP004410,SUP002,PRD012,WH01,2024-09-09,2024-09-25,2024-09-29,767,766,34,21.28,16321.76,High,Road
SHP004411,SUP001,PRD012,WH04,2025-04-03,2025-04-15,2025-04-14,202,199,2,26.9,5433.8,Low,Road
SHP004412,SUP012,PRD022,WH06,2025-11-29,2025-12-17,2025-12-20,521,520,13,125.71,65494.91,Medium,Rail
SHP004413,SUP016,PRD011,WH03,2025-05-13,2025-05-22,2025-05-20,713,704,7,87.27,62223.51,Medium,Road
SHP004414,SUP010,PRD018,WH04,2025-05-22,2025-06-06,2025-06-04,869,858,3,44.13,38348.97,Low,Sea
SHP004415,SUP018,PRD013,WH06,2024-10-30,2024-11-15,2024-11-19,56,56,1,28.95,1621.2,High,Air
SHP004416,SUP015,PRD023,WH05,2025-05-15,2025-05-23,2025-05-24,767,764,16,69.62,53398.54,Low,Rail
SHP004417,SUP017,PRD021,WH03,2025-08-20,2025-09-07,2025-09-08,60,60,1,133.7,8022.0,Low,Road
SHP004418,SUP010,PRD016,WH01,2024-06-14,2024-06-27,2024-06-29,898,891,0,68.68,61674.64,Low,Sea
SHP004419,SUP003,PRD018,WH01,2025-02-18,2025-03-04,2025-03-07,557,549,10,66.23,36890.11,High,Road
SHP004420,SUP016,PRD009,WH01,2025-04-06,2025-04-12,2025-04-13,499,495,9,101.14,50468.86,Medium,Rail
SHP004421,SUP006,PRD023,WH06,2024-04-23,2024-04-27,2024-04-26,754,745,0,64.64,48738.56,Low,Rail
SHP004422,SUP003,PRD010,WH03,2025-03-08,2025-03-26,2025-03-29,705,698,15,82.64,58261.2,Medium,Rail
SHP004423,SUP009,PRD018,WH03,2024-12-21,2025-01-01,2025-01-02,61,61,0,26.75,1631.75,Low,Rail
SHP004424,SUP011,PRD012,WH05,2025-11-25,2025-12-14,2025-12-15,356,354,9,53.43,19021.08,Medium,Road
SHP004425,SUP013,PRD019,WH02,2024-07-25,2024-08-03,2024-08-01,471,464,19,130.97,61686.87,Low,Road
SHP004426,SUP018,PRD002,WH06,2024-08-22,2024-09-09,2024-09-12,622,614,23,90.05,56011.1,High,Road
SHP004427,SUP004,PRD013,WH01,2025-03-17,2025-04-04,2025-04-04,288,286,1,91.49,26349.12,Medium,Sea
SHP004428,SUP008,PRD025,WH06,2024-12-20,2024-12-29,2024-12-28,624,613,19,78.62,49058.88,Medium,Road
SHP004429,SUP013,PRD007,WH01,2025-05-29,2025-06-10,2025-06-10,375,375,8,4.88,1830.0,Medium,Sea
SHP004430,SUP010,PRD002,WH05,2024-07-26,2024-08-04,2024-08-03,991,974,7,79.22,78507.02,Low,Sea
SHP004431,SUP002,PRD022,WH05,2024-05-04,2024-05-07,2024-05-10,385,381,8,27.89,10737.65,Medium,Sea
SHP004432,SUP008,PRD025,WH02,2024-05-17,2024-05-28,2024-05-27,520,518,18,40.82,21226.4,Low,Rail
SHP004433,SUP006,PRD008,WH06,2024-12-04,2024-12-07,2024-12-05,222,222,2,70.67,15688.74,Low,Road
SHP004434,SUP016,PRD016,WH02,2025-06-20,2025-06-27,2025-06-28,601,598,4,113.56,68249.56,Medium,Rail
SHP004435,SUP018,PRD011,WH05,2024-03-08,2024-03-18,2024-03-19,491,489,10,121.05,59435.55,Medium,Road
SHP004436,SUP017,PRD018,WH04,2025-07-26,2025-08-11,2025-08-10,811,797,14,73.84,59884.24,Low,Road
SHP004437,SUP006,PRD023,WH05,2025-06-24,2025-07-13,2025-07-12,17,17,0,50.64,860.88,Low,Air
SHP004438,SUP013,PRD013,WH05,2025-01-17,2025-02-01,2025-02-03,106,106,3,47.76,5062.56,High,Sea
SHP004439,SUP014,PRD007,WH01,2024-01-19,2024-01-30,2024-01-29,782,777,30,136.93,107079.26,High,Sea
SHP004440,SUP010,PRD016,WH05,2025-11-13,2025-11-23,2025-11-24,181,181,0,137.79,24939.99,High,Rail
SHP004441,SUP011,PRD025,WH06,2025-03-25,2025-04-10,2025-04-11,228,226,1,129.86,29608.08,Low,Road
SHP004442,SUP013,PRD015,WH03,2024-03-14,2024-03-26,2024-03-28,167,166,4,9.53,1591.51,Medium,Rail
SHP004443,SUP012,PRD002,WH02,2025-07-26,2025-08-05,2025-08-10,493,491,15,9.14,4506.02,Low,Sea
SHP004444,SUP009,PRD016,WH02,2025-10-26,2025-11-14,2025-11-13,22,22,0,73.22,1610.84,Medium,Road
SHP004445,SUP004,PRD015,WH02,2024-10-02,2024-10-15,2024-10-13,784,779,14,95.93,75209.12,Medium,Sea
SHP004446,SUP007,PRD022,WH01,2024-02-17,2024-02-21,2024-02-19,997,992,19,14.44,14396.68,Low,Road
SHP004447,SUP002,PRD010,WH06,2024-07-29,2024-08-13,2024-08-11,134,133,2,68.19,9137.46,High,Road
SHP004448,SUP007,PRD016,WH03,2025-10-12,2025-10-22,2025-10-21,143,143,0,8.34,1192.62,Medium,Rail
SHP004449,SUP009,PRD021,WH02,2025-09-13,2025-09-20,2025-09-19,905,890,2,7.43,6724.15,Low,Road
SHP004450,SUP005,PRD018,WH04,2025-11-25,2025-11-28,2025-11-26,386,380,0,83.09,32072.74,High,Rail
SHP004451,SUP015,PRD016,WH05,2025-06-23,2025-06-29,2025-07-07,785,785,23,38.47,30198.95,Medium,Air
SHP004452,SUP018,PRD001,WH03,2024-07-09,2024-07-14,2024-07-16,857,846,22,27.01,23147.57,High,Road
SHP004453,SUP004,PRD007,WH06,2024-11-10,2024-11-21,2024-11-23,538,534,13,135.85,73087.3,High,Sea
SHP004454,SUP019,PRD010,WH03,2025-07-16,2025-07-29,2025-07-28,630,629,28,122.83,77382.9,High,Air
SHP004455,SUP020,PRD019,WH04,2025-10-22,2025-11-10,2025-11-11,506,505,13,28.61,14476.66,High,Road
SHP004456,SUP007,PRD024,WH05,2025-07-15,2025-08-04,2025-08-03,482,481,1,137.39,66221.98,Low,Road
SHP004457,SUP008,PRD008,WH03,2024-04-22,2024-04-28,2024-05-03,336,331,2,90.45,30391.2,Medium,Road
SHP004458,SUP017,PRD009,WH06,2024-06-18,2024-06-29,2024-06-28,550,546,16,121.56,66858.0,Low,Road
SHP004459,SUP013,PRD006,WH06,2025-04-12,2025-04-18,2025-04-20,786,775,29,133.15,104655.9,Medium,Road
SHP004460,SUP011,PRD003,WH03,2025-11-08,2025-11-26,2025-11-27,388,382,3,50.84,19725.92,Medium,Sea
SHP004461,SUP001,PRD023,WH03,2024-01-14,2024-02-01,2024-02-04,201,200,1,142.01,28544.01,Medium,Rail
SHP004462,SUP002,PRD006,WH01,2024-10-14,2024-11-02,2024-11-03,642,640,18,103.2,66254.4,High,Road
SHP004463,SUP017,PRD004,WH04,2024-07-07,2024-07-14,2024-07-17,183,183,3,120.96,22135.68,Medium,Road
SHP004464,SUP005,PRD011,WH01,2024-06-03,2024-06-13,2024-06-14,905,890,9,31.96,28923.8,Medium,Road
SHP004465,SUP006,PRD018,WH04,2025-07-20,2025-07-29,2025-07-31,684,684,8,7.53,5150.52,Low,Road
SHP004466,SUP007,PRD004,WH04,2025-11-24,2025-11-29,2025-11-29,603,599,8,21.0,12663.0,High,Road
SHP004467,SUP015,PRD008,WH06,2025-04-15,2025-04-27,2025-05-02,590,589,18,122.05,72009.5,Low,Road
SHP004468,SUP019,PRD001,WH06,2024-03-15,2024-04-04,2024-04-11,171,169,3,6.67,1140.57,Low,Road
SHP004469,SUP016,PRD012,WH02,2024-10-03,2024-10-13,2024-10-15,326,321,4,76.39,24903.14,Low,Air
SHP004470,SUP013,PRD011,WH06,2025-10-06,2025-10-18,2025-10-17,259,257,4,14.4,3729.6,Medium,Rail
SHP004471,SUP005,PRD005,WH04,2024-12-08,2024-12-13,2024-12-14,760,746,6,37.97,28857.2,Medium,Road
SHP004472,SUP003,PRD017,WH05,2025-02-28,2025-03-20,2025-03-22,257,255,4,83.55,21472.35,Low,Sea
SHP004473,SUP003,PRD002,WH02,2025-07-24,2025-08-12,2025-08-12,92,92,1,74.53,6856.76,Low,Rail
SHP004474,SUP019,PRD015,WH04,2025-05-25,2025-06-09,2025-06-16,861,859,36,48.41,41681.01,Medium,Rail
SHP004475,SUP014,PRD019,WH06,2024-06-30,2024-07-13,2024-07-11,685,685,31,94.8,64938.0,Medium,Air
SHP004476,SUP016,PRD016,WH01,2025-04-02,2025-04-14,2025-04-15,35,35,0,99.8,3493.0,Medium,Road
SHP004477,SUP017,PRD003,WH06,2024-03-04,2024-03-24,2024-03-22,970,965,3,90.12,87416.4,High,Road
SHP004478,SUP004,PRD020,WH03,2024-09-16,2024-09-26,2024-09-25,23,23,0,16.66,383.18,High,Road
SHP004479,SUP013,PRD011,WH02,2024-07-11,2024-07-28,2024-07-28,664,664,20,81.29,53976.56,Medium,Sea
SHP004480,SUP008,PRD022,WH04,2025-10-16,2025-11-01,2025-10-30,89,89,1,145.96,12990.44,Medium,Rail
SHP004481,SUP019,PRD014,WH05,2025-09-07,2025-09-15,2025-09-15,28,28,0,115.81,3242.68,Medium,Road
SHP004482,SUP005,PRD003,WH05,2025-02-09,2025-03-01,2025-03-02,726,721,2,51.38,37301.88,Low,Sea
SHP004483,SUP002,PRD003,WH05,2024-04-02,2024-04-16,2024-04-16,891,879,17,107.47,95755.77,Medium,Road
SHP004484,SUP015,PRD019,WH05,2025-03-05,2025-03-23,2025-03-27,891,881,46,36.46,32485.86,High,Road
SHP004485,SUP002,PRD002,WH05,2025-10-15,2025-11-03,2025-11-02,714,701,0,33.28,23761.92,Medium,Road
SHP004486,SUP011,PRD002,WH02,2025-03-09,2025-03-15,2025-03-13,505,500,13,3.98,2009.9,Medium,Road
SHP004487,SUP013,PRD013,WH02,2025-02-07,2025-02-11,2025-02-12,82,82,3,144.1,11816.2,Medium,Rail
SHP004488,SUP010,PRD012,WH03,2025-03-09,2025-03-19,2025-03-17,345,343,2,125.04,43138.8,Low,Road
SHP004489,SUP003,PRD021,WH06,2024-04-21,2024-04-29,2024-04-27,963,948,31,44.74,43084.62,Medium,Rail
SHP004490,SUP005,PRD013,WH01,2025-01-09,2025-01-21,2025-01-23,462,458,1,133.71,61774.02,Medium,Rail
SHP004491,SUP003,PRD017,WH04,2024-02-28,2024-03-06,2024-03-09,500,498,8,31.32,15660.0,Medium,Rail
SHP004492,SUP006,PRD011,WH04,2024-02-12,2024-02-22,2024-02-20,307,304,0,57.2,17560.4,Low,Road
SHP004493,SUP013,PRD005,WH01,2024-07-25,2024-08-07,2024-08-10,719,707,16,107.05,76968.95,Medium,Road
SHP004494,SUP010,PRD004,WH04,2024-10-22,2024-11-09,2024-11-08,461,461,0,102.1,47068.1,High,Rail
SHP004495,SUP019,PRD002,WH04,2024-04-27,2024-05-08,2024-05-12,584,583,20,90.96,53120.64,Medium,Road
SHP004496,SUP008,PRD007,WH03,2025-06-15,2025-06-26,2025-06-24,991,985,28,17.58,17421.78,Medium,Rail
SHP004497,SUP018,PRD009,WH06,2024-08-09,2024-08-25,2024-08-31,102,101,3,25.75,2626.5,Low,Rail
SHP004498,SUP003,PRD008,WH04,2024-06-14,2024-06-23,2024-06-24,458,456,4,128.34,58779.72,Low,Sea
SHP004499,SUP017,PRD016,WH06,2025-10-04,2025-10-17,2025-10-16,163,162,6,30.8,5020.4,Medium,Rail
SHP004500,SUP008,PRD005,WH05,2024-06-04,2024-06-17,2024-06-15,952,952,11,61.34,58395.68,Medium,Road
SHP004501,SUP010,PRD009,WH01,2024-07-02,2024-07-08,2024-07-07,129,128,0,4.61,594.69,Medium,Rail
SHP004502,SUP002,PRD012,WH04,2024-03-30,2024-04-14,2024-04-17,322,322,9,72.07,23206.54,Medium,Road
SHP004503,SUP012,PRD008,WH05,2024-04-03,2024-04-22,2024-04-25,763,755,11,85.07,64908.41,Medium,Sea
SHP004504,SUP006,PRD016,WH06,2024-01-13,2024-01-24,2024-01-24,573,569,2,41.85,23980.05,Medium,Road
SHP004505,SUP002,PRD003,WH02,2025-03-13,2025-04-02,2025-04-03,648,645,11,69.29,44899.92,Low,Road
SHP004506,SUP003,PRD017,WH04,2025-06-21,2025-06-27,2025-06-29,330,326,9,119.51,39438.3,Low,Rail
SHP004507,SUP017,PRD011,WH01,2025-08-09,2025-08-13,2025-08-15,580,577,9,41.69,24180.2,Medium,Rail
SHP004508,SUP007,PRD021,WH06,2024-05-29,2024-06-03,2024-06-01,695,692,7,93.43,64933.85,Medium,Rail
SHP004509,SUP005,PRD016,WH04,2025-10-21,2025-10-30,2025-10-31,11,11,0,71.05,781.55,Low,Sea
SHP004510,SUP001,PRD002,WH01,2024-01-08,2024-01-14,2024-01-13,497,495,0,122.46,60862.62,Low,Road
SHP004511,SUP008,PRD006,WH05,2024-01-29,2024-02-13,2024-02-12,749,736,0,12.37,9265.13,Medium,Sea
SHP004512,SUP012,PRD013,WH05,2024-10-22,2024-11-01,2024-11-03,20,20,0,141.63,2832.6,High,Road
SHP004513,SUP014,PRD018,WH05,2025-10-01,2025-10-17,2025-10-18,655,649,18,7.61,4984.55,Low,Road
SHP004514,SUP016,PRD009,WH01,2024-12-05,2024-12-09,2024-12-11,656,650,13,129.21,84761.76,Low,Road
SHP004515,SUP010,PRD011,WH05,2025-09-19,2025-10-03,2025-10-03,391,386,11,23.47,9176.77,Medium,Sea
SHP004516,SUP015,PRD017,WH04,2025-03-14,2025-03-28,2025-04-01,191,190,6,129.81,24793.71,Medium,Air
SHP004517,SUP015,PRD023,WH05,2024-05-23,2024-06-08,2024-06-11,673,671,24,83.39,56121.47,Medium,Road
SHP004518,SUP010,PRD009,WH01,2025-06-02,2025-06-10,2025-06-10,382,376,1,11.63,4442.66,Medium,Rail
SHP004519,SUP007,PRD020,WH05,2024-02-14,2024-02-18,2024-02-19,788,779,16,138.07,108799.16,High,Road
SHP004520,SUP003,PRD018,WH02,2024-08-26,2024-09-11,2024-09-11,11,11,0,99.41,1093.51,Low,Rail
SHP004521,SUP002,PRD017,WH06,2024-06-03,2024-06-06,2024-06-05,54,54,1,25.55,1379.7,Medium,Sea
SHP004522,SUP006,PRD001,WH02,2024-06-29,2024-07-13,2024-07-13,601,596,0,30.52,18342.52,High,Rail
SHP004523,SUP009,PRD001,WH02,2024-08-02,2024-08-14,2024-08-15,811,806,0,125.04,101407.44,High,Rail
SHP004524,SUP010,PRD025,WH02,2024-03-28,2024-04-14,2024-04-14,206,206,0,94.54,19475.24,Low,Road
SHP004525,SUP004,PRD014,WH03,2024-09-12,2024-09-21,2024-09-22,924,920,24,68.59,63377.16,Medium,Sea
SHP004526,SUP003,PRD004,WH03,2025-05-25,2025-06-03,2025-06-06,951,950,10,133.07,126549.57,Low,Rail
SHP004527,SUP009,PRD017,WH05,2024-03-13,2024-04-02,2024-03-31,875,860,21,66.28,57995.0,Medium,Sea
SHP004528,SUP017,PRD005,WH05,2024-06-27,2024-07-11,2024-07-09,129,129,2,22.65,2921.85,Medium,Road
SHP004529,SUP014,PRD019,WH03,2024-07-30,2024-08-02,2024-08-05,359,354,11,6.59,2365.81,Low,Road
SHP004530,SUP010,PRD016,WH03,2024-08-21,2024-09-08,2024-09-10,77,77,1,107.38,8268.26,High,Road
SHP004531,SUP013,PRD016,WH04,2025-04-09,2025-04-12,2025-04-10,625,620,30,71.85,44906.25,Medium,Road
SHP004532,SUP012,PRD010,WH04,2024-08-10,2024-08-21,2024-08-25,545,544,11,28.01,15265.45,Medium,Road
SHP004533,SUP001,PRD015,WH03,2025-09-22,2025-10-12,2025-10-14,47,47,0,73.65,3461.55,Low,Road
SHP004534,SUP019,PRD018,WH04,2024-09-20,2024-10-10,2024-10-11,258,254,8,124.9,32224.2,Medium,Road
SHP004535,SUP019,PRD005,WH03,2024-07-25,2024-08-09,2024-08-14,468,468,18,8.7,4071.6,Low,Sea
SHP004536,SUP006,PRD007,WH06,2025-08-29,2025-09-06,2025-09-07,287,285,2,137.23,39385.01,Medium,Rail
SHP004537,SUP013,PRD019,WH02,2024-12-31,2025-01-04,2025-01-04,141,141,3,61.06,8609.46,Low,Rail
SHP004538,SUP019,PRD003,WH05,2024-10-02,2024-10-22,2024-10-25,442,436,15,49.9,22055.8,Medium,Sea
SHP004539,SUP013,PRD016,WH06,2025-01-14,2025-02-01,2025-01-31,513,508,11,28.8,14774.4,Low,Road
SHP004540,SUP004,PRD005,WH03,2024-11-04,2024-11-20,2024-11-19,665,663,17,40.03,26619.95,Low,Sea
SHP004541,SUP002,PRD003,WH06,2025-09-22,2025-09-26,2025-09-28,74,74,2,25.43,1881.82,Medium,Road
SHP004542,SUP015,PRD013,WH02,2024-09-24,2024-10-14,2024-10-16,572,569,9,20.47,11708.84,Medium,Rail
SHP004543,SUP012,PRD015,WH06,2024-03-04,2024-03-16,2024-03-15,535,527,16,79.63,42602.05,High,Sea
SHP004544,SUP007,PRD015,WH03,2024-12-15,2024-12-29,2024-12-27,326,325,4,64.39,20991.14,Low,Sea
SHP004545,SUP020,PRD011,WH02,2025-05-08,2025-05-24,2025-05-24,71,71,2,79.06,5613.26,High,Road
SHP004546,SUP018,PRD024,WH01,2025-06-06,2025-06-19,2025-06-22,998,991,44,120.0,119760.0,Medium,Road
SHP004547,SUP013,PRD003,WH02,2024-04-07,2024-04-18,2024-04-19,798,784,33,130.5,104139.0,Medium,Road
SHP004548,SUP017,PRD023,WH06,2024-03-11,2024-03-17,2024-03-16,968,963,18,37.64,36435.52,Medium,Road
SHP004549,SUP004,PRD016,WH04,2024-12-29,2025-01-16,2025-01-15,156,155,5,125.9,19640.4,Medium,Road
SHP004550,SUP014,PRD013,WH04,2025-07-23,2025-08-07,2025-08-05,615,613,22,18.94,11648.1,Low,Sea
SHP004551,SUP020,PRD010,WH05,2024-10-02,2024-10-22,2024-10-27,144,144,5,64.82,9334.08,High,Road
SHP004552,SUP013,PRD019,WH04,2024-02-19,2024-03-08,2024-03-06,516,515,17,25.25,13029.0,Low,Rail
SHP004553,SUP003,PRD014,WH03,2024-12-23,2025-01-01,2024-12-30,330,327,8,6.02,1986.6,Medium,Rail
SHP004554,SUP018,PRD001,WH06,2025-07-17,2025-07-22,2025-07-23,678,666,28,131.09,88879.02,Low,Rail
SHP004555,SUP014,PRD001,WH06,2025-04-29,2025-05-12,2025-05-18,905,894,25,21.92,19837.6,High,Rail
SHP004556,SUP015,PRD020,WH04,2024-03-24,2024-04-03,2024-04-10,326,322,12,146.38,47719.88,Medium,Rail
SHP004557,SUP003,PRD024,WH04,2025-09-29,2025-10-19,2025-10-22,99,99,0,64.83,6418.17,Low,Road
SHP004558,SUP001,PRD006,WH05,2025-08-06,2025-08-23,2025-08-21,503,494,2,88.1,44314.3,High,Rail
SHP004559,SUP017,PRD017,WH01,2024-10-22,2024-10-26,2024-10-29,615,611,11,54.71,33646.65,High,Sea
SHP004560,SUP003,PRD004,WH05,2024-08-23,2024-09-10,2024-09-12,19,19,0,134.0,2546.0,Medium,Rail
SHP004561,SUP014,PRD023,WH05,2024-02-25,2024-03-07,2024-03-10,893,878,44,94.6,84477.8,Medium,Road
SHP004562,SUP003,PRD005,WH03,2024-12-25,2024-12-31,2025-01-03,894,892,32,89.5,80013.0,High,Sea
SHP004563,SUP013,PRD015,WH03,2024-04-19,2024-04-25,2024-04-30,120,119,3,110.39,13246.8,Low,Road
SHP004564,SUP015,PRD017,WH01,2024-07-10,2024-07-28,2024-08-01,377,371,8,105.84,39901.68,Low,Sea
SHP004565,SUP018,PRD023,WH06,2024-04-02,2024-04-17,2024-04-20,472,465,17,127.96,60397.12,Low,Air
SHP004566,SUP014,PRD023,WH02,2025-07-21,2025-07-29,2025-08-01,858,853,11,45.86,39347.88,High,Rail
SHP004567,SUP003,PRD021,WH04,2024-02-29,2024-03-15,2024-03-21,648,639,10,124.17,80462.16,Low,Road
SHP004568,SUP019,PRD025,WH05,2025-10-11,2025-10-26,2025-10-27,550,543,17,142.12,78166.0,Low,Road
SHP004569,SUP008,PRD023,WH03,2024-02-08,2024-02-19,2024-02-20,660,648,6,12.99,8573.4,Low,Sea
SHP004570,SUP004,PRD023,WH06,2025-06-23,2025-07-07,2025-07-06,610,610,6,74.72,45579.2,Low,Sea
SHP004571,SUP004,PRD009,WH04,2024-02-18,2024-03-03,2024-03-02,727,724,9,75.59,54953.93,High,Road
SHP004572,SUP019,PRD021,WH02,2025-02-23,2025-03-08,2025-03-15,14,14,0,143.95,2015.3,Medium,Rail
SHP004573,SUP011,PRD025,WH05,2025-09-28,2025-10-07,2025-10-05,812,798,2,102.25,83027.0,Medium,Air
SHP004574,SUP001,PRD025,WH05,2024-01-13,2024-01-20,2024-01-21,694,688,10,101.21,70239.74,Medium,Road
SHP004575,SUP008,PRD016,WH01,2024-02-05,2024-02-24,2024-02-23,269,269,5,127.94,34415.86,Medium,Road
SHP004576,SUP015,PRD004,WH03,2024-04-10,2024-04-27,2024-04-28,607,604,12,144.15,87499.05,Low,Sea
SHP004577,SUP001,PRD011,WH02,2024-03-26,2024-04-04,2024-04-02,824,821,0,88.43,72866.32,Medium,Sea
SHP004578,SUP007,PRD006,WH06,2025-05-30,2025-06-19,2025-06-21,408,402,13,109.71,44761.68,Medium,Road
SHP004579,SUP020,PRD013,WH01,2024-08-10,2024-08-24,2024-08-23,651,640,13,48.2,31378.2,Medium,Rail
SHP004580,SUP020,PRD019,WH06,2024-12-03,2024-12-15,2024-12-17,115,114,1,54.55,6273.25,Medium,Road
SHP004581,SUP011,PRD017,WH03,2024-06-14,2024-06-30,2024-07-02,631,624,0,148.79,93886.49,High,Rail
SHP004582,SUP014,PRD021,WH01,2025-01-17,2025-01-21,2025-01-21,863,851,15,75.19,64888.97,High,Road
SHP004583,SUP016,PRD006,WH05,2025-01-10,2025-01-13,2025-01-13,210,208,4,2.74,575.4,Medium,Sea
SHP004584,SUP014,PRD022,WH02,2025-04-15,2025-04-18,2025-04-22,510,506,13,111.64,56936.4,Medium,Rail
SHP004585,SUP012,PRD011,WH01,2025-10-03,2025-10-20,2025-10-18,456,455,5,7.48,3410.88,High,Road
SHP004586,SUP017,PRD014,WH01,2024-01-31,2024-02-07,2024-02-11,353,351,15,117.74,41562.22,Medium,Road
SHP004587,SUP014,PRD017,WH03,2025-01-09,2025-01-23,2025-01-24,618,609,23,130.66,80747.88,Medium,Sea
SHP004588,SUP010,PRD013,WH02,2024-01-11,2024-01-20,2024-01-19,258,254,2,74.68,19267.44,Medium,Sea
SHP004589,SUP014,PRD022,WH01,2024-10-28,2024-11-13,2024-11-17,622,615,14,109.16,67897.52,Medium,Rail
SHP004590,SUP018,PRD009,WH06,2024-04-05,2024-04-25,2024-04-25,66,66,1,94.56,6240.96,Low,Rail
SHP004591,SUP009,PRD018,WH06,2024-07-08,2024-07-17,2024-07-15,719,718,12,113.67,81728.73,Medium,Road
SHP004592,SUP017,PRD023,WH01,2025-03-28,2025-04-09,2025-04-07,24,24,0,38.12,914.88,High,Sea
SHP004593,SUP006,PRD024,WH02,2024-07-10,2024-07-18,2024-07-19,852,844,0,146.18,124545.36,Medium,Sea
SHP004594,SUP008,PRD004,WH01,2025-04-30,2025-05-08,2025-05-09,775,765,6,126.03,97673.25,Low,Road
SHP004595,SUP013,PRD017,WH04,2024-09-22,2024-09-28,2024-09-29,155,153,4,25.39,3935.45,Low,Rail
SHP004596,SUP018,PRD025,WH05,2025-02-27,2025-03-18,2025-03-23,868,865,32,24.35,21135.8,Medium,Road
SHP004597,SUP005,PRD009,WH01,2024-05-07,2024-05-24,2024-05-25,793,782,12,144.69,114739.17,High,Road
SHP004598,SUP006,PRD023,WH03,2024-08-25,2024-09-12,2024-09-13,666,658,0,134.69,89703.54,High,Rail
SHP004599,SUP019,PRD020,WH02,2024-12-20,2024-12-30,2024-12-30,526,523,20,127.59,67112.34,Low,Sea
SHP004600,SUP004,PRD025,WH05,2024-04-21,2024-05-05,2024-05-03,841,834,19,24.79,20848.39,Medium,Road
SHP004601,SUP007,PRD003,WH05,2025-03-21,2025-04-07,2025-04-11,674,665,0,115.75,78015.5,High,Road
SHP004602,SUP004,PRD006,WH02,2024-12-08,2024-12-25,2024-12-23,884,870,22,26.41,23346.44,Low,Road
SHP004603,SUP011,PRD023,WH04,2024-05-24,2024-05-29,2024-05-27,979,976,5,8.03,7861.37,High,Sea
SHP004604,SUP012,PRD018,WH02,2024-03-05,2024-03-24,2024-03-23,435,428,6,42.7,18574.5,Low,Road
SHP004605,SUP014,PRD010,WH02,2024-09-03,2024-09-16,2024-09-18,899,890,36,43.06,38710.94,Low,Rail
SHP004606,SUP013,PRD024,WH05,2025-05-04,2025-05-17,2025-05-19,211,208,3,10.33,2179.63,Low,Road
SHP004607,SUP010,PRD010,WH02,2025-03-14,2025-04-02,2025-03-31,559,557,2,55.34,30935.06,Medium,Road
SHP004608,SUP018,PRD025,WH05,2024-04-15,2024-05-04,2024-05-06,967,952,31,5.62,5434.54,High,Sea
SHP004609,SUP016,PRD018,WH03,2024-06-29,2024-07-12,2024-07-13,876,875,12,117.46,102894.96,Medium,Sea
SHP004610,SUP005,PRD006,WH06,2024-07-02,2024-07-17,2024-07-17,760,756,1,63.17,48009.2,Medium,Road
SHP004611,SUP008,PRD007,WH05,2024-08-13,2024-08-21,2024-08-22,602,602,8,42.55,25615.1,High,Rail
SHP004612,SUP014,PRD021,WH02,2024-03-29,2024-04-16,2024-04-17,578,570,33,29.24,16900.72,Medium,Air
SHP004613,SUP005,PRD018,WH06,2025-11-18,2025-11-23,2025-11-23,757,754,0,148.38,112323.66,Medium,Road
SHP004614,SUP008,PRD018,WH06,2025-06-13,2025-06-24,2025-06-23,340,337,7,24.94,8479.6,High,Road
SHP004615,SUP006,PRD023,WH06,2025-01-05,2025-01-08,2025-01-08,656,649,4,8.15,5346.4,Medium,Rail
SHP004616,SUP016,PRD009,WH03,2025-02-02,2025-02-06,2025-02-07,245,244,0,10.86,2660.7,High,Rail
SHP004617,SUP004,PRD003,WH02,2024-04-15,2024-04-30,2024-04-28,49,49,0,104.91,5140.59,Medium,Road
SHP004618,SUP012,PRD016,WH05,2024-09-27,2024-10-01,2024-10-01,109,108,3,76.73,8363.57,Low,Sea
SHP004619,SUP011,PRD018,WH02,2025-05-17,2025-05-24,2025-05-23,406,399,11,129.11,52418.66,High,Rail
SHP004620,SUP003,PRD008,WH02,2025-11-09,2025-11-21,2025-11-19,590,589,12,90.12,53170.8,Low,Road
SHP004621,SUP012,PRD012,WH03,2025-06-08,2025-06-28,2025-07-01,817,810,18,39.2,32026.4,High,Road
SHP004622,SUP005,PRD019,WH06,2024-02-01,2024-02-19,2024-02-19,779,770,0,36.78,28651.62,Low,Air
SHP004623,SUP006,PRD025,WH06,2025-01-27,2025-02-14,2025-02-13,644,634,9,6.42,4134.48,Low,Road
SHP004624,SUP019,PRD025,WH02,2024-02-09,2024-02-20,2024-02-20,599,599,33,111.12,66560.88,Low,Rail
SHP004625,SUP018,PRD024,WH05,2025-10-21,2025-11-09,2025-11-12,545,536,13,16.8,9156.0,Medium,Rail
SHP004626,SUP016,PRD011,WH03,2024-08-05,2024-08-17,2024-08-16,228,225,3,6.19,1411.32,Medium,Rail
SHP004627,SUP011,PRD007,WH02,2024-03-22,2024-04-05,2024-04-04,56,56,0,105.25,5894.0,Medium,Road
SHP004628,SUP005,PRD025,WH04,2024-07-19,2024-07-27,2024-07-26,269,266,0,36.75,9885.75,Medium,Road
SHP004629,SUP009,PRD003,WH01,2025-03-22,2025-04-03,2025-04-04,684,680,0,122.39,83714.76,Medium,Rail
SHP004630,SUP003,PRD015,WH05,2025-03-03,2025-03-22,2025-03-25,197,196,1,23.17,4564.49,Medium,Road
SHP004631,SUP008,PRD016,WH02,2024-02-07,2024-02-22,2024-02-21,134,134,3,125.18,16774.12,Low,Road
SHP004632,SUP006,PRD001,WH02,2024-07-29,2024-08-17,2024-08-17,301,297,1,61.7,18571.7,Medium,Road
SHP004633,SUP004,PRD001,WH05,2025-03-19,2025-03-25,2025-03-28,556,554,14,144.86,80542.16,High,Road
SHP004634,SUP012,PRD025,WH02,2024-11-22,2024-12-05,2024-12-03,307,307,7,118.54,36391.78,High,Road
SHP004635,SUP012,PRD007,WH02,2024-08-14,2024-08-18,2024-08-19,111,110,1,146.62,16274.82,Medium,Road
SHP004636,SUP016,PRD022,WH01,2024-02-17,2024-03-05,2024-03-09,378,376,5,83.62,31608.36,Medium,Rail
SHP004637,SUP010,PRD020,WH06,2024-01-18,2024-02-07,2024-02-10,248,248,0,87.91,21801.68,Medium,Road
SHP004638,SUP014,PRD008,WH02,2025-03-14,2025-03-23,2025-03-26,480,473,3,52.59,25243.2,Medium,Road
SHP004639,SUP013,PRD025,WH01,2024-07-05,2024-07-18,2024-07-17,853,843,14,111.91,95459.23,Medium,Road
SHP004640,SUP009,PRD019,WH01,2024-12-10,2024-12-20,2024-12-19,111,111,1,18.33,2034.63,Medium,Sea
SHP004641,SUP007,PRD008,WH03,2024-08-11,2024-08-18,2024-08-16,768,755,5,110.04,84510.72,Low,Road
SHP004642,SUP012,PRD021,WH05,2025-05-02,2025-05-18,2025-05-25,232,231,1,4.68,1085.76,Medium,Road
SHP004643,SUP005,PRD014,WH01,2024-08-16,2024-08-22,2024-08-21,187,185,2,130.72,24444.64,Low,Road
SHP004644,SUP018,PRD008,WH05,2025-01-24,2025-02-08,2025-02-09,799,797,27,58.29,46573.71,Medium,Road
SHP004645,SUP004,PRD013,WH03,2025-08-11,2025-08-26,2025-08-25,388,382,6,89.65,34784.2,High,Rail
SHP004646,SUP002,PRD019,WH05,2024-07-06,2024-07-16,2024-07-14,101,100,3,134.31,13565.31,Medium,Road
SHP004647,SUP003,PRD002,WH01,2024-09-26,2024-10-11,2024-10-09,738,730,11,5.35,3948.3,Low,Air
SHP004648,SUP012,PRD002,WH03,2025-08-29,2025-09-08,2025-09-11,304,304,7,97.75,29716.0,Low,Rail
SHP004649,SUP003,PRD002,WH02,2024-11-05,2024-11-08,2024-11-06,310,305,3,58.41,18107.1,Low,Road
SHP004650,SUP004,PRD012,WH06,2024-05-11,2024-05-20,2024-05-22,109,108,3,117.04,12757.36,Medium,Rail
SHP004651,SUP006,PRD004,WH02,2025-07-04,2025-07-09,2025-07-07,565,564,1,109.48,61856.2,High,Road
SHP004652,SUP012,PRD015,WH04,2024-03-12,2024-03-17,2024-03-18,611,608,8,32.88,20089.68,Medium,Rail
SHP004653,SUP019,PRD015,WH06,2025-11-02,2025-11-19,2025-11-23,940,928,33,27.62,25962.8,High,Road
SHP004654,SUP010,PRD007,WH05,2024-07-05,2024-07-09,2024-07-08,227,227,4,104.96,23825.92,Medium,Road
SHP004655,SUP001,PRD019,WH05,2025-04-30,2025-05-20,2025-05-18,906,897,7,134.63,121974.78,High,Road
SHP004656,SUP017,PRD013,WH03,2024-07-09,2024-07-25,2024-07-26,586,582,25,52.75,30911.5,High,Sea
SHP004657,SUP016,PRD007,WH04,2025-02-25,2025-03-08,2025-03-10,882,870,25,77.14,68037.48,Medium,Sea
SHP004658,SUP009,PRD019,WH03,2024-04-29,2024-05-18,2024-05-16,151,151,2,40.77,6156.27,Medium,Sea
SHP004659,SUP009,PRD002,WH01,2024-08-07,2024-08-26,2024-08-26,369,369,11,115.05,42453.45,Medium,Road
SHP004660,SUP009,PRD021,WH04,2024-02-22,2024-03-08,2024-03-10,559,551,4,110.26,61635.34,High,Rail
SHP004661,SUP012,PRD018,WH06,2025-03-26,2025-04-10,2025-04-12,113,113,3,132.1,14927.3,Low,Road
SHP004662,SUP009,PRD015,WH02,2025-02-15,2025-02-26,2025-02-25,498,498,9,28.09,13988.82,Low,Sea
SHP004663,SUP015,PRD013,WH04,2025-10-04,2025-10-15,2025-10-14,702,695,28,71.33,50073.66,Low,Rail
SHP004664,SUP002,PRD002,WH05,2024-08-24,2024-09-02,2024-09-06,54,54,2,49.62,2679.48,Low,Sea
SHP004665,SUP011,PRD008,WH05,2025-02-09,2025-02-13,2025-02-15,607,600,9,41.43,25148.01,Low,Road
SHP004666,SUP011,PRD012,WH05,2025-08-30,2025-09-09,2025-09-07,189,189,1,67.46,12749.94,High,Road
SHP004667,SUP008,PRD008,WH05,2025-02-25,2025-02-28,2025-02-27,420,419,10,132.34,55582.8,Medium,Road
SHP004668,SUP006,PRD002,WH06,2024-09-03,2024-09-10,2024-09-10,836,821,0,112.08,93698.88,Medium,Road
SHP004669,SUP020,PRD023,WH06,2024-03-12,2024-03-18,2024-03-22,638,634,9,12.25,7815.5,High,Road
SHP004670,SUP007,PRD024,WH02,2024-07-03,2024-07-14,2024-07-14,517,511,10,29.06,15024.02,Medium,Sea
SHP004671,SUP003,PRD024,WH03,2024-01-06,2024-01-26,2024-01-25,806,801,21,34.1,27484.6,High,Road
SHP004672,SUP008,PRD025,WH03,2024-07-24,2024-08-08,2024-08-11,247,244,6,2.91,718.77,Medium,Rail
SHP004673,SUP018,PRD007,WH03,2025-06-27,2025-07-05,2025-07-06,401,394,10,45.9,18405.9,Medium,Road
SHP004674,SUP017,PRD013,WH03,2025-09-02,2025-09-17,2025-09-15,260,257,4,109.68,28516.8,Low,Road
SHP004675,SUP011,PRD015,WH02,2025-01-21,2025-01-24,2025-01-22,582,580,8,92.81,54015.42,Low,Sea
SHP004676,SUP002,PRD009,WH04,2025-11-29,2025-12-15,2025-12-13,158,156,4,41.12,6496.96,High,Sea
SHP004677,SUP019,PRD025,WH01,2024-03-16,2024-03-26,2024-04-02,163,162,5,104.93,17103.59,Medium,Road
SHP004678,SUP007,PRD017,WH01,2024-06-25,2024-07-11,2024-07-14,255,251,2,84.38,21516.9,Medium,Road
SHP004679,SUP018,PRD002,WH04,2024-12-14,2025-01-02,2024-12-31,513,513,21,52.82,27096.66,Medium,Road
SHP004680,SUP008,PRD016,WH02,2024-09-11,2024-09-24,2024-09-23,405,401,12,55.09,22311.45,Medium,Road
SHP004681,SUP014,PRD001,WH03,2024-11-03,2024-11-16,2024-11-18,360,359,13,35.54,12794.4,Medium,Sea
SHP004682,SUP007,PRD008,WH05,2024-12-10,2024-12-28,2024-12-26,205,202,0,60.48,12398.4,Low,Sea
SHP004683,SUP004,PRD006,WH02,2024-05-06,2024-05-18,2024-05-16,317,315,13,147.01,46602.17,High,Sea
SHP004684,SUP017,PRD019,WH02,2024-10-13,2024-10-20,2024-10-22,515,514,11,3.96,2039.4,Medium,Road
SHP004685,SUP005,PRD020,WH02,2025-08-18,2025-09-05,2025-09-07,357,352,0,119.82,42775.74,Medium,Sea
SHP004686,SUP012,PRD024,WH03,2025-05-01,2025-05-10,2025-05-15,256,256,8,104.38,26721.28,High,Road
SHP004687,SUP009,PRD009,WH06,2025-01-17,2025-01-29,2025-01-31,787,779,10,92.78,73017.86,Medium,Sea
SHP004688,SUP020,PRD012,WH01,2025-02-09,2025-02-19,2025-02-20,288,286,4,76.54,22043.52,Low,Sea
SHP004689,SUP013,PRD011,WH03,2025-01-22,2025-02-04,2025-02-08,744,742,4,3.88,2886.72,Low,Road
SHP004690,SUP018,PRD012,WH06,2025-06-08,2025-06-13,2025-06-16,543,536,15,57.64,31298.52,High,Sea
SHP004691,SUP020,PRD013,WH04,2025-07-10,2025-07-19,2025-07-18,141,140,3,103.47,14589.27,High,Sea
SHP004692,SUP009,PRD003,WH06,2025-09-30,2025-10-09,2025-10-11,196,194,1,48.45,9496.2,Medium,Road
SHP004693,SUP004,PRD005,WH02,2025-09-17,2025-09-21,2025-09-20,545,536,8,137.72,75057.4,Medium,Sea
SHP004694,SUP008,PRD016,WH06,2024-10-02,2024-10-07,2024-10-07,561,552,1,125.12,70192.32,Medium,Road
SHP004695,SUP001,PRD011,WH06,2025-05-14,2025-05-24,2025-05-23,320,320,7,106.91,34211.2,Medium,Road
SHP004696,SUP017,PRD008,WH05,2024-12-02,2024-12-17,2024-12-20,480,474,4,27.18,13046.4,High,Rail
SHP004697,SUP009,PRD003,WH06,2025-04-25,2025-05-01,2025-04-30,41,41,0,116.91,4793.31,High,Road
SHP004698,SUP020,PRD020,WH01,2024-09-29,2024-10-11,2024-10-14,990,975,32,40.78,40372.2,Medium,Road
SHP004699,SUP013,PRD002,WH05,2024-02-27,2024-03-11,2024-03-13,399,397,8,82.34,32853.66,Low,Road
SHP004700,SUP002,PRD013,WH06,2024-11-23,2024-12-06,2024-12-09,801,796,13,47.59,38119.59,Low,Sea
SHP004701,SUP013,PRD019,WH01,2024-04-18,2024-05-04,2024-05-04,459,455,12,66.26,30413.34,High,Sea
SHP004702,SUP009,PRD004,WH03,2024-10-05,2024-10-17,2024-10-19,189,187,4,122.41,23135.49,Medium,Sea
SHP004703,SUP020,PRD019,WH01,2025-11-16,2025-11-19,2025-11-20,310,309,7,133.38,41347.8,Medium,Road
SHP004704,SUP006,PRD001,WH06,2024-11-23,2024-12-05,2024-12-03,950,944,14,77.95,74052.5,Medium,Road
SHP004705,SUP001,PRD004,WH04,2024-11-10,2024-11-30,2024-12-01,309,306,1,65.15,20131.35,Medium,Road
SHP004706,SUP005,PRD013,WH04,2025-04-18,2025-05-05,2025-05-03,987,980,23,21.79,21506.73,Low,Road
SHP004707,SUP003,PRD004,WH03,2024-04-20,2024-04-29,2024-04-28,208,205,1,135.09,28098.72,High,Rail
SHP004708,SUP004,PRD003,WH06,2025-11-29,2025-12-04,2025-12-07,943,937,10,107.06,100957.58,Low,Road
SHP004709,SUP001,PRD014,WH05,2024-08-16,2024-08-28,2024-09-01,99,99,1,144.16,14271.84,Low,Road
SHP004710,SUP014,PRD002,WH03,2025-05-11,2025-05-31,2025-06-02,173,173,6,59.06,10217.38,High,Sea
SHP004711,SUP009,PRD001,WH05,2024-06-04,2024-06-08,2024-06-07,881,868,0,25.9,22817.9,Medium,Road
SHP004712,SUP004,PRD002,WH06,2025-04-17,2025-05-03,2025-05-02,445,439,9,99.23,44157.35,Medium,Air
SHP004713,SUP018,PRD003,WH05,2025-12-01,2025-12-20,2025-12-23,832,822,7,69.66,57957.12,High,Road
SHP004714,SUP014,PRD010,WH02,2024-09-28,2024-10-09,2024-10-13,880,871,34,133.64,117603.2,High,Road
SHP004715,SUP004,PRD004,WH01,2024-01-02,2024-01-10,2024-01-10,349,349,6,34.34,11984.66,Medium,Road
SHP004716,SUP010,PRD024,WH02,2025-05-25,2025-06-08,2025-06-07,863,861,1,12.63,10899.69,Medium,Sea
SHP004717,SUP003,PRD020,WH01,2024-10-12,2024-10-16,2024-10-19,991,986,18,14.56,14428.96,Medium,Road
SHP004718,SUP007,PRD022,WH05,2024-01-13,2024-01-27,2024-01-25,720,714,9,31.64,22780.8,Low,Road
SHP004719,SUP010,PRD011,WH02,2025-08-30,2025-09-17,2025-09-17,892,887,0,141.47,126191.24,Medium,Road
SHP004720,SUP013,PRD017,WH01,2025-05-12,2025-05-22,2025-05-20,264,260,3,88.13,23266.32,Low,Road
SHP004721,SUP004,PRD018,WH02,2024-08-25,2024-09-06,2024-09-07,896,881,13,16.14,14461.44,Medium,Road
SHP004722,SUP018,PRD011,WH01,2024-04-03,2024-04-08,2024-04-08,839,825,22,13.1,10990.9,Low,Rail
SHP004723,SUP011,PRD018,WH04,2024-12-03,2024-12-18,2024-12-21,622,612,5,94.05,58499.1,Medium,Sea
SHP004724,SUP004,PRD023,WH01,2024-06-19,2024-06-28,2024-06-28,674,672,14,40.24,27121.76,High,Sea
SHP004725,SUP014,PRD014,WH04,2025-08-28,2025-09-04,2025-09-06,831,823,19,63.93,53125.83,Medium,Sea
SHP004726,SUP018,PRD001,WH01,2025-10-22,2025-11-04,2025-11-05,443,439,14,149.26,66122.18,Medium,Road
SHP004727,SUP008,PRD001,WH02,2025-09-15,2025-09-28,2025-09-26,99,99,0,145.12,14366.88,High,Rail
SHP004728,SUP010,PRD022,WH01,2025-07-20,2025-07-27,2025-08-01,875,871,0,108.34,94797.5,Low,Road
SHP004729,SUP005,PRD008,WH04,2025-04-11,2025-04-17,2025-04-15,47,47,0,97.64,4589.08,Medium,Road
SHP004730,SUP007,PRD007,WH03,2025-09-19,2025-10-04,2025-10-04,15,15,0,138.12,2071.8,Medium,Road
SHP004731,SUP012,PRD003,WH06,2024-05-22,2024-05-28,2024-06-02,678,676,18,38.83,26326.74,Medium,Rail
SHP004732,SUP003,PRD015,WH05,2024-07-19,2024-08-05,2024-08-08,42,42,0,99.24,4168.08,Medium,Road
SHP004733,SUP004,PRD020,WH02,2024-06-28,2024-07-04,2024-07-05,81,81,1,149.32,12094.92,Low,Sea
SHP004734,SUP010,PRD019,WH03,2024-12-29,2025-01-15,2025-01-13,796,795,0,16.76,13340.96,Medium,Rail
SHP004735,SUP004,PRD015,WH04,2025-04-23,2025-04-30,2025-05-02,859,848,6,82.04,70472.36,High,Road
SHP004736,SUP015,PRD001,WH02,2025-07-18,2025-07-23,2025-07-28,671,663,20,75.19,50452.49,High,Road
SHP004737,SUP010,PRD011,WH02,2025-04-15,2025-04-22,2025-04-23,225,222,0,87.4,19665.0,Low,Rail
SHP004738,SUP016,PRD014,WH06,2025-01-18,2025-02-05,2025-02-08,442,441,14,134.57,59479.94,Low,Rail
SHP004739,SUP015,PRD011,WH01,2025-11-22,2025-12-06,2025-12-11,461,461,19,138.54,63866.94,Medium,Road
SHP004740,SUP019,PRD011,WH06,2025-02-20,2025-03-07,2025-03-09,928,928,27,47.44,44024.32,Medium,Road
SHP004741,SUP020,PRD002,WH03,2024-11-03,2024-11-10,2024-11-14,82,82,3,59.95,4915.9,Medium,Rail
SHP004742,SUP019,PRD015,WH04,2025-10-10,2025-10-21,2025-10-24,615,614,21,55.87,34360.05,Medium,Road
SHP004743,SUP018,PRD014,WH05,2025-11-24,2025-11-29,2025-12-04,437,435,15,115.76,50587.12,Medium,Rail
SHP004744,SUP012,PRD021,WH05,2025-01-01,2025-01-18,2025-01-21,216,216,5,91.72,19811.52,Medium,Sea
SHP004745,SUP016,PRD003,WH01,2024-01-01,2024-01-21,2024-01-19,937,933,21,83.32,78070.84,Low,Sea
SHP004746,SUP001,PRD005,WH02,2024-02-13,2024-02-21,2024-02-24,466,464,0,25.87,12055.42,High,Rail
SHP004747,SUP016,PRD024,WH05,2024-04-07,2024-04-12,2024-04-10,591,584,12,3.24,1914.84,Low,Rail
SHP004748,SUP002,PRD021,WH02,2024-09-21,2024-10-01,2024-10-01,192,191,6,55.69,10692.48,Medium,Rail
SHP004749,SUP015,PRD001,WH06,2024-05-19,2024-05-23,2024-05-28,133,133,3,142.7,18979.1,Medium,Road
SHP004750,SUP007,PRD004,WH04,2025-04-25,2025-05-07,2025-05-05,326,322,0,63.03,20547.78,Low,Road
SHP004751,SUP001,PRD023,WH02,2024-08-24,2024-09-04,2024-09-04,351,347,11,107.87,37862.37,High,Road
SHP004752,SUP005,PRD023,WH03,2024-03-12,2024-03-22,2024-03-20,232,230,0,73.29,17003.28,Medium,Rail
SHP004753,SUP010,PRD019,WH04,2025-10-28,2025-11-01,2025-11-01,718,711,0,120.02,86174.36,High,Sea
SHP004754,SUP004,PRD012,WH04,2024-07-08,2024-07-21,2024-07-21,670,663,4,45.37,30397.9,Low,Road
SHP004755,SUP014,PRD015,WH05,2024-09-24,2024-10-08,2024-10-07,443,441,15,18.36,8133.48,Low,Road
SHP004756,SUP013,PRD023,WH05,2024-11-16,2024-11-26,2024-11-29,999,999,20,94.17,94075.83,Low,Rail
SHP004757,SUP001,PRD025,WH06,2024-04-16,2024-04-24,2024-04-23,475,468,0,76.34,36261.5,Medium,Air
SHP004758,SUP016,PRD020,WH05,2024-08-19,2024-08-25,2024-08-25,608,604,17,20.51,12470.08,Medium,Road
SHP004759,SUP009,PRD023,WH05,2024-02-11,2024-02-25,2024-02-23,343,341,8,46.55,15966.65,Medium,Sea
SHP004760,SUP016,PRD013,WH04,2024-05-18,2024-06-06,2024-06-08,793,790,20,143.51,113803.43,Medium,Road
SHP004761,SUP019,PRD002,WH06,2025-09-06,2025-09-17,2025-09-19,611,602,28,47.76,29181.36,Medium,Sea
SHP004762,SUP015,PRD010,WH06,2025-11-13,2025-11-29,2025-12-04,19,19,0,33.72,640.68,Medium,Rail
SHP004763,SUP014,PRD015,WH06,2024-09-29,2024-10-04,2024-10-04,335,332,15,54.97,18414.95,Medium,Sea
SHP004764,SUP020,PRD011,WH01,2025-04-25,2025-05-13,2025-05-14,351,351,13,80.96,28416.96,Medium,Sea
SHP004765,SUP010,PRD004,WH01,2025-02-19,2025-03-06,2025-03-06,168,167,1,65.33,10975.44,Medium,Road
SHP004766,SUP012,PRD004,WH05,2025-05-20,2025-06-08,2025-06-12,136,135,4,21.05,2862.8,High,Road
SHP004767,SUP001,PRD023,WH02,2025-02-27,2025-03-07,2025-03-07,296,294,1,100.51,29750.96,Low,Road
SHP004768,SUP017,PRD006,WH05,2025-02-10,2025-03-01,2025-03-03,378,372,11,29.3,11075.4,Low,Road
SHP004769,SUP009,PRD020,WH05,2025-07-21,2025-07-26,2025-07-25,271,269,2,10.32,2796.72,Medium,Rail
SHP004770,SUP019,PRD025,WH01,2025-01-24,2025-02-05,2025-02-10,206,206,11,121.67,25064.02,Medium,Road
SHP004771,SUP018,PRD014,WH04,2024-12-07,2024-12-16,2024-12-23,408,407,13,106.09,43284.72,Low,Road
SHP004772,SUP007,PRD012,WH05,2025-09-05,2025-09-15,2025-09-18,729,719,3,139.35,101586.15,Medium,Rail
SHP004773,SUP009,PRD013,WH02,2025-05-07,2025-05-21,2025-05-25,475,467,15,7.62,3619.5,Medium,Road
SHP004774,SUP012,PRD012,WH06,2024-07-10,2024-07-17,2024-07-18,317,317,10,111.64,35389.88,Medium,Road
SHP004775,SUP007,PRD006,WH05,2025-05-13,2025-05-22,2025-05-21,477,469,10,97.6,46555.2,Low,Road
SHP004776,SUP014,PRD021,WH04,2024-08-20,2024-08-29,2024-08-27,212,210,7,100.08,21216.96,Medium,Road
SHP004777,SUP015,PRD024,WH06,2024-08-14,2024-08-30,2024-09-02,49,49,2,70.36,3447.64,Medium,Road
SHP004778,SUP015,PRD012,WH01,2025-01-05,2025-01-21,2025-01-24,637,628,18,4.59,2923.83,Medium,Sea
SHP004779,SUP006,PRD024,WH05,2024-05-18,2024-05-26,2024-05-27,930,913,3,37.46,34837.8,Low,Road
SHP004780,SUP014,PRD011,WH04,2024-05-28,2024-06-04,2024-06-11,816,801,22,114.83,93701.28,Medium,Sea
SHP004781,SUP002,PRD004,WH01,2024-04-24,2024-05-05,2024-05-06,295,293,8,109.23,32222.85,Medium,Sea
SHP004782,SUP008,PRD020,WH04,2025-03-25,2025-04-03,2025-04-03,440,437,6,29.03,12773.2,Medium,Road
SHP004783,SUP013,PRD015,WH06,2024-03-03,2024-03-15,2024-03-17,626,616,11,7.63,4776.38,Low,Rail
SHP004784,SUP006,PRD015,WH03,2024-04-13,2024-04-21,2024-04-22,257,253,0,19.27,4952.39,Medium,Road
SHP004785,SUP005,PRD020,WH02,2025-10-29,2025-11-05,2025-11-03,703,692,3,127.26,89463.78,Medium,Sea
SHP004786,SUP005,PRD008,WH03,2024-09-29,2024-10-18,2024-10-18,956,951,7,25.84,24703.04,High,Air
SHP004787,SUP001,PRD015,WH04,2024-01-06,2024-01-09,2024-01-10,494,493,3,112.58,55614.52,Medium,Road
SHP004788,SUP009,PRD006,WH04,2024-05-26,2024-06-03,2024-06-03,497,491,8,88.05,43760.85,High,Road
SHP004789,SUP006,PRD014,WH06,2024-07-02,2024-07-12,2024-07-16,231,231,0,37.12,8574.72,Low,Air
SHP004790,SUP020,PRD007,WH02,2024-01-28,2024-02-02,2024-02-04,164,164,8,37.18,6097.52,Medium,Rail
SHP004791,SUP007,PRD003,WH05,2025-07-03,2025-07-20,2025-07-25,230,228,5,75.16,17286.8,High,Road
SHP004792,SUP009,PRD004,WH05,2024-04-28,2024-05-11,2024-05-13,609,600,16,145.78,88780.02,Medium,Rail
SHP004793,SUP005,PRD025,WH04,2024-10-19,2024-11-03,2024-11-03,67,67,0,20.93,1402.31,Medium,Road
SHP004794,SUP014,PRD009,WH06,2025-01-05,2025-01-10,2025-01-14,754,748,27,85.97,64821.38,Medium,Road
SHP004795,SUP005,PRD019,WH01,2024-08-31,2024-09-05,2024-09-03,517,513,3,30.15,15587.55,Medium,Road
SHP004796,SUP008,PRD024,WH01,2025-08-02,2025-08-06,2025-08-07,733,732,18,120.98,88678.34,High,Road
SHP004797,SUP007,PRD020,WH04,2024-08-05,2024-08-20,2024-08-24,221,221,2,70.79,15644.59,High,Road
SHP004798,SUP013,PRD006,WH01,2024-06-25,2024-06-30,2024-06-30,248,247,4,44.53,11043.44,Medium,Sea
SHP004799,SUP013,PRD006,WH01,2024-10-25,2024-11-14,2024-11-17,919,904,16,24.53,22543.07,High,Road
SHP004800,SUP008,PRD001,WH03,2025-11-06,2025-11-10,2025-11-14,117,116,2,32.5,3802.5,Medium,Road
SHP004801,SUP011,PRD016,WH06,2024-02-27,2024-03-14,2024-03-15,225,222,6,2.75,618.75,Low,Sea
SHP004802,SUP018,PRD020,WH05,2024-09-25,2024-10-13,2024-10-11,306,305,2,11.78,3604.68,Medium,Rail
SHP004803,SUP019,PRD021,WH01,2024-11-03,2024-11-15,2024-11-19,91,91,2,106.14,9658.74,Medium,Rail
SHP004804,SUP006,PRD021,WH01,2025-07-23,2025-08-04,2025-08-05,642,634,2,133.2,85514.4,Medium,Sea
SHP004805,SUP002,PRD007,WH05,2024-10-14,2024-10-21,2024-10-23,458,456,11,130.81,59910.98,Low,Sea
SHP004806,SUP013,PRD016,WH04,2024-04-14,2024-04-29,2024-05-03,686,676,11,48.56,33312.16,Medium,Road
SHP004807,SUP011,PRD015,WH01,2024-08-15,2024-08-22,2024-08-25,168,167,2,70.79,11892.72,Medium,Road
SHP004808,SUP001,PRD015,WH04,2024-09-03,2024-09-16,2024-09-19,26,26,0,92.53,2405.78,Low,Rail
SHP004809,SUP002,PRD013,WH05,2025-11-30,2025-12-09,2025-12-09,262,260,6,12.26,3212.12,Low,Road
SHP004810,SUP017,PRD011,WH04,2025-05-08,2025-05-22,2025-05-24,379,379,8,54.36,20602.44,High,Sea
SHP004811,SUP008,PRD008,WH03,2024-03-23,2024-04-02,2024-04-04,921,907,16,118.55,109184.55,Low,Sea
SHP004812,SUP002,PRD014,WH01,2024-07-04,2024-07-22,2024-07-24,716,710,17,3.97,2842.52,Medium,Road
SHP004813,SUP006,PRD019,WH04,2024-09-08,2024-09-17,2024-09-15,380,377,4,138.4,52592.0,High,Rail
SHP004814,SUP005,PRD016,WH02,2024-12-20,2024-12-25,2024-12-25,19,19,0,55.02,1045.38,Low,Road
SHP004815,SUP016,PRD015,WH04,2025-11-26,2025-12-14,2025-12-13,65,65,1,96.3,6259.5,High,Sea
SHP004816,SUP008,PRD017,WH03,2024-07-28,2024-08-14,2024-08-14,204,202,0,50.22,10244.88,Low,Sea
SHP004817,SUP019,PRD015,WH03,2025-08-31,2025-09-20,2025-09-18,671,670,25,114.19,76621.49,Medium,Road
SHP004818,SUP016,PRD016,WH01,2025-03-22,2025-03-26,2025-03-24,982,965,47,99.87,98072.34,Medium,Rail
SHP004819,SUP013,PRD023,WH06,2025-04-04,2025-04-10,2025-04-11,202,200,6,74.77,15103.54,Medium,Road
SHP004820,SUP020,PRD010,WH02,2025-04-16,2025-04-24,2025-04-25,94,94,0,92.87,8729.78,Medium,Road
SHP004821,SUP007,PRD010,WH02,2025-01-04,2025-01-13,2025-01-14,168,167,0,141.61,23790.48,Medium,Road
SHP004822,SUP016,PRD014,WH06,2025-05-06,2025-05-10,2025-05-13,313,308,8,64.64,20232.32,High,Rail
SHP004823,SUP016,PRD009,WH03,2024-05-16,2024-06-05,2024-06-09,237,237,5,124.11,29414.07,Medium,Sea
SHP004824,SUP012,PRD023,WH06,2025-01-01,2025-01-12,2025-01-14,217,215,3,55.13,11963.21,Medium,Sea
SHP004825,SUP014,PRD002,WH06,2024-07-02,2024-07-10,2024-07-13,542,541,10,122.31,66292.02,Medium,Sea
SHP004826,SUP018,PRD022,WH06,2025-08-10,2025-08-14,2025-08-16,976,964,20,57.24,55866.24,Medium,Road
SHP004827,SUP018,PRD022,WH01,2024-10-13,2024-10-19,2024-10-21,922,921,37,86.0,79292.0,Medium,Sea
SHP004828,SUP016,PRD021,WH04,2025-04-16,2025-04-26,2025-05-01,280,277,8,104.27,29195.6,High,Road
SHP004829,SUP020,PRD020,WH02,2025-01-09,2025-01-18,2025-01-19,420,414,9,40.22,16892.4,Low,Rail
SHP004830,SUP016,PRD010,WH05,2025-10-15,2025-10-31,2025-11-02,281,280,2,27.32,7676.92,High,Road
SHP004831,SUP013,PRD009,WH05,2025-06-20,2025-07-02,2025-07-04,37,37,0,33.64,1244.68,Low,Road
SHP004832,SUP009,PRD018,WH06,2025-05-25,2025-06-14,2025-06-13,238,235,0,105.15,25025.7,Low,Sea
SHP004833,SUP009,PRD005,WH06,2025-08-01,2025-08-12,2025-08-13,490,486,12,138.62,67923.8,Medium,Road
SHP004834,SUP013,PRD005,WH01,2024-09-06,2024-09-12,2024-09-10,151,150,1,17.0,2567.0,High,Road
SHP004835,SUP004,PRD020,WH01,2025-05-24,2025-06-13,2025-06-13,520,517,15,106.96,55619.2,High,Road
SHP004836,SUP009,PRD017,WH03,2025-09-21,2025-10-03,2025-10-01,866,860,10,79.88,69176.08,Medium,Road
SHP004837,SUP015,PRD001,WH02,2024-03-13,2024-03-20,2024-03-20,368,368,2,113.13,41631.84,Low,Road
SHP004838,SUP014,PRD015,WH05,2024-10-08,2024-10-16,2024-10-19,14,14,0,137.47,1924.58,Medium,Road
SHP004839,SUP019,PRD006,WH02,2024-12-25,2025-01-11,2025-01-12,439,438,10,65.17,28609.63,Medium,Road
SHP004840,SUP012,PRD001,WH06,2024-01-10,2024-01-30,2024-01-28,39,39,0,132.62,5172.18,Medium,Road
SHP004841,SUP006,PRD023,WH04,2024-07-29,2024-08-10,2024-08-10,415,412,0,142.89,59299.35,Low,Road
SHP004842,SUP003,PRD004,WH03,2024-05-31,2024-06-18,2024-06-21,802,788,21,60.71,48689.42,Low,Road
SHP004843,SUP020,PRD015,WH02,2024-01-05,2024-01-10,2024-01-11,313,310,7,3.49,1092.37,Low,Rail
SHP004844,SUP016,PRD024,WH01,2024-07-13,2024-07-26,2024-07-25,142,141,6,130.89,18586.38,High,Road
SHP004845,SUP020,PRD018,WH03,2024-10-09,2024-10-26,2024-10-25,152,152,4,19.81,3011.12,Low,Road
SHP004846,SUP017,PRD017,WH04,2025-04-08,2025-04-26,2025-04-27,150,150,4,132.88,19932.0,High,Road
SHP004847,SUP016,PRD011,WH06,2024-04-22,2024-05-06,2024-05-04,150,149,2,61.63,9244.5,Medium,Road
SHP004848,SUP006,PRD008,WH05,2024-09-27,2024-10-12,2024-10-12,579,572,2,55.22,31972.38,Medium,Road
SHP004849,SUP008,PRD005,WH05,2024-06-11,2024-06-19,2024-06-19,709,706,16,38.68,27424.12,Medium,Road
SHP004850,SUP019,PRD010,WH01,2025-04-04,2025-04-13,2025-04-17,231,231,12,113.31,26174.61,Medium,Road
SHP004851,SUP002,PRD025,WH03,2024-04-14,2024-04-20,2024-04-23,803,800,21,108.11,86812.33,High,Sea
SHP004852,SUP014,PRD024,WH01,2025-11-23,2025-12-04,2025-12-04,807,798,29,42.48,34281.36,Low,Road
SHP004853,SUP012,PRD007,WH02,2025-07-09,2025-07-22,2025-07-26,183,183,1,51.45,9415.35,Medium,Sea
SHP004854,SUP017,PRD022,WH05,2024-10-08,2024-10-22,2024-10-22,183,183,2,72.51,13269.33,Low,Road
SHP004855,SUP015,PRD022,WH02,2025-11-17,2025-12-02,2025-12-06,104,103,3,46.71,4857.84,Medium,Road
SHP004856,SUP018,PRD013,WH03,2024-06-10,2024-06-15,2024-06-22,739,734,22,58.15,42972.85,Medium,Sea
SHP004857,SUP016,PRD002,WH02,2024-12-16,2024-12-19,2024-12-17,294,293,8,33.44,9831.36,Medium,Rail
SHP004858,SUP013,PRD020,WH04,2025-03-09,2025-03-19,2025-03-20,327,323,7,63.34,20712.18,Low,Sea
SHP004859,SUP017,PRD013,WH05,2024-05-19,2024-06-08,2024-06-08,879,869,8,88.2,77527.8,Low,Road
SHP004860,SUP008,PRD016,WH05,2025-04-15,2025-04-19,2025-04-17,964,953,33,130.49,125792.36,Low,Road
SHP004861,SUP001,PRD003,WH04,2024-05-11,2024-05-30,2024-06-01,186,185,1,53.27,9908.22,High,Sea
SHP004862,SUP003,PRD017,WH06,2024-03-27,2024-04-02,2024-04-01,345,340,4,129.25,44591.25,High,Sea
SHP004863,SUP016,PRD006,WH05,2025-11-18,2025-11-30,2025-11-29,498,492,10,63.9,31822.2,Low,Rail
SHP004864,SUP002,PRD008,WH05,2024-07-01,2024-07-07,2024-07-11,661,656,12,8.04,5314.44,Medium,Rail
SHP004865,SUP015,PRD003,WH03,2025-01-02,2025-01-21,2025-01-24,674,673,32,16.44,11080.56,Low,Road
SHP004866,SUP001,PRD001,WH04,2024-05-08,2024-05-13,2024-05-14,319,317,2,39.85,12712.15,High,Sea
SHP004867,SUP009,PRD017,WH03,2024-09-02,2024-09-15,2024-09-16,473,469,12,49.36,23347.28,Medium,Road
SHP004868,SUP016,PRD010,WH06,2025-08-23,2025-08-29,2025-08-27,909,909,26,47.61,43277.49,Medium,Road
SHP004869,SUP004,PRD007,WH05,2025-07-31,2025-08-08,2025-08-06,291,287,7,95.3,27732.3,Medium,Road
SHP004870,SUP012,PRD018,WH05,2025-10-31,2025-11-04,2025-11-07,206,203,5,80.63,16609.78,Medium,Road
SHP004871,SUP001,PRD005,WH02,2025-01-12,2025-01-25,2025-01-24,810,804,14,37.35,30253.5,Medium,Road
SHP004872,SUP001,PRD010,WH05,2024-05-28,2024-06-06,2024-06-07,266,262,0,2.39,635.74,High,Rail
SHP004873,SUP007,PRD006,WH04,2025-03-08,2025-03-28,2025-03-28,672,666,0,127.15,85444.8,Low,Road
SHP004874,SUP018,PRD012,WH04,2025-09-19,2025-10-03,2025-10-06,603,598,9,80.24,48384.72,Medium,Sea
SHP004875,SUP015,PRD007,WH01,2025-04-13,2025-04-22,2025-04-24,729,720,23,3.57,2602.53,Low,Rail
SHP004876,SUP013,PRD008,WH04,2025-03-21,2025-03-27,2025-03-27,151,149,5,76.73,11586.23,Medium,Rail
SHP004877,SUP016,PRD018,WH02,2025-04-25,2025-05-02,2025-05-03,105,105,2,103.85,10904.25,Low,Road
SHP004878,SUP007,PRD021,WH01,2024-10-20,2024-11-05,2024-11-05,252,251,0,58.51,14744.52,Low,Road
SHP004879,SUP016,PRD004,WH01,2024-05-22,2024-06-02,2024-05-31,668,667,14,85.39,57040.52,Medium,Sea
SHP004880,SUP013,PRD017,WH05,2024-09-06,2024-09-22,2024-09-22,941,934,29,45.74,43041.34,Low,Road
SHP004881,SUP014,PRD018,WH06,2024-10-28,2024-11-12,2024-11-16,423,417,13,6.58,2783.34,Medium,Road
SHP004882,SUP017,PRD020,WH05,2024-01-25,2024-02-04,2024-02-03,334,333,11,79.39,26516.26,Medium,Road
SHP004883,SUP012,PRD002,WH04,2024-03-10,2024-03-16,2024-03-18,365,359,8,10.97,4004.05,Medium,Road
SHP004884,SUP020,PRD016,WH04,2025-09-16,2025-09-22,2025-09-22,618,612,21,125.5,77559.0,High,Sea
SHP004885,SUP013,PRD003,WH03,2024-04-21,2024-04-28,2024-05-01,256,252,5,55.16,14120.96,High,Sea
SHP004886,SUP020,PRD003,WH02,2024-12-29,2025-01-04,2025-01-07,921,912,22,101.56,93536.76,High,Air
SHP004887,SUP015,PRD024,WH03,2024-10-29,2024-11-16,2024-11-17,407,406,11,93.78,38168.46,High,Road
SHP004888,SUP004,PRD015,WH01,2025-04-15,2025-04-23,2025-04-21,301,297,7,72.21,21735.21,Medium,Air
SHP004889,SUP002,PRD013,WH01,2024-03-31,2024-04-07,2024-04-13,186,184,2,42.81,7962.66,Low,Rail
SHP004890,SUP018,PRD009,WH01,2025-06-13,2025-07-02,2025-07-04,331,330,2,108.85,36029.35,Medium,Road
SHP004891,SUP002,PRD001,WH05,2025-10-22,2025-10-30,2025-10-31,857,847,23,82.23,70471.11,Medium,Road
SHP004892,SUP015,PRD024,WH05,2025-10-24,2025-11-05,2025-11-07,237,234,9,116.73,27665.01,Medium,Road
SHP004893,SUP019,PRD002,WH04,2024-07-10,2024-07-23,2024-07-29,808,794,28,135.63,109589.04,Medium,Road
SHP004894,SUP015,PRD013,WH02,2025-07-05,2025-07-08,2025-07-14,775,772,34,2.44,1891.0,High,Road
SHP004895,SUP020,PRD005,WH06,2024-08-29,2024-09-13,2024-09-11,183,181,5,46.91,8584.53,Medium,Sea
SHP004896,SUP010,PRD019,WH03,2024-05-17,2024-05-25,2024-05-23,986,968,0,74.0,72964.0,Medium,Sea
SHP004897,SUP020,PRD002,WH02,2024-12-10,2024-12-17,2024-12-20,351,348,7,82.87,29087.37,Low,Road
SHP004898,SUP011,PRD018,WH03,2024-06-28,2024-07-15,2024-07-17,603,599,7,72.7,43838.1,High,Road
SHP004899,SUP010,PRD002,WH05,2025-05-17,2025-06-04,2025-06-02,433,428,4,20.38,8824.54,Low,Road
SHP004900,SUP005,PRD024,WH05,2024-07-21,2024-08-08,2024-08-09,325,321,5,18.38,5973.5,High,Sea
SHP004901,SUP009,PRD011,WH05,2025-07-26,2025-08-03,2025-08-05,597,589,20,34.78,20763.66,Medium,Road
SHP004902,SUP020,PRD016,WH04,2024-07-10,2024-07-17,2024-07-20,715,714,25,84.73,60581.95,Medium,Road
SHP004903,SUP019,PRD007,WH05,2024-01-05,2024-01-16,2024-01-21,628,621,9,23.67,14864.76,Low,Road
SHP004904,SUP013,PRD007,WH06,2024-08-24,2024-09-05,2024-09-04,309,309,11,79.24,24485.16,Medium,Rail
SHP004905,SUP018,PRD003,WH03,2025-11-23,2025-12-03,2025-12-02,594,584,8,58.16,34547.04,Low,Sea
SHP004906,SUP017,PRD025,WH02,2024-11-06,2024-11-21,2024-11-19,39,39,1,94.58,3688.62,Medium,Road
SHP004907,SUP006,PRD021,WH05,2025-07-02,2025-07-21,2025-07-23,645,645,5,89.31,57604.95,High,Sea
SHP004908,SUP010,PRD007,WH02,2024-02-25,2024-03-10,2024-03-12,693,692,0,82.39,57096.27,High,Sea
SHP004909,SUP002,PRD016,WH04,2025-03-18,2025-03-30,2025-03-30,78,78,1,134.04,10455.12,Low,Air
SHP004910,SUP006,PRD002,WH01,2024-08-24,2024-08-31,2024-08-29,716,707,1,127.0,90932.0,Medium,Rail
SHP004911,SUP013,PRD022,WH04,2024-07-15,2024-07-25,2024-07-29,766,754,16,105.4,80736.4,Medium,Rail
SHP004912,SUP018,PRD017,WH01,2025-08-07,2025-08-22,2025-08-22,86,86,1,101.58,8735.88,Medium,Rail
SHP004913,SUP007,PRD024,WH06,2025-07-24,2025-08-09,2025-08-08,505,505,11,142.83,72129.15,High,Road
SHP004914,SUP002,PRD010,WH05,2025-05-28,2025-06-03,2025-06-01,141,140,4,97.6,13761.6,Medium,Road
SHP004915,SUP014,PRD006,WH04,2025-03-24,2025-04-08,2025-04-09,386,381,7,63.83,24638.38,Medium,Road
SHP004916,SUP005,PRD010,WH01,2024-12-25,2025-01-12,2025-01-10,266,263,0,43.52,11576.32,Low,Road
SHP004917,SUP018,PRD020,WH01,2025-11-30,2025-12-08,2025-12-13,518,513,16,102.62,53157.16,Medium,Road
SHP004918,SUP011,PRD019,WH02,2024-01-30,2024-02-07,2024-02-08,152,150,1,3.86,586.72,High,Road
SHP004919,SUP010,PRD003,WH06,2024-04-17,2024-04-21,2024-04-21,767,759,0,111.17,85267.39,Medium,Rail
SHP004920,SUP011,PRD023,WH05,2025-08-24,2025-09-12,2025-09-14,744,744,9,67.28,50056.32,Low,Road
SHP004921,SUP002,PRD019,WH06,2025-03-20,2025-04-05,2025-04-07,403,397,9,27.65,11142.95,Medium,Road
SHP004922,SUP015,PRD014,WH05,2025-03-13,2025-03-18,2025-03-22,883,877,26,4.07,3593.81,Low,Road
SHP004923,SUP007,PRD017,WH03,2025-08-28,2025-09-14,2025-09-13,536,535,0,61.54,32985.44,Low,Road
SHP004924,SUP009,PRD025,WH01,2025-04-01,2025-04-12,2025-04-10,818,814,10,82.14,67190.52,High,Road
SHP004925,SUP005,PRD017,WH05,2025-09-06,2025-09-11,2025-09-09,201,198,0,89.06,17901.06,High,Sea
SHP004926,SUP007,PRD010,WH02,2025-11-28,2025-12-15,2025-12-16,770,758,14,133.11,102494.7,Medium,Road
SHP004927,SUP020,PRD012,WH04,2025-11-26,2025-12-08,2025-12-11,378,372,16,34.01,12855.78,Medium,Sea
SHP004928,SUP002,PRD020,WH02,2025-05-09,2025-05-23,2025-05-26,83,83,2,101.51,8425.33,Medium,Road
SHP004929,SUP003,PRD018,WH02,2025-11-04,2025-11-22,2025-11-21,655,655,1,70.16,45954.8,Low,Road
SHP004930,SUP002,PRD007,WH06,2024-09-03,2024-09-06,2024-09-10,457,450,12,137.62,62892.34,Medium,Road
SHP004931,SUP019,PRD013,WH05,2025-06-26,2025-07-06,2025-07-10,754,754,31,134.63,101511.02,Medium,Road
SHP004932,SUP004,PRD011,WH02,2025-07-17,2025-07-22,2025-07-22,617,608,12,44.36,27370.12,Low,Rail
SHP004933,SUP020,PRD007,WH06,2025-08-10,2025-08-29,2025-08-30,946,935,38,7.22,6830.12,Medium,Sea
SHP004934,SUP007,PRD021,WH04,2025-03-14,2025-04-02,2025-04-06,821,808,3,44.29,36362.09,Medium,Sea
SHP004935,SUP007,PRD010,WH05,2024-10-04,2024-10-09,2024-10-10,753,751,0,10.83,8154.99,Medium,Road
SHP004936,SUP017,PRD016,WH03,2025-07-05,2025-07-16,2025-07-18,678,672,17,85.58,58023.24,Medium,Air
SHP004937,SUP019,PRD015,WH03,2025-09-04,2025-09-15,2025-09-19,538,533,17,132.34,71198.92,Low,Road
SHP004938,SUP016,PRD011,WH02,2024-04-20,2024-04-28,2024-04-28,969,966,12,117.22,113586.18,Medium,Rail
SHP004939,SUP003,PRD004,WH01,2025-01-19,2025-01-31,2025-01-29,159,158,5,134.98,21461.82,Medium,Road
SHP004940,SUP015,PRD014,WH05,2024-07-09,2024-07-23,2024-07-25,642,640,20,144.24,92602.08,Low,Road
SHP004941,SUP014,PRD015,WH03,2025-05-04,2025-05-12,2025-05-15,174,174,6,125.13,21772.62,Low,Sea
SHP004942,SUP015,PRD022,WH05,2025-11-24,2025-12-12,2025-12-22,250,249,6,135.87,33967.5,Low,Road
SHP004943,SUP014,PRD009,WH06,2025-03-01,2025-03-05,2025-03-09,884,869,42,127.6,112798.4,Low,Air
SHP004944,SUP007,PRD018,WH03,2025-02-08,2025-02-26,2025-02-26,475,472,1,51.33,24381.75,High,Road
SHP004945,SUP003,PRD025,WH02,2024-11-30,2024-12-05,2024-12-07,947,939,22,19.46,18428.62,Medium,Rail
SHP004946,SUP017,PRD004,WH03,2024-07-27,2024-08-08,2024-08-13,705,695,16,16.41,11569.05,Low,Road
SHP004947,SUP010,PRD017,WH05,2024-01-22,2024-01-31,2024-02-02,917,900,0,31.04,28463.68,Medium,Road
SHP004948,SUP015,PRD005,WH06,2025-11-08,2025-11-12,2025-11-13,786,778,20,20.52,16128.72,Low,Road
SHP004949,SUP006,PRD004,WH03,2025-09-02,2025-09-22,2025-09-20,341,339,7,94.4,32190.4,Medium,Road
SHP004950,SUP017,PRD020,WH02,2024-07-26,2024-08-07,2024-08-06,29,29,0,145.72,4225.88,Low,Sea
SHP004951,SUP017,PRD009,WH04,2024-01-08,2024-01-25,2024-01-27,567,561,10,137.92,78200.64,Medium,Rail
SHP004952,SUP014,PRD008,WH01,2025-11-17,2025-12-04,2025-12-09,18,18,0,10.4,187.2,Low,Road
SHP004953,SUP018,PRD006,WH03,2025-06-12,2025-06-16,2025-06-16,45,45,1,28.04,1261.8,Low,Sea
SHP004954,SUP005,PRD017,WH05,2025-08-24,2025-09-06,2025-09-07,768,762,0,134.31,103150.08,High,Road
SHP004955,SUP008,PRD012,WH03,2025-10-14,2025-10-24,2025-10-24,375,374,1,79.08,29655.0,High,Rail
SHP004956,SUP007,PRD011,WH01,2025-10-18,2025-10-21,2025-10-23,733,725,0,64.67,47403.11,Low,Road
SHP004957,SUP004,PRD016,WH06,2024-06-14,2024-06-19,2024-06-22,354,348,1,99.79,35325.66,Medium,Air
SHP004958,SUP018,PRD014,WH06,2025-05-10,2025-05-30,2025-05-31,521,520,22,74.22,38668.62,Low,Road
SHP004959,SUP005,PRD013,WH04,2025-08-12,2025-08-17,2025-08-18,555,552,6,61.19,33960.45,Low,Road
SHP004960,SUP016,PRD023,WH03,2025-03-04,2025-03-08,2025-03-09,150,148,2,43.68,6552.0,Medium,Road
SHP004961,SUP014,PRD007,WH03,2024-06-11,2024-06-17,2024-06-15,518,514,20,6.98,3615.64,Low,Sea
SHP004962,SUP019,PRD009,WH02,2024-12-31,2025-01-05,2025-01-09,18,18,0,10.41,187.38,High,Road
SHP004963,SUP014,PRD015,WH01,2025-06-09,2025-06-22,2025-06-27,14,14,0,23.8,333.2,Medium,Road
SHP004964,SUP009,PRD011,WH04,2024-08-26,2024-09-11,2024-09-09,753,743,7,28.94,21791.82,Low,Road
SHP004965,SUP006,PRD025,WH05,2024-03-12,2024-03-31,2024-04-01,234,233,3,13.74,3215.16,Low,Road
SHP004966,SUP017,PRD003,WH05,2025-03-20,2025-03-28,2025-03-31,474,471,1,39.12,18542.88,Medium,Rail
SHP004967,SUP019,PRD018,WH04,2025-10-16,2025-11-01,2025-11-03,127,127,5,65.19,8279.13,High,Road
SHP004968,SUP012,PRD006,WH04,2025-05-23,2025-05-28,2025-05-30,55,55,0,19.21,1056.55,Low,Sea
SHP004969,SUP004,PRD024,WH02,2024-09-25,2024-10-15,2024-10-15,666,660,11,38.26,25481.16,High,Road
SHP004970,SUP016,PRD008,WH01,2025-02-18,2025-02-22,2025-02-22,395,391,1,13.77,5439.15,Medium,Sea
SHP004971,SUP011,PRD021,WH04,2024-09-01,2024-09-09,2024-09-08,204,203,2,67.29,13727.16,High,Rail
SHP004972,SUP004,PRD011,WH06,2025-11-05,2025-11-15,2025-11-15,850,849,5,123.3,104805.0,High,Sea
SHP004973,SUP017,PRD023,WH06,2024-02-29,2024-03-07,2024-03-07,281,277,5,45.96,12914.76,Medium,Road
SHP004974,SUP008,PRD019,WH03,2024-01-06,2024-01-17,2024-01-18,196,194,6,56.15,11005.4,Medium,Road
SHP004975,SUP014,PRD024,WH06,2025-07-23,2025-08-09,2025-08-09,433,430,9,77.14,33401.62,Medium,Sea
SHP004976,SUP002,PRD010,WH01,2025-02-10,2025-02-26,2025-02-26,317,317,4,111.12,35225.04,Medium,Sea
SHP004977,SUP011,PRD006,WH06,2024-08-04,2024-08-21,2024-08-22,395,389,5,108.46,42841.7,Low,Rail
SHP004978,SUP011,PRD011,WH04,2024-01-26,2024-01-30,2024-01-30,195,193,6,70.59,13765.05,Medium,Road
SHP004979,SUP006,PRD019,WH06,2024-01-05,2024-01-14,2024-01-14,699,690,4,74.97,52404.03,High,Road
SHP004980,SUP014,PRD023,WH02,2025-06-15,2025-06-20,2025-06-21,392,387,10,19.18,7518.56,Medium,Air
SHP004981,SUP010,PRD016,WH03,2025-01-24,2025-02-03,2025-02-04,418,416,4,39.53,16523.54,High,Road
SHP004982,SUP008,PRD004,WH02,2025-07-24,2025-08-07,2025-08-08,430,430,0,26.1,11223.0,Low,Road
SHP004983,SUP007,PRD005,WH04,2025-03-23,2025-04-02,2025-04-06,53,53,1,23.73,1257.69,Medium,Rail
SHP004984,SUP008,PRD025,WH06,2024-05-25,2024-05-29,2024-05-29,341,337,12,117.44,40047.04,Medium,Air
SHP004985,SUP008,PRD017,WH05,2025-01-22,2025-02-11,2025-02-14,725,724,20,44.71,32414.75,Medium,Rail
SHP004986,SUP002,PRD023,WH03,2024-09-05,2024-09-15,2024-09-14,660,650,8,122.95,81147.0,High,Road
SHP004987,SUP016,PRD020,WH04,2025-06-09,2025-06-12,2025-06-16,29,29,0,148.67,4311.43,Low,Road
SHP004988,SUP009,PRD004,WH01,2025-04-06,2025-04-13,2025-04-17,424,418,1,56.8,24083.2,High,Sea
SHP004989,SUP013,PRD024,WH05,2024-01-13,2024-01-18,2024-01-17,503,502,6,40.74,20492.22,Medium,Road
SHP004990,SUP012,PRD004,WH04,2025-01-18,2025-02-01,2025-02-02,780,770,13,7.12,5553.6,Medium,Rail
SHP004991,SUP017,PRD002,WH02,2025-07-09,2025-07-15,2025-07-13,856,844,27,34.59,29609.04,Medium,Sea
SHP004992,SUP002,PRD002,WH06,2025-02-02,2025-02-15,2025-02-20,307,305,6,38.63,11859.41,Medium,Air
SHP004993,SUP013,PRD016,WH05,2024-01-19,2024-02-06,2024-02-07,683,674,12,115.16,78654.28,Low,Air
SHP004994,SUP001,PRD018,WH04,2025-07-28,2025-08-02,2025-08-04,680,678,0,14.6,9928.0,Low,Road
SHP004995,SUP019,PRD010,WH06,2025-05-05,2025-05-12,2025-05-19,372,369,16,132.47,49278.84,Low,Rail
SHP004996,SUP011,PRD012,WH01,2025-02-22,2025-03-11,2025-03-13,629,620,9,62.23,39142.67,Medium,Road
SHP004997,SUP005,PRD003,WH06,2024-12-02,2024-12-09,2024-12-07,708,705,6,149.74,106015.92,Low,Road
SHP004998,SUP001,PRD007,WH04,2025-02-22,2025-03-07,2025-03-08,122,121,1,139.26,16989.72,Low,Sea
SHP004999,SUP020,PRD004,WH06,2025-09-03,2025-09-18,2025-09-21,439,435,4,127.17,55827.63,Low,Sea
SHP005000,SUP013,PRD014,WH06,2025-11-05,2025-11-08,2025-11-10,387,384,14,104.37,40391.19,Medium,Sea
SHP005001,SUP008,PRD025,WH05,2024-05-01,2024-05-15,2024-05-14,493,485,7,109.71,54087.03,Medium,Road
SHP005002,SUP006,PRD013,WH01,2025-03-07,2025-03-26,2025-03-28,575,567,8,26.82,15421.5,Low,Road
SHP005003,SUP017,PRD014,WH01,2024-02-13,2024-02-23,2024-02-29,770,759,11,40.52,31200.4,Low,Road
SHP005004,SUP012,PRD013,WH02,2024-11-12,2024-11-22,2024-11-24,306,302,3,148.43,45419.58,Low,Rail
SHP005005,SUP001,PRD025,WH04,2025-01-15,2025-02-01,2025-02-04,33,33,0,148.89,4913.37,Medium,Air
SHP005006,SUP003,PRD010,WH03,2024-05-24,2024-06-05,2024-06-05,646,637,6,48.23,31156.58,Low,Road
SHP005007,SUP014,PRD025,WH01,2024-11-22,2024-11-25,2024-11-26,856,842,17,26.27,22487.12,High,Road
SHP005008,SUP008,PRD001,WH05,2024-12-28,2025-01-11,2025-01-11,118,118,2,27.27,3217.86,Medium,Rail
SHP005009,SUP011,PRD020,WH04,2024-02-19,2024-03-10,2024-03-10,965,960,10,137.72,132899.8,Medium,Road
SHP005010,SUP014,PRD006,WH02,2024-03-05,2024-03-09,2024-03-13,825,824,26,67.09,55349.25,Low,Rail
SHP005011,SUP008,PRD011,WH06,2024-12-20,2024-12-28,2024-12-26,132,131,3,134.1,17701.2,Medium,Sea
SHP005012,SUP003,PRD019,WH01,2024-06-12,2024-06-22,2024-06-20,394,392,5,50.76,19999.44,Low,Sea
SHP005013,SUP007,PRD020,WH02,2024-05-20,2024-06-07,2024-06-05,358,353,0,84.75,30340.5,Medium,Rail
SHP005014,SUP019,PRD014,WH02,2024-05-07,2024-05-25,2024-05-28,956,943,32,107.47,102741.32,Low,Sea
SHP005015,SUP004,PRD004,WH06,2025-02-01,2025-02-09,2025-02-09,230,228,6,139.24,32025.2,Low,Sea
SHP005016,SUP016,PRD015,WH02,2025-04-07,2025-04-12,2025-04-11,742,741,24,142.13,105460.46,Medium,Rail
SHP005017,SUP013,PRD025,WH05,2024-07-05,2024-07-09,2024-07-08,124,123,2,31.67,3927.08,High,Sea
SHP005018,SUP020,PRD012,WH05,2024-07-08,2024-07-23,2024-07-26,133,133,2,97.77,13003.41,Low,Road
SHP005019,SUP019,PRD022,WH04,2025-01-22,2025-01-26,2025-01-24,330,325,9,78.82,26010.6,Medium,Road
SHP005020,SUP005,PRD017,WH06,2025-03-04,2025-03-22,2025-03-20,654,648,0,106.81,69853.74,Medium,Air
SHP005021,SUP005,PRD002,WH06,2024-10-10,2024-10-26,2024-10-26,712,703,3,21.17,15073.04,Medium,Road
SHP005022,SUP020,PRD024,WH04,2024-08-24,2024-09-07,2024-09-10,896,895,24,7.39,6621.44,Low,Sea
SHP005023,SUP004,PRD011,WH01,2024-07-12,2024-07-29,2024-07-31,136,135,3,128.01,17409.36,High,Rail
SHP005024,SUP002,PRD002,WH06,2024-10-13,2024-10-18,2024-10-21,600,592,11,30.88,18528.0,Low,Road
SHP005025,SUP013,PRD018,WH04,2024-05-15,2024-05-22,2024-05-23,362,356,11,137.22,49673.64,High,Road
SHP005026,SUP016,PRD014,WH02,2024-06-19,2024-07-09,2024-07-11,771,762,9,79.46,61263.66,Medium,Road
SHP005027,SUP002,PRD015,WH02,2024-06-07,2024-06-16,2024-06-15,759,746,17,136.25,103413.75,Low,Road
SHP005028,SUP019,PRD018,WH01,2024-07-19,2024-08-05,2024-08-08,118,118,5,18.46,2178.28,Medium,Sea
SHP005029,SUP017,PRD021,WH03,2025-05-01,2025-05-09,2025-05-15,364,358,10,91.86,33437.04,High,Sea
SHP005030,SUP005,PRD016,WH06,2025-07-10,2025-07-17,2025-07-16,28,28,0,6.14,171.92,Low,Sea
SHP005031,SUP018,PRD011,WH03,2025-08-05,2025-08-20,2025-08-20,784,779,17,136.46,106984.64,High,Rail
SHP005032,SUP018,PRD002,WH01,2025-05-18,2025-05-29,2025-05-31,487,479,12,82.01,39938.87,Low,Road
SHP005033,SUP008,PRD006,WH05,2025-01-05,2025-01-18,2025-01-18,144,144,2,139.6,20102.4,High,Sea
SHP005034,SUP015,PRD015,WH03,2024-04-12,2024-04-17,2024-04-18,996,989,39,139.52,138961.92,Low,Rail
SHP005035,SUP013,PRD020,WH03,2024-05-04,2024-05-09,2024-05-10,921,916,28,5.71,5258.91,Medium,Road
SHP005036,SUP013,PRD010,WH01,2024-11-08,2024-11-24,2024-11-29,561,552,14,127.1,71303.1,Medium,Rail
SHP005037,SUP016,PRD019,WH04,2025-04-02,2025-04-08,2025-04-07,683,680,1,50.4,34423.2,High,Road
SHP005038,SUP020,PRD020,WH02,2024-08-17,2024-08-26,2024-08-29,350,350,10,40.48,14168.0,Medium,Sea
SHP005039,SUP013,PRD017,WH02,2025-10-19,2025-11-01,2025-11-01,396,394,6,119.59,47357.64,High,Road
SHP005040,SUP020,PRD024,WH06,2024-07-15,2024-08-02,2024-08-05,444,439,13,118.18,52471.92,Medium,Road
SHP005041,SUP002,PRD013,WH03,2025-02-26,2025-03-02,2025-03-03,285,283,1,133.3,37990.5,Medium,Road
SHP005042,SUP003,PRD005,WH01,2025-07-25,2025-08-12,2025-08-12,932,929,23,28.82,26860.24,Low,Road
SHP005043,SUP015,PRD022,WH04,2025-09-01,2025-09-21,2025-09-25,741,731,32,63.85,47312.85,Medium,Road
SHP005044,SUP019,PRD010,WH05,2024-06-19,2024-06-24,2024-06-29,625,616,22,128.87,80543.75,Medium,Rail
SHP005045,SUP013,PRD020,WH05,2025-01-16,2025-01-23,2025-01-26,880,873,27,92.62,81505.6,Low,Rail
SHP005046,SUP005,PRD002,WH02,2024-06-21,2024-07-11,2024-07-09,298,298,0,80.11,23872.78,High,Road
SHP005047,SUP006,PRD007,WH04,2025-10-24,2025-10-29,2025-10-31,44,44,0,48.72,2143.68,Medium,Road
SHP005048,SUP014,PRD005,WH05,2025-03-28,2025-04-11,2025-04-12,35,35,0,37.88,1325.8,High,Sea
SHP005049,SUP004,PRD018,WH06,2024-12-15,2025-01-03,2025-01-01,24,24,0,32.91,789.84,Medium,Road
SHP005050,SUP019,PRD019,WH03,2025-09-25,2025-09-28,2025-09-27,149,149,5,17.88,2664.12,High,Road
SHP005051,SUP007,PRD023,WH03,2025-05-08,2025-05-21,2025-05-22,892,878,8,4.11,3666.12,Low,Rail
SHP005052,SUP004,PRD018,WH04,2025-09-11,2025-09-25,2025-09-23,222,222,5,3.26,723.72,Low,Sea
SHP005053,SUP002,PRD003,WH06,2024-01-04,2024-01-09,2024-01-09,523,521,17,31.75,16605.25,Medium,Air
SHP005054,SUP007,PRD015,WH05,2024-04-02,2024-04-11,2024-04-09,70,70,0,120.24,8416.8,Medium,Sea
SHP005055,SUP003,PRD003,WH02,2024-01-06,2024-01-09,2024-01-10,935,922,27,126.61,118380.35,Medium,Road
SHP005056,SUP015,PRD022,WH04,2024-10-14,2024-10-21,2024-10-23,19,19,0,37.79,718.01,Low,Road
SHP005057,SUP001,PRD018,WH03,2025-09-09,2025-09-13,2025-09-14,568,566,6,43.52,24719.36,Low,Road
SHP005058,SUP002,PRD021,WH01,2024-05-25,2024-05-28,2024-06-03,647,638,12,104.06,67326.82,Medium,Road
SHP005059,SUP010,PRD008,WH02,2025-02-27,2025-03-08,2025-03-09,951,941,0,61.55,58534.05,Medium,Air
SHP005060,SUP016,PRD006,WH02,2025-08-30,2025-09-19,2025-09-17,515,507,14,130.4,67156.0,High,Road
SHP005061,SUP015,PRD007,WH01,2025-04-01,2025-04-06,2025-04-11,52,52,2,61.83,3215.16,Medium,Road
SHP005062,SUP015,PRD008,WH03,2024-07-20,2024-07-26,2024-07-26,696,686,31,38.97,27123.12,High,Road
SHP005063,SUP014,PRD003,WH02,2024-07-30,2024-08-15,2024-08-17,550,549,7,122.07,67138.5,Medium,Rail
SHP005064,SUP014,PRD024,WH03,2024-01-06,2024-01-25,2024-01-29,554,549,15,138.2,76562.8,Medium,Sea
SHP005065,SUP006,PRD014,WH04,2025-09-15,2025-10-03,2025-10-02,324,323,5,116.63,37788.12,High,Air
SHP005066,SUP014,PRD021,WH02,2025-01-10,2025-01-22,2025-01-24,601,593,13,120.69,72534.69,High,Road
SHP005067,SUP017,PRD004,WH06,2025-03-22,2025-04-10,2025-04-14,114,114,2,90.73,10343.22,Medium,Road
SHP005068,SUP018,PRD005,WH01,2024-04-15,2024-05-04,2024-05-07,796,788,34,18.57,14781.72,High,Rail
SHP005069,SUP020,PRD005,WH04,2025-10-12,2025-10-16,2025-10-17,723,712,31,74.76,54051.48,Low,Road
SHP005070,SUP019,PRD005,WH06,2025-02-04,2025-02-21,2025-02-24,400,398,20,117.6,47040.0,Medium,Road
SHP005071,SUP017,PRD023,WH02,2024-04-05,2024-04-13,2024-04-14,994,976,24,7.18,7136.92,Medium,Rail
SHP005072,SUP016,PRD024,WH02,2025-01-22,2025-02-01,2025-02-04,78,78,1,63.63,4963.14,Low,Road
SHP005073,SUP008,PRD014,WH04,2025-03-27,2025-04-08,2025-04-12,514,511,0,4.82,2477.48,Medium,Rail
SHP005074,SUP007,PRD012,WH04,2025-02-19,2025-02-22,2025-02-23,985,974,0,134.39,132374.15,Low,Road
SHP005075,SUP020,PRD022,WH01,2025-05-18,2025-06-07,2025-06-10,111,110,2,7.34,814.74,Low,Rail
SHP005076,SUP012,PRD001,WH04,2025-03-29,2025-04-12,2025-04-12,455,454,13,31.94,14532.7,Medium,Road
SHP005077,SUP009,PRD007,WH03,2024-10-17,2024-11-06,2024-11-09,601,597,0,137.57,82679.57,Medium,Rail
SHP005078,SUP014,PRD002,WH05,2025-06-17,2025-07-07,2025-07-05,890,890,25,3.5,3115.0,Low,Road
SHP005079,SUP020,PRD022,WH02,2024-07-11,2024-07-17,2024-07-16,239,239,12,145.45,34762.55,Low,Sea
SHP005080,SUP001,PRD001,WH01,2024-05-29,2024-06-08,2024-06-09,210,207,0,30.2,6342.0,Medium,Sea
SHP005081,SUP010,PRD024,WH06,2025-05-29,2025-06-13,2025-06-14,270,266,0,126.54,34165.8,High,Rail
SHP005082,SUP017,PRD016,WH06,2025-01-27,2025-02-04,2025-02-03,359,358,13,97.4,34966.6,Low,Road
SHP005083,SUP017,PRD015,WH04,2024-11-11,2024-11-23,2024-11-22,660,657,24,53.33,35197.8,Low,Rail
SHP005084,SUP017,PRD018,WH03,2024-03-16,2024-03-23,2024-03-24,189,187,3,143.28,27079.92,Low,Sea
SHP005085,SUP004,PRD007,WH01,2025-08-21,2025-08-28,2025-08-29,859,846,17,79.24,68067.16,High,Rail
SHP005086,SUP017,PRD018,WH02,2024-09-26,2024-10-14,2024-10-16,498,498,4,122.97,61239.06,Medium,Rail
SHP005087,SUP018,PRD009,WH04,2024-08-12,2024-08-19,2024-08-19,721,720,16,26.64,19207.44,Low,Sea
SHP005088,SUP020,PRD012,WH06,2025-06-13,2025-07-02,2025-07-05,486,481,9,138.56,67340.16,Medium,Road
SHP005089,SUP002,PRD005,WH05,2024-04-22,2024-05-09,2024-05-11,331,326,9,51.69,17109.39,Medium,Road
SHP005090,SUP008,PRD008,WH05,2024-09-07,2024-09-22,2024-09-23,111,110,2,114.03,12657.33,Low,Rail
SHP005091,SUP013,PRD014,WH05,2024-08-20,2024-08-24,2024-08-31,592,584,15,47.04,27847.68,Medium,Road
SHP005092,SUP020,PRD021,WH02,2024-03-23,2024-03-26,2024-03-29,168,167,4,105.3,17690.4,Medium,Road
SHP005093,SUP015,PRD021,WH03,2024-05-04,2024-05-10,2024-05-15,183,181,7,38.94,7126.02,Low,Road
SHP005094,SUP020,PRD020,WH02,2024-06-23,2024-07-06,2024-07-10,694,689,21,54.98,38156.12,High,Sea
SHP005095,SUP009,PRD006,WH03,2024-03-09,2024-03-27,2024-03-29,313,311,6,132.06,41334.78,Medium,Air
SHP005096,SUP003,PRD006,WH02,2024-02-16,2024-02-22,2024-02-23,797,792,5,28.88,23017.36,High,Sea
SHP005097,SUP003,PRD003,WH01,2024-09-12,2024-09-20,2024-09-20,290,287,7,11.61,3366.9,High,Rail
SHP005098,SUP002,PRD001,WH06,2024-01-30,2024-02-08,2024-02-13,185,185,5,67.67,12518.95,Low,Sea
SHP005099,SUP001,PRD024,WH06,2024-10-07,2024-10-23,2024-10-21,273,273,1,101.96,27835.08,High,Road
SHP005100,SUP014,PRD014,WH02,2024-08-24,2024-09-02,2024-09-10,659,659,23,12.1,7973.9,High,Road
SHP005101,SUP017,PRD009,WH04,2024-09-04,2024-09-09,2024-09-08,604,603,4,111.23,67182.92,Low,Rail
SHP005102,SUP013,PRD021,WH05,2025-01-02,2025-01-08,2025-01-06,633,624,12,109.69,69433.77,High,Road
SHP005103,SUP019,PRD003,WH02,2025-05-09,2025-05-12,2025-05-21,527,522,17,20.15,10619.05,High,Rail
SHP005104,SUP015,PRD024,WH05,2024-01-25,2024-02-12,2024-02-14,682,672,29,21.67,14778.94,Medium,Rail
SHP005105,SUP014,PRD020,WH01,2025-08-08,2025-08-28,2025-08-28,744,733,40,119.4,88833.6,High,Road
SHP005106,SUP002,PRD014,WH06,2025-05-04,2025-05-19,2025-05-20,738,738,7,35.33,26073.54,Low,Sea
SHP005107,SUP007,PRD004,WH05,2025-05-08,2025-05-27,2025-05-28,577,573,5,135.03,77912.31,Low,Sea
SHP005108,SUP017,PRD013,WH04,2024-11-09,2024-11-15,2024-11-18,947,934,31,100.78,95438.66,Medium,Road
SHP005109,SUP018,PRD002,WH03,2025-08-28,2025-09-12,2025-09-13,89,89,2,90.27,8034.03,Low,Sea
SHP005110,SUP006,PRD004,WH01,2025-01-09,2025-01-27,2025-01-28,377,376,1,122.48,46174.96,High,Road
SHP005111,SUP008,PRD012,WH02,2025-09-30,2025-10-07,2025-10-07,118,118,3,141.44,16689.92,Low,Rail
SHP005112,SUP002,PRD010,WH02,2024-01-25,2024-02-01,2024-02-07,627,620,24,115.49,72412.23,Medium,Sea
SHP005113,SUP001,PRD013,WH05,2024-11-29,2024-12-08,2024-12-08,375,371,7,96.09,36033.75,Low,Air
SHP005114,SUP016,PRD006,WH03,2024-12-20,2025-01-06,2025-01-05,631,628,16,53.35,33663.85,Medium,Road
SHP005115,SUP007,PRD020,WH04,2024-04-25,2024-05-09,2024-05-10,907,906,14,42.27,38338.89,Low,Road
SHP005116,SUP011,PRD020,WH04,2024-02-17,2024-02-25,2024-02-23,199,198,2,119.88,23856.12,High,Road
SHP005117,SUP015,PRD025,WH01,2024-04-08,2024-04-14,2024-04-19,667,655,10,147.63,98469.21,Medium,Road
SHP005118,SUP013,PRD005,WH06,2025-04-03,2025-04-09,2025-04-08,248,246,7,109.81,27232.88,Low,Road
SHP005119,SUP002,PRD003,WH03,2025-06-06,2025-06-21,2025-06-23,223,221,6,85.56,19079.88,High,Road
SHP005120,SUP014,PRD015,WH06,2025-08-19,2025-08-23,2025-08-23,986,976,29,79.91,78791.26,High,Road
SHP005121,SUP006,PRD012,WH04,2025-02-08,2025-02-15,2025-02-16,341,339,1,37.06,12637.46,Low,Air
SHP005122,SUP009,PRD010,WH02,2024-08-01,2024-08-12,2024-08-12,437,436,4,28.3,12367.1,Medium,Rail
SHP005123,SUP007,PRD016,WH02,2025-11-15,2025-11-20,2025-11-20,457,452,5,88.67,40522.19,Low,Road
SHP005124,SUP018,PRD015,WH01,2025-05-17,2025-05-31,2025-06-01,137,136,2,34.57,4736.09,Medium,Road
SHP005125,SUP009,PRD002,WH03,2025-03-23,2025-04-02,2025-04-03,664,661,2,42.8,28419.2,Low,Road
SHP005126,SUP004,PRD005,WH05,2025-07-29,2025-08-05,2025-08-07,348,345,14,148.74,51761.52,Low,Road
SHP005127,SUP009,PRD003,WH01,2024-09-14,2024-09-21,2024-09-22,781,773,0,104.33,81481.73,Low,Road
SHP005128,SUP004,PRD020,WH05,2024-04-30,2024-05-10,2024-05-08,34,34,0,110.31,3750.54,High,Rail
SHP005129,SUP012,PRD024,WH02,2024-02-23,2024-03-05,2024-03-07,965,958,31,71.24,68746.6,Medium,Road
SHP005130,SUP004,PRD023,WH01,2024-11-26,2024-12-10,2024-12-11,773,760,25,91.31,70582.63,High,Rail
SHP005131,SUP020,PRD020,WH04,2024-08-28,2024-09-09,2024-09-15,64,64,1,124.05,7939.2,Medium,Road
SHP005132,SUP014,PRD011,WH04,2025-06-13,2025-06-25,2025-06-29,412,407,18,144.96,59723.52,High,Rail
SHP005133,SUP007,PRD009,WH05,2025-04-27,2025-05-08,2025-05-06,221,220,4,143.79,31777.59,Low,Rail
SHP005134,SUP013,PRD006,WH04,2024-07-05,2024-07-14,2024-07-14,273,269,2,58.07,15853.11,Medium,Road
SHP005135,SUP008,PRD011,WH05,2025-10-17,2025-10-23,2025-10-25,361,358,1,31.45,11353.45,Medium,Sea
SHP005136,SUP005,PRD003,WH02,2024-09-18,2024-10-02,2024-10-01,166,166,3,115.15,19114.9,High,Sea
SHP005137,SUP012,PRD007,WH03,2024-12-29,2025-01-05,2025-01-09,284,281,7,124.81,35446.04,Medium,Road
SHP005138,SUP013,PRD021,WH06,2025-05-05,2025-05-18,2025-05-17,717,715,20,103.67,74331.39,Low,Sea
SHP005139,SUP020,PRD020,WH02,2025-03-06,2025-03-11,2025-03-12,744,731,30,119.57,88960.08,Low,Road
SHP005140,SUP014,PRD025,WH04,2024-08-26,2024-09-02,2024-08-31,123,123,3,35.54,4371.42,Low,Sea
SHP005141,SUP018,PRD016,WH04,2024-10-30,2024-11-12,2024-11-13,585,585,17,143.46,83924.1,Medium,Road
SHP005142,SUP020,PRD007,WH02,2024-10-24,2024-11-03,2024-11-07,629,625,7,57.33,36060.57,Medium,Sea
SHP005143,SUP004,PRD008,WH05,2024-03-16,2024-03-30,2024-03-28,227,226,1,107.36,24370.72,High,Sea
SHP005144,SUP018,PRD013,WH03,2025-11-30,2025-12-20,2025-12-25,441,435,16,43.39,19134.99,Low,Rail
SHP005145,SUP007,PRD016,WH05,2024-11-28,2024-12-05,2024-12-03,706,702,17,85.32,60235.92,Low,Road
SHP005146,SUP015,PRD005,WH02,2025-10-03,2025-10-11,2025-10-13,814,814,30,138.1,112413.4,High,Air
SHP005147,SUP006,PRD003,WH03,2025-04-18,2025-05-03,2025-05-01,968,950,0,106.18,102782.24,Medium,Sea
SHP005148,SUP016,PRD008,WH06,2024-10-09,2024-10-13,2024-10-13,732,722,8,11.3,8271.6,Low,Rail
SHP005149,SUP020,PRD001,WH05,2025-08-13,2025-08-27,2025-09-01,356,354,6,137.44,48928.64,Medium,Road
SHP005150,SUP008,PRD001,WH01,2024-03-12,2024-04-01,2024-04-01,69,69,0,141.75,9780.75,Low,Road
SHP005151,SUP016,PRD023,WH05,2024-09-19,2024-10-07,2024-10-05,141,140,3,35.89,5060.49,Low,Road
SHP005152,SUP016,PRD007,WH02,2025-07-28,2025-08-08,2025-08-09,41,41,0,78.44,3216.04,Medium,Road
SHP005153,SUP003,PRD003,WH03,2024-01-12,2024-01-22,2024-01-24,742,730,23,132.66,98433.72,Medium,Road
SHP005154,SUP017,PRD014,WH04,2024-05-20,2024-05-28,2024-05-26,437,434,7,9.64,4212.68,Low,Road
SHP005155,SUP009,PRD017,WH01,2025-07-08,2025-07-23,2025-07-26,487,486,9,85.81,41789.47,Low,Road
SHP005156,SUP003,PRD010,WH02,2024-01-17,2024-01-29,2024-01-29,912,903,15,80.61,73516.32,Medium,Road
SHP005157,SUP020,PRD015,WH05,2024-03-03,2024-03-15,2024-03-16,833,826,30,134.66,112171.78,Medium,Rail
SHP005158,SUP007,PRD013,WH06,2024-09-09,2024-09-26,2024-09-29,977,976,11,15.65,15290.05,Low,Air
SHP005159,SUP018,PRD007,WH03,2025-04-09,2025-04-21,2025-04-24,646,635,18,54.13,34967.98,Medium,Sea
SHP005160,SUP012,PRD019,WH02,2025-01-10,2025-01-26,2025-01-30,356,353,5,51.12,18198.72,High,Rail
SHP005161,SUP019,PRD016,WH04,2025-06-03,2025-06-12,2025-06-17,198,197,7,135.96,26920.08,Medium,Rail
SHP005162,SUP016,PRD010,WH06,2024-03-30,2024-04-15,2024-04-16,554,548,19,22.89,12681.06,High,Air
SHP005163,SUP017,PRD021,WH06,2025-09-21,2025-10-08,2025-10-12,658,653,14,125.69,82704.02,Low,Road
SHP005164,SUP020,PRD004,WH04,2024-06-23,2024-06-28,2024-06-29,493,491,5,119.04,58686.72,Low,Sea
SHP005165,SUP015,PRD009,WH01,2024-03-16,2024-03-28,2024-03-31,274,273,6,68.44,18752.56,Medium,Road
SHP005166,SUP001,PRD016,WH03,2025-09-04,2025-09-07,2025-09-06,185,183,0,83.83,15508.55,Low,Sea
SHP005167,SUP002,PRD010,WH05,2025-10-24,2025-11-09,2025-11-07,277,273,4,48.27,13370.79,High,Road
SHP005168,SUP008,PRD010,WH01,2025-02-03,2025-02-20,2025-02-19,218,217,6,92.99,20271.82,Medium,Road
SHP005169,SUP002,PRD019,WH03,2024-03-11,2024-03-29,2024-04-01,944,938,24,50.68,47841.92,Medium,Sea
SHP005170,SUP019,PRD002,WH02,2024-06-28,2024-07-02,2024-07-03,56,56,1,9.08,508.48,Medium,Road
SHP005171,SUP009,PRD003,WH05,2024-05-03,2024-05-21,2024-05-25,667,655,7,24.07,16054.69,Medium,Sea
SHP005172,SUP009,PRD018,WH03,2025-01-15,2025-01-24,2025-01-22,502,501,9,68.78,34527.56,Medium,Sea
SHP005173,SUP013,PRD001,WH04,2024-10-19,2024-10-31,2024-10-31,242,242,6,149.33,36137.86,Medium,Road
SHP005174,SUP006,PRD013,WH03,2024-07-13,2024-07-26,2024-07-27,404,404,2,86.42,34913.68,Medium,Road
SHP005175,SUP015,PRD002,WH05,2024-08-15,2024-08-18,2024-08-18,671,660,27,6.8,4562.8,Medium,Road
SHP005176,SUP019,PRD015,WH01,2025-03-06,2025-03-11,2025-03-13,917,906,22,67.31,61723.27,High,Road
SHP005177,SUP015,PRD015,WH03,2025-03-11,2025-03-31,2025-03-31,513,512,24,107.52,55157.76,Medium,Rail
SHP005178,SUP018,PRD015,WH06,2025-04-05,2025-04-23,2025-04-23,823,809,39,110.03,90554.69,Medium,Road
SHP005179,SUP007,PRD018,WH05,2025-09-09,2025-09-28,2025-09-26,384,380,4,101.76,39075.84,Low,Sea
SHP005180,SUP011,PRD015,WH01,2024-01-21,2024-01-29,2024-01-27,70,70,0,84.82,5937.4,Low,Rail
SHP005181,SUP008,PRD015,WH04,2024-03-04,2024-03-18,2024-03-17,760,759,17,28.56,21705.6,Low,Rail
SHP005182,SUP006,PRD005,WH06,2024-06-13,2024-06-20,2024-06-19,808,795,0,32.94,26615.52,Medium,Sea
SHP005183,SUP008,PRD020,WH02,2024-01-27,2024-02-08,2024-02-08,726,713,13,54.35,39458.1,High,Road
SHP005184,SUP002,PRD018,WH01,2024-11-06,2024-11-18,2024-11-21,268,265,5,88.2,23637.6,Low,Sea
SHP005185,SUP019,PRD025,WH01,2024-10-11,2024-10-21,2024-10-23,343,339,11,114.95,39427.85,Medium,Road
SHP005186,SUP016,PRD007,WH06,2025-10-21,2025-11-07,2025-11-08,354,350,8,93.25,33010.5,Medium,Road
SHP005187,SUP007,PRD025,WH03,2024-10-07,2024-10-27,2024-10-26,563,562,6,24.51,13799.13,Low,Sea
SHP005188,SUP010,PRD011,WH04,2024-06-12,2024-06-26,2024-06-27,105,104,1,140.47,14749.35,Low,Rail
SHP005189,SUP012,PRD004,WH02,2024-08-11,2024-08-17,2024-08-17,480,475,11,103.86,49852.8,Low,Rail
SHP005190,SUP017,PRD013,WH03,2024-05-25,2024-06-03,2024-06-04,147,146,3,135.5,19918.5,Medium,Rail
SHP005191,SUP007,PRD021,WH06,2024-01-30,2024-02-11,2024-02-14,373,372,2,42.72,15934.56,Low,Road
SHP005192,SUP008,PRD008,WH02,2024-02-14,2024-02-17,2024-02-19,283,279,5,55.31,15652.73,Low,Road
SHP005193,SUP007,PRD007,WH04,2025-04-15,2025-04-22,2025-04-24,325,321,2,120.96,39312.0,Low,Road
SHP005194,SUP004,PRD002,WH04,2024-02-03,2024-02-12,2024-02-12,477,471,5,81.94,39085.38,High,Sea
SHP005195,SUP003,PRD020,WH04,2025-10-14,2025-10-20,2025-10-18,564,561,5,60.67,34217.88,Medium,Road
SHP005196,SUP019,PRD017,WH04,2025-03-02,2025-03-10,2025-03-12,620,609,21,34.75,21545.0,Low,Road
SHP005197,SUP015,PRD008,WH01,2024-08-08,2024-08-19,2024-08-22,745,735,33,10.58,7882.1,High,Road
SHP005198,SUP004,PRD012,WH02,2025-06-17,2025-06-30,2025-07-02,485,477,7,70.96,34415.6,Medium,Road
SHP005199,SUP009,PRD001,WH05,2025-11-22,2025-12-11,2025-12-11,195,193,0,71.23,13889.85,Medium,Road
SHP005200,SUP013,PRD017,WH04,2025-01-01,2025-01-07,2025-01-09,900,893,24,109.15,98235.0,High,Road
SHP005201,SUP018,PRD017,WH02,2025-07-03,2025-07-11,2025-07-12,717,709,19,6.56,4703.52,High,Road
SHP005202,SUP016,PRD010,WH04,2025-08-04,2025-08-07,2025-08-10,577,577,5,34.6,19964.2,Low,Sea
SHP005203,SUP001,PRD023,WH04,2024-04-25,2024-05-03,2024-05-04,117,117,0,140.09,16390.53,High,Air
SHP005204,SUP004,PRD005,WH02,2024-08-26,2024-09-03,2024-09-06,841,830,11,4.03,3389.23,Low,Road
SHP005205,SUP018,PRD007,WH03,2024-11-30,2024-12-07,2024-12-09,321,321,13,27.45,8811.45,Medium,Road
SHP005206,SUP008,PRD008,WH03,2025-03-16,2025-03-30,2025-03-28,792,787,14,76.49,60580.08,High,Road
SHP005207,SUP020,PRD008,WH01,2024-05-27,2024-06-15,2024-06-16,762,755,28,14.31,10904.22,Low,Air
SHP005208,SUP016,PRD008,WH02,2024-01-09,2024-01-16,2024-01-17,161,161,2,98.39,15840.79,Medium,Sea
SHP005209,SUP011,PRD002,WH03,2024-10-14,2024-10-17,2024-10-18,126,125,3,68.11,8581.86,Medium,Road
SHP005210,SUP020,PRD011,WH05,2025-01-22,2025-02-02,2025-02-07,26,26,0,71.25,1852.5,High,Road
SHP005211,SUP019,PRD018,WH04,2024-02-19,2024-02-22,2024-02-23,184,184,5,37.08,6822.72,Medium,Road
SHP005212,SUP019,PRD017,WH05,2025-05-31,2025-06-18,2025-06-22,53,53,1,63.82,3382.46,Medium,Sea
SHP005213,SUP018,PRD017,WH05,2025-09-29,2025-10-19,2025-10-19,112,111,3,79.98,8957.76,High,Sea
SHP005214,SUP019,PRD001,WH06,2025-08-09,2025-08-24,2025-08-23,982,980,30,75.33,73974.06,Low,Sea
SHP005215,SUP011,PRD010,WH02,2025-11-07,2025-11-14,2025-11-18,412,409,5,45.83,18881.96,Medium,Road
SHP005216,SUP003,PRD002,WH04,2024-10-04,2024-10-11,2024-10-09,164,163,2,22.77,3734.28,Low,Air
SHP005217,SUP008,PRD003,WH02,2024-10-26,2024-11-03,2024-11-04,312,310,9,99.72,31112.64,Low,Rail
SHP005218,SUP020,PRD019,WH04,2025-08-11,2025-08-16,2025-08-19,180,179,4,20.81,3745.8,Medium,Sea
SHP005219,SUP019,PRD018,WH01,2025-10-10,2025-10-17,2025-10-19,143,143,6,13.78,1970.54,Low,Rail
SHP005220,SUP010,PRD017,WH06,2025-09-09,2025-09-20,2025-09-23,537,530,1,38.44,20642.28,Low,Sea
SHP005221,SUP016,PRD020,WH03,2025-08-29,2025-09-18,2025-09-21,402,402,10,117.29,47150.58,High,Road
SHP005222,SUP005,PRD018,WH06,2024-05-14,2024-05-21,2024-05-21,389,386,0,74.78,29089.42,Medium,Road
SHP005223,SUP020,PRD025,WH06,2025-08-02,2025-08-13,2025-08-14,662,659,16,10.23,6772.26,Low,Road
SHP005224,SUP009,PRD018,WH05,2024-05-26,2024-05-29,2024-05-27,908,901,7,111.4,101151.2,High,Road
SHP005225,SUP008,PRD008,WH04,2025-05-04,2025-05-18,2025-05-18,338,334,6,140.93,47634.34,Medium,Road
SHP005226,SUP011,PRD025,WH04,2025-04-22,2025-05-09,2025-05-09,718,709,12,64.18,46081.24,Medium,Road
SHP005227,SUP016,PRD005,WH04,2024-06-07,2024-06-14,2024-06-15,104,103,2,138.07,14359.28,Medium,Road
SHP005228,SUP007,PRD013,WH01,2025-01-18,2025-01-24,2025-01-24,453,445,8,16.41,7433.73,High,Rail
SHP005229,SUP015,PRD020,WH06,2024-06-11,2024-06-17,2024-06-22,267,266,8,81.76,21829.92,Medium,Road
SHP005230,SUP020,PRD016,WH04,2025-03-16,2025-03-19,2025-03-17,415,415,7,109.82,45575.3,Medium,Rail
SHP005231,SUP017,PRD004,WH02,2024-07-07,2024-07-18,2024-07-19,789,788,19,51.28,40459.92,High,Road
SHP005232,SUP006,PRD020,WH03,2025-02-18,2025-03-05,2025-03-07,953,938,4,140.86,134239.58,Medium,Road
SHP005233,SUP015,PRD009,WH05,2024-12-04,2024-12-17,2024-12-25,403,400,18,113.57,45768.71,High,Rail
SHP005234,SUP008,PRD015,WH02,2025-08-29,2025-09-13,2025-09-15,997,982,23,30.06,29969.82,Low,Road
SHP005235,SUP007,PRD004,WH06,2024-06-29,2024-07-02,2024-07-01,824,809,6,19.64,16183.36,Medium,Rail
SHP005236,SUP002,PRD007,WH05,2024-10-14,2024-10-24,2024-10-22,32,32,0,141.36,4523.52,Medium,Sea
SHP005237,SUP013,PRD010,WH05,2024-07-05,2024-07-09,2024-07-13,395,389,11,113.93,45002.35,Medium,Sea
SHP005238,SUP006,PRD020,WH05,2024-05-17,2024-05-24,2024-05-25,65,65,0,40.85,2655.25,Medium,Rail
SHP005239,SUP005,PRD024,WH03,2024-05-09,2024-05-29,2024-05-30,915,900,10,125.87,115171.05,Low,Sea
SHP005240,SUP020,PRD021,WH01,2024-07-12,2024-07-25,2024-07-30,645,642,21,139.34,89874.3,Medium,Road
SHP005241,SUP001,PRD001,WH04,2024-11-11,2024-11-18,2024-11-17,379,375,5,21.24,8049.96,High,Road
SHP005242,SUP018,PRD013,WH04,2024-05-23,2024-06-12,2024-06-16,129,129,2,119.41,15403.89,Medium,Road
SHP005243,SUP015,PRD019,WH06,2024-01-16,2024-01-29,2024-01-30,640,631,37,34.14,21849.6,Medium,Road
SHP005244,SUP010,PRD012,WH02,2024-10-28,2024-11-03,2024-11-02,936,933,3,72.19,67569.84,Low,Sea
SHP005245,SUP003,PRD002,WH03,2025-02-26,2025-03-18,2025-03-19,865,864,18,117.11,101300.15,Low,Road
SHP005246,SUP005,PRD011,WH05,2024-09-01,2024-09-07,2024-09-05,570,565,2,99.83,56903.1,High,Air
SHP005247,SUP013,PRD024,WH04,2024-04-16,2024-04-20,2024-04-22,601,594,6,27.17,16329.17,Medium,Air
SHP005248,SUP008,PRD005,WH05,2024-03-28,2024-04-15,2024-04-14,823,817,10,142.47,117252.81,Medium,Sea
SHP005249,SUP002,PRD015,WH01,2024-05-08,2024-05-22,2024-05-22,517,513,19,55.9,28900.3,High,Sea
SHP005250,SUP009,PRD009,WH02,2024-12-06,2024-12-26,2024-12-26,624,619,14,147.57,92083.68,Low,Rail
SHP005251,SUP017,PRD004,WH01,2024-01-04,2024-01-09,2024-01-11,701,690,3,108.67,76177.67,Low,Road
SHP005252,SUP018,PRD017,WH04,2024-11-22,2024-11-26,2024-11-24,132,131,3,47.66,6291.12,Low,Sea
SHP005253,SUP013,PRD016,WH05,2025-02-13,2025-02-24,2025-02-23,144,144,3,10.22,1471.68,Medium,Road
SHP005254,SUP001,PRD007,WH03,2024-11-01,2024-11-06,2024-11-08,367,363,10,50.66,18592.22,Low,Air
SHP005255,SUP012,PRD010,WH02,2025-08-29,2025-09-10,2025-09-13,600,594,16,96.42,57852.0,Medium,Road
SHP005256,SUP020,PRD017,WH02,2024-08-12,2024-08-19,2024-08-21,721,720,24,84.22,60722.62,High,Sea
SHP005257,SUP020,PRD007,WH06,2024-12-13,2025-01-01,2025-01-05,691,689,25,33.14,22899.74,Medium,Sea
SHP005258,SUP005,PRD020,WH05,2024-11-16,2024-12-04,2024-12-04,64,64,0,19.17,1226.88,High,Road
SHP005259,SUP008,PRD023,WH06,2025-07-12,2025-07-30,2025-07-29,488,484,7,105.36,51415.68,Low,Road
SHP005260,SUP015,PRD024,WH04,2024-06-29,2024-07-08,2024-07-16,680,676,21,109.04,74147.2,Low,Rail
SHP005261,SUP003,PRD012,WH04,2025-09-09,2025-09-22,2025-09-20,878,875,13,124.36,109188.08,Medium,Road
SHP005262,SUP006,PRD013,WH06,2025-01-20,2025-02-03,2025-02-03,514,514,2,106.58,54782.12,Medium,Road
SHP005263,SUP013,PRD009,WH03,2025-09-09,2025-09-27,2025-09-25,811,802,35,54.96,44572.56,Low,Road
SHP005264,SUP012,PRD025,WH05,2024-04-17,2024-04-22,2024-04-24,683,680,18,120.13,82048.79,Medium,Road
SHP005265,SUP019,PRD022,WH03,2025-06-14,2025-06-22,2025-06-26,77,77,2,8.56,659.12,Medium,Road
SHP005266,SUP018,PRD001,WH04,2025-02-13,2025-02-16,2025-02-18,168,168,5,43.49,7306.32,Medium,Air
SHP005267,SUP001,PRD021,WH05,2024-10-22,2024-10-29,2024-10-31,762,758,9,87.5,66675.0,Low,Road
SHP005268,SUP007,PRD019,WH02,2024-06-19,2024-07-03,2024-07-03,938,938,14,51.12,47950.56,Medium,Road
SHP005269,SUP012,PRD014,WH04,2024-11-26,2024-12-08,2024-12-12,532,528,11,144.93,77102.76,Medium,Road
SHP005270,SUP010,PRD021,WH03,2025-05-07,2025-05-17,2025-05-19,362,356,0,110.45,39982.9,High,Rail
SHP005271,SUP012,PRD013,WH01,2024-07-13,2024-07-22,2024-07-22,847,842,28,130.03,110135.41,Medium,Rail
SHP005272,SUP011,PRD016,WH01,2024-01-12,2024-01-17,2024-01-22,853,846,8,41.22,35160.66,Medium,Air
SHP005273,SUP004,PRD015,WH04,2024-07-13,2024-08-01,2024-07-31,488,486,5,78.13,38127.44,High,Rail
SHP005274,SUP019,PRD003,WH04,2025-05-04,2025-05-22,2025-05-24,773,762,28,143.79,111149.67,Low,Rail
SHP005275,SUP006,PRD011,WH05,2024-06-30,2024-07-06,2024-07-06,435,432,6,25.39,11044.65,Low,Road
SHP005276,SUP009,PRD006,WH06,2025-10-17,2025-10-30,2025-10-28,797,790,18,51.23,40830.31,High,Road
SHP005277,SUP020,PRD017,WH03,2024-11-11,2024-11-29,2024-12-03,990,973,31,28.96,28670.4,Medium,Rail
SHP005278,SUP010,PRD010,WH02,2025-11-24,2025-12-13,2025-12-13,691,680,6,27.39,18926.49,Medium,Rail
SHP005279,SUP005,PRD011,WH05,2024-01-30,2024-02-06,2024-02-05,270,268,0,30.69,8286.3,Medium,Road
SHP005280,SUP013,PRD002,WH04,2025-08-18,2025-09-03,2025-09-03,448,445,13,96.14,43070.72,Low,Road
SHP005281,SUP009,PRD018,WH03,2025-11-08,2025-11-18,2025-11-19,191,190,1,77.28,14760.48,Medium,Sea
SHP005282,SUP002,PRD025,WH04,2024-04-05,2024-04-08,2024-04-11,311,310,10,74.09,23041.99,Medium,Sea
SHP005283,SUP018,PRD005,WH01,2025-01-15,2025-01-24,2025-01-27,545,541,11,129.81,70746.45,Low,Road
SHP005284,SUP001,PRD015,WH06,2025-03-19,2025-03-28,2025-03-30,553,549,3,43.62,24121.86,Low,Road
SHP005285,SUP012,PRD009,WH03,2024-10-24,2024-11-07,2024-11-11,287,285,6,93.06,26708.22,Low,Sea
SHP005286,SUP010,PRD003,WH04,2024-12-26,2025-01-13,2025-01-13,870,860,0,14.67,12762.9,High,Road
SHP005287,SUP002,PRD018,WH02,2025-01-08,2025-01-22,2025-01-24,574,574,15,119.84,68788.16,Low,Road
SHP005288,SUP009,PRD003,WH05,2025-07-07,2025-07-11,2025-07-17,94,94,1,131.16,12329.04,Low,Road
SHP005289,SUP002,PRD014,WH06,2024-10-29,2024-11-11,2024-11-13,993,982,23,113.18,112387.74,Low,Road
SHP005290,SUP014,PRD006,WH01,2025-02-24,2025-03-08,2025-03-09,35,35,1,145.28,5084.8,High,Road
SHP005291,SUP011,PRD003,WH04,2024-09-02,2024-09-08,2024-09-09,981,970,7,139.66,137006.46,Medium,Sea
SHP005292,SUP011,PRD004,WH01,2024-08-24,2024-09-10,2024-09-12,138,137,3,15.25,2104.5,Medium,Road
SHP005293,SUP017,PRD012,WH01,2025-06-17,2025-07-02,2025-07-02,458,456,14,66.18,30310.44,Medium,Road
SHP005294,SUP004,PRD019,WH04,2024-07-03,2024-07-18,2024-07-18,370,369,13,12.55,4643.5,Medium,Air
SHP005295,SUP013,PRD011,WH05,2025-04-12,2025-04-20,2025-04-22,212,212,11,81.92,17367.04,Low,Road
SHP005296,SUP007,PRD016,WH04,2024-12-28,2025-01-13,2025-01-13,292,290,1,38.68,11294.56,Medium,Road
SHP005297,SUP016,PRD010,WH04,2024-10-09,2024-10-18,2024-10-16,135,135,5,145.62,19658.7,Medium,Road
SHP005298,SUP001,PRD012,WH05,2025-07-06,2025-07-18,2025-07-16,709,698,2,45.17,32025.53,Medium,Road
SHP005299,SUP013,PRD008,WH05,2024-12-01,2024-12-15,2024-12-14,520,518,14,128.8,66976.0,High,Road
SHP005300,SUP001,PRD017,WH03,2024-06-10,2024-06-23,2024-06-24,387,384,5,57.54,22267.98,Low,Sea
SHP005301,SUP011,PRD003,WH06,2024-06-08,2024-06-24,2024-06-24,372,367,7,7.67,2853.24,Low,Road
SHP005302,SUP006,PRD025,WH06,2025-04-18,2025-05-02,2025-05-03,136,136,1,113.21,15396.56,Low,Road
SHP005303,SUP020,PRD019,WH03,2025-08-23,2025-09-03,2025-09-03,237,235,7,4.41,1045.17,Low,Sea
SHP005304,SUP003,PRD018,WH05,2024-11-17,2024-12-02,2024-11-30,975,960,16,120.33,117321.75,Medium,Rail
SHP005305,SUP012,PRD025,WH03,2024-01-12,2024-01-30,2024-02-02,396,394,6,91.88,36384.48,Medium,Road
SHP005306,SUP005,PRD021,WH02,2025-02-27,2025-03-13,2025-03-12,738,732,0,20.36,15025.68,Medium,Rail
SHP005307,SUP009,PRD016,WH03,2024-03-13,2024-03-28,2024-03-28,995,986,13,7.4,7363.0,Medium,Road
SHP005308,SUP012,PRD002,WH01,2025-08-10,2025-08-27,2025-08-28,945,941,31,141.32,133547.4,Medium,Road
SHP005309,SUP010,PRD016,WH05,2024-07-19,2024-07-26,2024-07-24,313,310,2,127.68,39963.84,High,Rail
SHP005310,SUP019,PRD004,WH01,2025-06-05,2025-06-25,2025-06-28,564,554,18,14.73,8307.72,Low,Road
SHP005311,SUP005,PRD014,WH01,2025-05-19,2025-06-06,2025-06-05,130,130,0,76.15,9899.5,Medium,Road
SHP005312,SUP005,PRD021,WH05,2025-11-18,2025-12-02,2025-12-02,778,775,8,122.19,95063.82,Medium,Sea
SHP005313,SUP009,PRD021,WH01,2024-02-08,2024-02-19,2024-02-18,486,479,5,24.39,11853.54,Low,Rail
SHP005314,SUP020,PRD005,WH06,2024-02-29,2024-03-10,2024-03-12,933,933,36,45.65,42591.45,High,Road
SHP005315,SUP017,PRD018,WH04,2025-07-31,2025-08-04,2025-08-04,258,256,8,68.56,17688.48,Medium,Sea
SHP005316,SUP010,PRD001,WH05,2024-11-16,2024-11-25,2024-11-23,776,774,0,129.02,100119.52,Low,Sea
SHP005317,SUP001,PRD018,WH02,2025-03-10,2025-03-16,2025-03-16,954,941,0,84.57,80679.78,Medium,Rail
SHP005318,SUP016,PRD001,WH06,2025-09-27,2025-10-04,2025-10-07,289,289,8,2.56,739.84,High,Road
SHP005319,SUP015,PRD006,WH06,2025-11-06,2025-11-18,2025-11-18,990,978,31,144.7,143253.0,Medium,Sea
SHP005320,SUP017,PRD010,WH05,2025-02-11,2025-02-22,2025-02-24,247,246,6,144.12,35597.64,Medium,Sea
SHP005321,SUP020,PRD004,WH03,2025-01-20,2025-02-06,2025-02-04,569,562,12,20.19,11488.11,Low,Rail
SHP005322,SUP013,PRD015,WH01,2025-11-01,2025-11-07,2025-11-08,187,185,6,52.04,9731.48,High,Road
SHP005323,SUP001,PRD014,WH04,2025-07-22,2025-08-09,2025-08-10,452,452,0,99.67,45050.84,Medium,Road
SHP005324,SUP008,PRD024,WH04,2024-03-18,2024-04-06,2024-04-04,528,526,7,123.47,65192.16,Medium,Road
SHP005325,SUP005,PRD014,WH01,2024-07-12,2024-07-16,2024-07-17,144,144,0,89.33,12863.52,Medium,Sea
SHP005326,SUP006,PRD006,WH05,2024-10-11,2024-10-19,2024-10-17,789,788,6,31.02,24474.78,Low,Road
SHP005327,SUP020,PRD020,WH04,2025-06-10,2025-06-22,2025-06-26,64,64,1,72.03,4609.92,Medium,Road
SHP005328,SUP014,PRD020,WH03,2025-06-07,2025-06-15,2025-06-15,45,45,0,107.07,4818.15,Medium,Sea
SHP005329,SUP011,PRD016,WH05,2025-09-04,2025-09-12,2025-09-14,883,869,8,40.18,35478.94,Low,Road
SHP005330,SUP006,PRD025,WH06,2024-06-04,2024-06-14,2024-06-16,524,519,0,85.12,44602.88,High,Sea
SHP005331,SUP011,PRD002,WH05,2024-12-05,2024-12-14,2024-12-14,941,934,15,122.67,115432.47,Medium,Sea
SHP005332,SUP013,PRD014,WH06,2024-05-04,2024-05-18,2024-05-22,752,743,17,72.31,54377.12,Low,Rail
SHP005333,SUP012,PRD020,WH06,2024-10-06,2024-10-24,2024-10-23,147,146,3,146.91,21595.77,Medium,Sea
SHP005334,SUP002,PRD002,WH01,2025-09-13,2025-10-03,2025-10-04,729,720,5,111.19,81057.51,Low,Road
SHP005335,SUP003,PRD003,WH05,2025-10-19,2025-11-03,2025-11-02,595,590,11,130.08,77397.6,Medium,Road
SHP005336,SUP004,PRD018,WH04,2025-11-04,2025-11-17,2025-11-20,594,592,12,40.79,24229.26,Low,Road
SHP005337,SUP017,PRD007,WH01,2024-05-07,2024-05-21,2024-05-22,872,868,16,106.63,92981.36,Medium,Road
SHP005338,SUP006,PRD024,WH04,2024-11-09,2024-11-15,2024-11-18,546,539,0,61.35,33497.1,Medium,Road
SHP005339,SUP007,PRD014,WH03,2024-11-27,2024-12-17,2024-12-15,483,478,12,72.47,35003.01,Medium,Road
SHP005340,SUP015,PRD017,WH01,2024-05-29,2024-06-16,2024-06-16,910,908,26,43.78,39839.8,High,Air
SHP005341,SUP011,PRD021,WH06,2025-03-29,2025-04-18,2025-04-20,812,797,12,116.1,94273.2,Medium,Road
SHP005342,SUP003,PRD009,WH03,2024-02-05,2024-02-20,2024-02-19,327,324,9,44.86,14669.22,High,Road
SHP005343,SUP006,PRD007,WH03,2025-11-15,2025-11-20,2025-11-18,666,663,5,39.55,26340.3,High,Rail
SHP005344,SUP002,PRD021,WH02,2025-02-23,2025-03-07,2025-03-07,101,100,1,8.93,901.93,Low,Air
SHP005345,SUP014,PRD025,WH05,2024-01-22,2024-02-10,2024-02-12,348,343,17,10.55,3671.4,High,Rail
SHP005346,SUP009,PRD017,WH02,2024-07-24,2024-08-12,2024-08-12,149,149,2,139.1,20725.9,Medium,Road
SHP005347,SUP018,PRD003,WH03,2025-09-30,2025-10-11,2025-10-15,867,851,20,80.45,69750.15,Medium,Road
SHP005348,SUP019,PRD005,WH02,2024-12-21,2024-12-25,2024-12-24,827,820,26,99.0,81873.0,Medium,Road
SHP005349,SUP012,PRD012,WH06,2025-03-15,2025-04-04,2025-04-08,510,507,15,8.79,4482.9,Medium,Rail
SHP005350,SUP013,PRD016,WH05,2024-04-05,2024-04-19,2024-04-19,947,932,15,41.48,39281.56,High,Road
SHP005351,SUP012,PRD020,WH04,2024-06-12,2024-06-28,2024-06-30,887,877,27,123.68,109704.16,Medium,Road
SHP005352,SUP012,PRD019,WH02,2024-05-27,2024-06-07,2024-06-07,979,962,16,112.98,110607.42,Medium,Rail
SHP005353,SUP018,PRD013,WH06,2025-06-13,2025-06-28,2025-07-03,959,948,29,56.23,53924.57,High,Sea
SHP005354,SUP009,PRD017,WH03,2024-10-20,2024-11-02,2024-11-03,14,14,0,33.15,464.1,Low,Sea
SHP005355,SUP017,PRD013,WH06,2024-07-13,2024-07-27,2024-07-26,742,739,15,76.61,56844.62,High,Rail
SHP005356,SUP016,PRD014,WH05,2025-10-24,2025-11-13,2025-11-14,522,514,14,119.6,62431.2,Medium,Air
SHP005357,SUP017,PRD016,WH04,2025-04-24,2025-05-03,2025-05-03,715,709,23,7.8,5577.0,Medium,Road
SHP005358,SUP008,PRD010,WH04,2024-05-02,2024-05-19,2024-05-18,32,32,0,8.37,267.84,Medium,Sea
SHP005359,SUP011,PRD024,WH06,2025-02-03,2025-02-21,2025-02-24,895,888,16,7.95,7115.25,High,Sea
SHP005360,SUP002,PRD004,WH02,2025-11-29,2025-12-06,2025-12-09,721,716,23,61.79,44550.59,Low,Road
SHP005361,SUP008,PRD023,WH06,2025-03-27,2025-04-15,2025-04-16,821,821,24,148.32,121770.72,Medium,Sea
SHP005362,SUP012,PRD006,WH03,2025-10-22,2025-10-29,2025-10-28,291,290,7,18.94,5511.54,Medium,Sea
SHP005363,SUP001,PRD005,WH01,2024-04-13,2024-04-18,2024-04-20,800,788,0,17.91,14328.0,Medium,Sea
SHP005364,SUP013,PRD021,WH03,2025-04-06,2025-04-26,2025-04-29,382,376,9,123.89,47325.98,High,Sea
SHP005365,SUP017,PRD019,WH04,2025-01-30,2025-02-13,2025-02-13,740,738,21,65.36,48366.4,Low,Road
SHP005366,SUP014,PRD016,WH05,2024-12-02,2024-12-07,2024-12-06,380,378,9,64.35,24453.0,Medium,Sea
SHP005367,SUP014,PRD005,WH06,2025-08-21,2025-09-06,2025-09-04,65,65,2,12.56,816.4,Medium,Road
SHP005368,SUP016,PRD024,WH04,2024-05-21,2024-06-09,2024-06-11,268,268,10,25.22,6758.96,Low,Rail
SHP005369,SUP017,PRD024,WH05,2024-11-12,2024-11-18,2024-11-20,107,106,3,130.83,13998.81,Low,Sea
SHP005370,SUP006,PRD004,WH05,2025-07-11,2025-07-28,2025-07-26,833,821,11,31.99,26647.67,High,Road
SHP005371,SUP007,PRD024,WH04,2025-06-10,2025-06-21,2025-06-19,800,787,0,60.0,48000.0,Low,Sea
SHP005372,SUP001,PRD004,WH01,2025-07-09,2025-07-25,2025-07-24,481,479,5,69.31,33338.11,Medium,Road
SHP005373,SUP015,PRD019,WH04,2025-02-04,2025-02-20,2025-02-27,723,722,22,149.94,108406.62,Medium,Sea
SHP005374,SUP020,PRD006,WH06,2025-11-11,2025-11-20,2025-11-23,763,754,21,125.55,95794.65,High,Air
SHP005375,SUP018,PRD017,WH01,2024-11-05,2024-11-12,2024-11-12,316,313,7,119.7,37825.2,Low,Air
SHP005376,SUP013,PRD025,WH01,2025-05-09,2025-05-28,2025-05-29,848,837,26,122.6,103964.8,Medium,Road
SHP005377,SUP002,PRD004,WH06,2025-07-09,2025-07-21,2025-07-22,674,665,17,31.68,21352.32,Medium,Road
SHP005378,SUP019,PRD001,WH06,2025-09-01,2025-09-05,2025-09-11,842,830,28,134.98,113653.16,Medium,Air
SHP005379,SUP015,PRD024,WH03,2024-04-18,2024-05-04,2024-05-10,76,76,0,114.55,8705.8,Medium,Road
SHP005380,SUP012,PRD003,WH06,2025-01-06,2025-01-10,2025-01-13,739,733,17,69.39,51279.21,Low,Sea
SHP005381,SUP015,PRD013,WH05,2025-09-07,2025-09-12,2025-09-17,352,351,18,60.86,21422.72,Low,Sea
SHP005382,SUP018,PRD016,WH05,2024-07-24,2024-08-04,2024-08-06,131,131,6,77.11,10101.41,Medium,Air
SHP005383,SUP014,PRD010,WH05,2024-02-12,2024-02-29,2024-03-01,387,383,11,73.86,28583.82,Low,Road
SHP005384,SUP006,PRD008,WH01,2024-09-01,2024-09-17,2024-09-18,618,614,0,114.47,70742.46,Low,Road
SHP005385,SUP012,PRD002,WH01,2024-10-13,2024-10-20,2024-10-22,692,691,23,117.37,81220.04,Low,Sea
SHP005386,SUP020,PRD004,WH06,2024-12-20,2025-01-03,2025-01-10,739,727,16,47.37,35006.43,Low,Road
SHP005387,SUP006,PRD019,WH04,2025-04-20,2025-05-09,2025-05-07,933,921,24,66.04,61615.32,Medium,Rail
SHP005388,SUP009,PRD009,WH02,2024-03-23,2024-03-26,2024-03-26,917,914,0,49.35,45253.95,Low,Rail
SHP005389,SUP004,PRD023,WH02,2024-04-19,2024-05-01,2024-05-01,392,387,8,54.14,21222.88,High,Air
SHP005390,SUP017,PRD006,WH06,2024-07-08,2024-07-12,2024-07-12,515,507,5,122.62,63149.3,Low,Road
SHP005391,SUP002,PRD009,WH03,2024-09-07,2024-09-12,2024-09-17,496,493,12,18.63,9240.48,Low,Road
SHP005392,SUP016,PRD021,WH04,2024-10-17,2024-10-26,2024-10-29,487,486,1,42.14,20522.18,Medium,Air
SHP005393,SUP014,PRD020,WH04,2025-10-06,2025-10-13,2025-10-15,612,603,26,59.55,36444.6,Medium,Road
SHP005394,SUP008,PRD013,WH05,2024-07-19,2024-07-23,2024-07-24,838,826,12,18.21,15259.98,Medium,Sea
SHP005395,SUP014,PRD013,WH04,2024-11-21,2024-12-07,2024-12-09,686,674,20,8.76,6009.36,Medium,Road
SHP005396,SUP002,PRD016,WH03,2025-05-25,2025-06-13,2025-06-16,443,437,10,79.72,35315.96,Low,Road
SHP005397,SUP016,PRD019,WH03,2025-02-12,2025-02-24,2025-02-27,205,203,1,146.01,29932.05,Medium,Road
SHP005398,SUP004,PRD015,WH02,2025-08-29,2025-09-18,2025-09-18,218,215,9,37.57,8190.26,Medium,Road
SHP005399,SUP001,PRD004,WH06,2025-05-22,2025-05-25,2025-05-29,987,987,0,52.45,51768.15,High,Rail
SHP005400,SUP020,PRD015,WH02,2025-08-23,2025-08-31,2025-09-01,474,466,17,103.66,49134.84,Medium,Sea
SHP005401,SUP014,PRD003,WH04,2024-03-12,2024-03-27,2024-03-29,419,417,21,24.33,10194.27,Low,Road
SHP005402,SUP008,PRD012,WH05,2024-09-03,2024-09-22,2024-09-22,353,349,6,105.88,37375.64,Medium,Sea
SHP005403,SUP003,PRD010,WH02,2025-10-02,2025-10-10,2025-10-11,263,261,5,130.62,34353.06,High,Sea
SHP005404,SUP005,PRD003,WH04,2025-08-30,2025-09-03,2025-09-02,628,625,0,40.68,25547.04,Medium,Road
SHP005405,SUP006,PRD014,WH02,2025-08-09,2025-08-23,2025-08-26,274,270,0,109.47,29994.78,High,Road
SHP005406,SUP008,PRD022,WH01,2025-07-19,2025-07-30,2025-07-30,443,441,4,57.25,25361.75,Medium,Rail
SHP005407,SUP006,PRD015,WH05,2024-12-09,2024-12-19,2024-12-21,151,150,0,86.07,12996.57,Low,Road
SHP005408,SUP006,PRD005,WH03,2024-02-23,2024-03-13,2024-03-15,567,567,5,115.33,65392.11,Low,Road
SHP005409,SUP004,PRD023,WH06,2025-06-11,2025-06-15,2025-06-13,850,850,4,45.55,38717.5,High,Rail
SHP005410,SUP007,PRD014,WH01,2025-09-02,2025-09-19,2025-09-21,541,536,7,80.57,43588.37,Medium,Road
SHP005411,SUP019,PRD025,WH04,2025-06-15,2025-07-02,2025-07-04,319,317,8,4.31,1374.89,Medium,Road
SHP005412,SUP007,PRD008,WH06,2025-07-11,2025-07-30,2025-07-29,757,752,5,73.03,55283.71,Low,Road
SHP005413,SUP003,PRD017,WH01,2024-07-11,2024-07-29,2024-07-27,558,551,22,19.53,10897.74,Low,Road
SHP005414,SUP008,PRD007,WH03,2024-02-27,2024-03-07,2024-03-08,346,345,3,61.83,21393.18,Medium,Road
SHP005415,SUP001,PRD010,WH01,2025-03-12,2025-04-01,2025-04-02,256,253,1,67.28,17223.68,Medium,Sea
SHP005416,SUP001,PRD001,WH01,2024-04-20,2024-05-01,2024-05-01,175,173,4,18.68,3269.0,High,Sea
SHP005417,SUP014,PRD002,WH06,2024-05-08,2024-05-21,2024-05-22,969,957,26,142.81,138382.89,High,Road
SHP005418,SUP006,PRD025,WH06,2024-11-21,2024-11-25,2024-11-28,430,427,2,130.29,56024.7,Low,Road
SHP005419,SUP010,PRD010,WH05,2024-01-08,2024-01-26,2024-01-26,26,26,0,109.32,2842.32,Medium,Road
SHP005420,SUP014,PRD012,WH06,2024-01-29,2024-02-14,2024-02-16,818,814,24,99.31,81235.58,Low,Road
SHP005421,SUP004,PRD008,WH01,2024-04-21,2024-04-26,2024-04-25,429,425,0,138.31,59334.99,Low,Sea
SHP005422,SUP006,PRD005,WH02,2025-11-03,2025-11-23,2025-11-21,500,491,10,24.34,12170.0,Medium,Road
SHP005423,SUP016,PRD008,WH03,2024-05-10,2024-05-25,2024-05-23,802,788,14,19.63,15743.26,Low,Road
SHP005424,SUP001,PRD021,WH05,2024-07-06,2024-07-12,2024-07-10,177,175,4,99.37,17588.49,Medium,Road
SHP005425,SUP006,PRD002,WH01,2025-11-05,2025-11-09,2025-11-11,80,80,0,127.3,10184.0,Medium,Road
SHP005426,SUP009,PRD012,WH01,2025-04-19,2025-04-23,2025-04-22,413,409,10,109.23,45111.99,High,Road
SHP005427,SUP015,PRD007,WH05,2024-12-29,2025-01-02,2025-01-03,768,767,23,67.05,51494.4,Medium,Rail
SHP005428,SUP012,PRD020,WH04,2024-07-22,2024-08-04,2024-08-07,712,707,29,38.28,27255.36,Medium,Sea
SHP005429,SUP003,PRD025,WH05,2024-07-30,2024-08-14,2024-08-15,847,842,13,66.24,56105.28,Medium,Road
SHP005430,SUP011,PRD025,WH04,2025-09-12,2025-09-25,2025-09-25,155,155,2,45.65,7075.75,Low,Rail
SHP005431,SUP015,PRD001,WH01,2024-10-02,2024-10-22,2024-10-30,947,939,35,115.06,108961.82,Medium,Road
SHP005432,SUP003,PRD021,WH06,2024-03-13,2024-03-20,2024-03-22,806,805,6,18.71,15080.26,Low,Road
SHP005433,SUP014,PRD019,WH02,2025-11-09,2025-11-26,2025-12-01,537,531,16,5.71,3066.27,High,Road
SHP005434,SUP002,PRD012,WH04,2024-08-30,2024-09-16,2024-09-18,994,982,16,105.84,105204.96,High,Road
SHP005435,SUP004,PRD017,WH05,2024-04-11,2024-05-01,2024-04-29,735,730,13,83.44,61328.4,High,Sea
SHP005436,SUP019,PRD014,WH02,2025-11-15,2025-11-19,2025-11-22,388,382,20,23.01,8927.88,Medium,Sea
SHP005437,SUP012,PRD016,WH04,2024-06-19,2024-06-22,2024-06-24,654,644,4,144.82,94712.28,Medium,Road
SHP005438,SUP002,PRD020,WH06,2025-10-14,2025-10-28,2025-11-04,946,931,30,72.49,68575.54,Medium,Sea
SHP005439,SUP017,PRD009,WH06,2024-07-06,2024-07-17,2024-07-21,721,720,11,73.48,52979.08,Medium,Road
SHP005440,SUP003,PRD023,WH01,2025-03-16,2025-03-29,2025-03-27,770,756,3,78.61,60529.7,High,Road
SHP005441,SUP010,PRD004,WH05,2024-03-26,2024-04-07,2024-04-07,829,829,10,60.81,50411.49,Medium,Rail
SHP005442,SUP016,PRD001,WH06,2025-04-20,2025-04-27,2025-04-29,18,18,0,103.92,1870.56,Low,Road
SHP005443,SUP009,PRD012,WH06,2024-02-21,2024-02-25,2024-02-28,546,545,9,21.75,11875.5,Medium,Road
SHP005444,SUP011,PRD021,WH01,2024-04-20,2024-05-01,2024-04-29,887,874,22,40.09,35559.83,Medium,Sea
SHP005445,SUP015,PRD018,WH03,2024-02-12,2024-02-20,2024-02-18,912,903,30,102.72,93680.64,Medium,Road
SHP005446,SUP003,PRD005,WH02,2024-07-29,2024-08-03,2024-08-02,794,793,21,94.4,74953.6,Low,Road
SHP005447,SUP016,PRD002,WH01,2024-07-18,2024-07-26,2024-07-26,382,381,13,25.5,9741.0,Medium,Road
SHP005448,SUP012,PRD016,WH02,2025-09-18,2025-10-04,2025-10-03,569,562,6,111.2,63272.8,Medium,Road
SHP005449,SUP005,PRD021,WH05,2024-01-26,2024-02-12,2024-02-11,568,558,0,124.93,70960.24,High,Road
SHP005450,SUP007,PRD012,WH05,2024-10-25,2024-11-12,2024-11-12,33,33,0,40.88,1349.04,Medium,Sea
SHP005451,SUP009,PRD010,WH03,2024-03-17,2024-04-06,2024-04-07,828,818,16,96.45,79860.6,Low,Road
SHP005452,SUP018,PRD013,WH05,2024-05-16,2024-05-30,2024-06-02,716,711,27,127.99,91640.84,High,Rail
SHP005453,SUP008,PRD007,WH01,2024-01-20,2024-02-01,2024-01-30,122,121,0,135.97,16588.34,Medium,Road
SHP005454,SUP012,PRD004,WH01,2025-03-15,2025-03-24,2025-03-28,768,760,31,109.47,84072.96,High,Rail
SHP005455,SUP020,PRD005,WH04,2024-07-29,2024-08-09,2024-08-12,453,451,7,140.28,63546.84,Low,Sea
SHP005456,SUP002,PRD004,WH05,2025-07-04,2025-07-12,2025-07-14,370,369,11,109.49,40511.3,High,Sea
SHP005457,SUP010,PRD016,WH01,2025-03-10,2025-03-30,2025-03-31,691,691,0,31.1,21490.1,Low,Rail
SHP005458,SUP019,PRD023,WH04,2024-07-25,2024-08-08,2024-08-09,198,196,6,83.54,16540.92,Medium,Sea
SHP005459,SUP009,PRD007,WH06,2025-03-14,2025-03-28,2025-03-27,752,749,9,93.59,70379.68,Medium,Road
SHP005460,SUP008,PRD010,WH04,2025-10-27,2025-11-06,2025-11-04,937,937,16,117.56,110153.72,Low,Road
SHP005461,SUP001,PRD014,WH03,2024-02-11,2024-02-23,2024-02-25,65,65,0,65.95,4286.75,High,Sea
SHP005462,SUP006,PRD021,WH05,2025-02-14,2025-02-25,2025-02-27,148,148,0,94.93,14049.64,Medium,Rail
SHP005463,SUP012,PRD005,WH05,2025-06-06,2025-06-13,2025-06-15,613,605,20,114.35,70096.55,Low,Road
SHP005464,SUP019,PRD009,WH03,2025-09-01,2025-09-10,2025-09-16,182,182,4,87.49,15923.18,Medium,Road
SHP005465,SUP017,PRD025,WH02,2025-03-02,2025-03-11,2025-03-14,751,749,12,15.86,11910.86,Medium,Rail
SHP005466,SUP002,PRD005,WH01,2024-10-01,2024-10-05,2024-10-06,299,295,8,40.45,12094.55,Medium,Road
SHP005467,SUP011,PRD012,WH02,2025-03-23,2025-04-06,2025-04-06,285,285,2,54.63,15569.55,Medium,Road
SHP005468,SUP018,PRD012,WH01,2025-01-03,2025-01-17,2025-01-21,988,985,35,116.98,115576.24,Low,Sea
SHP005469,SUP011,PRD015,WH05,2024-08-07,2024-08-13,2024-08-13,463,455,8,121.45,56231.35,Low,Sea
SHP005470,SUP018,PRD011,WH03,2025-07-30,2025-08-03,2025-08-04,172,171,4,86.54,14884.88,Medium,Road
SHP005471,SUP008,PRD008,WH06,2024-08-19,2024-08-22,2024-08-23,838,823,10,85.34,71514.92,Medium,Road
SHP005472,SUP015,PRD009,WH04,2024-11-23,2024-11-30,2024-12-02,42,42,1,142.78,5996.76,High,Rail
SHP005473,SUP009,PRD011,WH05,2025-03-18,2025-03-22,2025-03-23,264,264,0,33.51,8846.64,High,Rail
SHP005474,SUP015,PRD001,WH04,2024-02-21,2024-03-12,2024-03-17,151,149,5,36.8,5556.8,Low,Road
SHP005475,SUP007,PRD015,WH05,2025-01-10,2025-01-21,2025-01-20,506,506,4,56.45,28563.7,Medium,Sea
SHP005476,SUP020,PRD010,WH01,2024-09-19,2024-09-28,2024-09-30,567,559,13,133.94,75943.98,Medium,Road
SHP005477,SUP013,PRD021,WH02,2024-09-23,2024-09-29,2024-09-27,849,839,36,83.07,70526.43,Medium,Road
SHP005478,SUP013,PRD007,WH03,2024-12-24,2025-01-01,2025-01-01,757,753,30,134.53,101839.21,Medium,Sea
SHP005479,SUP001,PRD019,WH04,2024-11-12,2024-11-25,2024-11-27,571,567,0,82.9,47335.9,Medium,Sea
SHP005480,SUP020,PRD014,WH03,2024-11-19,2024-11-29,2024-12-06,130,129,4,58.95,7663.5,Low,Road
SHP005481,SUP004,PRD022,WH06,2025-10-27,2025-11-08,2025-11-09,358,356,5,54.13,19378.54,Low,Road
SHP005482,SUP004,PRD023,WH04,2025-10-13,2025-10-26,2025-10-28,497,491,11,119.71,59495.87,Low,Sea
SHP005483,SUP004,PRD005,WH01,2025-07-16,2025-07-27,2025-07-29,220,217,5,65.98,14515.6,High,Road
SHP005484,SUP013,PRD011,WH04,2025-09-20,2025-09-24,2025-09-24,628,627,25,135.58,85144.24,Medium,Road
SHP005485,SUP002,PRD022,WH01,2025-02-24,2025-03-01,2025-02-28,655,651,20,134.7,88228.5,Medium,Road
SHP005486,SUP015,PRD006,WH04,2024-02-15,2024-02-29,2024-03-02,120,120,4,71.49,8578.8,Medium,Rail
SHP005487,SUP004,PRD003,WH01,2025-08-22,2025-09-01,2025-09-02,638,634,8,123.49,78786.62,Medium,Road
SHP005488,SUP006,PRD006,WH06,2024-09-25,2024-10-15,2024-10-15,837,829,15,145.62,121883.94,Medium,Rail
SHP005489,SUP003,PRD016,WH06,2025-08-23,2025-09-04,2025-09-05,575,575,12,3.66,2104.5,Medium,Road
SHP005490,SUP007,PRD017,WH05,2025-01-15,2025-01-28,2025-01-28,687,676,16,66.59,45747.33,Low,Rail
SHP005491,SUP006,PRD021,WH05,2024-04-27,2024-05-04,2024-05-06,284,283,5,26.18,7435.12,Medium,Rail
SHP005492,SUP003,PRD015,WH05,2025-07-19,2025-07-29,2025-07-30,633,623,4,148.22,93823.26,Medium,Rail
SHP005493,SUP004,PRD018,WH05,2024-04-25,2024-05-03,2024-05-01,685,676,9,129.32,88584.2,Low,Road
SHP005494,SUP010,PRD008,WH03,2025-09-21,2025-10-10,2025-10-09,647,638,1,7.6,4917.2,Medium,Road
SHP005495,SUP009,PRD025,WH06,2024-09-16,2024-09-27,2024-09-25,632,628,0,83.58,52822.56,Low,Sea
SHP005496,SUP006,PRD015,WH06,2024-03-15,2024-03-26,2024-03-28,827,812,8,79.08,65399.16,High,Sea
SHP005497,SUP020,PRD020,WH04,2025-04-24,2025-04-29,2025-04-29,935,933,28,82.09,76754.15,Medium,Rail
SHP005498,SUP011,PRD024,WH04,2024-10-31,2024-11-15,2024-11-15,525,520,15,135.68,71232.0,Medium,Road
SHP005499,SUP007,PRD013,WH03,2024-01-07,2024-01-27,2024-01-27,587,580,0,87.84,51562.08,Low,Road
SHP005500,SUP018,PRD009,WH05,2024-12-31,2025-01-10,2025-01-12,59,59,1,70.78,4176.02,High,Road
SHP005501,SUP004,PRD016,WH04,2025-09-25,2025-09-29,2025-09-30,193,192,7,20.32,3921.76,Low,Sea
SHP005502,SUP005,PRD014,WH06,2025-06-06,2025-06-23,2025-06-26,771,757,3,87.15,67192.65,High,Road
SHP005503,SUP004,PRD011,WH01,2024-12-13,2024-12-22,2024-12-24,888,878,19,37.67,33450.96,High,Road
SHP005504,SUP004,PRD009,WH02,2025-03-13,2025-04-02,2025-04-02,54,54,0,148.84,8037.36,Medium,Sea
SHP005505,SUP013,PRD005,WH02,2024-08-02,2024-08-06,2024-08-07,576,567,13,105.94,61021.44,Medium,Road
SHP005506,SUP016,PRD020,WH01,2025-03-04,2025-03-13,2025-03-14,216,213,1,59.2,12787.2,Medium,Rail
SHP005507,SUP014,PRD005,WH04,2025-05-12,2025-05-20,2025-05-20,417,412,12,92.95,38760.15,Medium,Road
SHP005508,SUP011,PRD020,WH02,2025-06-23,2025-07-08,2025-07-09,10,10,0,109.19,1091.9,Low,Road
SHP005509,SUP002,PRD003,WH02,2025-01-01,2025-01-17,2025-01-15,77,77,1,124.95,9621.15,Medium,Rail
SHP005510,SUP014,PRD025,WH01,2024-11-08,2024-11-18,2024-11-22,235,233,4,55.28,12990.8,High,Air
SHP005511,SUP007,PRD008,WH06,2025-06-21,2025-06-27,2025-06-29,681,676,10,55.26,37632.06,Medium,Road
SHP005512,SUP011,PRD019,WH02,2024-02-23,2024-03-02,2024-03-01,555,553,4,71.0,39405.0,Low,Sea
SHP005513,SUP004,PRD006,WH03,2025-06-24,2025-07-07,2025-07-07,348,348,4,11.41,3970.68,High,Road
SHP005514,SUP007,PRD001,WH01,2025-04-11,2025-04-28,2025-04-30,595,586,8,140.63,83674.85,Medium,Sea
SHP005515,SUP016,PRD021,WH01,2024-06-12,2024-07-01,2024-07-05,374,374,4,50.21,18778.54,Low,Road
SHP005516,SUP006,PRD003,WH06,2024-11-29,2024-12-08,2024-12-10,725,718,9,84.5,61262.5,Medium,Road
SHP005517,SUP006,PRD006,WH03,2025-06-30,2025-07-06,2025-07-07,907,905,15,110.51,100232.57,Medium,Air
SHP005518,SUP002,PRD019,WH03,2024-12-13,2024-12-16,2024-12-20,106,105,1,96.77,10257.62,Medium,Sea
SHP005519,SUP008,PRD011,WH03,2024-09-29,2024-10-03,2024-10-04,846,840,0,54.31,45946.26,Medium,Road
SHP005520,SUP007,PRD001,WH04,2025-02-17,2025-02-22,2025-02-26,639,631,5,142.86,91287.54,Low,Road
SHP005521,SUP014,PRD014,WH06,2025-05-14,2025-05-29,2025-05-31,789,781,23,4.9,3866.1,Medium,Road
SHP005522,SUP009,PRD005,WH02,2024-04-02,2024-04-06,2024-04-04,403,400,0,69.74,28105.22,Low,Road
SHP005523,SUP015,PRD002,WH06,2025-11-15,2025-11-29,2025-11-27,433,431,13,69.32,30015.56,Medium,Air
SHP005524,SUP018,PRD016,WH03,2024-03-19,2024-04-05,2024-04-06,733,723,16,117.25,85944.25,Low,Air
SHP005525,SUP012,PRD001,WH04,2025-09-13,2025-09-27,2025-09-28,340,335,11,88.42,30062.8,Low,Road
SHP005526,SUP019,PRD002,WH06,2024-08-04,2024-08-14,2024-08-17,150,148,7,65.12,9768.0,Medium,Road
SHP005527,SUP013,PRD013,WH06,2024-12-23,2024-12-29,2024-12-31,312,311,4,20.21,6305.52,Medium,Sea
SHP005528,SUP007,PRD003,WH01,2025-09-09,2025-09-18,2025-09-18,244,242,1,130.96,31954.24,High,Road
SHP005529,SUP010,PRD008,WH02,2025-05-21,2025-06-04,2025-06-03,954,950,0,67.59,64480.86,Medium,Road
SHP005530,SUP010,PRD016,WH05,2025-07-12,2025-07-26,2025-07-27,228,227,0,77.66,17706.48,Medium,Road
SHP005531,SUP002,PRD002,WH01,2024-06-29,2024-07-04,2024-07-10,968,951,31,49.03,47461.04,High,Sea
SHP005532,SUP014,PRD006,WH03,2025-07-29,2025-08-02,2025-08-04,794,794,26,7.79,6185.26,Medium,Road
SHP005533,SUP013,PRD008,WH04,2024-09-02,2024-09-13,2024-09-14,293,291,0,30.4,8907.2,Low,Sea
SHP005534,SUP006,PRD016,WH01,2024-08-31,2024-09-20,2024-09-18,846,845,11,38.66,32706.36,Low,Rail
SHP005535,SUP009,PRD019,WH02,2025-05-20,2025-05-28,2025-06-01,910,894,9,82.15,74756.5,Medium,Road
SHP005536,SUP013,PRD007,WH05,2025-02-25,2025-03-12,2025-03-13,776,773,20,71.11,55181.36,Medium,Road
SHP005537,SUP009,PRD003,WH03,2024-11-15,2024-11-19,2024-11-19,471,470,5,109.72,51678.12,Medium,Rail
SHP005538,SUP013,PRD007,WH05,2024-03-27,2024-04-03,2024-04-08,633,627,22,17.51,11083.83,Medium,Road
SHP005539,SUP005,PRD023,WH06,2024-08-04,2024-08-22,2024-08-20,827,825,0,132.51,109585.77,Low,Rail
SHP005540,SUP014,PRD016,WH02,2025-05-04,2025-05-11,2025-05-15,618,608,20,66.09,40843.62,High,Air
SHP005541,SUP005,PRD006,WH05,2025-06-02,2025-06-06,2025-06-05,401,400,0,107.31,43031.31,Medium,Road
SHP005542,SUP009,PRD001,WH01,2024-10-04,2024-10-23,2024-10-23,747,734,11,44.56,33286.32,Medium,Road
SHP005543,SUP008,PRD022,WH01,2024-06-17,2024-06-24,2024-06-25,129,129,0,27.84,3591.36,Medium,Road
SHP005544,SUP007,PRD018,WH03,2024-11-25,2024-12-13,2024-12-15,466,461,5,71.63,33379.58,Medium,Sea
SHP005545,SUP008,PRD010,WH02,2025-10-11,2025-10-29,2025-10-27,624,617,17,101.29,63204.96,Medium,Road
SHP005546,SUP003,PRD010,WH04,2025-03-16,2025-03-20,2025-03-18,761,761,8,47.91,36459.51,Low,Rail
SHP005547,SUP015,PRD012,WH01,2025-01-25,2025-01-29,2025-01-28,705,700,23,102.0,71910.0,Medium,Road
SHP005548,SUP008,PRD006,WH04,2025-05-10,2025-05-25,2025-05-31,600,596,12,140.41,84246.0,Medium,Rail
SHP005549,SUP001,PRD021,WH01,2025-01-15,2025-02-03,2025-02-05,259,259,4,82.57,21385.63,Medium,Road
SHP005550,SUP007,PRD003,WH03,2024-11-01,2024-11-18,2024-11-18,790,789,5,89.58,70768.2,Medium,Rail
SHP005551,SUP019,PRD024,WH01,2025-11-03,2025-11-12,2025-11-16,299,297,15,145.49,43501.51,Medium,Rail
SHP005552,SUP002,PRD024,WH04,2025-05-27,2025-05-31,2025-06-03,331,326,7,5.47,1810.57,Low,Rail
SHP005553,SUP014,PRD022,WH03,2024-07-06,2024-07-26,2024-07-27,428,423,19,65.25,27927.0,Medium,Road
SHP005554,SUP018,PRD023,WH03,2025-05-30,2025-06-05,2025-06-03,818,805,19,80.51,65857.18,Medium,Road
SHP005555,SUP015,PRD002,WH06,2025-10-05,2025-10-21,2025-10-31,913,901,27,57.5,52497.5,Medium,Road
SHP005556,SUP014,PRD001,WH02,2025-03-02,2025-03-05,2025-03-04,183,181,4,33.79,6183.57,Medium,Sea
SHP005557,SUP019,PRD001,WH02,2025-05-16,2025-05-31,2025-06-05,956,942,30,66.24,63325.44,High,Rail
SHP005558,SUP019,PRD022,WH03,2024-09-16,2024-09-30,2024-09-30,163,163,2,6.4,1043.2,Medium,Road
SHP005559,SUP017,PRD005,WH04,2025-05-27,2025-06-15,2025-06-16,68,68,1,55.23,3755.64,High,Road
SHP005560,SUP019,PRD011,WH05,2024-03-11,2024-03-28,2024-04-01,742,731,31,138.83,103011.86,Medium,Road
SHP005561,SUP016,PRD005,WH01,2025-04-22,2025-05-03,2025-05-03,466,459,9,101.86,47466.76,High,Road
SHP005562,SUP020,PRD016,WH03,2024-06-26,2024-07-06,2024-07-09,976,971,29,42.11,41099.36,Low,Road
SHP005563,SUP019,PRD006,WH04,2025-04-01,2025-04-20,2025-04-25,693,684,30,10.4,7207.2,Medium,Rail
SHP005564,SUP001,PRD016,WH02,2024-07-07,2024-07-22,2024-07-24,823,816,9,24.4,20081.2,Medium,Sea
SHP005565,SUP019,PRD008,WH02,2024-10-17,2024-11-02,2024-11-04,570,567,13,133.95,76351.5,Low,Road
SHP005566,SUP007,PRD002,WH06,2025-06-03,2025-06-19,2025-06-17,19,19,0,57.45,1091.55,Medium,Sea
SHP005567,SUP011,PRD011,WH03,2024-10-18,2024-10-26,2024-10-24,36,36,0,50.19,1806.84,Medium,Road
SHP005568,SUP005,PRD008,WH02,2025-09-26,2025-10-15,2025-10-13,619,618,6,28.7,17765.3,High,Sea
SHP005569,SUP017,PRD020,WH03,2024-10-09,2024-10-15,2024-10-13,138,138,3,131.87,18198.06,Low,Sea
SHP005570,SUP011,PRD012,WH06,2025-06-27,2025-07-02,2025-07-03,925,911,10,32.15,29738.75,Medium,Road
SHP005571,SUP008,PRD022,WH01,2025-01-11,2025-01-26,2025-01-29,711,700,3,115.34,82006.74,Medium,Road
SHP005572,SUP010,PRD008,WH05,2025-10-19,2025-11-07,2025-11-06,706,703,0,55.72,39338.32,Low,Road
SHP005573,SUP012,PRD011,WH06,2024-06-04,2024-06-16,2024-06-18,532,532,6,147.78,78618.96,High,Road
SHP005574,SUP010,PRD001,WH03,2025-05-22,2025-05-25,2025-05-28,225,222,4,85.51,19239.75,High,Road
SHP005575,SUP013,PRD006,WH03,2025-02-16,2025-02-28,2025-03-05,501,492,14,18.5,9268.5,Low,Road
SHP005576,SUP018,PRD025,WH04,2025-06-11,2025-06-30,2025-07-01,489,481,11,92.59,45276.51,Medium,Road
SHP005577,SUP010,PRD012,WH02,2024-12-20,2025-01-02,2025-01-02,599,591,0,130.72,78301.28,Low,Road
SHP005578,SUP019,PRD008,WH05,2025-07-12,2025-07-17,2025-07-17,57,57,2,34.59,1971.63,Low,Rail
SHP005579,SUP020,PRD012,WH02,2024-07-05,2024-07-20,2024-07-20,549,545,16,145.79,80038.71,High,Road
SHP005580,SUP017,PRD024,WH05,2024-01-31,2024-02-12,2024-02-15,200,199,6,125.23,25046.0,Medium,Road
SHP005581,SUP020,PRD022,WH04,2024-09-16,2024-10-04,2024-10-03,530,523,17,70.32,37269.6,Medium,Rail
SHP005582,SUP016,PRD019,WH01,2025-02-24,2025-03-07,2025-03-05,468,462,11,138.06,64612.08,Medium,Rail
SHP005583,SUP005,PRD022,WH04,2025-06-12,2025-07-01,2025-06-30,172,170,0,86.52,14881.44,Low,Rail
SHP005584,SUP003,PRD024,WH06,2025-07-04,2025-07-18,2025-07-20,922,914,23,38.11,35137.42,Low,Rail
SHP005585,SUP015,PRD014,WH01,2024-10-30,2024-11-17,2024-11-16,729,720,26,74.43,54259.47,Low,Air
SHP005586,SUP002,PRD016,WH03,2024-02-08,2024-02-27,2024-02-28,677,670,4,24.74,16748.98,Medium,Road
SHP005587,SUP013,PRD004,WH01,2025-05-03,2025-05-18,2025-05-18,324,324,0,140.42,45496.08,High,Road
SHP005588,SUP008,PRD019,WH06,2025-10-05,2025-10-08,2025-10-08,293,290,2,89.98,26364.14,Medium,Road
SHP005589,SUP017,PRD007,WH04,2025-06-25,2025-07-15,2025-07-14,130,129,4,89.1,11583.0,Low,Road
SHP005590,SUP004,PRD011,WH06,2025-10-31,2025-11-19,2025-11-17,833,819,20,112.63,93820.79,High,Sea
SHP005591,SUP019,PRD010,WH05,2024-10-04,2024-10-20,2024-10-20,944,930,40,77.18,72857.92,Medium,Rail
SHP005592,SUP009,PRD017,WH03,2024-07-21,2024-07-26,2024-07-26,33,33,0,57.23,1888.59,Medium,Road
SHP005593,SUP015,PRD020,WH04,2024-03-06,2024-03-22,2024-03-24,238,238,11,76.98,18321.24,Medium,Sea
SHP005594,SUP009,PRD009,WH06,2024-04-17,2024-04-24,2024-04-26,968,954,1,142.12,137572.16,Low,Road
SHP005595,SUP009,PRD010,WH03,2024-09-24,2024-10-02,2024-09-30,950,936,4,97.62,92739.0,Low,Road
SHP005596,SUP014,PRD003,WH01,2024-08-09,2024-08-22,2024-08-22,345,345,8,96.22,33195.9,High,Road
SHP005597,SUP016,PRD015,WH01,2025-06-13,2025-06-29,2025-07-01,199,197,1,68.54,13639.46,Medium,Sea
SHP005598,SUP017,PRD004,WH05,2024-03-30,2024-04-08,2024-04-09,837,829,12,95.35,79807.95,Medium,Road
SHP005599,SUP013,PRD021,WH05,2025-11-23,2025-12-08,2025-12-10,357,356,9,40.98,14629.86,Low,Road
SHP005600,SUP009,PRD007,WH05,2024-09-11,2024-09-28,2024-09-27,139,138,2,32.13,4466.07,Medium,Road
SHP005601,SUP015,PRD006,WH03,2025-03-30,2025-04-04,2025-04-11,435,433,14,28.13,12236.55,Medium,Rail
SHP005602,SUP007,PRD019,WH03,2024-09-09,2024-09-19,2024-09-20,16,16,0,13.75,220.0,Low,Sea
SHP005603,SUP001,PRD009,WH04,2024-09-13,2024-09-17,2024-09-18,190,188,2,87.66,16655.4,Medium,Air
SHP005604,SUP001,PRD024,WH03,2025-01-17,2025-01-25,2025-01-24,137,136,3,46.5,6370.5,Low,Rail
SHP005605,SUP005,PRD021,WH03,2025-03-17,2025-03-22,2025-03-26,875,859,7,62.68,54845.0,High,Rail
SHP005606,SUP009,PRD015,WH06,2025-08-21,2025-09-07,2025-09-05,539,535,5,102.98,55506.22,Medium,Rail
SHP005607,SUP012,PRD021,WH02,2024-03-30,2024-04-16,2024-04-16,270,269,6,67.43,18206.1,Low,Road
SHP005608,SUP006,PRD002,WH06,2025-01-24,2025-02-01,2025-01-30,862,861,1,83.19,71709.78,High,Rail
SHP005609,SUP013,PRD010,WH01,2025-08-04,2025-08-07,2025-08-08,992,983,6,126.9,125884.8,Medium,Sea
SHP005610,SUP008,PRD017,WH06,2024-02-13,2024-03-02,2024-03-06,706,694,16,55.97,39514.82,Medium,Road
SHP005611,SUP015,PRD020,WH02,2025-10-25,2025-11-06,2025-11-10,122,122,4,24.55,2995.1,Medium,Sea
SHP005612,SUP006,PRD004,WH06,2025-08-20,2025-08-31,2025-08-31,186,185,0,147.62,27457.32,Low,Road
SHP005613,SUP006,PRD001,WH06,2024-01-19,2024-02-01,2024-02-02,170,169,2,8.44,1434.8,High,Air
SHP005614,SUP004,PRD025,WH05,2024-04-10,2024-04-29,2024-05-04,739,736,13,2.42,1788.38,High,Road
SHP005615,SUP011,PRD019,WH02,2025-08-29,2025-09-15,2025-09-14,630,623,6,87.33,55017.9,Low,Rail
SHP005616,SUP018,PRD005,WH05,2024-12-22,2025-01-01,2025-01-03,896,882,21,14.64,13117.44,Medium,Sea
SHP005617,SUP003,PRD016,WH01,2025-06-25,2025-07-11,2025-07-09,562,559,3,70.92,39857.04,Medium,Road
SHP005618,SUP003,PRD023,WH03,2024-02-02,2024-02-22,2024-02-25,412,409,10,113.96,46951.52,Medium,Road
SHP005619,SUP012,PRD001,WH03,2024-08-16,2024-08-23,2024-08-24,761,757,28,29.42,22388.62,High,Sea
SHP005620,SUP006,PRD016,WH03,2025-06-07,2025-06-15,2025-06-15,912,897,7,47.35,43183.2,Low,Air
SHP005621,SUP006,PRD004,WH04,2025-09-21,2025-10-06,2025-10-06,707,694,3,29.02,20517.14,High,Sea
SHP005622,SUP008,PRD002,WH06,2024-06-03,2024-06-13,2024-06-14,333,331,6,46.18,15377.94,Medium,Sea
SHP005623,SUP015,PRD011,WH04,2025-02-26,2025-03-12,2025-03-19,708,697,34,29.6,20956.8,Low,Road
SHP005624,SUP018,PRD008,WH01,2024-09-02,2024-09-17,2024-09-16,756,749,29,144.2,109015.2,Medium,Rail
SHP005625,SUP020,PRD019,WH06,2025-02-08,2025-02-27,2025-02-26,666,658,22,74.8,49816.8,Medium,Road
SHP005626,SUP016,PRD013,WH06,2025-06-24,2025-06-29,2025-06-28,611,601,16,23.1,14114.1,High,Rail
SHP005627,SUP006,PRD010,WH01,2024-06-09,2024-06-25,2024-06-26,668,658,0,68.43,45711.24,Low,Air
SHP005628,SUP017,PRD019,WH02,2024-04-26,2024-05-09,2024-05-11,722,717,24,26.48,19118.56,Medium,Road
SHP005629,SUP009,PRD015,WH04,2024-09-27,2024-10-17,2024-10-18,664,657,15,10.39,6898.96,Low,Rail
SHP005630,SUP019,PRD006,WH01,2025-11-22,2025-12-10,2025-12-17,453,447,11,119.68,54215.04,Medium,Road
SHP005631,SUP018,PRD019,WH05,2025-05-01,2025-05-21,2025-05-24,62,62,1,33.6,2083.2,Medium,Rail
SHP005632,SUP005,PRD014,WH03,2024-06-20,2024-07-05,2024-07-03,354,353,5,95.11,33668.94,High,Air
SHP005633,SUP006,PRD018,WH04,2024-09-30,2024-10-16,2024-10-18,985,980,7,122.06,120229.1,High,Road
SHP005634,SUP012,PRD015,WH03,2024-09-15,2024-09-24,2024-09-24,824,820,15,50.81,41867.44,High,Sea
SHP005635,SUP011,PRD024,WH05,2024-05-14,2024-05-22,2024-05-22,562,562,4,3.84,2158.08,Medium,Road
SHP005636,SUP016,PRD002,WH05,2025-11-13,2025-11-25,2025-11-24,63,63,0,16.42,1034.46,Medium,Sea
SHP005637,SUP020,PRD007,WH02,2025-02-25,2025-03-10,2025-03-14,506,506,11,45.94,23245.64,Medium,Road
SHP005638,SUP017,PRD005,WH03,2025-02-24,2025-03-03,2025-03-07,693,684,11,20.69,14338.17,Medium,Road
SHP005639,SUP020,PRD006,WH01,2024-07-04,2024-07-10,2024-07-14,110,109,3,130.03,14303.3,Medium,Air
SHP005640,SUP009,PRD014,WH05,2024-12-29,2025-01-13,2025-01-13,980,970,13,65.84,64523.2,Medium,Rail
SHP005641,SUP001,PRD018,WH01,2025-08-29,2025-09-05,2025-09-03,521,515,6,84.66,44107.86,Medium,Road
SHP005642,SUP003,PRD025,WH04,2025-01-12,2025-01-16,2025-01-18,477,473,10,125.86,60035.22,High,Road
SHP005643,SUP009,PRD024,WH04,2025-06-06,2025-06-24,2025-06-24,682,671,0,94.04,64135.28,High,Road
SHP005644,SUP019,PRD007,WH05,2025-08-02,2025-08-17,2025-08-17,164,162,5,145.96,23937.44,Low,Road
SHP005645,SUP013,PRD006,WH06,2024-07-14,2024-07-20,2024-07-18,825,810,36,44.93,37067.25,Medium,Rail
SHP005646,SUP014,PRD012,WH06,2024-04-07,2024-04-13,2024-04-14,484,481,17,30.29,14660.36,Medium,Road
SHP005647,SUP020,PRD012,WH05,2025-08-27,2025-09-12,2025-09-14,205,202,6,137.75,28238.75,Medium,Sea
SHP005648,SUP019,PRD013,WH02,2024-01-22,2024-01-31,2024-02-01,956,944,47,93.41,89299.96,Medium,Rail
SHP005649,SUP007,PRD023,WH04,2025-03-25,2025-04-13,2025-04-11,81,81,0,117.23,9495.63,Medium,Road
SHP005650,SUP004,PRD019,WH03,2024-06-20,2024-07-01,2024-07-03,84,84,1,75.77,6364.68,Low,Road
SHP005651,SUP012,PRD024,WH06,2025-01-17,2025-02-04,2025-02-05,888,881,17,147.56,131033.28,Medium,Sea
SHP005652,SUP014,PRD021,WH02,2024-05-13,2024-05-23,2024-05-26,120,120,2,127.61,15313.2,Medium,Sea
SHP005653,SUP002,PRD019,WH02,2025-03-01,2025-03-13,2025-03-16,930,917,19,82.29,76529.7,Medium,Road
SHP005654,SUP001,PRD023,WH02,2024-01-25,2024-02-06,2024-02-09,780,776,13,14.12,11013.6,Low,Road
SHP005655,SUP018,PRD002,WH01,2025-05-17,2025-05-22,2025-05-22,784,784,33,3.35,2626.4,Medium,Road
SHP005656,SUP020,PRD008,WH02,2024-07-03,2024-07-19,2024-07-25,493,487,17,70.22,34618.46,High,Road
SHP005657,SUP008,PRD008,WH03,2024-03-25,2024-04-11,2024-04-12,408,401,8,61.88,25247.04,Medium,Sea
SHP005658,SUP003,PRD005,WH03,2025-07-20,2025-07-28,2025-07-27,676,666,9,50.47,34117.72,Medium,Road
SHP005659,SUP006,PRD001,WH06,2024-05-23,2024-06-07,2024-06-09,858,844,5,18.2,15615.6,Medium,Road
SHP005660,SUP013,PRD013,WH05,2025-11-09,2025-11-25,2025-12-01,415,410,14,60.26,25007.9,High,Sea
SHP005661,SUP009,PRD001,WH06,2025-02-15,2025-02-26,2025-02-28,54,54,0,26.91,1453.14,Medium,Road
SHP005662,SUP009,PRD018,WH03,2024-08-11,2024-08-21,2024-08-21,196,194,3,41.47,8128.12,Medium,Rail
SHP005663,SUP020,PRD015,WH03,2024-08-07,2024-08-11,2024-08-14,337,337,6,93.05,31357.85,Medium,Rail
SHP005664,SUP009,PRD005,WH05,2024-06-27,2024-07-09,2024-07-11,682,670,5,144.64,98644.48,High,Sea
SHP005665,SUP015,PRD002,WH01,2025-09-22,2025-10-10,2025-10-12,741,739,17,10.71,7936.11,Medium,Road
SHP005666,SUP013,PRD017,WH04,2025-03-08,2025-03-28,2025-03-31,218,216,3,114.93,25054.74,Medium,Road
SHP005667,SUP016,PRD019,WH04,2024-09-21,2024-09-26,2024-09-27,960,958,19,12.28,11788.8,Medium,Road
SHP005668,SUP002,PRD006,WH03,2025-03-04,2025-03-18,2025-03-17,997,994,29,144.54,144106.38,High,Road
SHP005669,SUP014,PRD008,WH05,2025-10-23,2025-11-03,2025-11-04,824,810,36,60.73,50041.52,Medium,Road
SHP005670,SUP006,PRD012,WH03,2025-02-19,2025-03-08,2025-03-10,110,110,0,134.25,14767.5,Low,Rail
SHP005671,SUP002,PRD005,WH03,2025-03-28,2025-04-05,2025-04-04,91,91,2,83.33,7583.03,Low,Road
SHP005672,SUP008,PRD009,WH06,2024-07-15,2024-08-01,2024-08-02,764,763,2,46.03,35166.92,Medium,Road
SHP005673,SUP004,PRD019,WH04,2025-07-07,2025-07-25,2025-07-27,709,702,6,76.29,54089.61,Low,Sea
SHP005674,SUP014,PRD018,WH03,2024-02-22,2024-02-28,2024-03-02,46,46,1,21.65,995.9,High,Road
SHP005675,SUP011,PRD004,WH03,2025-04-24,2025-04-28,2025-04-28,505,500,0,69.8,35249.0,Medium,Road
SHP005676,SUP014,PRD024,WH01,2025-03-18,2025-03-24,2025-03-25,431,431,11,45.04,19412.24,Low,Sea
SHP005677,SUP012,PRD001,WH04,2024-11-25,2024-12-13,2024-12-20,159,158,3,2.49,395.91,Medium,Rail
SHP005678,SUP016,PRD018,WH02,2024-09-07,2024-09-16,2024-09-15,983,978,25,69.58,68397.14,Medium,Rail
SHP005679,SUP006,PRD022,WH05,2024-05-02,2024-05-13,2024-05-15,264,262,3,138.77,36635.28,Medium,Road
SHP005680,SUP020,PRD005,WH04,2025-01-21,2025-01-29,2025-02-01,550,546,22,118.54,65197.0,High,Road
SHP005681,SUP001,PRD024,WH04,2024-12-04,2024-12-18,2024-12-20,980,980,0,135.13,132427.4,High,Rail
SHP005682,SUP012,PRD024,WH01,2024-12-13,2025-01-02,2025-01-03,504,502,19,88.09,44397.36,Medium,Road
SHP005683,SUP007,PRD014,WH03,2024-01-29,2024-02-16,2024-02-19,210,207,6,71.28,14968.8,Medium,Sea
SHP005684,SUP008,PRD005,WH05,2024-02-04,2024-02-24,2024-02-23,680,675,4,142.05,96594.0,Medium,Road
SHP005685,SUP009,PRD016,WH06,2025-06-01,2025-06-04,2025-06-04,720,709,5,98.28,70761.6,Medium,Rail
SHP005686,SUP002,PRD006,WH03,2025-01-30,2025-02-10,2025-02-13,184,184,4,23.34,4294.56,Medium,Road
SHP005687,SUP017,PRD013,WH05,2025-09-14,2025-09-23,2025-09-25,771,765,17,89.95,69351.45,Medium,Road
SHP005688,SUP020,PRD024,WH04,2024-10-20,2024-11-08,2024-11-12,719,714,24,52.45,37711.55,Low,Rail
SHP005689,SUP013,PRD019,WH05,2025-08-11,2025-08-22,2025-08-20,665,659,30,114.55,76175.75,Low,Rail
SHP005690,SUP005,PRD008,WH06,2024-12-14,2024-12-25,2024-12-24,156,155,2,73.22,11422.32,Medium,Sea
SHP005691,SUP010,PRD020,WH02,2024-05-26,2024-06-15,2024-06-16,757,752,14,32.45,24564.65,Medium,Road
SHP005692,SUP012,PRD004,WH06,2024-03-07,2024-03-15,2024-03-15,417,410,11,17.28,7205.76,Low,Rail
SHP005693,SUP017,PRD005,WH04,2025-06-03,2025-06-10,2025-06-10,392,388,7,116.12,45519.04,High,Road
SHP005694,SUP006,PRD014,WH02,2024-05-01,2024-05-05,2024-05-03,945,928,0,95.61,90351.45,Medium,Road
SHP005695,SUP003,PRD004,WH01,2024-12-05,2024-12-17,2024-12-15,988,976,19,105.65,104382.2,High,Road
SHP005696,SUP015,PRD023,WH04,2024-06-23,2024-07-09,2024-07-11,700,700,19,134.15,93905.0,Medium,Air
SHP005697,SUP007,PRD011,WH04,2025-11-21,2025-12-03,2025-12-02,153,153,1,120.34,18412.02,Medium,Road
SHP005698,SUP006,PRD009,WH06,2025-08-19,2025-08-29,2025-08-29,134,133,0,20.65,2767.1,Medium,Air
SHP005699,SUP004,PRD008,WH05,2025-03-26,2025-04-08,2025-04-11,196,196,6,141.14,27663.44,Medium,Rail
SHP005700,SUP019,PRD018,WH04,2025-07-10,2025-07-14,2025-07-20,92,92,4,148.99,13707.08,Medium,Sea
SHP005701,SUP005,PRD012,WH05,2024-05-15,2024-05-24,2024-05-24,569,566,0,24.92,14179.48,High,Rail
SHP005702,SUP003,PRD013,WH02,2024-01-16,2024-01-27,2024-01-26,168,168,4,112.43,18888.24,Low,Road
SHP005703,SUP009,PRD001,WH04,2024-11-28,2024-12-15,2024-12-13,447,442,3,45.04,20132.88,Medium,Road
SHP005704,SUP006,PRD008,WH02,2024-07-13,2024-07-17,2024-07-20,701,701,2,91.21,63938.21,High,Road
SHP005705,SUP013,PRD008,WH06,2025-05-10,2025-05-28,2025-05-26,862,855,15,2.77,2387.74,Medium,Road
SHP005706,SUP020,PRD021,WH06,2024-01-09,2024-01-21,2024-01-20,223,221,8,49.83,11112.09,Low,Road
SHP005707,SUP004,PRD011,WH05,2024-11-29,2024-12-02,2024-12-03,900,900,10,148.77,133893.0,Medium,Road
SHP005708,SUP002,PRD003,WH06,2024-11-28,2024-12-05,2024-12-03,999,994,28,2.68,2677.32,Medium,Rail
SHP005709,SUP004,PRD011,WH02,2024-11-22,2024-12-11,2024-12-14,71,71,1,148.98,10577.58,Low,Road
SHP005710,SUP008,PRD011,WH01,2024-01-15,2024-01-28,2024-01-29,186,186,3,120.16,22349.76,Medium,Sea
SHP005711,SUP013,PRD008,WH06,2025-09-05,2025-09-08,2025-09-15,699,696,17,97.54,68180.46,Low,Rail
SHP005712,SUP010,PRD024,WH06,2024-08-13,2024-08-16,2024-08-16,633,622,5,54.47,34479.51,Medium,Rail
SHP005713,SUP018,PRD014,WH01,2025-02-28,2025-03-09,2025-03-13,261,258,7,74.78,19517.58,Medium,Road
SHP005714,SUP009,PRD002,WH06,2025-02-11,2025-02-24,2025-02-23,349,349,10,93.57,32655.93,Low,Road
SHP005715,SUP001,PRD014,WH04,2024-04-22,2024-05-02,2024-05-01,221,221,1,131.49,29059.29,Medium,Road
SHP005716,SUP013,PRD023,WH04,2025-03-03,2025-03-17,2025-03-19,344,342,6,85.26,29329.44,Low,Road
SHP005717,SUP018,PRD009,WH01,2024-01-01,2024-01-15,2024-01-21,327,325,10,96.71,31624.17,Low,Rail
SHP005718,SUP015,PRD022,WH03,2024-09-22,2024-10-04,2024-10-07,754,753,31,67.39,50812.06,Medium,Rail
SHP005719,SUP002,PRD014,WH01,2025-05-05,2025-05-12,2025-05-13,314,309,8,125.18,39306.52,High,Road
SHP005720,SUP011,PRD017,WH06,2024-07-26,2024-08-02,2024-08-01,722,716,5,104.38,75362.36,Low,Air
SHP005721,SUP014,PRD024,WH01,2025-09-13,2025-09-20,2025-09-25,768,755,37,23.8,18278.4,High,Road
SHP005722,SUP015,PRD008,WH06,2025-01-03,2025-01-11,2025-01-16,51,51,1,97.0,4947.0,Medium,Road
SHP005723,SUP014,PRD004,WH04,2024-11-01,2024-11-11,2024-11-13,599,598,26,93.73,56144.27,Low,Sea
SHP005724,SUP016,PRD007,WH02,2024-01-12,2024-01-16,2024-01-15,683,681,8,49.78,33999.74,Low,Road
SHP005725,SUP015,PRD016,WH05,2024-12-10,2024-12-26,2024-12-30,294,292,7,137.81,40516.14,Medium,Road
SHP005726,SUP019,PRD012,WH05,2025-04-09,2025-04-18,2025-04-24,564,557,21,30.47,17185.08,Low,Road
SHP005727,SUP009,PRD005,WH06,2025-11-30,2025-12-04,2025-12-05,164,163,2,114.93,18848.52,Medium,Road
SHP005728,SUP005,PRD016,WH02,2025-10-27,2025-11-12,2025-11-10,324,319,0,135.49,43898.76,High,Rail
SHP005729,SUP005,PRD018,WH01,2025-05-08,2025-05-24,2025-05-26,171,170,3,42.7,7301.7,Medium,Road
SHP005730,SUP011,PRD007,WH01,2025-01-02,2025-01-12,2025-01-10,185,184,3,73.53,13603.05,Medium,Rail
SHP005731,SUP020,PRD002,WH05,2025-02-23,2025-03-02,2025-02-28,841,838,17,123.02,103459.82,Medium,Rail
SHP005732,SUP004,PRD017,WH01,2024-06-19,2024-06-24,2024-06-24,391,390,5,123.45,48268.95,Medium,Road
SHP005733,SUP020,PRD003,WH01,2024-05-13,2024-05-21,2024-05-25,180,180,9,46.17,8310.6,Medium,Road
SHP005734,SUP018,PRD012,WH06,2025-03-02,2025-03-21,2025-03-21,218,218,4,81.43,17751.74,Medium,Road
SHP005735,SUP003,PRD016,WH03,2024-01-25,2024-02-12,2024-02-10,495,492,4,13.2,6534.0,Medium,Road
SHP005736,SUP004,PRD016,WH06,2025-06-13,2025-06-21,2025-06-24,846,833,3,36.21,30633.66,Low,Road
SHP005737,SUP014,PRD021,WH05,2024-07-08,2024-07-11,2024-07-16,886,883,25,44.59,39506.74,Medium,Rail
SHP005738,SUP007,PRD002,WH03,2024-05-20,2024-05-23,2024-05-21,413,409,3,37.52,15495.76,Medium,Road
SHP005739,SUP008,PRD012,WH06,2025-07-08,2025-07-20,2025-07-25,734,721,24,102.63,75330.42,Medium,Sea
SHP005740,SUP016,PRD024,WH05,2025-10-19,2025-10-24,2025-10-23,373,373,7,98.57,36766.61,Medium,Road
SHP005741,SUP020,PRD024,WH03,2024-11-10,2024-11-27,2024-12-03,663,655,9,37.99,25187.37,High,Road
SHP005742,SUP015,PRD011,WH06,2025-03-19,2025-04-05,2025-04-10,183,181,6,72.2,13212.6,High,Sea
SHP005743,SUP007,PRD018,WH04,2024-11-14,2024-11-23,2024-11-24,523,518,5,87.93,45987.39,Medium,Road
SHP005744,SUP017,PRD005,WH06,2025-03-16,2025-03-21,2025-03-20,848,843,32,16.91,14339.68,Medium,Air
SHP005745,SUP012,PRD022,WH06,2024-04-01,2024-04-18,2024-04-21,482,476,7,92.32,44498.24,High,Road
SHP005746,SUP018,PRD014,WH02,2024-06-27,2024-06-30,2024-07-01,621,619,13,106.74,66285.54,Low,Road
SHP005747,SUP014,PRD025,WH01,2024-02-25,2024-03-14,2024-03-19,664,660,22,6.1,4050.4,Medium,Road
SHP005748,SUP015,PRD002,WH04,2024-06-03,2024-06-15,2024-06-24,658,651,23,83.1,54679.8,Low,Road
SHP005749,SUP015,PRD004,WH06,2025-11-02,2025-11-17,2025-11-20,77,77,2,90.6,6976.2,Medium,Sea
SHP005750,SUP005,PRD016,WH06,2024-04-20,2024-04-30,2024-04-28,647,641,1,128.57,83184.79,Medium,Rail
SHP005751,SUP016,PRD022,WH03,2024-05-16,2024-05-25,2024-05-26,766,763,18,53.21,40758.86,High,Road
SHP005752,SUP005,PRD021,WH05,2024-08-19,2024-09-02,2024-09-03,630,630,3,71.51,45051.3,Medium,Rail
SHP005753,SUP002,PRD004,WH02,2025-04-12,2025-04-21,2025-04-24,625,624,18,126.39,78993.75,Medium,Road
SHP005754,SUP020,PRD012,WH04,2025-04-25,2025-05-01,2025-05-03,618,618,17,94.71,58530.78,High,Road
SHP005755,SUP009,PRD023,WH05,2024-03-08,2024-03-13,2024-03-13,33,33,0,71.57,2361.81,Medium,Road
SHP005756,SUP009,PRD020,WH01,2024-09-05,2024-09-19,2024-09-20,286,284,8,90.51,25885.86,Medium,Road
SHP005757,SUP004,PRD023,WH02,2024-11-18,2024-12-03,2024-12-02,400,397,5,8.67,3468.0,Medium,Road
SHP005758,SUP015,PRD004,WH05,2025-06-01,2025-06-20,2025-06-26,475,469,19,148.21,70399.75,Medium,Road
SHP005759,SUP011,PRD014,WH06,2025-03-07,2025-03-19,2025-03-17,40,40,0,141.92,5676.8,High,Sea
SHP005760,SUP001,PRD003,WH05,2025-05-01,2025-05-16,2025-05-16,789,783,0,114.19,90095.91,Medium,Road
SHP005761,SUP018,PRD022,WH02,2025-08-28,2025-09-01,2025-09-04,117,116,2,55.09,6445.53,High,Sea
SHP005762,SUP001,PRD018,WH02,2025-03-04,2025-03-18,2025-03-19,971,964,2,149.95,145601.45,Medium,Road
SHP005763,SUP008,PRD005,WH06,2024-09-25,2024-10-03,2024-10-04,154,152,0,66.45,10233.3,Medium,Road
SHP005764,SUP016,PRD001,WH03,2025-06-20,2025-07-03,2025-07-08,517,514,9,43.66,22572.22,Medium,Sea
SHP005765,SUP018,PRD010,WH02,2024-05-27,2024-06-02,2024-06-01,616,609,12,102.13,62912.08,Medium,Road
SHP005766,SUP009,PRD014,WH01,2024-04-27,2024-05-13,2024-05-12,908,896,21,113.43,102994.44,Medium,Road
SHP005767,SUP012,PRD015,WH01,2025-01-01,2025-01-10,2025-01-12,329,326,10,73.36,24135.44,Medium,Rail
SHP005768,SUP019,PRD014,WH03,2024-03-06,2024-03-18,2024-03-22,191,190,4,22.88,4370.08,Medium,Road
SHP005769,SUP018,PRD022,WH04,2025-01-04,2025-01-23,2025-01-24,756,752,14,56.21,42494.76,Low,Road
SHP005770,SUP005,PRD006,WH03,2024-06-23,2024-06-30,2024-06-29,855,855,0,136.13,116391.15,Medium,Sea
SHP005771,SUP002,PRD012,WH03,2025-08-10,2025-08-27,2025-08-26,774,772,11,89.99,69652.26,Medium,Road
SHP005772,SUP007,PRD021,WH01,2025-05-09,2025-05-27,2025-05-27,473,471,7,96.22,45512.06,Medium,Road
SHP005773,SUP010,PRD025,WH06,2024-04-23,2024-05-03,2024-05-08,393,392,0,4.51,1772.43,High,Road
SHP005774,SUP015,PRD008,WH06,2024-04-20,2024-05-08,2024-05-15,179,177,5,44.82,8022.78,Low,Road
SHP005775,SUP007,PRD021,WH06,2025-03-14,2025-04-01,2025-03-30,950,933,36,105.71,100424.5,High,Sea
SHP005776,SUP005,PRD019,WH06,2024-05-26,2024-06-13,2024-06-15,326,323,0,24.36,7941.36,Medium,Rail
SHP005777,SUP015,PRD001,WH04,2024-02-04,2024-02-08,2024-02-11,837,825,40,130.85,109521.45,Medium,Rail
SHP005778,SUP020,PRD012,WH05,2024-11-04,2024-11-07,2024-11-08,395,394,14,139.73,55193.35,Medium,Road
SHP005779,SUP020,PRD020,WH02,2025-06-21,2025-07-11,2025-07-15,222,219,8,53.32,11837.04,Medium,Rail
SHP005780,SUP015,PRD014,WH03,2024-01-14,2024-01-31,2024-02-03,639,638,28,105.4,67350.6,Medium,Road
SHP005781,SUP010,PRD006,WH01,2025-01-08,2025-01-16,2025-01-14,592,591,0,57.87,34259.04,Low,Rail
SHP005782,SUP014,PRD013,WH02,2025-07-10,2025-07-26,2025-07-29,880,865,25,85.29,75055.2,Medium,Road
SHP005783,SUP010,PRD012,WH06,2025-03-03,2025-03-10,2025-03-09,682,682,2,106.67,72748.94,Medium,Road
SHP005784,SUP017,PRD014,WH01,2024-08-20,2024-09-04,2024-09-03,411,407,8,125.5,51580.5,Low,Road
SHP005785,SUP014,PRD022,WH03,2025-07-16,2025-07-19,2025-07-19,347,346,12,8.34,2893.98,Medium,Road
SHP005786,SUP002,PRD003,WH05,2025-10-24,2025-11-08,2025-11-08,266,266,5,47.28,12576.48,High,Road
SHP005787,SUP016,PRD002,WH02,2025-03-15,2025-03-26,2025-03-30,226,224,2,34.94,7896.44,High,Air
SHP005788,SUP013,PRD024,WH04,2025-05-16,2025-05-19,2025-05-17,512,511,14,131.21,67179.52,High,Air
SHP005789,SUP009,PRD001,WH04,2024-10-01,2024-10-12,2024-10-10,922,912,16,73.42,67693.24,Low,Road
SHP005790,SUP007,PRD024,WH02,2024-03-16,2024-04-02,2024-04-01,389,387,9,20.51,7978.39,Medium,Rail
SHP005791,SUP016,PRD007,WH02,2025-03-14,2025-03-19,2025-03-22,186,185,4,105.61,19643.46,Medium,Road
SHP005792,SUP010,PRD001,WH04,2025-11-29,2025-12-15,2025-12-16,947,932,5,75.3,71309.1,High,Road
SHP005793,SUP009,PRD023,WH04,2024-10-15,2024-10-25,2024-10-23,802,801,13,143.95,115447.9,Medium,Road
SHP005794,SUP007,PRD015,WH03,2025-06-23,2025-07-13,2025-07-12,733,721,24,122.43,89741.19,Low,Sea
SHP005795,SUP016,PRD015,WH05,2025-11-22,2025-12-04,2025-12-07,527,525,12,26.8,14123.6,Medium,Road
SHP005796,SUP009,PRD021,WH03,2024-09-09,2024-09-19,2024-09-17,854,852,20,118.92,101557.68,High,Rail
SHP005797,SUP017,PRD019,WH05,2024-05-05,2024-05-23,2024-05-25,884,873,19,33.74,29826.16,Medium,Rail
SHP005798,SUP020,PRD016,WH05,2024-06-25,2024-07-15,2024-07-16,413,410,4,12.77,5274.01,Medium,Road
SHP005799,SUP007,PRD011,WH04,2024-02-06,2024-02-17,2024-02-15,454,447,0,100.44,45599.76,Low,Rail
SHP005800,SUP011,PRD011,WH06,2025-02-13,2025-02-18,2025-02-21,472,465,14,62.13,29325.36,Medium,Rail
SHP005801,SUP008,PRD002,WH02,2025-09-02,2025-09-22,2025-09-21,362,362,1,81.84,29626.08,Medium,Rail
SHP005802,SUP007,PRD010,WH04,2025-09-01,2025-09-15,2025-09-16,571,562,7,70.49,40249.79,Medium,Road
SHP005803,SUP019,PRD020,WH05,2024-05-06,2024-05-26,2024-05-24,960,946,28,139.56,133977.6,High,Rail
SHP005804,SUP020,PRD024,WH02,2025-04-27,2025-04-30,2025-04-28,350,347,9,52.11,18238.5,Medium,Road
SHP005805,SUP012,PRD002,WH02,2024-06-16,2024-06-22,2024-06-26,216,215,5,88.32,19077.12,Medium,Rail
SHP005806,SUP007,PRD014,WH06,2025-08-14,2025-09-03,2025-09-02,379,373,1,147.68,55970.72,Low,Road
SHP005807,SUP008,PRD014,WH03,2024-10-20,2024-10-28,2024-10-29,282,278,6,26.3,7416.6,Medium,Air
SHP005808,SUP007,PRD015,WH03,2025-09-29,2025-10-10,2025-10-11,789,787,25,105.87,83531.43,Low,Road
SHP005809,SUP006,PRD025,WH03,2024-12-08,2024-12-11,2024-12-15,219,219,2,93.58,20494.02,Low,Road
SHP005810,SUP009,PRD011,WH06,2024-11-05,2024-11-25,2024-11-25,81,81,2,74.46,6031.26,Medium,Road
SHP005811,SUP013,PRD006,WH03,2025-10-23,2025-11-04,2025-11-05,309,306,10,35.51,10972.59,Low,Road
SHP005812,SUP007,PRD001,WH01,2025-06-11,2025-06-22,2025-06-22,755,754,14,54.97,41502.35,Medium,Air
SHP005813,SUP008,PRD002,WH06,2025-06-23,2025-06-29,2025-06-30,261,261,0,68.61,17907.21,High,Sea
SHP005814,SUP017,PRD015,WH05,2025-02-22,2025-03-12,2025-03-11,632,630,15,31.13,19674.16,Medium,Sea
SHP005815,SUP017,PRD013,WH05,2025-03-19,2025-03-25,2025-03-28,661,650,21,65.12,43044.32,High,Sea
SHP005816,SUP016,PRD025,WH01,2025-11-15,2025-11-30,2025-12-03,262,262,5,29.59,7752.58,Low,Air
SHP005817,SUP002,PRD025,WH06,2025-07-11,2025-07-28,2025-07-27,707,700,17,134.67,95211.69,Medium,Road
SHP005818,SUP008,PRD023,WH01,2024-08-23,2024-08-27,2024-08-26,164,164,0,68.96,11309.44,Low,Rail
SHP005819,SUP017,PRD020,WH06,2025-03-14,2025-04-03,2025-04-05,240,240,7,35.71,8570.4,Medium,Road
SHP005820,SUP013,PRD016,WH05,2024-08-01,2024-08-19,2024-08-24,856,849,8,147.26,126054.56,Medium,Air
SHP005821,SUP018,PRD023,WH01,2024-03-25,2024-04-03,2024-04-01,196,195,6,69.48,13618.08,Medium,Sea
SHP005822,SUP010,PRD017,WH01,2024-03-25,2024-03-30,2024-03-30,491,489,2,122.91,60348.81,High,Road
SHP005823,SUP002,PRD014,WH04,2025-05-03,2025-05-16,2025-05-20,223,220,2,6.67,1487.41,Low,Road
SHP005824,SUP002,PRD020,WH06,2024-03-05,2024-03-14,2024-03-19,50,50,1,11.32,566.0,Medium,Road
SHP005825,SUP014,PRD017,WH06,2025-10-07,2025-10-13,2025-10-13,18,18,0,73.38,1320.84,Medium,Road
SHP005826,SUP016,PRD010,WH06,2025-10-24,2025-11-08,2025-11-09,966,949,4,142.77,137915.82,Medium,Road
SHP005827,SUP007,PRD021,WH03,2025-09-18,2025-09-27,2025-09-25,398,394,0,15.06,5993.88,Low,Road
SHP005828,SUP012,PRD019,WH05,2024-03-04,2024-03-07,2024-03-08,216,214,5,125.45,27097.2,Medium,Road
SHP005829,SUP014,PRD016,WH04,2024-12-08,2024-12-13,2024-12-15,172,171,2,55.29,9509.88,Medium,Rail
SHP005830,SUP004,PRD004,WH01,2024-12-17,2024-12-31,2024-12-30,500,500,13,141.54,70770.0,Medium,Road
SHP005831,SUP004,PRD015,WH04,2024-06-06,2024-06-17,2024-06-16,760,756,2,25.96,19729.6,Low,Road
SHP005832,SUP018,PRD017,WH04,2025-08-11,2025-08-17,2025-08-17,922,913,36,144.21,132961.62,Low,Road
SHP005833,SUP003,PRD020,WH02,2025-05-05,2025-05-19,2025-05-19,830,819,20,121.61,100936.3,High,Rail
SHP005834,SUP001,PRD016,WH06,2025-10-19,2025-11-03,2025-11-05,585,582,0,83.14,48636.9,High,Air
SHP005835,SUP017,PRD015,WH04,2025-04-07,2025-04-27,2025-04-26,391,386,8,43.0,16813.0,High,Sea
SHP005836,SUP007,PRD007,WH02,2024-08-12,2024-08-19,2024-08-19,838,828,5,70.52,59095.76,Medium,Rail
SHP005837,SUP016,PRD002,WH04,2024-11-08,2024-11-12,2024-11-12,491,491,5,146.88,72118.08,Low,Rail
SHP005838,SUP005,PRD013,WH03,2025-09-06,2025-09-21,2025-09-19,275,275,0,56.45,15523.75,Medium,Road
SHP005839,SUP019,PRD017,WH01,2025-04-10,2025-04-16,2025-04-17,989,988,29,21.31,21075.59,Medium,Rail
SHP005840,SUP007,PRD023,WH05,2024-03-28,2024-04-02,2024-04-03,394,391,0,115.75,45605.5,Medium,Road
SHP005841,SUP014,PRD025,WH05,2024-10-29,2024-11-05,2024-11-05,751,740,16,22.58,16957.58,Medium,Road
SHP005842,SUP002,PRD004,WH03,2025-11-10,2025-11-26,2025-11-28,179,178,4,51.7,9254.3,Low,Sea
SHP005843,SUP003,PRD010,WH02,2025-03-10,2025-03-17,2025-03-22,384,381,8,20.47,7860.48,Low,Road
SHP005844,SUP017,PRD002,WH02,2025-11-12,2025-11-26,2025-11-25,847,834,0,98.79,83675.13,Low,Road
SHP005845,SUP016,PRD025,WH01,2024-05-14,2024-05-30,2024-06-02,280,276,5,10.95,3066.0,High,Rail
SHP005846,SUP008,PRD011,WH04,2024-02-19,2024-02-23,2024-02-24,72,72,1,39.75,2862.0,Medium,Sea
SHP005847,SUP018,PRD023,WH02,2025-03-07,2025-03-21,2025-03-19,279,276,7,102.02,28463.58,Low,Rail
SHP005848,SUP015,PRD019,WH01,2024-12-05,2024-12-08,2024-12-07,548,548,19,122.84,67316.32,High,Road
SHP005849,SUP007,PRD025,WH03,2024-12-12,2024-12-21,2024-12-19,218,217,2,131.62,28693.16,Medium,Road
SHP005850,SUP009,PRD006,WH01,2025-10-07,2025-10-13,2025-10-11,626,621,11,98.23,61491.98,High,Rail
SHP005851,SUP006,PRD004,WH03,2024-12-12,2024-12-22,2024-12-23,280,278,0,75.82,21229.6,Medium,Road
SHP005852,SUP018,PRD015,WH02,2025-10-10,2025-10-19,2025-10-19,939,931,23,57.35,53851.65,Medium,Air
SHP005853,SUP018,PRD009,WH01,2024-09-01,2024-09-10,2024-09-09,751,748,21,43.22,32458.22,High,Air
SHP005854,SUP014,PRD022,WH03,2024-04-18,2024-05-01,2024-05-03,136,136,4,39.93,5430.48,Medium,Road
SHP005855,SUP014,PRD021,WH05,2025-06-16,2025-06-29,2025-07-01,135,134,3,47.49,6411.15,Low,Sea
SHP005856,SUP014,PRD010,WH03,2024-03-30,2024-04-16,2024-04-16,481,475,18,107.06,51495.86,Low,Sea
SHP005857,SUP004,PRD010,WH01,2024-10-22,2024-10-29,2024-10-27,927,920,0,108.01,100125.27,High,Rail
SHP005858,SUP004,PRD023,WH04,2024-04-21,2024-05-01,2024-05-02,901,896,16,69.39,62520.39,Low,Sea
SHP005859,SUP015,PRD019,WH04,2025-08-11,2025-08-22,2025-08-27,755,745,28,8.33,6289.15,Low,Road
SHP005860,SUP015,PRD003,WH03,2024-06-25,2024-07-01,2024-07-06,754,748,28,142.33,107316.82,High,Rail
SHP005861,SUP018,PRD020,WH04,2024-12-08,2024-12-28,2024-12-31,183,181,5,94.98,17381.34,Low,Road
SHP005862,SUP014,PRD013,WH06,2025-10-21,2025-10-29,2025-10-31,132,131,7,77.4,10216.8,Medium,Road
SHP005863,SUP001,PRD004,WH06,2024-04-10,2024-04-24,2024-04-25,450,446,11,28.32,12744.0,High,Road
SHP005864,SUP010,PRD018,WH02,2025-09-20,2025-09-24,2025-09-23,158,157,0,127.74,20182.92,Medium,Road
SHP005865,SUP020,PRD013,WH03,2025-08-26,2025-09-10,2025-09-15,325,322,15,91.74,29815.5,High,Rail
SHP005866,SUP010,PRD018,WH01,2025-02-04,2025-02-17,2025-02-23,24,24,0,22.1,530.4,Medium,Sea
SHP005867,SUP010,PRD014,WH04,2024-01-28,2024-02-13,2024-02-16,581,580,1,127.5,74077.5,Low,Sea
SHP005868,SUP002,PRD008,WH05,2025-06-20,2025-06-24,2025-06-28,165,163,6,89.96,14843.4,Low,Rail
SHP005869,SUP008,PRD010,WH03,2024-02-27,2024-03-13,2024-03-14,818,803,25,132.63,108491.34,Medium,Road
SHP005870,SUP001,PRD020,WH04,2025-05-12,2025-05-27,2025-05-26,764,763,9,4.51,3445.64,Medium,Road
SHP005871,SUP001,PRD025,WH06,2024-10-23,2024-10-30,2024-11-02,376,371,4,118.27,44469.52,Low,Road
SHP005872,SUP004,PRD006,WH06,2024-05-13,2024-05-24,2024-05-25,838,835,2,10.84,9083.92,High,Road
SHP005873,SUP007,PRD006,WH06,2024-11-26,2024-12-11,2024-12-14,82,82,0,40.24,3299.68,Low,Road
SHP005874,SUP009,PRD015,WH03,2024-09-05,2024-09-25,2024-09-25,636,628,6,33.53,21325.08,Medium,Road
SHP005875,SUP016,PRD002,WH04,2025-07-03,2025-07-17,2025-07-18,603,592,13,48.15,29034.45,Medium,Sea
SHP005876,SUP005,PRD021,WH01,2024-03-15,2024-03-18,2024-03-21,172,172,0,4.24,729.28,Medium,Rail
SHP005877,SUP002,PRD024,WH03,2025-10-15,2025-10-24,2025-10-29,16,16,0,107.31,1716.96,Medium,Sea
SHP005878,SUP011,PRD004,WH05,2024-06-16,2024-06-30,2024-07-01,896,887,8,6.43,5761.28,Medium,Road
SHP005879,SUP018,PRD013,WH04,2025-05-17,2025-05-26,2025-05-28,61,61,1,107.6,6563.6,Low,Sea
SHP005880,SUP019,PRD016,WH05,2024-12-20,2024-12-29,2025-01-03,898,889,44,123.25,110678.5,Medium,Rail
SHP005881,SUP013,PRD016,WH01,2024-08-12,2024-08-15,2024-08-19,855,847,27,3.65,3120.75,Low,Road
SHP005882,SUP011,PRD005,WH03,2025-10-25,2025-10-30,2025-10-28,293,289,0,129.82,38037.26,Medium,Road
SHP005883,SUP020,PRD022,WH02,2025-06-14,2025-06-23,2025-06-23,358,355,12,2.74,980.92,Low,Road
SHP005884,SUP019,PRD019,WH03,2024-05-25,2024-06-05,2024-06-10,231,231,9,75.31,17396.61,Low,Road
SHP005885,SUP017,PRD022,WH06,2024-08-28,2024-09-12,2024-09-12,502,493,14,93.04,46706.08,Low,Air
SHP005886,SUP005,PRD013,WH01,2024-12-09,2024-12-22,2024-12-23,245,245,0,115.94,28405.3,High,Air
SHP005887,SUP013,PRD013,WH05,2024-02-04,2024-02-07,2024-02-09,503,497,15,26.42,13289.26,Medium,Rail
SHP005888,SUP020,PRD021,WH05,2024-01-01,2024-01-06,2024-01-06,718,705,19,54.25,38951.5,Low,Road
SHP005889,SUP001,PRD007,WH01,2024-06-01,2024-06-13,2024-06-12,457,451,0,59.48,27182.36,Medium,Road
SHP005890,SUP010,PRD020,WH05,2025-03-04,2025-03-23,2025-03-22,378,372,2,60.3,22793.4,High,Road
SHP005891,SUP008,PRD006,WH02,2025-05-22,2025-05-31,2025-05-31,527,518,9,35.73,18829.71,Medium,Road
SHP005892,SUP008,PRD018,WH01,2024-05-05,2024-05-10,2024-05-12,610,604,7,136.51,83271.1,High,Rail
SHP005893,SUP019,PRD010,WH01,2025-05-05,2025-05-13,2025-05-18,429,424,12,25.71,11029.59,Low,Rail
SHP005894,SUP006,PRD019,WH06,2025-04-26,2025-05-02,2025-05-01,367,366,0,99.52,36523.84,Medium,Rail
SHP005895,SUP012,PRD023,WH04,2024-12-10,2024-12-26,2024-12-27,278,274,4,103.19,28686.82,Medium,Road
SHP005896,SUP007,PRD010,WH06,2024-08-08,2024-08-18,2024-08-19,935,929,0,110.86,103654.1,Medium,Rail
SHP005897,SUP016,PRD007,WH03,2024-01-25,2024-02-14,2024-02-14,98,98,3,142.74,13988.52,Medium,Rail
SHP005898,SUP009,PRD011,WH06,2025-06-11,2025-06-20,2025-06-21,604,602,14,127.22,76840.88,Low,Sea
SHP005899,SUP010,PRD006,WH04,2024-06-30,2024-07-10,2024-07-12,804,803,1,130.46,104889.84,High,Rail
SHP005900,SUP010,PRD009,WH05,2025-05-13,2025-05-27,2025-05-25,970,961,1,63.62,61711.4,Low,Road
SHP005901,SUP010,PRD021,WH03,2025-10-02,2025-10-20,2025-10-21,382,381,4,113.33,43292.06,Medium,Sea
SHP005902,SUP020,PRD021,WH02,2024-02-11,2024-02-29,2024-02-29,389,388,12,136.32,53028.48,High,Rail
SHP005903,SUP016,PRD023,WH04,2025-04-25,2025-05-10,2025-05-08,696,685,15,65.87,45845.52,Medium,Sea
SHP005904,SUP001,PRD025,WH01,2025-03-14,2025-03-23,2025-03-22,661,660,4,126.41,83557.01,Medium,Road
SHP005905,SUP017,PRD003,WH04,2025-02-05,2025-02-20,2025-02-21,819,813,15,123.73,101334.87,Low,Sea
SHP005906,SUP014,PRD016,WH03,2025-06-29,2025-07-04,2025-07-11,529,523,14,134.14,70960.06,Medium,Road
SHP005907,SUP019,PRD024,WH05,2024-12-10,2024-12-14,2024-12-19,888,888,34,113.12,100450.56,Low,Sea
SHP005908,SUP017,PRD024,WH03,2024-02-14,2024-03-04,2024-03-06,350,350,6,46.46,16261.0,High,Air
SHP005909,SUP014,PRD005,WH05,2025-10-07,2025-10-21,2025-10-22,738,733,28,38.83,28656.54,High,Rail
SHP005910,SUP008,PRD015,WH02,2024-01-21,2024-02-07,2024-02-08,122,121,2,122.21,14909.62,Medium,Road
SHP005911,SUP009,PRD025,WH01,2025-09-25,2025-10-02,2025-10-01,975,958,18,136.15,132746.25,Low,Road
SHP005912,SUP008,PRD020,WH01,2024-03-10,2024-03-19,2024-03-21,784,776,3,60.57,47486.88,Medium,Sea
SHP005913,SUP013,PRD023,WH03,2024-02-17,2024-03-01,2024-03-02,976,974,20,134.62,131389.12,Low,Road
SHP005914,SUP017,PRD020,WH01,2025-05-05,2025-05-23,2025-05-22,613,611,11,6.49,3978.37,Low,Sea
SHP005915,SUP019,PRD019,WH03,2025-07-04,2025-07-23,2025-07-26,407,407,11,8.01,3260.07,High,Road
SHP005916,SUP007,PRD022,WH02,2024-10-13,2024-10-26,2024-10-26,272,272,2,137.13,37299.36,Medium,Road
SHP005917,SUP017,PRD021,WH05,2024-01-10,2024-01-26,2024-01-26,286,284,7,31.47,9000.42,Medium,Road
SHP005918,SUP001,PRD016,WH01,2025-06-25,2025-07-05,2025-07-08,508,499,6,105.08,53380.64,Medium,Sea
SHP005919,SUP005,PRD001,WH05,2024-09-30,2024-10-09,2024-10-07,966,966,0,103.98,100444.68,Medium,Sea
SHP005920,SUP006,PRD011,WH01,2025-08-22,2025-08-27,2025-08-25,929,916,8,74.52,69229.08,High,Road
SHP005921,SUP002,PRD024,WH03,2025-01-15,2025-01-19,2025-01-20,730,725,16,53.23,38857.9,Medium,Sea
SHP005922,SUP016,PRD016,WH05,2024-11-24,2024-12-08,2024-12-10,232,230,3,111.21,25800.72,Low,Sea
SHP005923,SUP005,PRD014,WH06,2025-04-23,2025-04-28,2025-05-01,140,139,0,36.22,5070.8,Medium,Road
SHP005924,SUP005,PRD017,WH06,2024-01-15,2024-01-21,2024-01-19,906,897,0,16.57,15012.42,Medium,Road
SHP005925,SUP012,PRD017,WH02,2025-05-30,2025-06-13,2025-06-14,629,618,22,78.04,49087.16,Low,Sea
SHP005926,SUP003,PRD014,WH02,2024-07-09,2024-07-23,2024-07-21,111,111,1,81.86,9086.46,Medium,Road
SHP005927,SUP016,PRD021,WH05,2024-06-16,2024-07-03,2024-07-03,347,343,12,138.57,48083.79,Low,Sea
SHP005928,SUP006,PRD024,WH04,2025-06-04,2025-06-08,2025-06-06,210,210,1,61.03,12816.3,Medium,Road
SHP005929,SUP015,PRD018,WH02,2025-09-12,2025-09-27,2025-09-25,520,513,17,44.36,23067.2,Low,Road
SHP005930,SUP015,PRD019,WH03,2024-05-16,2024-05-22,2024-05-29,949,945,14,82.93,78700.57,Low,Sea
SHP005931,SUP016,PRD014,WH04,2024-06-02,2024-06-19,2024-06-21,990,988,8,99.08,98089.2,Low,Road
SHP005932,SUP020,PRD013,WH02,2025-01-22,2025-02-01,2025-02-05,60,60,2,121.37,7282.2,Medium,Road
SHP005933,SUP013,PRD024,WH02,2024-07-27,2024-08-14,2024-08-16,987,986,19,86.35,85227.45,Low,Sea
SHP005934,SUP012,PRD025,WH02,2024-09-28,2024-10-05,2024-10-04,502,498,11,62.64,31445.28,Low,Road
SHP005935,SUP010,PRD011,WH06,2024-05-22,2024-06-08,2024-06-10,142,141,0,66.4,9428.8,High,Road
SHP005936,SUP014,PRD020,WH06,2025-09-02,2025-09-07,2025-09-10,369,367,12,142.78,52685.82,Medium,Rail
SHP005937,SUP002,PRD007,WH01,2024-03-09,2024-03-29,2024-03-27,163,163,5,148.2,24156.6,Low,Air
SHP005938,SUP003,PRD002,WH01,2024-09-03,2024-09-17,2024-09-16,668,665,26,117.78,78677.04,High,Road
SHP005939,SUP009,PRD012,WH01,2024-09-17,2024-10-02,2024-10-05,189,189,7,81.23,15352.47,Low,Road
SHP005940,SUP011,PRD009,WH01,2024-03-19,2024-04-02,2024-04-02,44,44,0,98.15,4318.6,Medium,Road
SHP005941,SUP011,PRD009,WH03,2025-10-19,2025-11-05,2025-11-05,795,785,0,55.16,43852.2,Medium,Sea
SHP005942,SUP010,PRD016,WH03,2025-09-14,2025-10-01,2025-10-04,287,285,4,22.03,6322.61,Low,Road
SHP005943,SUP014,PRD011,WH06,2025-08-27,2025-09-06,2025-09-07,893,879,26,67.24,60045.32,High,Road
SHP005944,SUP009,PRD019,WH03,2025-06-08,2025-06-20,2025-06-20,105,104,3,57.45,6032.25,High,Road
SHP005945,SUP020,PRD021,WH01,2025-09-12,2025-09-18,2025-09-17,825,819,7,5.51,4545.75,Low,Rail
SHP005946,SUP010,PRD019,WH03,2024-11-25,2024-11-29,2024-11-27,212,210,0,25.76,5461.12,High,Road
SHP005947,SUP009,PRD009,WH01,2024-07-07,2024-07-12,2024-07-11,203,203,4,148.84,30214.52,Medium,Air
SHP005948,SUP005,PRD002,WH04,2024-04-04,2024-04-19,2024-04-19,806,801,10,32.94,26549.64,High,Road
SHP005949,SUP008,PRD017,WH04,2025-09-08,2025-09-20,2025-09-20,600,593,22,46.86,28116.0,High,Rail
SHP005950,SUP011,PRD019,WH05,2024-01-08,2024-01-19,2024-01-21,602,599,10,132.74,79909.48,High,Sea
SHP005951,SUP001,PRD015,WH01,2024-03-07,2024-03-26,2024-03-27,582,578,3,29.51,17174.82,Low,Rail
SHP005952,SUP010,PRD002,WH03,2025-05-10,2025-05-21,2025-05-19,270,266,0,36.24,9784.8,Medium,Sea
SHP005953,SUP001,PRD025,WH02,2024-07-09,2024-07-26,2024-07-27,140,140,0,71.04,9945.6,Low,Rail
SHP005954,SUP007,PRD014,WH02,2024-12-31,2025-01-05,2025-01-05,134,133,0,61.99,8306.66,Medium,Road
SHP005955,SUP014,PRD001,WH03,2025-06-04,2025-06-12,2025-06-12,870,863,43,44.38,38610.6,Low,Road
SHP005956,SUP005,PRD005,WH06,2024-04-26,2024-05-07,2024-05-07,303,302,3,70.15,21255.45,Medium,Road
SHP005957,SUP017,PRD014,WH04,2024-09-23,2024-10-07,2024-10-08,383,383,13,65.04,24910.32,Low,Road
SHP005958,SUP006,PRD025,WH02,2025-09-02,2025-09-17,2025-09-15,538,533,0,17.3,9307.4,High,Rail
SHP005959,SUP016,PRD002,WH04,2025-04-29,2025-05-11,2025-05-12,614,609,15,57.94,35575.16,Medium,Road
SHP005960,SUP011,PRD011,WH02,2025-05-23,2025-06-06,2025-06-06,394,391,7,93.07,36669.58,Medium,Road
SHP005961,SUP010,PRD002,WH02,2024-10-24,2024-11-01,2024-10-30,116,115,0,52.29,6065.64,Low,Road
SHP005962,SUP015,PRD025,WH04,2024-06-12,2024-07-02,2024-07-07,539,531,16,80.94,43626.66,Medium,Road
SHP005963,SUP007,PRD024,WH01,2025-01-10,2025-01-28,2025-01-31,73,73,0,96.2,7022.6,Medium,Road
SHP005964,SUP002,PRD011,WH02,2025-10-14,2025-10-24,2025-10-28,686,681,31,80.82,55442.52,Medium,Road
SHP005965,SUP012,PRD016,WH01,2024-09-24,2024-10-01,2024-10-03,345,340,11,133.98,46223.1,Medium,Sea
SHP005966,SUP019,PRD013,WH04,2025-07-02,2025-07-08,2025-07-08,291,290,13,119.62,34809.42,High,Road
SHP005967,SUP012,PRD014,WH01,2024-03-14,2024-03-21,2024-03-22,842,830,23,147.12,123875.04,Medium,Sea
SHP005968,SUP016,PRD021,WH06,2025-05-22,2025-05-25,2025-05-24,901,901,18,92.68,83504.68,Medium,Road
SHP005969,SUP006,PRD018,WH02,2024-03-13,2024-03-31,2024-03-30,618,612,9,135.76,83899.68,Medium,Road
SHP005970,SUP003,PRD004,WH01,2024-11-03,2024-11-22,2024-11-24,22,22,0,97.35,2141.7,Low,Rail
SHP005971,SUP002,PRD021,WH01,2024-07-17,2024-07-30,2024-07-31,843,840,17,10.73,9045.39,High,Air
SHP005972,SUP020,PRD002,WH03,2024-05-09,2024-05-27,2024-05-25,144,143,3,18.71,2694.24,High,Road
SHP005973,SUP005,PRD021,WH06,2025-07-25,2025-08-11,2025-08-09,452,449,9,40.45,18283.4,Low,Rail
SHP005974,SUP011,PRD012,WH06,2025-09-06,2025-09-25,2025-09-27,161,159,3,58.08,9350.88,Medium,Road
SHP005975,SUP003,PRD005,WH03,2025-05-01,2025-05-07,2025-05-06,163,161,4,39.62,6458.06,Low,Rail
SHP005976,SUP003,PRD007,WH03,2024-05-30,2024-06-10,2024-06-08,512,507,2,34.45,17638.4,Low,Sea
SHP005977,SUP005,PRD001,WH01,2025-10-30,2025-11-11,2025-11-10,711,710,0,26.69,18976.59,High,Sea
SHP005978,SUP011,PRD007,WH03,2024-07-24,2024-08-13,2024-08-14,256,255,4,65.82,16849.92,High,Sea
SHP005979,SUP003,PRD007,WH02,2024-06-27,2024-07-10,2024-07-08,556,551,12,6.69,3719.64,Medium,Road
SHP005980,SUP013,PRD006,WH01,2024-07-15,2024-07-27,2024-07-30,72,72,0,19.93,1434.96,Medium,Road
SHP005981,SUP008,PRD022,WH05,2024-03-29,2024-04-06,2024-04-06,980,979,11,90.13,88327.4,Medium,Sea
SHP005982,SUP020,PRD006,WH06,2025-03-09,2025-03-18,2025-03-20,799,789,23,109.74,87682.26,Low,Rail
SHP005983,SUP010,PRD008,WH06,2024-07-01,2024-07-21,2024-07-22,96,96,0,42.38,4068.48,High,Road
SHP005984,SUP002,PRD009,WH06,2024-07-27,2024-07-31,2024-08-03,415,409,1,63.59,26389.85,Low,Sea
SHP005985,SUP004,PRD019,WH01,2025-05-07,2025-05-13,2025-05-14,321,316,9,85.31,27384.51,Medium,Sea
SHP005986,SUP018,PRD007,WH02,2024-05-09,2024-05-18,2024-05-16,311,308,5,39.26,12209.86,Medium,Road
SHP005987,SUP019,PRD015,WH03,2025-10-26,2025-11-08,2025-11-10,182,181,8,133.83,24357.06,Medium,Rail
SHP005988,SUP004,PRD021,WH02,2024-01-13,2024-01-18,2024-01-19,18,18,0,43.18,777.24,Medium,Sea
SHP005989,SUP020,PRD023,WH04,2025-09-25,2025-10-02,2025-10-02,750,743,8,116.69,87517.5,Low,Road
SHP005990,SUP009,PRD009,WH01,2024-04-15,2024-04-28,2024-04-26,321,317,3,22.06,7081.26,Medium,Road
SHP005991,SUP016,PRD001,WH03,2025-01-09,2025-01-25,2025-01-28,120,119,2,129.85,15582.0,Low,Road
SHP005992,SUP006,PRD008,WH02,2025-08-04,2025-08-08,2025-08-10,252,249,3,6.99,1761.48,Low,Sea
SHP005993,SUP004,PRD017,WH02,2025-11-28,2025-12-10,2025-12-12,143,142,3,134.85,19283.55,High,Sea
SHP005994,SUP009,PRD006,WH06,2024-04-08,2024-04-27,2024-04-25,783,780,20,122.12,95619.96,Medium,Road
SHP005995,SUP013,PRD013,WH04,2025-08-16,2025-08-23,2025-08-22,612,604,13,130.79,80043.48,Medium,Rail
SHP005996,SUP009,PRD016,WH06,2025-08-09,2025-08-16,2025-08-15,103,102,5,146.82,15122.46,High,Road
SHP005997,SUP006,PRD006,WH06,2024-07-10,2024-07-13,2024-07-11,783,774,7,19.0,14877.0,Low,Road
SHP005998,SUP019,PRD025,WH05,2024-11-20,2024-12-04,2024-12-05,394,393,10,22.0,8668.0,Low,Rail
SHP005999,SUP014,PRD024,WH06,2025-04-11,2025-04-16,2025-04-14,32,32,0,65.54,2097.28,Medium,Road
SHP006000,SUP015,PRD013,WH05,2025-01-01,2025-01-12,2025-01-13,51,51,2,109.2,5569.2,Medium,Road
SHP006001,SUP003,PRD014,WH02,2024-11-13,2024-11-29,2024-11-27,478,477,7,69.82,33373.96,High,Road
SHP006002,SUP005,PRD025,WH06,2024-05-23,2024-06-06,2024-06-07,427,427,1,18.18,7762.86,High,Road
SHP006003,SUP018,PRD013,WH05,2025-01-18,2025-02-04,2025-02-06,763,756,20,8.02,6119.26,High,Road
SHP006004,SUP014,PRD003,WH02,2024-08-03,2024-08-17,2024-08-19,112,112,1,112.25,12572.0,Low,Road
SHP006005,SUP016,PRD005,WH01,2024-12-26,2025-01-04,2025-01-07,646,635,12,117.87,76144.02,Low,Sea
SHP006006,SUP014,PRD021,WH04,2024-11-19,2024-11-22,2024-11-26,818,808,22,29.24,23918.32,Medium,Rail
SHP006007,SUP009,PRD003,WH03,2024-01-15,2024-01-21,2024-01-22,580,577,0,97.27,56416.6,Medium,Road
SHP006008,SUP015,PRD019,WH02,2024-08-04,2024-08-22,2024-08-29,114,113,4,105.21,11993.94,High,Rail
SHP006009,SUP007,PRD009,WH04,2025-05-06,2025-05-26,2025-05-28,346,344,7,74.57,25801.22,Medium,Road
SHP006010,SUP014,PRD011,WH06,2025-06-30,2025-07-15,2025-07-20,392,391,13,92.36,36205.12,High,Sea
SHP006011,SUP006,PRD020,WH02,2024-07-01,2024-07-05,2024-07-07,175,174,2,118.53,20742.75,Low,Road
SHP006012,SUP015,PRD008,WH01,2024-09-26,2024-10-11,2024-10-15,253,250,9,13.03,3296.59,Medium,Air
SHP006013,SUP020,PRD011,WH04,2025-04-11,2025-04-14,2025-04-13,448,445,8,87.35,39132.8,Medium,Road
SHP006014,SUP008,PRD017,WH01,2025-09-03,2025-09-11,2025-09-11,45,45,1,4.36,196.2,High,Rail
SHP006015,SUP002,PRD006,WH04,2025-06-02,2025-06-18,2025-06-19,712,711,16,84.11,59886.32,Low,Road
SHP006016,SUP008,PRD004,WH01,2025-06-25,2025-07-08,2025-07-08,265,261,4,15.31,4057.15,Low,Road
SHP006017,SUP001,PRD024,WH05,2025-04-11,2025-04-18,2025-04-22,546,538,5,106.83,58329.18,Low,Sea
SHP006018,SUP017,PRD014,WH03,2024-10-31,2024-11-04,2024-11-07,374,370,7,32.21,12046.54,Medium,Road
SHP006019,SUP019,PRD004,WH01,2024-05-23,2024-06-11,2024-06-13,789,777,23,31.98,25232.22,Medium,Sea
SHP006020,SUP005,PRD014,WH05,2024-04-20,2024-05-05,2024-05-06,298,294,0,85.13,25368.74,Medium,Air
SHP006021,SUP020,PRD007,WH02,2024-08-19,2024-09-03,2024-09-09,437,435,13,42.39,18524.43,Medium,Rail
SHP006022,SUP016,PRD008,WH05,2025-11-21,2025-12-10,2025-12-11,530,530,8,53.8,28514.0,Low,Sea
SHP006023,SUP007,PRD007,WH03,2025-08-06,2025-08-13,2025-08-13,97,97,0,39.74,3854.78,Low,Sea
SHP006024,SUP007,PRD001,WH02,2025-08-14,2025-08-21,2025-08-20,618,612,4,82.8,51170.4,Low,Road
SHP006025,SUP018,PRD004,WH04,2025-05-14,2025-05-30,2025-06-05,439,438,12,149.76,65744.64,Low,Road
SHP006026,SUP018,PRD019,WH04,2025-08-17,2025-09-03,2025-09-01,763,757,28,37.24,28414.12,Medium,Sea
SHP006027,SUP002,PRD025,WH02,2025-07-07,2025-07-23,2025-07-25,344,340,7,131.94,45387.36,Medium,Road
SHP006028,SUP015,PRD025,WH06,2024-09-29,2024-10-17,2024-10-19,540,533,13,40.53,21886.2,High,Road
SHP006029,SUP014,PRD021,WH01,2024-06-21,2024-07-10,2024-07-13,676,665,16,63.01,42594.76,High,Road
SHP006030,SUP018,PRD008,WH05,2024-01-07,2024-01-25,2024-01-28,190,189,4,80.88,15367.2,Low,Road
SHP006031,SUP009,PRD003,WH03,2024-06-03,2024-06-15,2024-06-14,837,834,2,73.4,61435.8,Low,Road
SHP006032,SUP014,PRD023,WH04,2025-06-05,2025-06-24,2025-06-28,509,506,24,107.84,54890.56,High,Sea
SHP006033,SUP005,PRD020,WH06,2025-06-29,2025-07-16,2025-07-15,546,543,4,100.14,54676.44,High,Sea
SHP006034,SUP011,PRD013,WH02,2025-07-01,2025-07-13,2025-07-12,81,81,0,101.06,8185.86,Medium,Sea
SHP006035,SUP008,PRD023,WH04,2025-06-01,2025-06-18,2025-06-19,788,784,8,56.27,44340.76,High,Road
SHP006036,SUP005,PRD001,WH01,2024-08-02,2024-08-07,2024-08-07,830,830,0,116.31,96537.3,Medium,Road
SHP006037,SUP011,PRD024,WH03,2024-05-13,2024-06-01,2024-06-01,167,165,3,19.87,3318.29,Medium,Road
SHP006038,SUP005,PRD025,WH06,2024-10-11,2024-10-14,2024-10-18,797,794,0,40.44,32230.68,Low,Road
SHP006039,SUP017,PRD018,WH03,2024-05-05,2024-05-20,2024-05-23,459,452,17,139.7,64122.3,Low,Road
SHP006040,SUP004,PRD013,WH05,2025-03-14,2025-03-23,2025-03-24,666,665,21,23.8,15850.8,Medium,Road
SHP006041,SUP015,PRD018,WH03,2025-11-16,2025-11-23,2025-11-22,599,594,18,104.84,62799.16,Medium,Road
SHP006042,SUP019,PRD020,WH06,2024-05-31,2024-06-14,2024-06-12,800,794,38,135.32,108256.0,Low,Road
SHP006043,SUP002,PRD011,WH03,2024-11-26,2024-11-29,2024-11-29,426,422,12,121.72,51852.72,High,Air
SHP006044,SUP017,PRD003,WH01,2025-06-21,2025-06-29,2025-07-02,710,699,20,125.43,89055.3,Medium,Road
SHP006045,SUP012,PRD011,WH05,2025-01-17,2025-01-23,2025-01-24,182,181,1,100.41,18274.62,High,Rail
SHP006046,SUP017,PRD024,WH02,2024-04-24,2024-05-05,2024-05-04,857,853,15,80.86,69297.02,High,Road
SHP006047,SUP010,PRD012,WH02,2025-04-26,2025-04-29,2025-04-29,409,405,7,70.31,28756.79,Medium,Sea
SHP006048,SUP018,PRD013,WH01,2024-10-10,2024-10-14,2024-10-16,573,566,19,93.55,53604.15,High,Road
SHP006049,SUP019,PRD018,WH01,2024-03-15,2024-03-24,2024-03-24,765,751,20,143.57,109831.05,Medium,Road
SHP006050,SUP018,PRD013,WH05,2024-06-14,2024-06-23,2024-06-22,468,468,9,41.69,19510.92,Medium,Rail
SHP006051,SUP013,PRD005,WH01,2024-07-07,2024-07-22,2024-07-25,198,196,8,42.83,8480.34,Medium,Rail
SHP006052,SUP014,PRD025,WH02,2024-03-18,2024-03-21,2024-03-23,659,655,28,91.12,60048.08,Low,Sea
SHP006053,SUP016,PRD007,WH02,2025-08-24,2025-09-11,2025-09-11,252,248,3,69.03,17395.56,Medium,Road
SHP006054,SUP018,PRD025,WH06,2025-11-18,2025-11-22,2025-11-24,743,743,13,108.37,80518.91,Medium,Road
SHP006055,SUP018,PRD008,WH03,2024-01-21,2024-02-01,2024-02-06,947,936,15,67.54,63960.38,Medium,Road
SHP006056,SUP016,PRD005,WH01,2025-07-19,2025-08-01,2025-08-03,532,525,9,132.64,70564.48,Medium,Sea
SHP006057,SUP017,PRD015,WH02,2024-07-02,2024-07-21,2024-07-25,19,19,0,36.31,689.89,Medium,Rail
SHP006058,SUP007,PRD016,WH04,2024-08-09,2024-08-15,2024-08-19,285,283,2,45.14,12864.9,Medium,Sea
SHP006059,SUP012,PRD008,WH03,2024-11-23,2024-11-26,2024-11-27,99,99,3,62.56,6193.44,Medium,Rail
SHP006060,SUP002,PRD008,WH03,2024-06-27,2024-06-30,2024-07-01,442,438,8,14.66,6479.72,Low,Road
SHP006061,SUP010,PRD022,WH04,2024-04-21,2024-05-06,2024-05-05,229,226,0,116.83,26754.07,Medium,Road
SHP006062,SUP005,PRD005,WH02,2024-02-28,2024-03-17,2024-03-18,701,695,0,52.11,36529.11,Medium,Road
SHP006063,SUP003,PRD003,WH01,2024-11-22,2024-11-30,2024-11-30,150,149,3,134.29,20143.5,Medium,Road
SHP006064,SUP019,PRD018,WH06,2025-09-12,2025-09-25,2025-09-28,510,501,19,80.85,41233.5,High,Road
SHP006065,SUP013,PRD005,WH05,2025-10-30,2025-11-08,2025-11-09,486,480,11,56.53,27473.58,Medium,Rail
SHP006066,SUP012,PRD017,WH05,2024-07-09,2024-07-22,2024-07-24,151,151,1,141.61,21383.11,Medium,Road
SHP006067,SUP003,PRD021,WH05,2024-07-18,2024-07-28,2024-07-29,723,712,17,74.9,54152.7,High,Road
SHP006068,SUP006,PRD002,WH05,2024-11-07,2024-11-23,2024-11-24,459,458,0,56.01,25708.59,Low,Road
SHP006069,SUP014,PRD007,WH05,2024-02-04,2024-02-11,2024-02-11,381,376,9,39.03,14870.43,Medium,Sea
SHP006070,SUP004,PRD022,WH06,2025-01-13,2025-01-18,2025-01-20,891,889,10,88.83,79147.53,Low,Road
SHP006071,SUP013,PRD008,WH03,2025-01-21,2025-01-24,2025-01-26,200,197,4,55.91,11182.0,Low,Air
SHP006072,SUP019,PRD013,WH04,2024-08-24,2024-08-29,2024-08-28,444,442,13,80.1,35564.4,Medium,Rail
SHP006073,SUP018,PRD024,WH03,2025-09-07,2025-09-10,2025-09-11,535,534,7,50.73,27140.55,High,Road
SHP006074,SUP003,PRD013,WH06,2025-06-02,2025-06-14,2025-06-17,336,336,12,29.17,9801.12,High,Road
SHP006075,SUP020,PRD012,WH04,2024-10-09,2024-10-14,2024-10-15,589,579,21,49.37,29078.93,High,Road
SHP006076,SUP006,PRD007,WH01,2024-01-01,2024-01-11,2024-01-11,54,54,0,50.4,2721.6,Low,Rail
SHP006077,SUP016,PRD019,WH03,2025-04-08,2025-04-13,2025-04-11,972,968,35,2.26,2196.72,Medium,Road
SHP006078,SUP020,PRD015,WH02,2024-08-17,2024-08-21,2024-08-20,760,754,7,26.5,20140.0,High,Road
SHP006079,SUP003,PRD004,WH05,2024-06-20,2024-06-28,2024-06-30,17,17,0,121.36,2063.12,Medium,Road
SHP006080,SUP012,PRD002,WH05,2024-03-27,2024-03-31,2024-04-04,52,52,1,21.32,1108.64,Low,Road
SHP006081,SUP019,PRD012,WH01,2025-07-06,2025-07-18,2025-07-23,835,830,19,142.01,118578.35,Medium,Road
SHP006082,SUP019,PRD006,WH03,2024-05-02,2024-05-08,2024-05-09,809,796,30,69.03,55845.27,Medium,Rail
SHP006083,SUP004,PRD005,WH03,2024-10-24,2024-10-31,2024-11-02,447,447,11,40.2,17969.4,Medium,Road
SHP006084,SUP001,PRD012,WH02,2025-11-20,2025-12-02,2025-12-02,925,916,7,22.36,20683.0,Low,Road
SHP006085,SUP002,PRD017,WH06,2025-07-28,2025-08-10,2025-08-11,539,530,15,3.32,1789.48,Medium,Sea
SHP006086,SUP013,PRD023,WH01,2025-04-28,2025-05-18,2025-05-19,527,527,19,89.5,47166.5,Low,Air
SHP006087,SUP013,PRD003,WH05,2024-06-13,2024-06-30,2024-07-03,947,941,42,14.19,13437.93,Low,Sea
SHP006088,SUP002,PRD002,WH06,2025-11-29,2025-12-03,2025-12-03,907,894,31,86.22,78201.54,Low,Rail
SHP006089,SUP019,PRD009,WH05,2025-01-17,2025-01-20,2025-01-21,958,947,28,77.18,73938.44,Medium,Road
SHP006090,SUP016,PRD018,WH04,2024-07-27,2024-08-12,2024-08-11,404,403,0,94.69,38254.76,High,Rail
SHP006091,SUP012,PRD003,WH03,2025-03-07,2025-03-25,2025-03-27,582,578,23,144.88,84320.16,High,Road
SHP006092,SUP001,PRD015,WH04,2025-01-23,2025-02-03,2025-02-01,567,566,0,141.78,80389.26,Low,Road
SHP006093,SUP009,PRD016,WH06,2025-07-13,2025-08-01,2025-07-31,28,28,0,20.28,567.84,Medium,Sea
SHP006094,SUP017,PRD008,WH01,2024-08-11,2024-08-26,2024-08-24,289,287,4,45.64,13189.96,High,Road
SHP006095,SUP010,PRD022,WH04,2024-01-03,2024-01-15,2024-01-20,873,866,4,80.74,70486.02,Medium,Road
SHP006096,SUP018,PRD022,WH02,2025-01-06,2025-01-10,2025-01-10,381,377,8,133.58,50893.98,Low,Road
SHP006097,SUP019,PRD017,WH05,2025-11-17,2025-11-23,2025-12-03,618,610,25,2.03,1254.54,Medium,Road
SHP006098,SUP007,PRD008,WH01,2025-03-21,2025-04-10,2025-04-08,935,927,10,148.31,138669.85,Medium,Road
SHP006099,SUP019,PRD004,WH04,2025-09-02,2025-09-06,2025-09-08,399,398,15,32.88,13119.12,High,Road
SHP006100,SUP015,PRD007,WH06,2024-04-25,2024-05-06,2024-05-05,67,67,1,76.09,5098.03,Low,Air
SHP006101,SUP009,PRD005,WH01,2024-09-26,2024-10-07,2024-10-07,106,105,1,111.09,11775.54,High,Road
SHP006102,SUP010,PRD013,WH06,2025-03-22,2025-03-27,2025-03-27,887,886,2,7.69,6821.03,Low,Rail
SHP006103,SUP020,PRD006,WH03,2025-01-02,2025-01-20,2025-01-20,661,656,24,12.18,8050.98,High,Road
SHP006104,SUP020,PRD024,WH05,2024-09-09,2024-09-19,2024-09-22,949,935,33,73.43,69685.07,Medium,Road
SHP006105,SUP004,PRD003,WH04,2024-11-12,2024-12-01,2024-12-03,620,614,5,113.31,70252.2,Low,Road
SHP006106,SUP006,PRD004,WH01,2025-02-18,2025-03-04,2025-03-07,777,773,3,8.71,6767.67,Medium,Road
SHP006107,SUP004,PRD011,WH04,2024-04-04,2024-04-12,2024-04-15,785,775,13,100.84,79159.4,Medium,Road
SHP006108,SUP005,PRD025,WH04,2024-01-24,2024-02-09,2024-02-11,173,173,0,2.44,422.12,High,Sea
SHP006109,SUP009,PRD012,WH01,2025-09-19,2025-10-07,2025-10-07,477,475,6,63.34,30213.18,Medium,Road
SHP006110,SUP012,PRD016,WH02,2025-10-24,2025-10-28,2025-10-28,362,360,13,148.24,53662.88,Low,Sea
SHP006111,SUP008,PRD009,WH03,2024-02-19,2024-03-02,2024-03-06,972,963,21,93.31,90697.32,High,Rail
SHP006112,SUP005,PRD019,WH05,2025-05-16,2025-05-20,2025-05-22,687,682,0,117.28,80571.36,High,Sea
SHP006113,SUP011,PRD002,WH03,2025-05-12,2025-05-27,2025-05-29,911,910,13,116.44,106076.84,Medium,Rail
SHP006114,SUP011,PRD011,WH06,2024-11-30,2024-12-13,2024-12-14,142,142,3,91.75,13028.5,Low,Sea
SHP006115,SUP013,PRD025,WH04,2024-03-19,2024-03-27,2024-03-31,458,450,12,24.69,11308.02,Medium,Rail
SHP006116,SUP014,PRD008,WH02,2025-08-04,2025-08-23,2025-08-21,578,573,11,94.58,54667.24,High,Road
SHP006117,SUP008,PRD007,WH01,2024-01-27,2024-02-08,2024-02-12,764,754,19,110.06,84085.84,Low,Rail
SHP006118,SUP018,PRD017,WH03,2024-09-27,2024-10-15,2024-10-15,70,70,1,6.55,458.5,Medium,Road
SHP006119,SUP019,PRD011,WH05,2025-07-15,2025-08-04,2025-08-03,592,583,15,82.68,48946.56,Low,Road
SHP006120,SUP012,PRD024,WH04,2024-09-03,2024-09-15,2024-09-13,238,238,5,108.93,25925.34,Low,Rail
SHP006121,SUP012,PRD001,WH01,2025-08-13,2025-08-19,2025-08-18,490,484,19,16.42,8045.8,Medium,Road
SHP006122,SUP018,PRD015,WH06,2025-01-21,2025-01-28,2025-01-31,971,961,19,49.39,47957.69,Low,Road
SHP006123,SUP010,PRD003,WH02,2025-07-12,2025-07-27,2025-07-29,551,541,0,79.49,43798.99,Low,Road
SHP006124,SUP007,PRD023,WH05,2024-12-26,2025-01-03,2025-01-01,284,283,1,86.43,24546.12,Medium,Air
SHP006125,SUP018,PRD003,WH04,2025-05-02,2025-05-20,2025-05-23,391,389,14,55.99,21892.09,High,Sea
SHP006126,SUP012,PRD021,WH05,2024-12-17,2025-01-02,2025-01-03,300,300,10,15.02,4506.0,Low,Road
SHP006127,SUP014,PRD011,WH02,2025-12-01,2025-12-17,2025-12-18,348,346,10,131.8,45866.4,High,Road
SHP006128,SUP015,PRD002,WH03,2024-09-12,2024-10-02,2024-10-03,571,562,22,27.46,15679.66,Medium,Rail
SHP006129,SUP016,PRD023,WH06,2024-08-09,2024-08-28,2024-08-30,659,648,12,62.92,41464.28,Medium,Road
SHP006130,SUP002,PRD006,WH03,2024-01-01,2024-01-11,2024-01-14,298,296,8,103.02,30699.96,Medium,Air
SHP006131,SUP018,PRD025,WH01,2025-06-29,2025-07-13,2025-07-17,202,200,6,53.01,10708.02,Low,Road
SHP006132,SUP012,PRD006,WH02,2025-03-21,2025-04-02,2025-04-04,93,93,2,59.42,5526.06,Medium,Air
SHP006133,SUP016,PRD002,WH03,2024-03-19,2024-03-23,2024-03-27,224,221,2,44.28,9918.72,Medium,Sea
SHP006134,SUP013,PRD016,WH03,2024-08-23,2024-09-04,2024-09-09,86,86,3,78.8,6776.8,Medium,Road
SHP006135,SUP020,PRD025,WH04,2024-11-29,2024-12-05,2024-12-09,350,345,16,90.6,31710.0,Medium,Road
SHP006136,SUP017,PRD009,WH02,2024-12-14,2024-12-20,2024-12-21,473,470,4,79.98,37830.54,Low,Sea
SHP006137,SUP018,PRD020,WH03,2024-04-07,2024-04-15,2024-04-14,300,300,9,17.68,5304.0,Low,Rail
SHP006138,SUP003,PRD014,WH04,2024-03-22,2024-03-25,2024-03-27,568,558,12,24.97,14182.96,Low,Sea
SHP006139,SUP010,PRD016,WH05,2025-05-16,2025-06-03,2025-06-01,633,625,0,40.35,25541.55,Medium,Road
SHP006140,SUP001,PRD024,WH03,2025-04-21,2025-05-07,2025-05-07,17,17,0,4.65,79.05,High,Road
SHP006141,SUP006,PRD002,WH03,2025-07-03,2025-07-15,2025-07-16,822,816,0,110.8,91077.6,Low,Road
SHP006142,SUP003,PRD003,WH01,2024-01-14,2024-01-17,2024-01-15,824,819,5,26.32,21687.68,Medium,Sea
SHP006143,SUP019,PRD014,WH02,2025-01-26,2025-02-08,2025-02-16,29,29,0,127.01,3683.29,Medium,Air
SHP006144,SUP004,PRD023,WH03,2024-12-12,2024-12-30,2024-12-31,566,565,10,149.28,84492.48,Medium,Road
SHP006145,SUP020,PRD003,WH04,2024-11-05,2024-11-13,2024-11-15,546,541,15,19.78,10799.88,High,Road
SHP006146,SUP003,PRD012,WH01,2025-01-20,2025-02-02,2025-02-01,85,85,1,122.38,10402.3,Medium,Road
SHP006147,SUP008,PRD019,WH04,2024-07-27,2024-08-08,2024-08-10,588,581,10,75.29,44270.52,Low,Road
SHP006148,SUP008,PRD007,WH03,2024-12-22,2025-01-02,2025-01-03,449,449,7,103.99,46691.51,Medium,Rail
SHP006149,SUP007,PRD006,WH01,2025-08-23,2025-08-26,2025-08-26,404,402,5,109.51,44242.04,Medium,Road
SHP006150,SUP002,PRD018,WH05,2025-07-21,2025-08-02,2025-08-04,55,55,0,125.13,6882.15,Medium,Air
SHP006151,SUP006,PRD010,WH01,2024-04-03,2024-04-18,2024-04-17,291,288,2,53.04,15434.64,Medium,Road
SHP006152,SUP016,PRD002,WH05,2024-04-02,2024-04-12,2024-04-12,840,831,20,124.0,104160.0,Low,Sea
SHP006153,SUP010,PRD025,WH01,2024-12-05,2024-12-20,2024-12-18,605,600,3,86.9,52574.5,Low,Road
SHP006154,SUP004,PRD013,WH05,2025-08-19,2025-08-29,2025-09-04,565,556,4,146.15,82574.75,Low,Air
SHP006155,SUP013,PRD017,WH01,2025-03-20,2025-04-04,2025-04-05,897,890,32,131.5,117955.5,High,Sea
SHP006156,SUP010,PRD005,WH03,2024-01-22,2024-02-02,2024-02-07,381,380,4,120.88,46055.28,Medium,Rail
SHP006157,SUP014,PRD007,WH02,2024-10-17,2024-11-05,2024-11-08,498,494,20,129.06,64271.88,Medium,Road
SHP006158,SUP009,PRD017,WH05,2025-04-29,2025-05-05,2025-05-06,108,107,1,79.01,8533.08,Low,Road
SHP006159,SUP011,PRD005,WH06,2024-11-01,2024-11-20,2024-11-20,792,789,6,93.92,74384.64,Low,Road
SHP006160,SUP018,PRD025,WH01,2025-09-25,2025-10-08,2025-10-09,780,770,30,65.12,50793.6,Low,Road
SHP006161,SUP011,PRD001,WH06,2024-05-07,2024-05-18,2024-05-18,793,785,15,49.55,39293.15,Low,Rail
SHP006162,SUP017,PRD002,WH04,2025-09-16,2025-09-26,2025-09-27,212,210,7,39.38,8348.56,Low,Road
SHP006163,SUP002,PRD002,WH06,2024-09-29,2024-10-05,2024-10-04,232,230,0,31.41,7287.12,Medium,Sea
SHP006164,SUP003,PRD003,WH06,2025-03-17,2025-03-25,2025-03-24,697,694,9,63.22,44064.34,Medium,Road
SHP006165,SUP011,PRD013,WH05,2025-05-17,2025-05-22,2025-05-20,455,454,4,135.71,61748.05,High,Road
SHP006166,SUP018,PRD006,WH01,2024-05-09,2024-05-29,2024-05-27,29,29,0,41.06,1190.74,High,Rail
SHP006167,SUP003,PRD018,WH05,2024-05-11,2024-05-24,2024-05-26,210,209,7,14.3,3003.0,Medium,Road
SHP006168,SUP015,PRD011,WH02,2025-08-19,2025-08-23,2025-08-26,734,734,26,78.18,57384.12,Medium,Road
SHP006169,SUP011,PRD009,WH05,2025-04-26,2025-05-02,2025-05-01,172,172,3,113.21,19472.12,Low,Road
SHP006170,SUP011,PRD008,WH06,2025-01-24,2025-02-13,2025-02-15,619,612,6,123.16,76236.04,Low,Rail
SHP006171,SUP020,PRD001,WH03,2025-08-15,2025-08-23,2025-08-26,682,673,32,115.39,78695.98,Low,Road
SHP006172,SUP011,PRD017,WH05,2024-11-20,2024-12-06,2024-12-08,915,908,7,111.48,102004.2,Medium,Rail
SHP006173,SUP019,PRD022,WH03,2024-03-09,2024-03-21,2024-03-30,370,368,7,126.48,46797.6,Medium,Sea
SHP006174,SUP001,PRD003,WH02,2025-10-21,2025-10-27,2025-10-27,825,822,0,62.07,51207.75,Medium,Rail
SHP006175,SUP005,PRD015,WH06,2025-03-23,2025-04-06,2025-04-06,916,911,14,35.83,32820.28,Medium,Road
SHP006176,SUP010,PRD016,WH06,2025-06-11,2025-06-28,2025-06-27,426,421,1,27.81,11847.06,Medium,Sea
SHP006177,SUP010,PRD001,WH02,2025-09-08,2025-09-19,2025-09-22,491,484,2,23.66,11617.06,Low,Road
SHP006178,SUP014,PRD016,WH04,2024-06-13,2024-06-17,2024-06-20,680,675,20,143.77,97763.6,High,Rail
SHP006179,SUP002,PRD011,WH04,2025-05-02,2025-05-15,2025-05-20,764,764,23,125.47,95859.08,Medium,Rail
SHP006180,SUP004,PRD023,WH01,2025-03-01,2025-03-19,2025-03-22,957,941,18,111.21,106427.97,High,Road
SHP006181,SUP002,PRD019,WH03,2025-11-27,2025-12-07,2025-12-08,936,930,2,33.46,31318.56,Medium,Road
SHP006182,SUP018,PRD022,WH05,2024-09-21,2024-10-11,2024-10-11,746,735,30,9.5,7087.0,Low,Road
SHP006183,SUP013,PRD020,WH02,2025-09-03,2025-09-12,2025-09-13,937,927,32,28.04,26273.48,High,Air
SHP006184,SUP019,PRD007,WH04,2024-12-07,2024-12-21,2024-12-28,322,322,11,93.01,29949.22,Low,Road
SHP006185,SUP005,PRD024,WH01,2024-10-04,2024-10-18,2024-10-21,425,420,0,23.08,9809.0,Low,Sea
SHP006186,SUP020,PRD022,WH06,2025-11-04,2025-11-16,2025-11-15,192,190,5,129.37,24839.04,Medium,Rail
SHP006187,SUP002,PRD023,WH01,2025-03-14,2025-04-02,2025-04-03,503,499,15,80.62,40551.86,Low,Rail
SHP006188,SUP011,PRD003,WH02,2024-06-05,2024-06-12,2024-06-10,84,84,2,42.02,3529.68,Medium,Road
SHP006189,SUP018,PRD001,WH01,2025-02-25,2025-03-13,2025-03-22,598,592,21,120.81,72244.38,Low,Road
SHP006190,SUP006,PRD001,WH01,2024-09-07,2024-09-11,2024-09-14,736,726,0,8.59,6322.24,High,Road
SHP006191,SUP010,PRD017,WH05,2025-08-31,2025-09-17,2025-09-18,850,850,0,62.1,52785.0,Medium,Sea
SHP006192,SUP017,PRD014,WH04,2025-06-13,2025-06-17,2025-06-21,947,944,10,90.59,85788.73,Medium,Air
SHP006193,SUP011,PRD005,WH04,2024-11-22,2024-11-25,2024-11-23,210,209,1,140.79,29565.9,Medium,Road
SHP006194,SUP019,PRD004,WH03,2024-04-06,2024-04-18,2024-04-22,583,578,15,17.21,10033.43,High,Road
SHP006195,SUP017,PRD014,WH01,2025-05-27,2025-06-14,2025-06-18,676,671,15,94.78,64071.28,Low,Road
SHP006196,SUP004,PRD014,WH05,2024-08-03,2024-08-13,2024-08-14,543,541,6,38.48,20894.64,Medium,Sea
SHP006197,SUP014,PRD004,WH06,2024-05-11,2024-05-18,2024-05-22,759,747,31,111.1,84324.9,High,Sea
SHP006198,SUP020,PRD021,WH06,2024-09-16,2024-10-05,2024-10-07,223,223,9,94.29,21026.67,High,Sea
SHP006199,SUP004,PRD001,WH01,2024-05-04,2024-05-15,2024-05-14,506,497,5,13.25,6704.5,Medium,Road
SHP006200,SUP014,PRD012,WH05,2024-03-22,2024-04-06,2024-04-12,979,968,23,83.23,81482.17,High,Road
SHP006201,SUP004,PRD001,WH01,2024-10-09,2024-10-13,2024-10-13,743,732,19,22.03,16368.29,High,Air
SHP006202,SUP006,PRD023,WH01,2025-11-13,2025-11-29,2025-11-27,945,933,5,136.73,129209.85,Low,Rail
SHP006203,SUP009,PRD020,WH01,2024-02-28,2024-03-06,2024-03-06,937,923,35,30.16,28259.92,Medium,Road
SHP006204,SUP012,PRD007,WH04,2025-06-27,2025-07-15,2025-07-16,306,301,2,5.78,1768.68,High,Sea
SHP006205,SUP008,PRD011,WH03,2024-06-09,2024-06-23,2024-06-22,600,596,15,93.36,56016.0,Medium,Road
SHP006206,SUP004,PRD025,WH02,2024-10-10,2024-10-26,2024-10-27,879,871,7,71.03,62435.37,Medium,Rail
SHP006207,SUP005,PRD008,WH01,2024-04-15,2024-04-21,2024-04-19,336,333,0,4.68,1572.48,Low,Air
SHP006208,SUP006,PRD025,WH02,2024-04-14,2024-05-01,2024-05-01,672,668,0,137.6,92467.2,Medium,Road
SHP006209,SUP005,PRD007,WH05,2025-03-14,2025-03-24,2025-03-23,475,468,0,76.69,36427.75,Medium,Road
SHP006210,SUP019,PRD025,WH03,2024-08-15,2024-08-20,2024-08-24,150,149,5,63.78,9567.0,Low,Sea
SHP006211,SUP008,PRD024,WH01,2025-11-30,2025-12-04,2025-12-03,324,324,0,15.22,4931.28,Medium,Road
SHP006212,SUP009,PRD021,WH01,2025-08-04,2025-08-12,2025-08-14,420,414,4,122.61,51496.2,Low,Road
SHP006213,SUP015,PRD012,WH02,2024-11-13,2024-11-28,2024-12-02,198,196,6,6.22,1231.56,High,Road
SHP006214,SUP004,PRD002,WH01,2025-04-08,2025-04-14,2025-04-14,142,142,1,7.87,1117.54,Medium,Road
SHP006215,SUP009,PRD010,WH04,2025-08-21,2025-08-30,2025-09-01,621,613,1,122.22,75898.62,Medium,Road
SHP006216,SUP007,PRD006,WH06,2025-04-16,2025-05-04,2025-05-02,530,521,1,149.49,79229.7,Medium,Road
SHP006217,SUP008,PRD019,WH04,2024-02-25,2024-03-15,2024-03-17,432,432,4,63.05,27237.6,Medium,Road
SHP006218,SUP015,PRD021,WH01,2025-09-16,2025-10-01,2025-10-02,455,448,20,23.8,10829.0,High,Road
SHP006219,SUP019,PRD017,WH05,2024-01-13,2024-01-20,2024-01-23,388,382,11,43.54,16893.52,Low,Rail
SHP006220,SUP015,PRD007,WH02,2025-03-15,2025-03-19,2025-03-22,78,78,2,48.63,3793.14,Low,Road
SHP006221,SUP005,PRD005,WH01,2024-01-18,2024-01-23,2024-01-21,923,909,4,101.44,93629.12,High,Rail
SHP006222,SUP019,PRD021,WH02,2025-11-24,2025-12-05,2025-12-04,188,186,5,111.12,20890.56,Medium,Road
SHP006223,SUP007,PRD001,WH06,2024-04-22,2024-05-11,2024-05-12,425,418,2,119.45,50766.25,Low,Road
SHP006224,SUP006,PRD004,WH01,2024-08-16,2024-08-30,2024-08-28,579,569,7,94.48,54703.92,Medium,Rail
SHP006225,SUP019,PRD023,WH05,2024-06-19,2024-06-23,2024-06-22,754,740,19,126.59,95448.86,Medium,Rail
SHP006226,SUP017,PRD011,WH02,2024-10-21,2024-11-02,2024-11-01,340,340,9,74.6,25364.0,High,Rail
SHP006227,SUP010,PRD025,WH05,2024-07-07,2024-07-12,2024-07-11,330,326,5,44.12,14559.6,Medium,Road
SHP006228,SUP019,PRD025,WH03,2025-03-01,2025-03-21,2025-03-22,220,219,7,85.54,18818.8,High,Road
SHP006229,SUP011,PRD009,WH05,2024-03-19,2024-03-28,2024-03-29,476,472,3,9.73,4631.48,Low,Sea
SHP006230,SUP015,PRD016,WH05,2025-10-19,2025-10-25,2025-10-24,710,701,21,59.16,42003.6,Low,Rail
SHP006231,SUP010,PRD003,WH05,2024-06-30,2024-07-10,2024-07-08,106,106,0,14.08,1492.48,Low,Road
SHP006232,SUP011,PRD023,WH01,2025-05-13,2025-06-02,2025-06-06,431,426,4,74.3,32023.3,High,Road
SHP006233,SUP003,PRD015,WH03,2024-03-11,2024-03-16,2024-03-16,362,356,7,85.26,30864.12,Medium,Road
SHP006234,SUP003,PRD003,WH02,2024-09-04,2024-09-22,2024-09-23,969,955,15,79.47,77006.43,High,Sea
SHP006235,SUP018,PRD011,WH04,2024-05-25,2024-05-28,2024-05-30,925,908,17,75.79,70105.75,High,Road
SHP006236,SUP011,PRD021,WH06,2025-09-09,2025-09-29,2025-10-01,560,555,5,138.4,77504.0,Low,Sea
SHP006237,SUP020,PRD017,WH01,2024-10-22,2024-10-27,2024-10-26,844,844,33,44.93,37920.92,High,Rail
SHP006238,SUP018,PRD013,WH01,2025-08-04,2025-08-20,2025-08-23,957,943,27,87.69,83919.33,Medium,Road
SHP006239,SUP015,PRD016,WH05,2025-04-14,2025-04-18,2025-04-22,720,720,25,29.42,21182.4,Medium,Road
SHP006240,SUP007,PRD019,WH01,2025-05-20,2025-05-31,2025-05-29,901,888,5,123.09,110904.09,Medium,Sea
SHP006241,SUP010,PRD001,WH01,2024-07-11,2024-07-24,2024-07-23,813,802,0,125.44,101982.72,Low,Rail
SHP006242,SUP020,PRD001,WH05,2024-03-08,2024-03-20,2024-03-24,190,189,3,116.26,22089.4,Medium,Road
SHP006243,SUP010,PRD012,WH05,2025-05-08,2025-05-28,2025-05-27,642,632,0,114.96,73804.32,Medium,Road
SHP006244,SUP013,PRD006,WH01,2024-02-21,2024-02-24,2024-02-25,698,689,14,59.72,41684.56,Medium,Rail
SHP006245,SUP015,PRD023,WH02,2024-12-28,2025-01-08,2025-01-09,564,559,24,20.22,11404.08,Medium,Rail
SHP006246,SUP018,PRD021,WH02,2025-04-18,2025-04-30,2025-04-30,760,751,24,67.98,51664.8,High,Road
SHP006247,SUP004,PRD004,WH02,2025-06-04,2025-06-18,2025-06-19,872,857,32,17.13,14937.36,Medium,Road
SHP006248,SUP020,PRD019,WH02,2025-03-06,2025-03-24,2025-03-22,717,709,19,90.46,64859.82,Medium,Rail
SHP006249,SUP017,PRD020,WH02,2024-10-24,2024-10-29,2024-10-27,289,286,7,27.73,8013.97,Low,Rail
SHP006250,SUP003,PRD003,WH05,2025-03-10,2025-03-28,2025-04-01,623,623,14,119.02,74149.46,Low,Road
SHP006251,SUP002,PRD015,WH04,2025-11-26,2025-12-16,2025-12-15,409,409,9,51.46,21047.14,Medium,Sea
SHP006252,SUP004,PRD012,WH03,2025-11-21,2025-12-03,2025-12-02,496,495,0,16.98,8422.08,Low,Road
SHP006253,SUP001,PRD015,WH05,2024-07-16,2024-07-20,2024-07-18,82,82,0,49.38,4049.16,Medium,Sea
SHP006254,SUP015,PRD011,WH04,2024-05-07,2024-05-21,2024-05-27,35,35,0,41.82,1463.7,Medium,Road
SHP006255,SUP001,PRD003,WH02,2025-06-15,2025-06-19,2025-06-17,628,622,12,22.25,13973.0,Low,Road
SHP006256,SUP006,PRD024,WH06,2025-02-14,2025-02-19,2025-02-21,882,877,9,41.65,36735.3,Medium,Road
SHP006257,SUP007,PRD003,WH05,2024-03-05,2024-03-13,2024-03-11,418,413,6,95.62,39969.16,Medium,Road
SHP006258,SUP019,PRD005,WH02,2025-11-24,2025-12-05,2025-12-06,489,486,18,32.47,15877.83,Medium,Sea
SHP006259,SUP012,PRD019,WH02,2024-08-28,2024-09-13,2024-09-15,907,892,24,30.36,27536.52,Low,Rail
SHP006260,SUP001,PRD021,WH02,2025-01-03,2025-01-21,2025-01-21,550,541,7,17.39,9564.5,Low,Sea
SHP006261,SUP007,PRD011,WH06,2025-06-19,2025-06-28,2025-06-26,523,521,0,136.14,71201.22,Low,Sea
SHP006262,SUP019,PRD025,WH02,2025-01-18,2025-01-23,2025-01-28,50,50,1,50.39,2519.5,Medium,Sea
SHP006263,SUP013,PRD002,WH06,2025-03-06,2025-03-14,2025-03-14,864,862,22,8.02,6929.28,High,Road
SHP006264,SUP012,PRD024,WH01,2024-03-23,2024-04-04,2024-04-08,280,277,5,67.55,18914.0,Low,Road
SHP006265,SUP012,PRD022,WH03,2025-11-27,2025-12-09,2025-12-13,876,865,22,42.99,37659.24,Medium,Sea
SHP006266,SUP013,PRD023,WH01,2025-09-02,2025-09-08,2025-09-11,376,372,6,61.49,23120.24,High,Sea
SHP006267,SUP014,PRD023,WH03,2025-07-27,2025-08-11,2025-08-14,403,396,13,2.76,1112.28,Medium,Sea
SHP006268,SUP012,PRD023,WH02,2024-10-12,2024-10-17,2024-10-17,87,87,3,43.39,3774.93,Medium,Rail
SHP006269,SUP020,PRD006,WH03,2025-06-17,2025-06-23,2025-06-22,41,41,1,141.25,5791.25,Medium,Road
SHP006270,SUP012,PRD003,WH01,2025-04-03,2025-04-20,2025-04-23,657,657,11,58.56,38473.92,High,Sea
SHP006271,SUP006,PRD015,WH03,2024-07-30,2024-08-02,2024-08-03,348,346,0,63.49,22094.52,High,Road
SHP006272,SUP010,PRD013,WH04,2024-05-05,2024-05-24,2024-05-23,405,403,2,77.21,31270.05,Medium,Sea
SHP006273,SUP020,PRD015,WH06,2025-02-16,2025-02-27,2025-03-01,189,187,7,64.35,12162.15,Medium,Rail
SHP006274,SUP009,PRD004,WH06,2025-05-13,2025-06-01,2025-06-01,607,596,14,82.04,49798.28,High,Sea
SHP006275,SUP002,PRD011,WH04,2025-02-28,2025-03-10,2025-03-14,148,147,3,94.69,14014.12,High,Sea
SHP006276,SUP007,PRD016,WH02,2025-07-07,2025-07-14,2025-07-14,180,180,0,38.48,6926.4,Medium,Road
SHP006277,SUP009,PRD002,WH05,2025-09-01,2025-09-13,2025-09-12,792,781,22,38.5,30492.0,Medium,Road
SHP006278,SUP012,PRD020,WH03,2025-06-26,2025-07-02,2025-07-03,753,747,7,95.39,71828.67,Medium,Road
SHP006279,SUP005,PRD021,WH05,2024-06-06,2024-06-09,2024-06-07,399,398,6,52.15,20807.85,Low,Road
SHP006280,SUP001,PRD021,WH03,2024-04-21,2024-04-28,2024-05-02,342,340,3,136.37,46638.54,Low,Road
SHP006281,SUP015,PRD021,WH01,2025-02-05,2025-02-20,2025-02-23,327,324,15,87.01,28452.27,Low,Road
SHP006282,SUP008,PRD025,WH06,2024-05-01,2024-05-21,2024-05-21,489,486,6,119.38,58376.82,Medium,Sea
SHP006283,SUP001,PRD013,WH06,2024-09-29,2024-10-17,2024-10-15,647,641,16,93.34,60390.98,High,Rail
SHP006284,SUP018,PRD007,WH02,2024-10-20,2024-10-28,2024-10-28,957,943,15,56.98,54529.86,Medium,Rail
SHP006285,SUP013,PRD025,WH04,2025-02-01,2025-02-20,2025-02-21,193,191,7,99.42,19188.06,Low,Road
SHP006286,SUP001,PRD017,WH06,2025-04-15,2025-05-02,2025-05-04,74,74,1,92.48,6843.52,Medium,Road
SHP006287,SUP005,PRD021,WH06,2024-07-25,2024-07-31,2024-07-31,119,119,0,117.07,13931.33,Low,Road
SHP006288,SUP018,PRD021,WH01,2024-04-19,2024-04-28,2024-04-26,675,674,16,118.73,80142.75,High,Road
SHP006289,SUP016,PRD007,WH05,2025-03-15,2025-03-29,2025-03-29,382,378,6,84.79,32389.78,High,Road
SHP006290,SUP010,PRD020,WH06,2024-10-04,2024-10-09,2024-10-07,610,602,2,33.27,20294.7,Low,Rail
SHP006291,SUP004,PRD019,WH06,2025-07-21,2025-07-24,2025-07-26,642,635,15,55.68,35746.56,Medium,Road
SHP006292,SUP001,PRD003,WH03,2025-07-22,2025-08-10,2025-08-08,557,554,15,116.37,64818.09,Low,Road
SHP006293,SUP008,PRD008,WH03,2025-04-26,2025-05-16,2025-05-17,980,962,22,7.29,7144.2,Low,Sea
SHP006294,SUP005,PRD020,WH05,2024-04-23,2024-05-07,2024-05-05,768,755,4,53.42,41026.56,Medium,Road
SHP006295,SUP002,PRD020,WH02,2025-04-21,2025-04-30,2025-05-01,611,600,14,51.68,31576.48,Low,Road
SHP006296,SUP017,PRD012,WH03,2024-11-16,2024-11-22,2024-11-22,113,113,1,35.2,3977.6,High,Road
SHP006297,SUP007,PRD019,WH02,2024-06-27,2024-07-12,2024-07-10,91,91,0,71.53,6509.23,Medium,Rail
SHP006298,SUP017,PRD001,WH03,2024-08-06,2024-08-17,2024-08-16,987,981,35,66.79,65921.73,Medium,Rail
SHP006299,SUP006,PRD021,WH01,2025-06-11,2025-06-30,2025-07-02,767,756,0,12.25,9395.75,Low,Sea
SHP006300,SUP015,PRD009,WH02,2025-05-06,2025-05-13,2025-05-19,835,835,20,62.66,52321.1,Medium,Road
SHP006301,SUP005,PRD010,WH04,2024-03-01,2024-03-09,2024-03-07,239,238,0,70.79,16918.81,Low,Road
SHP006302,SUP015,PRD014,WH06,2024-02-23,2024-02-26,2024-03-05,872,858,26,83.15,72506.8,Low,Rail
SHP006303,SUP018,PRD022,WH02,2025-11-10,2025-11-16,2025-11-14,660,655,14,24.05,15873.0,Medium,Road
SHP006304,SUP018,PRD016,WH04,2025-06-21,2025-07-01,2025-06-30,944,941,30,45.65,43093.6,Medium,Road
SHP006305,SUP006,PRD012,WH05,2024-03-05,2024-03-14,2024-03-13,323,322,1,79.07,25539.61,Medium,Rail
SHP006306,SUP002,PRD021,WH04,2025-09-03,2025-09-06,2025-09-10,208,205,4,12.26,2550.08,Low,Road
SHP006307,SUP017,PRD019,WH03,2025-08-08,2025-08-24,2025-08-24,510,509,15,16.02,8170.2,High,Road
SHP006308,SUP004,PRD021,WH03,2024-06-19,2024-07-02,2024-07-04,745,743,9,110.84,82575.8,Medium,Sea
SHP006309,SUP012,PRD010,WH02,2024-09-29,2024-10-03,2024-10-07,169,167,8,16.72,2825.68,Low,Road
SHP006310,SUP019,PRD003,WH02,2025-11-29,2025-12-15,2025-12-19,839,825,40,148.97,124985.83,Low,Rail
SHP006311,SUP002,PRD007,WH03,2025-06-18,2025-06-23,2025-06-24,268,266,6,125.48,33628.64,Medium,Road
SHP006312,SUP002,PRD012,WH01,2025-01-25,2025-02-07,2025-02-13,701,698,11,142.29,99745.29,Low,Air
SHP006313,SUP014,PRD005,WH06,2025-11-23,2025-11-30,2025-12-03,551,551,14,95.56,52653.56,Medium,Road
SHP006314,SUP015,PRD002,WH01,2024-11-22,2024-11-26,2024-11-29,994,985,40,100.14,99539.16,Medium,Road
SHP006315,SUP020,PRD020,WH02,2024-04-17,2024-04-20,2024-04-25,277,274,7,85.43,23664.11,Medium,Road
SHP006316,SUP002,PRD019,WH06,2024-06-10,2024-06-27,2024-06-28,575,567,15,111.35,64026.25,Low,Sea
SHP006317,SUP004,PRD002,WH04,2025-03-27,2025-04-13,2025-04-13,925,923,8,124.53,115190.25,Low,Air
SHP006318,SUP019,PRD015,WH05,2024-07-24,2024-07-27,2024-07-29,961,946,44,4.61,4430.21,Low,Road
SHP006319,SUP009,PRD015,WH05,2025-08-12,2025-08-29,2025-08-30,419,416,3,53.98,22617.62,Medium,Road
SHP006320,SUP007,PRD023,WH04,2024-01-16,2024-01-30,2024-01-29,217,214,4,126.49,27448.33,Medium,Road
SHP006321,SUP013,PRD013,WH05,2024-11-22,2024-11-28,2024-11-29,835,823,30,8.95,7473.25,High,Road
SHP006322,SUP012,PRD003,WH03,2025-08-30,2025-09-18,2025-09-19,871,859,14,35.92,31286.32,Medium,Road
SHP006323,SUP003,PRD020,WH04,2025-10-20,2025-11-03,2025-11-02,608,606,13,81.5,49552.0,Low,Road
SHP006324,SUP013,PRD007,WH05,2024-01-02,2024-01-12,2024-01-10,625,621,12,46.04,28775.0,Medium,Road
SHP006325,SUP015,PRD012,WH05,2024-01-10,2024-01-18,2024-01-20,792,779,30,30.66,24282.72,Medium,Road
SHP006326,SUP014,PRD002,WH02,2025-03-09,2025-03-20,2025-03-26,413,410,11,59.73,24668.49,High,Sea
SHP006327,SUP009,PRD006,WH05,2024-05-04,2024-05-17,2024-05-19,949,935,28,29.02,27539.98,Medium,Rail
SHP006328,SUP013,PRD009,WH05,2024-03-21,2024-04-08,2024-04-06,694,690,18,30.83,21396.02,Medium,Road
SHP006329,SUP004,PRD008,WH03,2025-04-29,2025-05-13,2025-05-11,770,759,11,14.28,10995.6,Medium,Sea
SHP006330,SUP008,PRD015,WH06,2025-10-13,2025-10-30,2025-10-29,633,632,11,128.01,81030.33,High,Sea
SHP006331,SUP003,PRD020,WH05,2024-05-29,2024-06-01,2024-06-03,799,787,18,2.45,1957.55,Low,Sea
SHP006332,SUP002,PRD025,WH03,2024-12-05,2024-12-20,2024-12-22,49,49,0,43.11,2112.39,Medium,Road
SHP006333,SUP019,PRD014,WH01,2024-05-08,2024-05-28,2024-06-02,634,624,20,131.7,83497.8,Medium,Road
SHP006334,SUP008,PRD017,WH01,2025-03-13,2025-04-02,2025-04-01,303,298,10,23.85,7226.55,Medium,Air
SHP006335,SUP017,PRD010,WH02,2025-05-15,2025-06-04,2025-06-03,848,842,17,25.81,21886.88,Medium,Road
SHP006336,SUP013,PRD007,WH06,2024-02-27,2024-03-06,2024-03-08,106,105,3,125.45,13297.7,Medium,Road
SHP006337,SUP007,PRD022,WH06,2024-07-16,2024-07-22,2024-07-21,194,194,2,59.04,11453.76,Low,Rail
SHP006338,SUP009,PRD004,WH05,2024-07-29,2024-08-04,2024-08-07,229,227,3,85.6,19602.4,Medium,Road
SHP006339,SUP012,PRD014,WH01,2024-02-14,2024-02-29,2024-03-02,162,162,0,102.21,16558.02,High,Air
SHP006340,SUP014,PRD001,WH03,2024-04-06,2024-04-09,2024-04-08,590,589,20,110.43,65153.7,Medium,Road
SHP006341,SUP014,PRD024,WH01,2024-10-05,2024-10-19,2024-10-18,512,508,23,86.77,44426.24,High,Rail
SHP006342,SUP015,PRD024,WH05,2025-06-18,2025-06-24,2025-07-01,882,873,11,58.58,51667.56,High,Road
SHP006343,SUP003,PRD020,WH06,2025-02-13,2025-02-17,2025-02-18,433,427,8,39.7,17190.1,Low,Rail
SHP006344,SUP015,PRD007,WH01,2025-04-05,2025-04-10,2025-04-12,154,154,4,69.02,10629.08,Medium,Sea
SHP006345,SUP019,PRD001,WH01,2025-01-25,2025-02-14,2025-02-18,91,91,3,26.33,2396.03,High,Sea
SHP006346,SUP020,PRD012,WH04,2024-02-13,2024-02-17,2024-02-18,967,965,22,84.77,81972.59,Low,Road
SHP006347,SUP014,PRD015,WH05,2024-01-27,2024-01-30,2024-01-31,500,494,9,72.77,36385.0,Low,Road
SHP006348,SUP008,PRD010,WH02,2024-04-06,2024-04-15,2024-04-14,379,377,1,83.33,31582.07,Low,Road
SHP006349,SUP005,PRD009,WH06,2025-07-01,2025-07-12,2025-07-15,823,818,19,2.97,2444.31,High,Air
SHP006350,SUP019,PRD006,WH02,2025-09-12,2025-09-18,2025-09-21,416,416,15,132.03,54924.48,Low,Road
SHP006351,SUP004,PRD004,WH06,2025-07-20,2025-07-25,2025-07-25,391,390,10,60.82,23780.62,Medium,Rail
SHP006352,SUP014,PRD024,WH04,2024-08-06,2024-08-25,2024-08-28,271,270,9,111.99,30349.29,Medium,Sea
SHP006353,SUP016,PRD011,WH06,2024-07-03,2024-07-07,2024-07-05,647,636,8,41.27,26701.69,High,Road
SHP006354,SUP020,PRD018,WH02,2024-03-09,2024-03-19,2024-03-22,163,161,4,44.31,7222.53,Medium,Road
SHP006355,SUP006,PRD008,WH02,2024-05-09,2024-05-27,2024-05-28,353,347,2,141.41,49917.73,High,Rail
SHP006356,SUP006,PRD003,WH01,2025-07-20,2025-08-01,2025-07-30,167,166,2,65.44,10928.48,Low,Sea
SHP006357,SUP003,PRD023,WH05,2025-08-31,2025-09-12,2025-09-13,273,272,5,135.26,36925.98,Medium,Rail
SHP006358,SUP015,PRD016,WH04,2025-08-21,2025-09-01,2025-09-04,725,722,26,47.09,34140.25,Low,Road
SHP006359,SUP003,PRD005,WH06,2025-09-22,2025-10-12,2025-10-11,767,755,13,110.13,84469.71,Low,Road
SHP006360,SUP011,PRD001,WH01,2024-11-29,2024-12-07,2024-12-06,776,764,5,6.06,4702.56,Medium,Road
SHP006361,SUP003,PRD011,WH04,2024-06-02,2024-06-20,2024-06-19,206,203,3,146.25,30127.5,Low,Road
SHP006362,SUP010,PRD005,WH01,2025-06-30,2025-07-20,2025-07-20,596,591,0,70.37,41940.52,Medium,Road
SHP006363,SUP018,PRD021,WH04,2024-03-19,2024-03-24,2024-03-30,238,237,8,106.14,25261.32,Low,Rail
SHP006364,SUP001,PRD002,WH02,2025-08-01,2025-08-11,2025-08-09,999,987,12,92.75,92657.25,Low,Road
SHP006365,SUP016,PRD018,WH02,2025-02-16,2025-02-25,2025-02-26,38,38,0,71.86,2730.68,Medium,Sea
SHP006366,SUP016,PRD011,WH03,2025-06-29,2025-07-18,2025-07-21,411,410,10,80.72,33175.92,Medium,Road
SHP006367,SUP010,PRD023,WH04,2025-08-31,2025-09-13,2025-09-18,442,442,0,113.81,50304.02,Medium,Road
SHP006368,SUP001,PRD005,WH04,2024-06-17,2024-06-25,2024-06-24,95,95,0,17.75,1686.25,Medium,Sea
SHP006369,SUP004,PRD023,WH01,2025-11-11,2025-11-25,2025-11-23,284,283,4,129.41,36752.44,Medium,Rail
SHP006370,SUP003,PRD018,WH05,2025-10-24,2025-11-05,2025-11-06,474,473,9,42.94,20353.56,Medium,Road
SHP006371,SUP005,PRD010,WH01,2025-08-05,2025-08-20,2025-08-20,145,144,0,8.8,1276.0,High,Road
SHP006372,SUP012,PRD017,WH05,2025-05-29,2025-06-14,2025-06-15,145,145,0,62.33,9037.85,Medium,Road
SHP006373,SUP012,PRD012,WH02,2024-11-09,2024-11-27,2024-11-27,19,19,0,99.31,1886.89,Low,Road
SHP006374,SUP013,PRD015,WH03,2024-02-01,2024-02-17,2024-02-19,39,39,0,53.14,2072.46,Medium,Road
SHP006375,SUP012,PRD003,WH06,2024-10-13,2024-10-21,2024-10-21,899,892,26,47.77,42945.23,Medium,Road
SHP006376,SUP016,PRD014,WH05,2025-08-16,2025-08-22,2025-08-22,628,625,7,13.33,8371.24,Medium,Rail
SHP006377,SUP013,PRD007,WH06,2024-02-12,2024-02-29,2024-03-02,907,893,22,48.13,43653.91,Medium,Rail
SHP006378,SUP005,PRD018,WH02,2025-09-08,2025-09-24,2025-09-25,558,548,0,107.88,60197.04,Medium,Rail
SHP006379,SUP004,PRD007,WH06,2024-01-01,2024-01-08,2024-01-12,71,71,1,36.64,2601.44,Low,Sea
SHP006380,SUP015,PRD004,WH02,2025-07-26,2025-08-06,2025-08-08,662,660,20,109.84,72714.08,Medium,Rail
SHP006381,SUP012,PRD007,WH02,2024-09-26,2024-10-07,2024-10-10,782,769,28,38.98,30482.36,Medium,Road
SHP006382,SUP019,PRD007,WH05,2024-06-28,2024-07-12,2024-07-14,768,766,28,20.57,15797.76,Medium,Road
SHP006383,SUP019,PRD018,WH03,2025-06-01,2025-06-16,2025-06-20,338,337,10,66.75,22561.5,Medium,Road
SHP006384,SUP011,PRD024,WH03,2024-04-12,2024-04-25,2024-04-24,549,542,14,55.64,30546.36,Medium,Sea
SHP006385,SUP006,PRD016,WH03,2024-01-10,2024-01-13,2024-01-15,927,921,19,20.48,18984.96,High,Road
SHP006386,SUP009,PRD021,WH06,2025-08-05,2025-08-19,2025-08-17,734,733,2,108.5,79639.0,High,Road
SHP006387,SUP001,PRD007,WH05,2024-03-30,2024-04-12,2024-04-10,292,292,4,131.7,38456.4,Low,Road
SHP006388,SUP012,PRD013,WH04,2024-08-13,2024-08-21,2024-08-22,372,369,13,20.11,7480.92,Low,Sea
SHP006389,SUP014,PRD022,WH02,2025-10-31,2025-11-20,2025-11-21,593,590,19,12.16,7210.88,Medium,Road
SHP006390,SUP006,PRD003,WH05,2024-05-05,2024-05-08,2024-05-10,503,503,0,65.33,32860.99,Medium,Road
SHP006391,SUP001,PRD006,WH01,2024-07-27,2024-08-09,2024-08-07,424,418,2,42.98,18223.52,Medium,Road
SHP006392,SUP002,PRD009,WH05,2024-04-06,2024-04-17,2024-04-18,605,604,12,64.54,39046.7,Medium,Rail
SHP006393,SUP011,PRD007,WH03,2024-03-14,2024-03-23,2024-03-24,362,360,3,57.09,20666.58,Medium,Road
SHP006394,SUP003,PRD019,WH01,2025-09-18,2025-09-23,2025-09-21,269,265,1,49.87,13415.03,Medium,Road
SHP006395,SUP010,PRD017,WH03,2024-07-09,2024-07-27,2024-07-25,240,240,1,111.34,26721.6,Low,Air
SHP006396,SUP006,PRD015,WH05,2025-11-12,2025-11-27,2025-11-25,390,388,11,128.5,50115.0,High,Rail
SHP006397,SUP006,PRD024,WH02,2024-02-25,2024-03-15,2024-03-16,662,662,13,27.68,18324.16,Low,Sea
SHP006398,SUP020,PRD001,WH02,2025-07-06,2025-07-09,2025-07-14,744,741,28,35.69,26553.36,Medium,Road
SHP006399,SUP002,PRD010,WH01,2024-02-01,2024-02-17,2024-02-17,158,157,4,57.51,9086.58,Medium,Road
SHP006400,SUP010,PRD017,WH06,2025-06-10,2025-06-28,2025-06-26,50,50,1,24.96,1248.0,Medium,Road
SHP006401,SUP006,PRD005,WH02,2025-07-27,2025-08-07,2025-08-07,20,20,0,116.21,2324.2,Low,Road
SHP006402,SUP017,PRD015,WH04,2025-10-28,2025-11-08,2025-11-10,380,375,10,53.74,20421.2,Medium,Road
SHP006403,SUP014,PRD012,WH05,2024-10-10,2024-10-28,2024-10-29,466,465,14,76.29,35551.14,Medium,Rail
SHP006404,SUP005,PRD011,WH01,2025-05-08,2025-05-21,2025-05-19,530,530,0,130.49,69159.7,High,Air
SHP006405,SUP017,PRD024,WH04,2024-07-05,2024-07-21,2024-07-23,598,596,6,109.97,65762.06,Medium,Road
SHP006406,SUP002,PRD016,WH06,2025-05-12,2025-05-27,2025-05-28,598,596,17,66.72,39898.56,High,Road
SHP006407,SUP009,PRD021,WH06,2025-03-17,2025-04-05,2025-04-04,121,121,0,76.49,9255.29,High,Rail
SHP006408,SUP012,PRD022,WH01,2024-05-09,2024-05-15,2024-05-17,39,39,1,94.69,3692.91,High,Air
SHP006409,SUP019,PRD005,WH01,2025-09-30,2025-10-07,2025-10-09,40,40,1,116.09,4643.6,Medium,Sea
SHP006410,SUP007,PRD008,WH02,2024-10-18,2024-11-02,2024-11-03,150,150,1,54.38,8157.0,Low,Rail
SHP006411,SUP009,PRD020,WH01,2024-04-23,2024-05-04,2024-05-06,772,765,18,129.1,99665.2,Medium,Rail
SHP006412,SUP016,PRD003,WH03,2024-07-17,2024-08-04,2024-08-06,114,114,0,27.3,3112.2,Medium,Road
SHP006413,SUP020,PRD007,WH05,2024-01-13,2024-01-27,2024-01-28,320,320,9,124.81,39939.2,Medium,Road
SHP006414,SUP011,PRD015,WH06,2024-09-27,2024-10-09,2024-10-10,690,681,2,25.66,17705.4,Low,Road
SHP006415,SUP012,PRD001,WH05,2025-08-23,2025-09-03,2025-09-05,996,996,38,22.85,22758.6,Low,Rail
SHP006416,SUP015,PRD002,WH02,2024-08-02,2024-08-15,2024-08-22,334,329,13,84.04,28069.36,Medium,Sea
SHP006417,SUP018,PRD002,WH05,2025-03-19,2025-04-04,2025-04-05,582,582,25,87.7,51041.4,High,Road
SHP006418,SUP019,PRD022,WH04,2025-05-26,2025-06-06,2025-06-09,601,593,25,43.52,26155.52,High,Rail
SHP006419,SUP016,PRD019,WH03,2025-03-22,2025-04-11,2025-04-09,13,13,0,149.72,1946.36,High,Road
SHP006420,SUP015,PRD016,WH04,2024-03-14,2024-03-18,2024-03-20,43,43,1,143.68,6178.24,Medium,Road
SHP006421,SUP005,PRD017,WH06,2025-06-20,2025-06-24,2025-06-25,905,889,0,142.52,128980.6,Medium,Road
SHP006422,SUP011,PRD002,WH02,2024-04-10,2024-04-20,2024-04-19,553,547,17,80.31,44411.43,Medium,Road
SHP006423,SUP015,PRD001,WH05,2024-06-24,2024-07-14,2024-07-17,904,896,34,126.13,114021.52,Low,Rail
SHP006424,SUP018,PRD007,WH01,2025-03-02,2025-03-15,2025-03-13,320,318,9,101.44,32460.8,Medium,Sea
SHP006425,SUP013,PRD023,WH02,2024-04-26,2024-05-08,2024-05-08,142,142,2,108.56,15415.52,High,Rail
SHP006426,SUP004,PRD022,WH04,2024-06-14,2024-06-17,2024-06-17,595,591,6,134.24,79872.8,Medium,Road
SHP006427,SUP017,PRD004,WH06,2024-02-10,2024-02-17,2024-02-18,393,389,11,18.3,7191.9,High,Road
SHP006428,SUP004,PRD007,WH01,2025-03-04,2025-03-23,2025-03-24,243,242,2,28.57,6942.51,Medium,Air
SHP006429,SUP016,PRD020,WH03,2024-12-09,2024-12-20,2024-12-19,791,789,24,77.75,61500.25,High,Rail
SHP006430,SUP015,PRD007,WH06,2025-02-27,2025-03-15,2025-03-18,451,451,16,69.28,31245.28,Medium,Sea
SHP006431,SUP014,PRD015,WH04,2024-12-31,2025-01-12,2025-01-13,531,524,26,115.29,61218.99,Medium,Sea
SHP006432,SUP012,PRD011,WH03,2024-04-29,2024-05-15,2024-05-14,184,183,6,81.46,14988.64,Low,Sea
SHP006433,SUP003,PRD011,WH03,2025-08-31,2025-09-17,2025-09-17,485,481,4,81.63,39590.55,Medium,Road
SHP006434,SUP010,PRD005,WH06,2025-10-18,2025-10-21,2025-10-19,194,192,0,15.5,3007.0,Medium,Air
SHP006435,SUP008,PRD017,WH02,2024-08-16,2024-08-30,2024-08-30,319,319,8,14.68,4682.92,Low,Sea
SHP006436,SUP006,PRD022,WH02,2024-05-09,2024-05-28,2024-05-26,299,299,0,106.0,31694.0,Low,Road
SHP006437,SUP014,PRD016,WH02,2024-12-17,2024-12-25,2024-12-28,401,397,12,14.78,5926.78,Medium,Rail
SHP006438,SUP017,PRD014,WH05,2024-11-13,2024-11-24,2024-11-24,207,206,4,91.31,18901.17,Medium,Rail
SHP006439,SUP019,PRD009,WH01,2025-10-10,2025-10-19,2025-10-26,513,508,12,134.09,68788.17,Medium,Sea
SHP006440,SUP016,PRD012,WH02,2024-12-02,2024-12-07,2024-12-07,388,387,12,11.1,4306.8,Low,Sea
SHP006441,SUP015,PRD015,WH02,2024-09-29,2024-10-13,2024-10-14,966,960,33,63.39,61234.74,Medium,Sea
SHP006442,SUP015,PRD009,WH04,2024-04-26,2024-05-06,2024-05-07,786,772,28,120.2,94477.2,Medium,Sea
SHP006443,SUP001,PRD008,WH05,2025-01-02,2025-01-17,2025-01-20,269,269,5,37.76,10157.44,High,Sea
SHP006444,SUP012,PRD002,WH06,2024-04-03,2024-04-18,2024-04-20,638,627,24,9.4,5997.2,Medium,Rail
SHP006445,SUP010,PRD016,WH06,2024-06-16,2024-07-01,2024-06-30,921,920,3,126.01,116055.21,Low,Road
SHP006446,SUP014,PRD013,WH01,2024-12-06,2024-12-17,2024-12-20,995,992,44,3.34,3323.3,Medium,Road
SHP006447,SUP010,PRD014,WH04,2025-10-22,2025-10-28,2025-10-28,88,88,0,97.01,8536.88,Low,Rail
SHP006448,SUP010,PRD022,WH01,2025-11-25,2025-11-28,2025-11-26,134,134,0,18.4,2465.6,Low,Rail
SHP006449,SUP020,PRD005,WH02,2024-05-31,2024-06-10,2024-06-10,710,705,16,55.16,39163.6,Low,Road
SHP006450,SUP011,PRD004,WH04,2025-08-08,2025-08-12,2025-08-11,287,284,0,5.42,1555.54,Medium,Sea
SHP006451,SUP016,PRD006,WH02,2024-09-30,2024-10-16,2024-10-20,49,49,0,104.63,5126.87,Medium,Sea
SHP006452,SUP009,PRD005,WH01,2025-07-07,2025-07-21,2025-07-22,533,529,1,11.96,6374.68,Medium,Sea
SHP006453,SUP015,PRD010,WH02,2025-05-10,2025-05-26,2025-05-28,73,73,1,50.54,3689.42,Low,Road
SHP006454,SUP014,PRD019,WH05,2024-04-10,2024-04-25,2024-04-30,925,922,27,36.44,33707.0,Low,Rail
SHP006455,SUP019,PRD023,WH05,2025-07-10,2025-07-17,2025-07-17,945,931,32,69.74,65904.3,Medium,Road
SHP006456,SUP009,PRD007,WH06,2024-03-22,2024-04-07,2024-04-08,870,865,16,99.29,86382.3,Low,Road
SHP006457,SUP004,PRD004,WH02,2025-06-12,2025-06-17,2025-06-20,598,597,14,80.94,48402.12,Low,Sea
SHP006458,SUP007,PRD013,WH01,2024-03-13,2024-03-29,2024-03-28,895,879,25,8.09,7240.55,Medium,Road
SHP006459,SUP008,PRD013,WH02,2024-01-14,2024-01-23,2024-01-26,905,905,22,145.25,131451.25,Medium,Road
SHP006460,SUP008,PRD001,WH01,2025-03-08,2025-03-28,2025-03-30,795,782,20,15.83,12584.85,Medium,Road
SHP006461,SUP019,PRD019,WH03,2024-06-05,2024-06-09,2024-06-12,695,686,24,106.95,74330.25,Low,Road
SHP006462,SUP015,PRD009,WH04,2024-05-11,2024-05-31,2024-05-30,532,526,25,94.38,50210.16,Medium,Road
SHP006463,SUP016,PRD025,WH03,2024-12-03,2024-12-17,2024-12-18,46,46,0,63.43,2917.78,Medium,Rail
SHP006464,SUP009,PRD001,WH01,2025-02-07,2025-02-22,2025-02-24,316,312,3,22.39,7075.24,Medium,Road
SHP006465,SUP012,PRD019,WH05,2025-01-10,2025-01-22,2025-01-25,597,597,18,56.03,33449.91,Medium,Rail
SHP006466,SUP016,PRD008,WH04,2025-07-12,2025-07-29,2025-08-02,680,677,6,98.21,66782.8,High,Air
SHP006467,SUP004,PRD011,WH05,2024-04-16,2024-04-21,2024-04-23,523,517,11,113.8,59517.4,Medium,Road
SHP006468,SUP005,PRD003,WH04,2025-09-11,2025-09-17,2025-09-17,939,926,13,7.29,6845.31,High,Road
SHP006469,SUP008,PRD018,WH06,2024-09-21,2024-10-09,2024-10-11,426,426,13,82.26,35042.76,Medium,Road
SHP006470,SUP001,PRD021,WH01,2024-07-23,2024-07-29,2024-07-30,123,122,1,75.6,9298.8,Medium,Road
SHP006471,SUP006,PRD017,WH02,2024-03-19,2024-04-01,2024-04-01,181,179,1,55.72,10085.32,Low,Road
SHP006472,SUP015,PRD016,WH05,2024-06-03,2024-06-10,2024-06-14,935,934,41,110.35,103177.25,Medium,Road
SHP006473,SUP004,PRD021,WH02,2024-09-03,2024-09-23,2024-09-24,218,218,3,104.77,22839.86,Medium,Road
SHP006474,SUP011,PRD007,WH02,2025-06-14,2025-06-22,2025-06-20,128,127,1,38.04,4869.12,Medium,Road
SHP006475,SUP005,PRD013,WH05,2025-06-21,2025-06-29,2025-06-27,101,100,0,95.04,9599.04,Medium,Road
SHP006476,SUP018,PRD005,WH05,2024-06-02,2024-06-05,2024-06-11,588,579,20,128.88,75781.44,Medium,Road
SHP006477,SUP015,PRD010,WH02,2024-06-02,2024-06-14,2024-06-15,250,246,9,65.36,16340.0,Medium,Road
SHP006478,SUP018,PRD023,WH05,2025-11-16,2025-11-23,2025-11-26,823,808,29,37.52,30878.96,High,Road
SHP006479,SUP020,PRD010,WH04,2024-04-01,2024-04-06,2024-04-08,419,414,15,136.72,57285.68,Low,Road
SHP006480,SUP013,PRD012,WH05,2025-03-08,2025-03-13,2025-03-15,736,726,27,34.95,25723.2,Low,Road
SHP006481,SUP005,PRD011,WH06,2024-12-03,2024-12-16,2024-12-15,576,574,0,99.49,57306.24,High,Road
SHP006482,SUP001,PRD019,WH03,2025-04-24,2025-05-07,2025-05-06,50,50,0,125.81,6290.5,Medium,Road
SHP006483,SUP018,PRD005,WH05,2025-11-23,2025-12-09,2025-12-07,511,510,17,40.21,20547.31,Medium,Road
SHP006484,SUP014,PRD010,WH03,2024-05-10,2024-05-15,2024-05-14,465,464,5,112.33,52233.45,Low,Sea
SHP006485,SUP005,PRD024,WH06,2025-03-25,2025-04-06,2025-04-08,14,14,0,69.21,968.94,High,Road
SHP006486,SUP006,PRD008,WH06,2024-09-29,2024-10-02,2024-10-04,629,618,0,8.54,5371.66,High,Rail
SHP006487,SUP016,PRD007,WH04,2025-08-10,2025-08-17,2025-08-17,603,592,11,135.49,81700.47,Medium,Rail
SHP006488,SUP012,PRD021,WH06,2024-06-25,2024-07-05,2024-07-06,149,148,6,121.09,18042.41,Low,Road
SHP006489,SUP020,PRD021,WH04,2025-11-26,2025-12-04,2025-12-07,129,129,4,30.42,3924.18,Low,Road
SHP006490,SUP018,PRD017,WH03,2025-10-04,2025-10-14,2025-10-13,656,656,30,56.15,36834.4,Low,Road
SHP006491,SUP002,PRD018,WH06,2024-02-18,2024-03-09,2024-03-07,111,110,2,66.76,7410.36,Medium,Road
SHP006492,SUP013,PRD010,WH03,2025-07-20,2025-07-31,2025-08-01,542,540,13,72.74,39425.08,Low,Road
SHP006493,SUP017,PRD007,WH01,2025-10-27,2025-11-10,2025-11-12,266,264,4,10.01,2662.66,Medium,Road
SHP006494,SUP017,PRD003,WH03,2024-12-20,2024-12-23,2024-12-26,470,466,13,120.5,56635.0,High,Road
SHP006495,SUP016,PRD004,WH01,2024-11-03,2024-11-19,2024-11-17,195,193,4,50.61,9868.95,Medium,Road
SHP006496,SUP018,PRD017,WH04,2025-09-21,2025-09-25,2025-09-26,779,776,15,112.12,87341.48,High,Rail
SHP006497,SUP008,PRD012,WH01,2024-02-15,2024-02-26,2024-02-26,677,671,15,107.5,72777.5,Medium,Road
SHP006498,SUP003,PRD012,WH02,2024-10-28,2024-11-12,2024-11-10,532,523,8,2.19,1165.08,Low,Road
SHP006499,SUP017,PRD022,WH03,2025-02-11,2025-03-03,2025-03-02,982,972,20,16.65,16350.3,High,Air
SHP006500,SUP018,PRD025,WH03,2024-07-07,2024-07-11,2024-07-17,19,19,0,81.09,1540.71,Medium,Road
SHP006501,SUP006,PRD014,WH01,2024-05-08,2024-05-17,2024-05-18,971,964,3,20.32,19730.72,Medium,Rail
SHP006502,SUP008,PRD001,WH06,2025-07-14,2025-07-20,2025-07-20,366,362,5,114.33,41844.78,Medium,Road
SHP006503,SUP013,PRD011,WH03,2025-06-20,2025-07-02,2025-07-04,786,776,15,62.89,49431.54,High,Sea
SHP006504,SUP008,PRD003,WH02,2024-09-22,2024-09-25,2024-09-26,622,614,14,9.11,5666.42,Low,Rail
SHP006505,SUP019,PRD014,WH03,2024-04-27,2024-05-08,2024-05-13,821,817,35,63.53,52158.13,Medium,Road
SHP006506,SUP006,PRD018,WH05,2025-04-08,2025-04-16,2025-04-15,341,341,2,116.31,39661.71,High,Road
SHP006507,SUP015,PRD016,WH05,2024-05-23,2024-06-10,2024-06-15,59,59,2,100.01,5900.59,Medium,Sea
SHP006508,SUP010,PRD007,WH04,2025-03-17,2025-04-04,2025-04-03,82,82,0,125.7,10307.4,Medium,Sea
SHP006509,SUP017,PRD007,WH02,2024-07-18,2024-08-04,2024-08-04,989,971,39,128.58,127165.62,High,Road
SHP006510,SUP001,PRD023,WH01,2024-06-05,2024-06-17,2024-06-18,413,408,7,52.97,21876.61,Low,Road
SHP006511,SUP007,PRD007,WH04,2025-05-01,2025-05-19,2025-05-19,82,82,0,95.83,7858.06,Medium,Sea
SHP006512,SUP013,PRD005,WH02,2024-05-13,2024-05-19,2024-05-20,245,242,6,110.05,26962.25,Medium,Road
SHP006513,SUP003,PRD002,WH03,2024-05-27,2024-06-01,2024-06-03,615,607,12,66.99,41198.85,Medium,Road
SHP006514,SUP019,PRD019,WH04,2024-12-01,2024-12-15,2024-12-13,993,981,43,97.68,96996.24,Medium,Sea
SHP006515,SUP015,PRD011,WH04,2024-03-11,2024-03-20,2024-03-26,503,494,16,96.59,48584.77,Low,Sea
SHP006516,SUP005,PRD024,WH04,2024-08-20,2024-08-27,2024-08-28,180,180,2,9.68,1742.4,High,Road
SHP006517,SUP011,PRD008,WH03,2024-11-29,2024-12-13,2024-12-15,509,506,10,122.3,62250.7,High,Rail
SHP006518,SUP018,PRD023,WH03,2025-10-27,2025-11-09,2025-11-08,24,24,0,44.39,1065.36,Medium,Road
SHP006519,SUP003,PRD009,WH04,2024-03-30,2024-04-08,2024-04-06,103,103,2,77.32,7963.96,Low,Road
SHP006520,SUP006,PRD002,WH05,2024-11-29,2024-12-12,2024-12-16,821,821,0,49.57,40696.97,Medium,Rail
SHP006521,SUP003,PRD014,WH02,2024-07-17,2024-08-01,2024-07-31,317,317,0,144.83,45911.11,Medium,Sea
SHP006522,SUP005,PRD013,WH06,2024-06-09,2024-06-15,2024-06-13,644,644,5,25.58,16473.52,Medium,Rail
SHP006523,SUP009,PRD020,WH03,2025-06-21,2025-07-07,2025-07-07,436,435,1,10.5,4578.0,Low,Road
SHP006524,SUP019,PRD025,WH01,2024-04-30,2024-05-06,2024-05-09,596,596,16,144.86,86336.56,High,Sea
SHP006525,SUP013,PRD023,WH01,2024-10-27,2024-11-05,2024-11-07,660,657,20,40.08,26452.8,Medium,Road
SHP006526,SUP006,PRD022,WH03,2025-07-28,2025-08-14,2025-08-14,988,971,8,118.61,117186.68,High,Rail
SHP006527,SUP011,PRD016,WH06,2025-03-11,2025-03-21,2025-03-19,437,432,0,26.99,11794.63,Low,Road
SHP006528,SUP014,PRD004,WH04,2024-03-08,2024-03-15,2024-03-19,608,603,7,21.9,13315.2,Low,Road
SHP006529,SUP006,PRD019,WH03,2025-04-03,2025-04-17,2025-04-21,783,770,0,34.54,27044.82,Medium,Road
SHP006530,SUP006,PRD013,WH04,2025-05-28,2025-06-10,2025-06-09,86,86,0,61.76,5311.36,Medium,Road
SHP006531,SUP017,PRD008,WH06,2025-02-01,2025-02-05,2025-02-07,960,946,23,63.13,60604.8,Medium,Road
SHP006532,SUP011,PRD025,WH05,2025-09-11,2025-09-19,2025-09-17,392,392,14,87.88,34448.96,Low,Road
SHP006533,SUP015,PRD002,WH05,2024-10-12,2024-10-29,2024-11-02,176,175,7,9.34,1643.84,Medium,Road
SHP006534,SUP009,PRD006,WH06,2025-07-14,2025-07-31,2025-07-30,372,367,3,29.53,10985.16,Medium,Road
SHP006535,SUP017,PRD021,WH06,2024-05-19,2024-06-07,2024-06-05,357,355,10,123.33,44028.81,Low,Road
SHP006536,SUP007,PRD011,WH04,2025-07-09,2025-07-26,2025-07-28,833,824,12,141.9,118202.7,Medium,Rail
SHP006537,SUP007,PRD021,WH01,2025-08-12,2025-08-25,2025-08-28,314,313,0,81.08,25459.12,Medium,Road
SHP006538,SUP001,PRD003,WH05,2025-09-01,2025-09-08,2025-09-08,573,569,0,97.86,56073.78,High,Sea
SHP006539,SUP008,PRD002,WH06,2024-10-08,2024-10-12,2024-10-14,872,866,30,140.71,122699.12,Medium,Road
SHP006540,SUP005,PRD001,WH04,2025-10-22,2025-11-05,2025-11-03,982,969,17,59.82,58743.24,High,Road
SHP006541,SUP019,PRD004,WH04,2025-07-31,2025-08-10,2025-08-12,240,240,9,4.94,1185.6,High,Air
SHP006542,SUP008,PRD004,WH03,2025-04-01,2025-04-08,2025-04-09,219,216,4,81.62,17874.78,Medium,Sea
SHP006543,SUP017,PRD001,WH01,2024-03-27,2024-04-14,2024-04-14,471,466,0,40.59,19117.89,Medium,Rail
SHP006544,SUP019,PRD007,WH02,2024-03-19,2024-03-23,2024-03-27,814,809,33,25.32,20610.48,Medium,Sea
SHP006545,SUP012,PRD003,WH05,2024-07-23,2024-08-07,2024-08-05,152,152,4,18.88,2869.76,High,Road
SHP006546,SUP015,PRD014,WH06,2024-12-02,2024-12-09,2024-12-10,342,339,16,42.34,14480.28,Medium,Road
SHP006547,SUP004,PRD006,WH03,2024-09-10,2024-09-16,2024-09-18,90,90,1,99.82,8983.8,Low,Sea
SHP006548,SUP012,PRD008,WH04,2024-10-30,2024-11-04,2024-11-09,827,824,15,131.53,108775.31,Medium,Road
SHP006549,SUP013,PRD009,WH03,2025-01-14,2025-01-22,2025-01-23,506,497,10,147.52,74645.12,Medium,Rail
SHP006550,SUP014,PRD006,WH06,2024-05-09,2024-05-14,2024-05-17,868,861,32,52.74,45778.32,Medium,Air
SHP006551,SUP005,PRD019,WH04,2025-08-18,2025-09-01,2025-09-01,290,290,0,117.17,33979.3,High,Road
SHP006552,SUP016,PRD013,WH05,2024-10-02,2024-10-09,2024-10-14,13,13,0,57.7,750.1,Medium,Sea
SHP006553,SUP007,PRD024,WH03,2025-11-29,2025-12-18,2025-12-20,44,44,0,107.54,4731.76,High,Road
SHP006554,SUP015,PRD021,WH06,2025-07-11,2025-07-30,2025-07-30,24,24,0,63.67,1528.08,Medium,Road
SHP006555,SUP013,PRD025,WH06,2024-07-01,2024-07-18,2024-07-19,535,531,20,55.96,29938.6,Medium,Road
SHP006556,SUP016,PRD008,WH03,2024-09-24,2024-10-05,2024-10-05,329,327,4,38.31,12603.99,Low,Road
SHP006557,SUP012,PRD024,WH01,2024-11-17,2024-11-28,2024-12-01,894,884,25,72.34,64671.96,Low,Sea
SHP006558,SUP007,PRD009,WH05,2025-05-26,2025-06-11,2025-06-09,183,183,0,27.91,5107.53,Low,Rail
SHP006559,SUP016,PRD013,WH02,2025-09-03,2025-09-18,2025-09-17,161,160,3,29.96,4823.56,Medium,Road
SHP006560,SUP013,PRD008,WH06,2024-03-18,2024-03-24,2024-03-23,141,140,4,47.89,6752.49,Medium,Road
SHP006561,SUP003,PRD003,WH05,2024-12-04,2024-12-08,2024-12-07,723,715,6,42.15,30474.45,Medium,Road
SHP006562,SUP015,PRD014,WH01,2025-11-04,2025-11-15,2025-11-21,287,284,10,39.99,11477.13,Medium,Road
SHP006563,SUP003,PRD022,WH01,2025-07-09,2025-07-27,2025-07-29,442,440,3,137.85,60929.7,Low,Rail
SHP006564,SUP007,PRD003,WH01,2025-05-23,2025-06-03,2025-06-02,18,18,0,68.48,1232.64,Medium,Road
SHP006565,SUP018,PRD025,WH02,2024-08-25,2024-09-07,2024-09-11,417,413,10,40.47,16875.99,Medium,Road
SHP006566,SUP014,PRD007,WH03,2024-05-13,2024-05-17,2024-05-23,230,227,10,12.02,2764.6,Medium,Rail
SHP006567,SUP018,PRD017,WH06,2024-07-10,2024-07-17,2024-07-18,923,918,14,85.24,78676.52,Medium,Road
SHP006568,SUP019,PRD003,WH03,2024-12-21,2025-01-08,2025-01-12,91,91,3,15.9,1446.9,Medium,Rail
SHP006569,SUP014,PRD024,WH05,2024-10-04,2024-10-22,2024-10-23,137,137,3,68.71,9413.27,Medium,Road
SHP006570,SUP020,PRD005,WH04,2024-01-18,2024-01-25,2024-01-30,228,227,7,54.22,12362.16,Medium,Road
SHP006571,SUP006,PRD021,WH01,2025-06-07,2025-06-22,2025-06-20,133,132,1,45.17,6007.61,High,Sea
SHP006572,SUP008,PRD023,WH05,2024-06-28,2024-07-04,2024-07-05,125,124,2,38.64,4830.0,High,Road
SHP006573,SUP007,PRD019,WH04,2024-05-02,2024-05-14,2024-05-17,93,93,1,53.45,4970.85,Medium,Road
SHP006574,SUP020,PRD003,WH02,2024-09-02,2024-09-20,2024-09-19,541,535,16,11.74,6351.34,High,Rail
SHP006575,SUP018,PRD009,WH05,2025-01-07,2025-01-10,2025-01-13,384,382,11,134.75,51744.0,Low,Road
SHP006576,SUP018,PRD011,WH01,2024-02-20,2024-02-24,2024-03-01,919,912,21,111.76,102707.44,Medium,Road
SHP006577,SUP015,PRD019,WH02,2024-03-11,2024-03-22,2024-03-30,809,806,32,101.84,82388.56,Medium,Sea
SHP006578,SUP020,PRD014,WH06,2025-04-24,2025-04-28,2025-05-02,485,485,17,11.57,5611.45,Medium,Air
SHP006579,SUP019,PRD025,WH04,2025-07-13,2025-07-24,2025-07-24,727,719,17,20.81,15128.87,Medium,Rail
SHP006580,SUP002,PRD005,WH06,2024-01-19,2024-01-28,2024-01-31,797,784,21,136.89,109101.33,Low,Rail
SHP006581,SUP008,PRD009,WH06,2024-03-24,2024-04-12,2024-04-13,717,710,8,132.43,94952.31,Low,Sea
SHP006582,SUP011,PRD020,WH01,2024-06-03,2024-06-23,2024-06-23,763,752,5,10.62,8103.06,Low,Road
SHP006583,SUP018,PRD006,WH06,2025-07-18,2025-07-22,2025-07-24,214,214,6,111.84,23933.76,Low,Sea
SHP006584,SUP013,PRD007,WH02,2025-09-10,2025-09-25,2025-09-26,235,235,7,41.15,9670.25,Medium,Sea
SHP006585,SUP009,PRD009,WH04,2024-12-22,2025-01-08,2025-01-10,35,35,0,76.61,2681.35,Medium,Road
SHP006586,SUP009,PRD023,WH06,2025-10-08,2025-10-27,2025-10-25,234,234,5,45.91,10742.94,Medium,Road
SHP006587,SUP017,PRD010,WH01,2025-03-18,2025-03-21,2025-03-22,357,355,11,103.7,37020.9,Low,Road
SHP006588,SUP007,PRD009,WH04,2024-03-09,2024-03-25,2024-03-23,59,59,0,123.73,7300.07,Medium,Road
SHP006589,SUP009,PRD006,WH01,2025-06-06,2025-06-23,2025-06-23,365,359,6,138.7,50625.5,Medium,Rail
SHP006590,SUP001,PRD004,WH05,2024-05-22,2024-06-08,2024-06-09,747,747,16,126.94,94824.18,High,Road
SHP006591,SUP002,PRD013,WH02,2024-07-10,2024-07-24,2024-07-27,452,449,16,28.77,13004.04,Low,Air
SHP006592,SUP004,PRD025,WH06,2025-01-21,2025-01-28,2025-01-29,621,612,15,69.79,43339.59,Medium,Road
SHP006593,SUP014,PRD005,WH05,2025-01-12,2025-01-21,2025-01-24,901,888,15,124.62,112282.62,Low,Road
SHP006594,SUP004,PRD002,WH02,2025-08-03,2025-08-18,2025-08-16,251,247,6,76.04,19086.04,Medium,Rail
SHP006595,SUP002,PRD017,WH06,2025-06-18,2025-07-04,2025-07-06,188,186,2,146.81,27600.28,Low,Road
SHP006596,SUP008,PRD005,WH04,2025-11-23,2025-12-13,2025-12-13,160,158,3,62.26,9961.6,Low,Road
SHP006597,SUP018,PRD004,WH01,2024-10-19,2024-10-26,2024-11-01,217,214,6,76.5,16600.5,Low,Road
SHP006598,SUP019,PRD005,WH01,2024-01-09,2024-01-24,2024-01-28,918,908,20,89.07,81766.26,Low,Sea
SHP006599,SUP014,PRD021,WH06,2024-09-27,2024-10-07,2024-10-11,823,823,17,6.69,5505.87,Medium,Rail
SHP006600,SUP020,PRD020,WH02,2025-01-21,2025-02-05,2025-02-08,228,225,8,86.42,19703.76,Medium,Rail
SHP006601,SUP010,PRD015,WH03,2024-04-02,2024-04-17,2024-04-16,798,797,0,120.91,96486.18,Medium,Air
SHP006602,SUP017,PRD021,WH04,2025-06-12,2025-06-30,2025-07-03,307,303,0,135.88,41715.16,Medium,Rail
SHP006603,SUP008,PRD002,WH03,2024-06-02,2024-06-12,2024-06-14,679,677,25,90.53,61469.87,Low,Rail
SHP006604,SUP014,PRD006,WH06,2025-02-08,2025-02-25,2025-03-01,590,588,9,29.83,17599.7,Medium,Road
SHP006605,SUP008,PRD007,WH04,2024-05-28,2024-06-02,2024-05-31,444,439,7,25.7,11410.8,High,Rail
SHP006606,SUP005,PRD003,WH06,2024-09-23,2024-10-10,2024-10-12,652,646,0,124.12,80926.24,Medium,Road
SHP006607,SUP016,PRD009,WH05,2025-02-25,2025-03-04,2025-03-05,391,385,5,78.57,30720.87,Medium,Sea
SHP006608,SUP008,PRD019,WH02,2025-09-09,2025-09-20,2025-09-19,495,489,7,105.93,52435.35,Medium,Road
SHP006609,SUP010,PRD015,WH06,2025-04-16,2025-05-01,2025-05-01,40,40,0,49.01,1960.4,Low,Sea
SHP006610,SUP008,PRD002,WH01,2025-06-30,2025-07-12,2025-07-10,637,636,16,113.35,72203.95,Medium,Sea
SHP006611,SUP009,PRD024,WH05,2025-09-22,2025-09-28,2025-09-26,901,894,2,7.11,6406.11,Medium,Road
SHP006612,SUP018,PRD008,WH04,2025-06-09,2025-06-18,2025-06-20,504,496,10,138.65,69879.6,Low,Road
SHP006613,SUP003,PRD007,WH06,2025-05-17,2025-05-22,2025-05-20,745,740,14,124.89,93043.05,Medium,Road
SHP006614,SUP017,PRD006,WH06,2024-01-14,2024-01-20,2024-01-21,252,249,8,77.83,19613.16,High,Sea
SHP006615,SUP020,PRD012,WH04,2025-10-13,2025-10-18,2025-10-20,723,718,15,120.77,87316.71,Medium,Road
SHP006616,SUP015,PRD016,WH02,2024-12-29,2025-01-04,2025-01-06,519,513,17,136.28,70729.32,Medium,Sea
SHP006617,SUP017,PRD011,WH05,2024-04-28,2024-05-15,2024-05-18,297,294,7,105.67,31383.99,Low,Rail
SHP006618,SUP008,PRD002,WH01,2024-08-25,2024-09-02,2024-09-01,612,607,5,127.19,77840.28,High,Air
SHP006619,SUP002,PRD021,WH03,2025-06-29,2025-07-16,2025-07-17,430,428,9,113.77,48921.1,Medium,Sea
SHP006620,SUP017,PRD001,WH03,2024-06-17,2024-06-23,2024-06-25,117,116,3,86.64,10136.88,Medium,Road
SHP006621,SUP018,PRD015,WH01,2025-06-05,2025-06-19,2025-06-20,396,394,3,80.0,31680.0,Low,Sea
SHP006622,SUP005,PRD016,WH04,2025-09-25,2025-10-02,2025-10-02,852,842,1,37.92,32307.84,Medium,Road
SHP006623,SUP009,PRD003,WH03,2025-10-18,2025-10-28,2025-10-28,546,537,14,15.8,8626.8,Medium,Road
SHP006624,SUP009,PRD014,WH01,2025-05-30,2025-06-17,2025-06-15,501,496,0,32.2,16132.2,Low,Rail
SHP006625,SUP002,PRD019,WH05,2025-01-31,2025-02-10,2025-02-14,904,894,29,14.98,13541.92,Medium,Rail
SHP006626,SUP002,PRD009,WH03,2024-04-15,2024-04-24,2024-04-23,712,712,16,62.71,44649.52,High,Road
SHP006627,SUP019,PRD022,WH04,2024-03-25,2024-04-02,2024-04-04,892,877,41,61.43,54795.56,High,Road
SHP006628,SUP003,PRD024,WH02,2024-08-01,2024-08-06,2024-08-08,194,192,4,94.16,18267.04,Medium,Rail
SHP006629,SUP017,PRD011,WH02,2024-04-30,2024-05-06,2024-05-08,327,327,9,90.66,29645.82,Medium,Road
SHP006630,SUP014,PRD012,WH01,2024-05-11,2024-05-14,2024-05-15,813,799,24,48.34,39300.42,Low,Rail
SHP006631,SUP014,PRD025,WH01,2024-07-15,2024-08-04,2024-08-06,777,776,30,144.05,111926.85,Medium,Sea
SHP006632,SUP014,PRD024,WH03,2024-01-19,2024-02-02,2024-02-06,139,138,5,105.67,14688.13,Medium,Road
SHP006633,SUP006,PRD015,WH03,2025-10-03,2025-10-08,2025-10-10,439,438,6,38.56,16927.84,High,Rail
SHP006634,SUP003,PRD002,WH04,2024-01-12,2024-01-20,2024-01-20,26,26,0,55.46,1441.96,Low,Rail
SHP006635,SUP001,PRD008,WH06,2024-03-21,2024-04-02,2024-03-31,449,446,0,71.23,31982.27,Low,Sea
SHP006636,SUP016,PRD004,WH03,2024-11-25,2024-12-12,2024-12-15,884,884,20,36.68,32425.12,Medium,Sea
SHP006637,SUP004,PRD010,WH06,2025-01-26,2025-02-07,2025-02-05,302,300,0,118.08,35660.16,Medium,Road
SHP006638,SUP001,PRD024,WH01,2025-09-28,2025-10-07,2025-10-06,258,255,0,41.13,10611.54,Medium,Road
SHP006639,SUP017,PRD023,WH05,2024-11-02,2024-11-18,2024-11-17,223,221,2,149.45,33327.35,Medium,Road
SHP006640,SUP018,PRD023,WH01,2024-09-23,2024-10-10,2024-10-11,126,126,3,109.33,13775.58,Medium,Rail
SHP006641,SUP008,PRD009,WH06,2025-03-22,2025-04-04,2025-04-02,348,343,2,93.8,32642.4,Low,Road
SHP006642,SUP002,PRD023,WH06,2025-03-16,2025-04-03,2025-04-07,730,727,16,91.82,67028.6,High,Sea
SHP006643,SUP018,PRD024,WH04,2025-10-13,2025-10-30,2025-11-02,405,402,13,57.45,23267.25,Low,Road
SHP006644,SUP016,PRD018,WH02,2024-01-02,2024-01-07,2024-01-05,50,50,1,124.6,6230.0,Low,Air
SHP006645,SUP010,PRD018,WH02,2025-06-03,2025-06-12,2025-06-10,121,120,0,103.61,12536.81,Low,Road
SHP006646,SUP008,PRD006,WH01,2025-10-12,2025-11-01,2025-11-04,625,620,12,17.85,11156.25,Medium,Road
SHP006647,SUP012,PRD001,WH02,2025-09-27,2025-10-11,2025-10-11,406,400,8,115.6,46933.6,Medium,Road
SHP006648,SUP016,PRD010,WH01,2024-11-04,2024-11-21,2024-11-19,422,422,12,102.53,43267.66,Low,Sea
SHP006649,SUP012,PRD004,WH06,2025-06-05,2025-06-16,2025-06-17,345,345,12,75.06,25895.7,Medium,Road
SHP006650,SUP011,PRD023,WH02,2025-04-13,2025-04-18,2025-04-19,184,184,0,134.56,24759.04,Medium,Sea
SHP006651,SUP020,PRD023,WH05,2024-07-30,2024-08-13,2024-08-11,662,662,20,54.38,35999.56,Low,Road
SHP006652,SUP019,PRD004,WH05,2024-04-21,2024-05-10,2024-05-13,203,201,3,45.97,9331.91,Medium,Road
SHP006653,SUP001,PRD021,WH01,2024-01-08,2024-01-16,2024-01-18,44,44,0,118.33,5206.52,Medium,Sea
SHP006654,SUP003,PRD012,WH03,2025-04-21,2025-05-06,2025-05-07,160,158,3,118.5,18960.0,Medium,Road
SHP006655,SUP012,PRD018,WH03,2025-04-04,2025-04-23,2025-04-26,73,73,1,57.64,4207.72,Low,Rail
SHP006656,SUP009,PRD008,WH06,2024-09-09,2024-09-13,2024-09-12,492,488,8,69.0,33948.0,Low,Road
SHP006657,SUP005,PRD009,WH05,2025-06-09,2025-06-24,2025-06-24,153,153,0,117.97,18049.41,Medium,Road
SHP006658,SUP001,PRD003,WH02,2025-03-13,2025-03-31,2025-04-02,788,787,2,147.9,116545.2,Low,Road
SHP006659,SUP010,PRD025,WH06,2025-10-22,2025-11-03,2025-11-01,356,355,2,26.76,9526.56,High,Road
SHP006660,SUP017,PRD010,WH06,2024-08-23,2024-08-29,2024-09-01,829,827,29,99.02,82087.58,Low,Sea
SHP006661,SUP004,PRD025,WH05,2024-11-01,2024-11-06,2024-11-04,372,367,3,42.06,15646.32,Low,Rail
SHP006662,SUP015,PRD003,WH05,2025-04-22,2025-05-12,2025-05-17,627,616,19,146.02,91554.54,Medium,Sea
SHP006663,SUP019,PRD023,WH03,2025-11-09,2025-11-25,2025-11-25,839,832,33,103.94,87205.66,Medium,Sea
SHP006664,SUP008,PRD022,WH03,2024-01-20,2024-02-05,2024-02-06,23,23,0,85.93,1976.39,High,Rail
SHP006665,SUP015,PRD005,WH02,2024-08-03,2024-08-11,2024-08-16,932,920,22,64.96,60542.72,High,Rail
SHP006666,SUP007,PRD020,WH03,2024-05-14,2024-05-18,2024-05-18,89,89,0,91.7,8161.3,Medium,Rail
SHP006667,SUP015,PRD006,WH05,2024-05-08,2024-05-19,2024-05-24,278,277,13,123.77,34408.06,High,Sea
SHP006668,SUP008,PRD009,WH06,2025-02-13,2025-02-16,2025-02-18,247,245,0,87.7,21661.9,High,Road
SHP006669,SUP010,PRD022,WH06,2025-02-25,2025-03-12,2025-03-10,787,782,0,35.59,28009.33,Medium,Road
SHP006670,SUP018,PRD011,WH06,2024-10-20,2024-10-31,2024-11-01,259,255,9,88.09,22815.31,Medium,Road
SHP006671,SUP004,PRD021,WH03,2024-09-02,2024-09-15,2024-09-13,455,455,3,113.44,51615.2,Low,Road
SHP006672,SUP015,PRD008,WH02,2025-12-01,2025-12-14,2025-12-18,760,751,10,58.08,44140.8,Low,Rail
SHP006673,SUP011,PRD011,WH02,2025-07-09,2025-07-17,2025-07-17,186,184,2,37.59,6991.74,High,Road
SHP006674,SUP003,PRD023,WH06,2024-03-26,2024-04-15,2024-04-16,748,742,19,33.65,25170.2,Medium,Road
SHP006675,SUP015,PRD014,WH06,2025-07-09,2025-07-23,2025-07-25,472,465,12,109.11,51499.92,Low,Road
SHP006676,SUP003,PRD024,WH05,2025-01-09,2025-01-13,2025-01-12,321,320,1,70.19,22530.99,High,Rail
SHP006677,SUP015,PRD018,WH02,2025-03-21,2025-04-10,2025-04-10,109,108,5,117.35,12791.15,Medium,Road
SHP006678,SUP006,PRD018,WH05,2025-01-12,2025-01-22,2025-01-23,716,712,2,10.94,7833.04,High,Sea
SHP006679,SUP001,PRD013,WH05,2025-01-24,2025-02-01,2025-02-05,771,761,10,122.76,94647.96,Low,Road
SHP006680,SUP014,PRD013,WH03,2025-10-18,2025-11-07,2025-11-09,87,87,3,140.56,12228.72,Low,Rail
SHP006681,SUP016,PRD021,WH01,2024-02-20,2024-02-26,2024-02-26,307,303,2,71.58,21975.06,Low,Rail
SHP006682,SUP001,PRD013,WH06,2024-08-29,2024-09-11,2024-09-09,764,755,4,125.65,95996.6,High,Road
SHP006683,SUP017,PRD021,WH03,2024-10-20,2024-10-30,2024-10-28,64,64,1,100.27,6417.28,Low,Sea
SHP006684,SUP008,PRD011,WH06,2025-07-16,2025-07-29,2025-07-28,212,209,5,97.72,20716.64,Medium,Road
SHP006685,SUP018,PRD025,WH06,2024-09-22,2024-10-07,2024-10-08,148,148,3,72.04,10661.92,Medium,Road
SHP006686,SUP016,PRD018,WH04,2024-04-29,2024-05-11,2024-05-16,95,95,2,103.89,9869.55,Medium,Rail
SHP006687,SUP006,PRD023,WH05,2024-09-04,2024-09-15,2024-09-15,50,50,0,6.22,311.0,Low,Sea
SHP006688,SUP010,PRD008,WH06,2024-03-10,2024-03-21,2024-03-19,41,41,0,128.29,5259.89,Medium,Road
SHP006689,SUP010,PRD025,WH04,2024-02-26,2024-03-13,2024-03-18,644,635,0,46.73,30094.12,High,Road
SHP006690,SUP005,PRD002,WH02,2025-01-16,2025-01-29,2025-01-29,78,78,0,88.76,6923.28,High,Sea
SHP006691,SUP012,PRD022,WH03,2024-02-08,2024-02-15,2024-02-13,744,733,25,67.84,50472.96,High,Road
SHP006692,SUP020,PRD005,WH04,2025-03-18,2025-04-02,2025-04-01,24,24,0,17.4,417.6,Low,Road
SHP006693,SUP017,PRD019,WH05,2024-01-18,2024-01-25,2024-01-24,201,198,4,33.67,6767.67,Medium,Road
SHP006694,SUP014,PRD022,WH05,2024-12-17,2024-12-20,2024-12-24,356,354,19,51.06,18177.36,Medium,Rail
SHP006695,SUP014,PRD020,WH02,2024-10-24,2024-11-12,2024-11-21,601,593,16,50.34,30254.34,Medium,Air
SHP006696,SUP003,PRD013,WH06,2024-10-09,2024-10-23,2024-10-23,64,64,0,16.83,1077.12,Medium,Road
SHP006697,SUP012,PRD020,WH01,2025-08-08,2025-08-27,2025-08-30,646,637,8,102.71,66350.66,Medium,Road
SHP006698,SUP020,PRD010,WH01,2024-04-19,2024-04-29,2024-05-02,564,558,24,41.11,23186.04,Medium,Sea
SHP006699,SUP018,PRD021,WH03,2024-06-28,2024-07-08,2024-07-08,78,78,2,106.89,8337.42,High,Road
SHP006700,SUP012,PRD016,WH04,2025-06-27,2025-07-14,2025-07-13,536,530,6,129.08,69186.88,Medium,Road
SHP006701,SUP002,PRD015,WH06,2024-01-25,2024-02-06,2024-02-12,240,238,9,105.86,25406.4,Medium,Road
SHP006702,SUP002,PRD014,WH05,2024-02-26,2024-03-08,2024-03-13,366,360,7,22.29,8158.14,Medium,Sea
SHP006703,SUP017,PRD008,WH02,2024-06-28,2024-07-03,2024-07-04,735,730,7,107.06,78689.1,Medium,Road
SHP006704,SUP010,PRD002,WH06,2024-08-19,2024-08-26,2024-08-24,142,141,2,63.96,9082.32,Low,Road
SHP006705,SUP018,PRD010,WH01,2024-12-08,2024-12-27,2024-12-25,817,803,15,41.84,34183.28,High,Air
SHP006706,SUP019,PRD002,WH06,2025-04-21,2025-05-10,2025-05-16,255,253,9,22.82,5819.1,Medium,Sea
SHP006707,SUP001,PRD008,WH05,2025-07-29,2025-08-02,2025-08-02,611,602,12,123.02,75165.22,High,Road
SHP006708,SUP004,PRD009,WH01,2025-03-30,2025-04-10,2025-04-11,915,909,8,108.21,99012.15,High,Road
SHP006709,SUP004,PRD017,WH01,2024-08-19,2024-09-05,2024-09-10,23,23,1,53.8,1237.4,Low,Sea
SHP006710,SUP002,PRD001,WH06,2024-10-15,2024-10-30,2024-10-30,645,636,16,2.65,1709.25,High,Rail
SHP006711,SUP019,PRD001,WH02,2024-07-31,2024-08-11,2024-08-11,174,174,10,132.76,23100.24,Low,Rail
SHP006712,SUP012,PRD009,WH02,2024-09-14,2024-10-03,2024-10-05,980,968,24,113.67,111396.6,Medium,Road
SHP006713,SUP010,PRD005,WH06,2025-06-13,2025-06-18,2025-06-18,239,239,0,76.47,18276.33,Low,Sea
SHP006714,SUP013,PRD014,WH03,2025-11-17,2025-11-28,2025-11-29,59,59,1,76.19,4495.21,Low,Road
SHP006715,SUP020,PRD002,WH04,2024-08-16,2024-08-27,2024-08-31,223,220,1,58.82,13116.86,Low,Air
SHP006716,SUP015,PRD015,WH02,2024-08-13,2024-08-26,2024-08-28,457,454,16,42.13,19253.41,Medium,Road
SHP006717,SUP003,PRD009,WH06,2025-08-18,2025-09-02,2025-09-03,103,102,2,126.47,13026.41,High,Road
SHP006718,SUP020,PRD020,WH06,2025-03-10,2025-03-28,2025-03-31,958,940,32,108.6,104038.8,Low,Road
SHP006719,SUP013,PRD014,WH05,2025-02-05,2025-02-10,2025-02-08,25,25,0,103.79,2594.75,Low,Rail
SHP006720,SUP008,PRD021,WH02,2025-09-13,2025-09-17,2025-09-20,734,734,11,122.49,89907.66,High,Air
SHP006721,SUP007,PRD020,WH03,2024-03-28,2024-04-03,2024-04-03,333,331,1,11.67,3886.11,High,Road
SHP006722,SUP008,PRD018,WH01,2025-08-06,2025-08-10,2025-08-13,373,371,6,128.58,47960.34,Medium,Road
SHP006723,SUP018,PRD005,WH06,2025-06-25,2025-07-06,2025-07-09,708,707,19,93.8,66410.4,Medium,Rail
SHP006724,SUP009,PRD011,WH05,2025-11-14,2025-11-29,2025-11-30,657,649,8,21.79,14316.03,Low,Rail
SHP006725,SUP006,PRD005,WH03,2024-11-04,2024-11-19,2024-11-17,247,244,2,61.97,15306.59,High,Road
SHP006726,SUP004,PRD013,WH04,2024-12-08,2024-12-13,2024-12-14,594,591,13,69.59,41336.46,High,Road
SHP006727,SUP015,PRD013,WH06,2025-03-11,2025-03-19,2025-03-19,133,133,3,23.16,3080.28,Medium,Sea
SHP006728,SUP005,PRD001,WH06,2024-06-25,2024-07-04,2024-07-02,718,705,4,63.95,45916.1,Medium,Rail
SHP006729,SUP005,PRD024,WH05,2024-05-18,2024-05-24,2024-05-22,602,600,0,49.67,29901.34,Low,Road
SHP006730,SUP007,PRD024,WH03,2024-07-12,2024-07-15,2024-07-17,330,325,1,13.3,4389.0,High,Road
SHP006731,SUP009,PRD013,WH05,2024-07-04,2024-07-24,2024-07-25,215,212,2,138.13,29697.95,High,Road
SHP006732,SUP007,PRD012,WH06,2024-08-05,2024-08-12,2024-08-10,909,895,0,100.36,91227.24,Medium,Road
SHP006733,SUP009,PRD011,WH06,2024-06-12,2024-06-19,2024-06-22,731,727,13,148.93,108867.83,Medium,Road
SHP006734,SUP020,PRD006,WH04,2024-06-09,2024-06-22,2024-06-28,544,541,14,31.21,16978.24,Medium,Road
SHP006735,SUP010,PRD002,WH01,2025-06-08,2025-06-16,2025-06-17,472,468,0,95.38,45019.36,Medium,Road
SHP006736,SUP004,PRD022,WH05,2025-08-23,2025-09-08,2025-09-09,365,364,6,56.01,20443.65,Medium,Sea
SHP006737,SUP006,PRD012,WH03,2024-02-11,2024-02-17,2024-02-16,908,903,0,2.33,2115.64,Medium,Road
SHP006738,SUP014,PRD001,WH02,2024-07-28,2024-08-12,2024-08-13,807,801,33,98.23,79271.61,Medium,Sea
SHP006739,SUP009,PRD007,WH05,2024-10-01,2024-10-17,2024-10-20,42,42,0,123.85,5201.7,Medium,Rail
SHP006740,SUP001,PRD007,WH01,2024-10-05,2024-10-24,2024-10-25,372,372,5,137.62,51194.64,High,Road
SHP006741,SUP017,PRD022,WH05,2024-09-07,2024-09-14,2024-09-14,36,36,0,134.52,4842.72,Low,Road
SHP006742,SUP013,PRD007,WH06,2024-11-05,2024-11-25,2024-11-25,362,361,10,48.5,17557.0,Low,Rail
SHP006743,SUP007,PRD004,WH03,2024-05-19,2024-06-08,2024-06-06,632,625,14,91.68,57941.76,Low,Air
SHP006744,SUP009,PRD005,WH01,2025-06-29,2025-07-10,2025-07-10,873,857,9,121.31,105903.63,Low,Road
SHP006745,SUP011,PRD005,WH01,2025-06-13,2025-06-29,2025-06-30,712,704,10,6.77,4820.24,Low,Road
SHP006746,SUP003,PRD021,WH03,2024-02-26,2024-03-06,2024-03-05,575,567,12,149.09,85726.75,Low,Road
SHP006747,SUP012,PRD013,WH01,2024-04-21,2024-05-05,2024-05-05,334,331,5,142.9,47728.6,High,Rail
SHP006748,SUP003,PRD009,WH04,2024-01-05,2024-01-20,2024-01-21,748,748,11,148.77,111279.96,Medium,Road
SHP006749,SUP015,PRD025,WH01,2025-02-13,2025-02-18,2025-02-20,340,335,10,113.01,38423.4,Medium,Rail
SHP006750,SUP010,PRD014,WH06,2025-02-17,2025-02-28,2025-02-26,380,377,0,124.93,47473.4,Medium,Road
SHP006751,SUP001,PRD018,WH04,2024-06-30,2024-07-10,2024-07-12,822,808,22,110.7,90995.4,Medium,Road
SHP006752,SUP014,PRD006,WH05,2024-01-13,2024-01-18,2024-01-24,667,655,22,7.77,5182.59,Medium,Sea
SHP006753,SUP020,PRD020,WH01,2024-12-04,2024-12-21,2024-12-19,842,842,31,31.67,26666.14,Medium,Road
SHP006754,SUP006,PRD011,WH01,2024-09-15,2024-09-26,2024-09-28,216,214,0,109.51,23654.16,Low,Road
SHP006755,SUP002,PRD015,WH02,2024-03-30,2024-04-15,2024-04-16,664,656,26,36.23,24056.72,Medium,Road
SHP006756,SUP008,PRD004,WH01,2025-09-07,2025-09-25,2025-09-23,34,34,0,69.36,2358.24,Medium,Road
SHP006757,SUP001,PRD011,WH02,2025-11-28,2025-12-15,2025-12-14,211,208,0,120.95,25520.45,Low,Rail
SHP006758,SUP004,PRD019,WH03,2024-09-06,2024-09-22,2024-09-23,455,450,9,106.23,48334.65,Medium,Road
SHP006759,SUP004,PRD017,WH04,2024-09-11,2024-09-24,2024-09-22,730,722,14,73.4,53582.0,Medium,Road
SHP006760,SUP005,PRD015,WH02,2025-08-10,2025-08-26,2025-08-26,758,749,0,96.55,73184.9,High,Road
SHP006761,SUP020,PRD014,WH01,2024-04-17,2024-04-30,2024-05-03,382,380,12,2.51,958.82,High,Rail
SHP006762,SUP009,PRD021,WH05,2025-10-29,2025-11-01,2025-10-31,839,829,0,101.18,84890.02,Low,Rail
SHP006763,SUP013,PRD001,WH02,2025-08-16,2025-08-22,2025-08-26,38,38,0,99.06,3764.28,Medium,Road
SHP006764,SUP018,PRD014,WH02,2025-08-11,2025-08-28,2025-08-27,483,482,17,23.0,11109.0,High,Road
SHP006765,SUP017,PRD014,WH04,2025-04-29,2025-05-03,2025-05-03,472,471,11,131.81,62214.32,Medium,Road
SHP006766,SUP001,PRD023,WH06,2024-09-14,2024-09-26,2024-09-26,512,510,0,89.77,45962.24,Low,Road
SHP006767,SUP015,PRD002,WH05,2025-09-30,2025-10-08,2025-10-16,236,233,11,64.37,15191.32,Low,Road
SHP006768,SUP002,PRD016,WH01,2024-10-08,2024-10-26,2024-10-26,374,374,6,12.58,4704.92,Medium,Air
SHP006769,SUP016,PRD002,WH03,2024-03-28,2024-04-11,2024-04-11,552,544,13,125.86,69474.72,High,Rail
SHP006770,SUP020,PRD011,WH05,2024-07-22,2024-08-10,2024-08-14,768,754,19,147.27,113103.36,Low,Rail
SHP006771,SUP005,PRD014,WH02,2024-01-16,2024-01-25,2024-01-26,85,85,0,41.27,3507.95,Low,Sea
SHP006772,SUP019,PRD002,WH03,2024-05-30,2024-06-03,2024-06-04,684,680,17,102.65,70212.6,Low,Road
SHP006773,SUP005,PRD015,WH06,2024-09-10,2024-09-21,2024-09-24,126,125,0,72.66,9155.16,Low,Road
SHP006774,SUP002,PRD006,WH04,2024-07-06,2024-07-09,2024-07-12,387,386,7,135.77,52542.99,Medium,Air
SHP006775,SUP007,PRD010,WH05,2024-11-24,2024-11-28,2024-11-29,795,781,23,146.48,116451.6,Medium,Sea
SHP006776,SUP003,PRD025,WH06,2025-06-27,2025-07-07,2025-07-05,25,25,0,38.1,952.5,Low,Road
SHP006777,SUP017,PRD017,WH03,2025-01-31,2025-02-08,2025-02-10,737,726,7,14.39,10605.43,Medium,Sea
SHP006778,SUP003,PRD016,WH01,2025-05-31,2025-06-20,2025-06-23,872,871,1,114.73,100044.56,Medium,Road
SHP006779,SUP013,PRD010,WH03,2025-04-03,2025-04-22,2025-04-22,95,95,3,121.76,11567.2,Low,Rail
SHP006780,SUP007,PRD011,WH05,2024-11-25,2024-12-07,2024-12-06,484,478,0,39.81,19268.04,Low,Road
SHP006781,SUP003,PRD004,WH02,2024-06-17,2024-06-22,2024-06-21,965,952,15,37.76,36438.4,Low,Road
SHP006782,SUP015,PRD023,WH03,2025-11-23,2025-12-07,2025-12-09,624,624,21,9.7,6052.8,High,Road
SHP006783,SUP018,PRD017,WH02,2024-12-31,2025-01-04,2025-01-03,695,694,11,33.34,23171.3,Medium,Sea
SHP006784,SUP010,PRD010,WH01,2024-06-26,2024-07-05,2024-07-05,667,667,4,17.36,11579.12,Medium,Road
SHP006785,SUP007,PRD022,WH03,2025-10-16,2025-11-05,2025-11-04,554,551,0,33.39,18498.06,High,Road
SHP006786,SUP009,PRD020,WH03,2024-12-27,2025-01-13,2025-01-12,322,322,4,25.9,8339.8,High,Road
SHP006787,SUP005,PRD011,WH06,2025-09-30,2025-10-14,2025-10-16,846,840,12,139.96,118406.16,High,Road
SHP006788,SUP020,PRD004,WH03,2024-02-09,2024-02-14,2024-02-18,690,690,4,40.26,27779.4,Low,Sea
SHP006789,SUP008,PRD016,WH01,2025-02-19,2025-03-04,2025-03-04,972,970,15,120.37,116999.64,Medium,Sea
SHP006790,SUP014,PRD017,WH01,2024-12-20,2024-12-29,2024-12-30,257,257,4,132.05,33936.85,Low,Road
SHP006791,SUP004,PRD016,WH04,2024-09-11,2024-09-17,2024-09-15,729,721,9,107.56,78411.24,Medium,Road
SHP006792,SUP020,PRD015,WH06,2024-05-22,2024-06-11,2024-06-12,97,97,3,138.3,13415.1,High,Air
SHP006793,SUP014,PRD025,WH01,2025-07-30,2025-08-18,2025-08-21,463,461,10,115.92,53670.96,Medium,Road
SHP006794,SUP012,PRD002,WH05,2024-01-11,2024-01-28,2024-01-27,880,876,25,92.78,81646.4,Low,Sea
SHP006795,SUP002,PRD005,WH06,2025-09-11,2025-09-27,2025-09-30,417,410,3,77.67,32388.39,Low,Road
SHP006796,SUP013,PRD008,WH05,2024-01-26,2024-02-15,2024-02-18,668,667,17,16.18,10808.24,Low,Road
SHP006797,SUP001,PRD018,WH05,2025-02-24,2025-02-27,2025-02-27,390,384,8,88.58,34546.2,Low,Sea
SHP006798,SUP020,PRD023,WH02,2025-10-24,2025-10-27,2025-10-26,754,741,19,22.26,16784.04,Medium,Road
SHP006799,SUP007,PRD020,WH03,2024-08-08,2024-08-16,2024-08-18,699,690,8,58.43,40842.57,High,Road
SHP006800,SUP009,PRD004,WH01,2025-05-10,2025-05-18,2025-05-19,42,42,0,31.4,1318.8,Medium,Road
SHP006801,SUP017,PRD016,WH01,2024-08-24,2024-09-04,2024-09-06,923,913,28,29.33,27071.59,Low,Road
SHP006802,SUP013,PRD010,WH06,2024-08-24,2024-08-27,2024-09-01,673,673,6,50.24,33811.52,High,Road
SHP006803,SUP010,PRD022,WH01,2024-08-06,2024-08-22,2024-08-23,755,749,0,46.85,35371.75,Medium,Sea
SHP006804,SUP016,PRD007,WH05,2025-05-01,2025-05-14,2025-05-14,107,107,1,40.4,4322.8,High,Road
SHP006805,SUP006,PRD005,WH03,2025-04-05,2025-04-20,2025-04-21,665,660,2,13.2,8778.0,High,Road
SHP006806,SUP016,PRD025,WH05,2025-10-24,2025-11-03,2025-11-05,226,226,3,3.19,720.94,Low,Road
SHP006807,SUP011,PRD020,WH03,2025-09-26,2025-10-14,2025-10-14,990,982,14,25.01,24759.9,Low,Sea
SHP006808,SUP020,PRD020,WH05,2024-05-23,2024-06-07,2024-06-09,929,915,13,74.74,69433.46,Medium,Sea
SHP006809,SUP003,PRD016,WH05,2024-07-07,2024-07-12,2024-07-13,919,902,0,127.56,117227.64,Medium,Road
SHP006810,SUP009,PRD006,WH03,2024-09-11,2024-09-29,2024-10-03,491,484,9,71.38,35047.58,High,Road
SHP006811,SUP015,PRD008,WH04,2024-03-08,2024-03-15,2024-03-20,452,448,18,55.26,24977.52,Medium,Road
SHP006812,SUP013,PRD011,WH01,2025-09-07,2025-09-10,2025-09-11,288,286,4,70.22,20223.36,Medium,Road
SHP006813,SUP010,PRD017,WH02,2024-12-01,2024-12-21,2024-12-23,921,904,0,115.85,106697.85,Medium,Road
SHP006814,SUP020,PRD016,WH01,2025-11-01,2025-11-06,2025-11-04,952,944,28,75.79,72152.08,Medium,Road
SHP006815,SUP013,PRD003,WH01,2025-02-12,2025-02-23,2025-02-26,346,342,6,49.23,17033.58,Low,Road
SHP006816,SUP017,PRD011,WH04,2024-10-26,2024-11-14,2024-11-15,609,609,12,93.83,57142.47,Medium,Rail
SHP006817,SUP007,PRD007,WH06,2025-08-24,2025-08-28,2025-08-28,746,736,11,20.81,15524.26,Medium,Road
SHP006818,SUP006,PRD019,WH05,2024-12-22,2025-01-10,2025-01-10,942,931,2,142.43,134169.06,Medium,Air
SHP006819,SUP013,PRD016,WH04,2024-09-12,2024-09-17,2024-09-18,588,581,17,4.45,2616.6,Medium,Rail
SHP006820,SUP017,PRD008,WH02,2024-12-18,2024-12-24,2024-12-23,571,561,13,101.99,58236.29,Medium,Road
SHP006821,SUP015,PRD007,WH04,2025-06-04,2025-06-12,2025-06-11,142,142,6,59.41,8436.22,High,Air
SHP006822,SUP004,PRD002,WH05,2025-06-07,2025-06-26,2025-06-26,504,499,0,53.5,26964.0,Low,Road
SHP006823,SUP015,PRD006,WH04,2025-11-24,2025-12-01,2025-12-05,266,264,8,148.28,39442.48,Low,Road
SHP006824,SUP014,PRD018,WH04,2024-10-10,2024-10-30,2024-10-31,703,697,29,94.91,66721.73,Low,Sea
SHP006825,SUP011,PRD020,WH06,2024-11-07,2024-11-18,2024-11-21,853,853,19,82.06,69997.18,Low,Rail
SHP006826,SUP004,PRD004,WH06,2024-04-08,2024-04-22,2024-04-23,170,170,3,110.22,18737.4,High,Rail
SHP006827,SUP003,PRD001,WH02,2024-07-15,2024-07-19,2024-07-17,722,720,1,3.15,2274.3,Medium,Sea
SHP006828,SUP002,PRD011,WH02,2025-04-26,2025-05-13,2025-05-20,774,769,31,79.61,61618.14,High,Road
SHP006829,SUP020,PRD001,WH02,2024-08-13,2024-08-28,2024-08-27,998,994,34,106.94,106726.12,Medium,Road
SHP006830,SUP010,PRD007,WH04,2025-09-06,2025-09-18,2025-09-22,198,197,3,47.67,9438.66,Medium,Rail
SHP006831,SUP013,PRD021,WH04,2025-09-09,2025-09-15,2025-09-16,939,929,47,7.97,7483.83,Medium,Road
SHP006832,SUP020,PRD014,WH04,2024-12-30,2025-01-02,2025-01-01,354,351,11,112.79,39927.66,Medium,Road
SHP006833,SUP018,PRD013,WH06,2025-01-02,2025-01-12,2025-01-16,574,574,14,2.08,1193.92,Medium,Road
SHP006834,SUP016,PRD007,WH05,2025-07-23,2025-07-28,2025-07-30,700,692,20,101.39,70973.0,Medium,Sea
SHP006835,SUP011,PRD001,WH05,2025-08-12,2025-08-30,2025-08-29,185,184,1,106.23,19652.55,High,Road
SHP006836,SUP010,PRD023,WH04,2024-03-15,2024-03-24,2024-03-22,366,365,0,68.63,25118.58,Medium,Road
SHP006837,SUP009,PRD009,WH04,2024-02-11,2024-02-15,2024-02-13,101,101,0,99.48,10047.48,Medium,Sea
SHP006838,SUP012,PRD021,WH01,2025-02-25,2025-03-05,2025-03-06,597,595,6,31.73,18942.81,Low,Sea
SHP006839,SUP019,PRD013,WH06,2024-06-29,2024-07-07,2024-07-08,991,989,35,62.92,62353.72,Low,Rail
SHP006840,SUP001,PRD014,WH06,2025-06-28,2025-07-11,2025-07-15,728,725,5,97.76,71169.28,Medium,Rail
SHP006841,SUP018,PRD007,WH05,2024-03-11,2024-03-19,2024-03-21,916,901,25,86.22,78977.52,Low,Road
SHP006842,SUP014,PRD018,WH04,2025-07-21,2025-07-27,2025-07-31,773,763,27,9.16,7080.68,High,Road
SHP006843,SUP001,PRD004,WH03,2024-04-14,2024-05-03,2024-05-06,465,461,6,141.44,65769.6,High,Rail
SHP006844,SUP017,PRD014,WH02,2024-07-18,2024-07-23,2024-07-27,51,51,1,86.0,4386.0,Medium,Road
SHP006845,SUP011,PRD025,WH04,2024-04-10,2024-04-30,2024-04-28,161,160,4,115.49,18593.89,Low,Road
SHP006846,SUP020,PRD024,WH03,2024-11-02,2024-11-16,2024-11-14,901,886,28,129.82,116967.82,Medium,Road
SHP006847,SUP015,PRD023,WH03,2025-08-08,2025-08-17,2025-08-19,413,413,18,59.23,24461.99,Low,Rail
SHP006848,SUP004,PRD015,WH05,2025-11-13,2025-11-20,2025-11-21,402,401,1,100.4,40360.8,Low,Road
SHP006849,SUP015,PRD014,WH03,2025-01-11,2025-01-29,2025-01-29,128,127,5,117.1,14988.8,Medium,Road
SHP006850,SUP014,PRD022,WH02,2025-10-16,2025-10-23,2025-10-24,347,347,15,21.19,7352.93,Low,Road
SHP006851,SUP001,PRD021,WH02,2025-11-08,2025-11-23,2025-11-25,327,327,1,14.44,4721.88,Medium,Sea
SHP006852,SUP009,PRD024,WH06,2025-02-02,2025-02-22,2025-02-23,659,647,18,68.01,44818.59,Low,Road
SHP006853,SUP007,PRD016,WH06,2024-08-08,2024-08-19,2024-08-20,581,576,0,29.61,17203.41,Low,Road
SHP006854,SUP011,PRD013,WH06,2025-08-17,2025-08-26,2025-08-26,239,236,2,140.9,33675.1,Medium,Road
SHP006855,SUP002,PRD013,WH01,2024-06-30,2024-07-05,2024-07-06,591,583,11,39.17,23149.47,Low,Air
SHP006856,SUP002,PRD010,WH06,2024-11-02,2024-11-05,2024-11-05,89,89,1,47.64,4239.96,Low,Sea
SHP006857,SUP006,PRD016,WH04,2025-06-05,2025-06-25,2025-06-25,953,935,10,42.16,40178.48,High,Road
SHP006858,SUP019,PRD017,WH02,2025-01-30,2025-02-06,2025-02-07,365,361,12,77.01,28108.65,High,Road
SHP006859,SUP020,PRD020,WH02,2024-01-04,2024-01-19,2024-01-19,267,267,4,107.84,28793.28,High,Road
SHP006860,SUP014,PRD002,WH02,2024-10-07,2024-10-17,2024-10-19,379,374,13,35.96,13628.84,Medium,Road
SHP006861,SUP003,PRD025,WH05,2024-08-02,2024-08-14,2024-08-12,658,650,0,148.44,97673.52,Medium,Rail
SHP006862,SUP007,PRD016,WH02,2025-09-01,2025-09-14,2025-09-16,948,936,1,122.99,116594.52,Low,Rail
SHP006863,SUP007,PRD016,WH06,2025-02-23,2025-03-04,2025-03-09,773,759,8,15.62,12074.26,Medium,Road
SHP006864,SUP004,PRD025,WH05,2024-04-10,2024-04-28,2024-04-27,73,73,1,86.02,6279.46,Medium,Road
SHP006865,SUP005,PRD013,WH04,2025-06-04,2025-06-08,2025-06-10,912,910,0,81.35,74191.2,Low,Rail
SHP006866,SUP017,PRD018,WH06,2025-07-26,2025-08-07,2025-08-08,124,123,3,53.52,6636.48,High,Air
SHP006867,SUP004,PRD018,WH05,2024-11-04,2024-11-12,2024-11-13,910,899,15,46.64,42442.4,High,Air
SHP006868,SUP013,PRD017,WH02,2025-10-19,2025-10-31,2025-11-02,832,828,7,117.14,97460.48,Low,Air
SHP006869,SUP016,PRD023,WH04,2025-05-24,2025-06-01,2025-05-31,928,918,13,96.48,89533.44,Low,Road
SHP006870,SUP016,PRD018,WH06,2024-03-03,2024-03-16,2024-03-17,301,300,1,45.77,13776.77,Medium,Rail
SHP006871,SUP002,PRD022,WH02,2025-09-24,2025-09-29,2025-10-05,601,594,10,41.71,25067.71,Medium,Road
SHP006872,SUP018,PRD003,WH03,2024-08-13,2024-09-02,2024-09-01,926,916,8,50.39,46661.14,Medium,Road
SHP006873,SUP001,PRD012,WH05,2024-04-14,2024-04-29,2024-04-29,264,264,0,82.75,21846.0,Low,Road
SHP006874,SUP018,PRD016,WH02,2025-02-28,2025-03-13,2025-03-14,550,540,13,35.69,19629.5,Low,Sea
SHP006875,SUP008,PRD011,WH01,2024-09-11,2024-09-21,2024-09-21,97,97,3,117.83,11429.51,High,Road
SHP006876,SUP011,PRD012,WH05,2025-03-04,2025-03-13,2025-03-11,952,947,7,117.96,112297.92,Low,Road
SHP006877,SUP015,PRD009,WH04,2025-03-09,2025-03-25,2025-03-31,755,749,17,12.41,9369.55,Low,Road
SHP006878,SUP016,PRD023,WH02,2024-07-25,2024-08-08,2024-08-09,623,620,14,76.6,47721.8,Medium,Rail
SHP006879,SUP017,PRD020,WH04,2024-01-28,2024-02-10,2024-02-11,15,15,0,107.47,1612.05,Medium,Road
SHP006880,SUP017,PRD025,WH01,2025-11-12,2025-11-25,2025-11-27,126,126,2,111.37,14032.62,Medium,Sea
SHP006881,SUP012,PRD009,WH02,2024-12-01,2024-12-04,2024-12-07,727,727,16,65.09,47320.43,Low,Air
SHP006882,SUP010,PRD012,WH05,2025-08-10,2025-08-25,2025-08-26,484,476,0,124.28,60151.52,Medium,Road
SHP006883,SUP020,PRD012,WH03,2025-09-19,2025-09-30,2025-09-30,667,659,16,92.48,61684.16,Low,Road
SHP006884,SUP006,PRD018,WH02,2024-03-09,2024-03-23,2024-03-23,163,161,2,119.07,19408.41,Medium,Rail
SHP006885,SUP008,PRD020,WH06,2025-05-27,2025-06-06,2025-06-06,478,476,9,74.95,35826.1,Medium,Sea
SHP006886,SUP013,PRD012,WH05,2024-06-15,2024-06-27,2024-06-29,125,125,3,43.23,5403.75,Low,Road
SHP006887,SUP002,PRD016,WH01,2025-01-02,2025-01-21,2025-01-24,706,705,15,149.03,105215.18,Medium,Sea
SHP006888,SUP019,PRD015,WH04,2024-09-07,2024-09-26,2024-09-25,689,677,32,54.71,37695.19,Low,Rail
SHP006889,SUP010,PRD019,WH01,2025-11-16,2025-11-20,2025-11-18,674,673,1,37.25,25106.5,Medium,Road
SHP006890,SUP004,PRD004,WH02,2024-06-18,2024-06-28,2024-06-27,760,754,17,43.4,32984.0,Medium,Road
SHP006891,SUP012,PRD016,WH02,2024-03-30,2024-04-11,2024-04-09,490,487,14,133.61,65468.9,Low,Road
SHP006892,SUP018,PRD011,WH02,2025-07-14,2025-07-22,2025-07-23,396,396,16,93.13,36879.48,High,Road
SHP006893,SUP007,PRD012,WH01,2025-03-21,2025-04-03,2025-04-01,795,787,15,120.85,96075.75,Low,Sea
SHP006894,SUP020,PRD015,WH03,2024-10-20,2024-11-07,2024-11-11,694,691,13,140.72,97659.68,Medium,Road
SHP006895,SUP004,PRD018,WH03,2024-05-29,2024-06-14,2024-06-16,542,534,3,47.67,25837.14,High,Sea
SHP006896,SUP007,PRD002,WH02,2024-05-11,2024-05-22,2024-05-23,559,552,10,88.41,49421.19,High,Road
SHP006897,SUP010,PRD008,WH01,2025-03-08,2025-03-11,2025-03-12,663,656,2,56.36,37366.68,Low,Road
SHP006898,SUP015,PRD001,WH02,2024-02-28,2024-03-15,2024-03-16,136,135,7,101.32,13779.52,Medium,Road
SHP006899,SUP012,PRD001,WH02,2024-07-17,2024-07-25,2024-07-28,465,459,6,69.06,32112.9,Low,Air
SHP006900,SUP001,PRD010,WH01,2024-08-02,2024-08-07,2024-08-06,21,21,0,78.17,1641.57,Medium,Road
SHP006901,SUP020,PRD006,WH02,2025-07-14,2025-07-22,2025-07-23,722,713,15,145.55,105087.1,Low,Air
SHP006902,SUP018,PRD012,WH01,2025-04-16,2025-04-21,2025-04-23,490,485,15,21.42,10495.8,Medium,Road
SHP006903,SUP016,PRD009,WH02,2024-09-03,2024-09-07,2024-09-08,655,648,15,121.37,79497.35,Medium,Sea
SHP006904,SUP005,PRD013,WH06,2025-01-16,2025-01-21,2025-01-20,78,78,0,24.77,1932.06,Medium,Road
SHP006905,SUP019,PRD025,WH01,2024-08-26,2024-09-11,2024-09-12,268,265,8,32.05,8589.4,Medium,Road
SHP006906,SUP004,PRD015,WH02,2025-01-01,2025-01-08,2025-01-10,388,384,12,68.57,26605.16,High,Rail
SHP006907,SUP006,PRD002,WH06,2024-06-16,2024-06-30,2024-07-02,734,730,16,63.3,46462.2,Low,Road
SHP006908,SUP017,PRD010,WH05,2025-07-13,2025-07-20,2025-07-23,316,316,4,30.38,9600.08,Medium,Road
SHP006909,SUP007,PRD019,WH03,2024-02-20,2024-02-28,2024-03-01,837,822,22,105.55,88345.35,Low,Road
SHP006910,SUP007,PRD019,WH01,2025-09-01,2025-09-12,2025-09-13,418,418,2,142.15,59418.7,Medium,Sea
SHP006911,SUP009,PRD018,WH05,2025-11-19,2025-11-24,2025-11-25,142,141,3,10.53,1495.26,Medium,Road
SHP006912,SUP013,PRD004,WH02,2025-01-14,2025-02-01,2025-02-05,615,607,8,90.18,55460.7,High,Sea
SHP006913,SUP020,PRD007,WH06,2025-04-18,2025-05-01,2025-05-04,243,241,2,63.04,15318.72,High,Road
SHP006914,SUP014,PRD011,WH06,2024-03-20,2024-03-23,2024-03-26,853,839,15,80.66,68802.98,High,Air
SHP006915,SUP016,PRD001,WH06,2025-11-27,2025-12-12,2025-12-14,309,306,11,4.19,1294.71,Medium,Sea
SHP006916,SUP009,PRD020,WH03,2025-01-01,2025-01-20,2025-01-18,48,48,0,114.32,5487.36,Medium,Sea
SHP006917,SUP015,PRD006,WH06,2025-04-05,2025-04-15,2025-04-19,946,938,35,4.34,4105.64,Low,Road
SHP006918,SUP005,PRD014,WH02,2025-06-22,2025-07-05,2025-07-06,902,885,4,49.19,44369.38,Low,Road
SHP006919,SUP018,PRD008,WH06,2025-03-27,2025-04-11,2025-04-12,49,49,2,121.33,5945.17,High,Air
SHP006920,SUP020,PRD012,WH05,2025-04-08,2025-04-24,2025-04-26,737,728,22,106.37,78394.69,Medium,Road
SHP006921,SUP008,PRD009,WH06,2025-04-22,2025-05-11,2025-05-14,143,142,3,23.27,3327.61,Medium,Air
SHP006922,SUP015,PRD012,WH03,2025-02-23,2025-02-27,2025-03-03,541,533,20,56.89,30777.49,Medium,Rail
SHP006923,SUP009,PRD013,WH05,2024-08-01,2024-08-17,2024-08-18,859,856,11,64.45,55362.55,Low,Road
SHP006924,SUP019,PRD008,WH06,2025-01-03,2025-01-12,2025-01-15,421,416,16,37.54,15804.34,High,Road
SHP006925,SUP006,PRD007,WH06,2024-04-23,2024-04-29,2024-04-27,799,789,7,67.71,54100.29,Medium,Rail
SHP006926,SUP004,PRD021,WH06,2025-05-17,2025-05-23,2025-05-25,584,582,10,24.11,14080.24,Medium,Road
SHP006927,SUP011,PRD019,WH05,2025-09-27,2025-10-10,2025-10-08,21,21,0,9.37,196.77,Medium,Sea
SHP006928,SUP010,PRD018,WH05,2025-08-10,2025-08-28,2025-08-28,584,574,8,77.06,45003.04,Medium,Rail
SHP006929,SUP003,PRD024,WH01,2024-11-06,2024-11-12,2024-11-10,756,750,17,52.05,39349.8,Low,Sea
SHP006930,SUP001,PRD004,WH03,2025-04-13,2025-04-25,2025-04-29,369,368,1,21.92,8088.48,Medium,Rail
SHP006931,SUP012,PRD002,WH05,2024-02-13,2024-02-25,2024-02-24,593,593,9,129.08,76544.44,Medium,Road
SHP006932,SUP015,PRD010,WH05,2025-02-18,2025-03-07,2025-03-12,108,107,3,68.29,7375.32,Medium,Rail
SHP006933,SUP015,PRD023,WH04,2025-11-28,2025-12-09,2025-12-10,459,455,20,70.58,32396.22,Medium,Road
SHP006934,SUP014,PRD022,WH02,2024-09-02,2024-09-15,2024-09-18,569,559,20,148.4,84439.6,Low,Sea
SHP006935,SUP007,PRD022,WH03,2024-03-24,2024-04-04,2024-04-06,702,694,0,147.18,103320.36,High,Air
SHP006936,SUP017,PRD015,WH03,2024-07-25,2024-08-06,2024-08-07,353,353,10,125.74,44386.22,Medium,Sea
SHP006937,SUP019,PRD018,WH01,2024-05-30,2024-06-08,2024-06-12,153,151,7,51.66,7903.98,Medium,Sea
SHP006938,SUP007,PRD008,WH03,2025-10-29,2025-11-07,2025-11-09,688,676,13,126.93,87327.84,Low,Rail
SHP006939,SUP003,PRD004,WH02,2025-06-11,2025-06-25,2025-06-25,857,857,0,116.9,100183.3,High,Rail
SHP006940,SUP003,PRD021,WH05,2024-06-13,2024-06-21,2024-06-20,854,840,20,17.35,14816.9,Medium,Road
SHP006941,SUP018,PRD024,WH05,2024-05-24,2024-06-13,2024-06-16,653,646,34,118.03,77073.59,Low,Road
SHP006942,SUP020,PRD018,WH01,2024-02-06,2024-02-09,2024-02-14,349,349,12,4.41,1539.09,Low,Road
SHP006943,SUP014,PRD005,WH02,2024-11-28,2024-12-16,2024-12-19,488,481,18,140.77,68695.76,Medium,Rail
SHP006944,SUP003,PRD019,WH03,2025-02-06,2025-02-16,2025-02-15,819,805,5,32.91,26953.29,Medium,Road
SHP006945,SUP007,PRD008,WH05,2025-02-17,2025-02-24,2025-02-24,496,495,7,80.54,39947.84,Low,Road
SHP006946,SUP007,PRD002,WH01,2024-02-14,2024-03-05,2024-03-06,35,35,0,34.29,1200.15,Low,Rail
SHP006947,SUP005,PRD019,WH03,2025-02-05,2025-02-24,2025-02-22,990,983,0,115.44,114285.6,Low,Rail
SHP006948,SUP003,PRD005,WH03,2024-07-24,2024-08-06,2024-08-06,66,66,2,83.57,5515.62,Medium,Rail
SHP006949,SUP018,PRD022,WH02,2024-03-02,2024-03-12,2024-03-15,768,764,18,120.6,92620.8,Medium,Sea
SHP006950,SUP015,PRD019,WH02,2025-02-23,2025-03-05,2025-03-03,38,38,2,129.33,4914.54,Low,Road
SHP006951,SUP020,PRD012,WH05,2025-04-12,2025-04-15,2025-04-16,633,623,18,71.53,45278.49,Medium,Road
SHP006952,SUP014,PRD024,WH05,2024-01-19,2024-02-04,2024-02-06,639,633,35,76.76,49049.64,Medium,Sea
SHP006953,SUP004,PRD003,WH05,2024-12-30,2025-01-04,2025-01-06,633,631,19,98.59,62407.47,Low,Road
SHP006954,SUP008,PRD010,WH05,2024-10-26,2024-11-13,2024-11-11,195,195,4,51.46,10034.7,High,Sea
SHP006955,SUP013,PRD002,WH01,2024-01-07,2024-01-25,2024-01-29,384,378,15,33.16,12733.44,Low,Sea
SHP006956,SUP008,PRD010,WH03,2025-03-03,2025-03-12,2025-03-11,827,812,4,26.66,22047.82,High,Road
SHP006957,SUP015,PRD011,WH01,2024-04-26,2024-05-10,2024-05-14,345,341,17,109.57,37801.65,Medium,Rail
SHP006958,SUP017,PRD016,WH05,2025-08-02,2025-08-17,2025-08-18,788,777,15,149.03,117435.64,High,Road
SHP006959,SUP005,PRD013,WH06,2025-05-21,2025-05-26,2025-05-25,156,156,0,63.97,9979.32,Medium,Road
SHP006960,SUP020,PRD020,WH04,2025-06-29,2025-07-07,2025-07-08,18,18,0,86.92,1564.56,Medium,Sea
SHP006961,SUP004,PRD024,WH02,2024-11-20,2024-12-10,2024-12-10,915,906,14,117.0,107055.0,Medium,Road
SHP006962,SUP011,PRD022,WH06,2024-02-24,2024-03-08,2024-03-06,759,751,11,88.04,66822.36,High,Road
SHP006963,SUP018,PRD004,WH01,2024-02-11,2024-02-29,2024-02-27,11,11,0,108.96,1198.56,High,Sea
SHP006964,SUP010,PRD003,WH04,2024-10-23,2024-10-31,2024-10-31,357,352,0,30.48,10881.36,Low,Road
SHP006965,SUP017,PRD010,WH06,2024-08-18,2024-09-04,2024-09-08,957,953,12,102.52,98111.64,Low,Rail
SHP006966,SUP015,PRD006,WH02,2025-03-28,2025-04-12,2025-04-18,902,892,32,33.84,30523.68,High,Road
SHP006967,SUP006,PRD008,WH06,2025-01-28,2025-02-07,2025-02-05,535,527,8,29.73,15905.55,Medium,Air
SHP006968,SUP016,PRD017,WH05,2025-06-05,2025-06-12,2025-06-12,294,292,2,61.44,18063.36,Medium,Sea
SHP006969,SUP015,PRD015,WH03,2024-12-23,2024-12-27,2024-12-29,158,158,6,149.76,23662.08,High,Rail
SHP006970,SUP008,PRD021,WH01,2025-03-19,2025-04-01,2025-03-31,66,66,2,109.09,7199.94,Medium,Road
SHP006971,SUP009,PRD020,WH01,2024-05-07,2024-05-14,2024-05-17,670,669,4,126.86,84996.2,Medium,Sea
SHP006972,SUP011,PRD017,WH04,2025-11-21,2025-11-29,2025-11-27,975,964,13,64.82,63199.5,Low,Sea
SHP006973,SUP002,PRD004,WH03,2025-02-08,2025-02-20,2025-02-24,977,971,35,35.63,34810.51,Medium,Road
SHP006974,SUP013,PRD007,WH02,2025-01-26,2025-02-11,2025-02-16,520,520,9,35.16,18283.2,Medium,Road
SHP006975,SUP004,PRD018,WH05,2024-07-11,2024-07-18,2024-07-16,984,983,19,85.07,83708.88,Low,Sea
SHP006976,SUP009,PRD017,WH04,2025-08-26,2025-09-02,2025-09-01,128,127,3,87.07,11144.96,Medium,Sea
SHP006977,SUP005,PRD009,WH06,2024-03-18,2024-04-06,2024-04-04,495,494,9,86.94,43035.3,Medium,Road
SHP006978,SUP019,PRD003,WH03,2024-03-25,2024-03-29,2024-04-05,941,937,21,25.21,23722.61,Medium,Sea
SHP006979,SUP003,PRD020,WH06,2024-01-30,2024-02-06,2024-02-04,730,717,1,127.71,93228.3,Medium,Road
SHP006980,SUP003,PRD014,WH03,2024-02-18,2024-03-09,2024-03-12,412,412,6,132.56,54614.72,Low,Rail
SHP006981,SUP006,PRD005,WH06,2024-05-24,2024-06-03,2024-06-01,691,684,10,61.1,42220.1,Medium,Road
SHP006982,SUP010,PRD013,WH06,2024-03-09,2024-03-23,2024-03-21,620,610,0,62.98,39047.6,Medium,Road
SHP006983,SUP005,PRD010,WH05,2024-02-27,2024-03-10,2024-03-08,645,638,5,34.92,22523.4,Medium,Rail
SHP006984,SUP003,PRD003,WH03,2025-11-27,2025-12-13,2025-12-11,546,541,7,68.54,37422.84,Medium,Rail
SHP006985,SUP007,PRD010,WH06,2025-07-27,2025-08-05,2025-08-09,939,931,11,47.33,44442.87,Low,Sea
SHP006986,SUP018,PRD010,WH03,2025-04-23,2025-04-27,2025-04-27,666,664,17,91.47,60919.02,Medium,Sea
SHP006987,SUP008,PRD012,WH03,2025-03-20,2025-03-23,2025-03-23,696,696,11,135.09,94022.64,Medium,Road
SHP006988,SUP001,PRD018,WH06,2024-10-22,2024-11-03,2024-11-03,363,358,0,79.08,28706.04,Medium,Rail
SHP006989,SUP004,PRD006,WH06,2025-11-08,2025-11-24,2025-11-22,451,447,0,126.54,57069.54,Medium,Sea
SHP006990,SUP007,PRD014,WH01,2024-06-19,2024-07-01,2024-07-05,977,969,12,56.08,54790.16,Medium,Air
SHP006991,SUP014,PRD010,WH01,2025-07-28,2025-08-05,2025-08-07,495,490,2,52.22,25848.9,Medium,Rail
SHP006992,SUP013,PRD020,WH01,2024-05-26,2024-06-07,2024-06-05,580,576,19,93.97,54502.6,Low,Road
SHP006993,SUP010,PRD024,WH05,2025-04-28,2025-05-11,2025-05-11,580,579,0,68.59,39782.2,High,Road
SHP006994,SUP018,PRD009,WH06,2024-11-01,2024-11-20,2024-11-21,303,298,1,43.8,13271.4,High,Road
SHP006995,SUP001,PRD017,WH01,2025-11-03,2025-11-06,2025-11-05,667,660,13,43.2,28814.4,High,Sea
SHP006996,SUP004,PRD008,WH01,2025-10-14,2025-10-29,2025-10-28,805,793,17,77.83,62653.15,Medium,Road
SHP006997,SUP016,PRD009,WH05,2025-08-31,2025-09-07,2025-09-05,366,362,6,55.64,20364.24,High,Road
SHP006998,SUP016,PRD004,WH01,2025-03-21,2025-03-29,2025-03-28,514,512,10,111.0,57054.0,Low,Rail
SHP006999,SUP018,PRD017,WH03,2024-08-08,2024-08-21,2024-08-21,732,730,22,35.78,26190.96,Medium,Rail
SHP007000,SUP008,PRD012,WH03,2025-07-08,2025-07-24,2025-07-25,297,297,3,99.5,29551.5,Low,Road
SHP007001,SUP010,PRD002,WH04,2025-01-12,2025-01-22,2025-01-23,481,475,2,138.29,66517.49,High,Sea
SHP007002,SUP016,PRD023,WH03,2025-09-11,2025-09-28,2025-10-04,507,500,17,98.87,50127.09,Medium,Rail
SHP007003,SUP011,PRD022,WH02,2024-09-22,2024-10-08,2024-10-09,205,203,2,46.65,9563.25,Low,Road
SHP007004,SUP006,PRD021,WH06,2024-04-04,2024-04-07,2024-04-05,198,197,1,99.09,19619.82,Medium,Rail
SHP007005,SUP001,PRD018,WH03,2024-09-18,2024-09-28,2024-09-26,261,259,3,38.02,9923.22,Low,Air
SHP007006,SUP012,PRD021,WH04,2024-03-11,2024-03-22,2024-03-23,765,759,23,132.61,101446.65,Medium,Air
SHP007007,SUP006,PRD004,WH06,2024-08-06,2024-08-15,2024-08-13,511,511,0,9.84,5028.24,Low,Sea
SHP007008,SUP013,PRD024,WH01,2025-06-16,2025-06-30,2025-07-02,786,776,24,94.21,74049.06,High,Road
SHP007009,SUP017,PRD011,WH06,2024-04-01,2024-04-13,2024-04-15,797,792,19,43.12,34366.64,Low,Road
SHP007010,SUP001,PRD009,WH02,2024-05-06,2024-05-22,2024-05-23,195,193,2,113.73,22177.35,High,Road
SHP007011,SUP008,PRD019,WH06,2024-03-20,2024-04-09,2024-04-11,424,419,9,63.46,26907.04,Medium,Rail
SHP007012,SUP008,PRD002,WH06,2024-08-25,2024-08-31,2024-09-02,529,523,7,139.44,73763.76,Medium,Sea
SHP007013,SUP011,PRD007,WH02,2025-01-06,2025-01-19,2025-01-17,781,781,8,25.15,19642.15,Medium,Road
SHP007014,SUP014,PRD007,WH03,2025-04-30,2025-05-18,2025-05-20,754,744,17,38.0,28652.0,Low,Rail
SHP007015,SUP010,PRD013,WH06,2025-11-24,2025-11-30,2025-11-30,949,945,13,111.45,105766.05,Low,Road
SHP007016,SUP015,PRD025,WH03,2024-01-25,2024-02-02,2024-02-07,161,160,8,58.35,9394.35,Medium,Road
SHP007017,SUP007,PRD008,WH05,2024-06-04,2024-06-19,2024-06-19,699,696,0,96.13,67194.87,High,Sea
SHP007018,SUP007,PRD017,WH03,2025-05-31,2025-06-10,2025-06-09,464,456,7,27.07,12560.48,Medium,Air
SHP007019,SUP010,PRD018,WH01,2025-09-23,2025-10-07,2025-10-07,784,775,0,19.42,15225.28,Medium,Rail
SHP007020,SUP004,PRD004,WH03,2025-06-13,2025-07-03,2025-07-05,105,105,2,103.88,10907.4,Medium,Road
SHP007021,SUP018,PRD011,WH02,2024-02-26,2024-03-14,2024-03-19,474,471,20,132.15,62639.1,High,Road
SHP007022,SUP010,PRD002,WH01,2025-08-27,2025-09-03,2025-09-01,408,408,0,77.92,31791.36,Medium,Road
SHP007023,SUP019,PRD014,WH03,2024-01-19,2024-02-06,2024-02-11,138,137,6,51.28,7076.64,High,Road
SHP007024,SUP014,PRD023,WH05,2025-01-18,2025-02-03,2025-02-08,923,919,44,144.64,133502.72,Low,Road
SHP007025,SUP013,PRD021,WH06,2024-07-11,2024-07-24,2024-07-25,569,563,19,63.72,36256.68,Medium,Air
SHP007026,SUP015,PRD023,WH05,2024-08-24,2024-09-12,2024-09-13,205,203,6,31.26,6408.3,Low,Sea
SHP007027,SUP016,PRD010,WH06,2025-01-21,2025-01-29,2025-01-30,398,397,6,91.86,36560.28,Medium,Road
SHP007028,SUP002,PRD019,WH01,2025-03-01,2025-03-07,2025-03-07,974,965,17,132.23,128792.02,Medium,Rail
SHP007029,SUP004,PRD025,WH01,2024-10-03,2024-10-14,2024-10-13,87,87,2,52.4,4558.8,Medium,Road
SHP007030,SUP018,PRD002,WH06,2024-08-14,2024-09-01,2024-08-31,706,697,17,144.86,102271.16,Medium,Rail
SHP007031,SUP017,PRD010,WH02,2025-07-05,2025-07-14,2025-07-16,359,354,0,85.24,30601.16,Medium,Road
SHP007032,SUP010,PRD007,WH04,2024-11-18,2024-11-29,2024-11-29,516,507,1,113.18,58400.88,Medium,Sea
SHP007033,SUP009,PRD023,WH03,2024-06-01,2024-06-17,2024-06-15,597,592,8,67.86,40512.42,Low,Sea
SHP007034,SUP015,PRD018,WH05,2025-09-30,2025-10-13,2025-10-15,133,132,5,7.47,993.51,Medium,Road
SHP007035,SUP012,PRD011,WH01,2024-08-24,2024-09-13,2024-09-14,454,451,10,52.46,23816.84,High,Road
SHP007036,SUP009,PRD013,WH04,2024-02-24,2024-02-28,2024-02-27,125,125,0,144.5,18062.5,Medium,Sea
SHP007037,SUP014,PRD020,WH06,2025-03-11,2025-03-28,2025-03-31,704,692,12,21.42,15079.68,High,Road
SHP007038,SUP013,PRD016,WH01,2025-11-14,2025-11-24,2025-11-27,639,635,18,105.47,67395.33,Medium,Road
SHP007039,SUP006,PRD020,WH05,2024-04-18,2024-05-05,2024-05-07,892,891,18,36.96,32968.32,Low,Rail
SHP007040,SUP019,PRD019,WH05,2024-07-02,2024-07-14,2024-07-20,662,652,28,122.56,81134.72,Low,Sea
SHP007041,SUP004,PRD005,WH04,2025-01-02,2025-01-08,2025-01-11,651,641,14,80.32,52288.32,Low,Road
SHP007042,SUP020,PRD023,WH05,2024-07-16,2024-07-27,2024-07-27,845,833,17,77.23,65259.35,Medium,Road
SHP007043,SUP017,PRD005,WH04,2025-01-05,2025-01-22,2025-01-25,611,610,6,18.65,11395.15,Low,Road
SHP007044,SUP019,PRD002,WH04,2025-01-07,2025-01-14,2025-01-19,873,871,37,109.05,95200.65,Low,Sea
SHP007045,SUP003,PRD018,WH04,2025-05-11,2025-05-24,2025-05-25,911,902,27,67.81,61774.91,Low,Road
SHP007046,SUP014,PRD014,WH06,2025-08-21,2025-09-04,2025-09-05,317,314,10,42.77,13558.09,Medium,Road
SHP007047,SUP017,PRD001,WH04,2024-07-19,2024-08-01,2024-07-31,674,667,18,103.77,69940.98,Medium,Road
SHP007048,SUP013,PRD020,WH02,2025-05-23,2025-06-12,2025-06-14,938,922,13,35.51,33308.38,Medium,Sea
SHP007049,SUP009,PRD023,WH02,2024-11-17,2024-11-20,2024-11-20,787,775,21,148.0,116476.0,Low,Road
SHP007050,SUP001,PRD002,WH03,2024-10-01,2024-10-21,2024-10-21,282,280,0,60.4,17032.8,Medium,Road
SHP007051,SUP017,PRD018,WH06,2024-07-29,2024-08-11,2024-08-11,977,976,28,117.67,114963.59,Medium,Road
SHP007052,SUP016,PRD004,WH04,2025-05-18,2025-05-22,2025-05-20,841,830,22,13.12,11033.92,Low,Sea
SHP007053,SUP018,PRD019,WH04,2024-04-27,2024-05-06,2024-05-09,432,426,15,97.01,41908.32,Medium,Sea
SHP007054,SUP002,PRD002,WH04,2025-07-07,2025-07-10,2025-07-09,448,447,5,91.62,41045.76,Medium,Road
SHP007055,SUP014,PRD014,WH05,2024-02-11,2024-02-28,2024-03-03,747,735,25,25.05,18712.35,High,Road
SHP007056,SUP017,PRD007,WH06,2024-11-10,2024-11-16,2024-11-15,660,654,17,106.56,70329.6,Medium,Sea
SHP007057,SUP003,PRD006,WH01,2024-11-24,2024-11-30,2024-11-28,510,503,9,4.15,2116.5,Medium,Road
SHP007058,SUP002,PRD013,WH04,2024-01-17,2024-01-29,2024-01-30,633,625,15,145.2,91911.6,Medium,Rail
SHP007059,SUP008,PRD024,WH02,2024-10-09,2024-10-29,2024-10-28,783,779,13,13.37,10468.71,Medium,Sea
SHP007060,SUP002,PRD003,WH06,2024-09-14,2024-09-18,2024-09-17,300,300,7,21.91,6573.0,Medium,Rail
SHP007061,SUP002,PRD008,WH04,2025-07-28,2025-08-04,2025-08-05,81,81,2,7.62,617.22,Low,Road
SHP007062,SUP009,PRD003,WH02,2025-07-27,2025-08-09,2025-08-10,200,199,5,118.38,23676.0,Medium,Road
SHP007063,SUP020,PRD012,WH04,2025-09-03,2025-09-13,2025-09-16,713,709,13,84.27,60084.51,Low,Air
SHP007064,SUP006,PRD021,WH04,2024-01-19,2024-02-02,2024-02-02,814,799,17,140.1,114041.4,Low,Rail
SHP007065,SUP012,PRD013,WH06,2025-06-12,2025-06-24,2025-06-27,516,509,8,61.62,31795.92,Low,Road
SHP007066,SUP009,PRD015,WH05,2025-02-26,2025-03-03,2025-03-03,89,89,1,145.41,12941.49,Medium,Rail
SHP007067,SUP007,PRD025,WH02,2025-04-10,2025-04-20,2025-04-23,695,688,5,36.7,25506.5,Medium,Sea
SHP007068,SUP012,PRD017,WH03,2025-01-07,2025-01-14,2025-01-18,88,88,2,85.37,7512.56,Low,Road
SHP007069,SUP005,PRD017,WH03,2024-03-21,2024-04-08,2024-04-10,426,419,1,60.0,25560.0,Medium,Road
SHP007070,SUP016,PRD017,WH04,2025-07-04,2025-07-21,2025-07-22,741,730,9,81.93,60710.13,High,Road
SHP007071,SUP005,PRD011,WH01,2025-07-01,2025-07-21,2025-07-23,887,877,22,81.5,72290.5,Low,Road
SHP007072,SUP012,PRD025,WH06,2025-02-27,2025-03-07,2025-03-11,612,607,13,105.81,64755.72,Low,Road
SHP007073,SUP020,PRD005,WH03,2025-03-04,2025-03-18,2025-03-22,974,970,18,48.05,46800.7,Medium,Road
SHP007074,SUP009,PRD009,WH01,2025-01-22,2025-02-03,2025-02-05,119,118,0,34.38,4091.22,Medium,Road
SHP007075,SUP007,PRD010,WH04,2025-10-31,2025-11-08,2025-11-08,319,314,6,144.36,46050.84,High,Sea
SHP007076,SUP019,PRD021,WH04,2024-07-22,2024-08-03,2024-08-05,263,262,11,79.21,20832.23,Low,Rail
SHP007077,SUP020,PRD014,WH02,2024-07-14,2024-07-28,2024-07-30,252,250,7,21.34,5377.68,Low,Road
SHP007078,SUP011,PRD019,WH06,2024-10-11,2024-10-17,2024-10-19,110,110,3,52.14,5735.4,Medium,Rail
SHP007079,SUP012,PRD004,WH05,2024-07-14,2024-07-24,2024-07-25,341,341,9,25.61,8733.01,Medium,Rail
SHP007080,SUP003,PRD025,WH03,2024-11-02,2024-11-06,2024-11-04,381,380,9,111.21,42371.01,Medium,Road
SHP007081,SUP017,PRD001,WH04,2025-10-25,2025-11-09,2025-11-12,655,647,4,98.77,64694.35,Medium,Sea
SHP007082,SUP007,PRD012,WH02,2024-01-14,2024-01-27,2024-01-28,209,206,3,40.25,8412.25,Low,Road
SHP007083,SUP010,PRD020,WH02,2024-05-25,2024-06-10,2024-06-09,87,87,0,43.93,3821.91,High,Sea
SHP007084,SUP015,PRD004,WH04,2024-02-26,2024-03-09,2024-03-10,753,750,31,103.38,77845.14,Medium,Road
SHP007085,SUP002,PRD014,WH01,2024-07-28,2024-08-08,2024-08-10,204,203,3,33.35,6803.4,Low,Rail
SHP007086,SUP013,PRD014,WH03,2025-06-12,2025-06-26,2025-06-26,637,634,9,80.1,51023.7,High,Road
SHP007087,SUP004,PRD002,WH03,2024-12-09,2024-12-23,2024-12-27,402,397,6,83.41,33530.82,Medium,Rail
SHP007088,SUP018,PRD017,WH05,2025-09-02,2025-09-11,2025-09-10,911,911,22,53.03,48310.33,High,Road
SHP007089,SUP001,PRD018,WH03,2024-10-05,2024-10-18,2024-10-19,440,440,4,57.99,25515.6,Low,Road
SHP007090,SUP002,PRD013,WH01,2024-07-27,2024-08-02,2024-08-03,156,156,4,42.22,6586.32,Low,Sea
SHP007091,SUP002,PRD020,WH05,2025-10-02,2025-10-20,2025-10-24,96,96,1,112.2,10771.2,High,Road
SHP007092,SUP004,PRD022,WH03,2024-11-30,2024-12-06,2024-12-08,52,52,1,2.17,112.84,High,Sea
SHP007093,SUP003,PRD015,WH03,2024-10-14,2024-10-24,2024-10-23,159,159,3,52.24,8306.16,Low,Road
SHP007094,SUP017,PRD013,WH05,2024-09-08,2024-09-27,2024-09-27,931,923,15,130.63,121616.53,Medium,Road
SHP007095,SUP014,PRD009,WH03,2024-09-21,2024-09-28,2024-09-28,683,678,20,28.37,19376.71,Low,Road
SHP007096,SUP002,PRD006,WH02,2024-09-27,2024-10-13,2024-10-14,512,506,10,140.52,71946.24,High,Rail
SHP007097,SUP016,PRD016,WH02,2025-11-30,2025-12-10,2025-12-13,110,109,2,81.38,8951.8,Low,Sea
SHP007098,SUP011,PRD001,WH01,2025-02-22,2025-02-26,2025-02-24,233,233,5,124.26,28952.58,Medium,Road
SHP007099,SUP013,PRD011,WH03,2024-07-29,2024-08-08,2024-08-10,464,457,15,41.39,19204.96,Medium,Rail
SHP007100,SUP001,PRD020,WH02,2024-12-30,2025-01-04,2025-01-05,663,660,1,127.76,84704.88,High,Rail
SHP007101,SUP002,PRD002,WH01,2024-03-16,2024-04-01,2024-04-05,752,742,15,101.47,76305.44,Low,Road
SHP007102,SUP002,PRD003,WH06,2025-10-21,2025-10-27,2025-10-29,638,635,17,149.98,95687.24,High,Road
SHP007103,SUP005,PRD018,WH05,2024-11-16,2024-11-26,2024-11-28,943,935,0,107.37,101249.91,Medium,Road
SHP007104,SUP004,PRD004,WH01,2025-03-08,2025-03-12,2025-03-10,250,248,4,98.15,24537.5,High,Sea
SHP007105,SUP012,PRD024,WH06,2024-04-18,2024-05-03,2024-05-05,886,878,26,83.83,74273.38,Medium,Rail
SHP007106,SUP003,PRD025,WH06,2025-10-02,2025-10-14,2025-10-14,184,183,3,113.62,20906.08,High,Road
SHP007107,SUP020,PRD014,WH02,2025-06-05,2025-06-09,2025-06-10,691,686,4,64.63,44659.33,Low,Road
SHP007108,SUP010,PRD019,WH01,2024-02-16,2024-02-28,2024-02-26,356,351,0,118.74,42271.44,High,Rail
SHP007109,SUP020,PRD007,WH06,2025-01-13,2025-01-18,2025-01-21,53,53,1,95.43,5057.79,Medium,Road
SHP007110,SUP018,PRD014,WH01,2024-04-05,2024-04-13,2024-04-15,659,647,17,23.79,15677.61,Medium,Road
SHP007111,SUP010,PRD001,WH05,2024-04-12,2024-05-02,2024-05-02,431,426,0,16.44,7085.64,Low,Rail
SHP007112,SUP001,PRD009,WH01,2024-05-25,2024-05-31,2024-05-30,219,219,5,115.59,25314.21,Medium,Road
SHP007113,SUP006,PRD019,WH06,2024-01-27,2024-02-13,2024-02-13,149,148,0,81.94,12209.06,Medium,Rail
SHP007114,SUP011,PRD001,WH01,2025-06-13,2025-06-28,2025-06-27,604,596,14,54.02,32628.08,Medium,Road
SHP007115,SUP002,PRD021,WH03,2025-11-09,2025-11-23,2025-11-24,254,252,5,34.25,8699.5,Low,Road
SHP007116,SUP007,PRD023,WH04,2024-03-22,2024-04-08,2024-04-09,905,899,18,53.46,48381.3,Medium,Road
SHP007117,SUP020,PRD008,WH03,2025-03-03,2025-03-20,2025-03-25,56,56,1,49.61,2778.16,Medium,Road
SHP007118,SUP018,PRD006,WH06,2025-08-06,2025-08-26,2025-08-26,444,437,11,8.46,3756.24,High,Sea
SHP007119,SUP019,PRD015,WH05,2025-04-23,2025-05-08,2025-05-10,70,70,2,69.41,4858.7,High,Sea
SHP007120,SUP004,PRD017,WH05,2024-06-10,2024-06-29,2024-06-30,336,331,0,17.78,5974.08,Medium,Road
SHP007121,SUP013,PRD021,WH06,2025-02-05,2025-02-25,2025-02-25,926,911,16,81.08,75080.08,Low,Sea
SHP007122,SUP018,PRD025,WH01,2025-05-22,2025-05-26,2025-05-27,645,645,13,70.31,45349.95,Low,Road
SHP007123,SUP020,PRD003,WH05,2024-02-07,2024-02-17,2024-02-20,88,88,1,135.24,11901.12,High,Sea
SHP007124,SUP013,PRD008,WH04,2025-05-25,2025-06-08,2025-06-10,30,30,1,15.47,464.1,Medium,Road
SHP007125,SUP019,PRD008,WH05,2025-01-27,2025-02-04,2025-02-03,396,390,15,76.8,30412.8,Low,Sea
SHP007126,SUP017,PRD013,WH01,2025-05-08,2025-05-17,2025-05-20,538,532,12,49.61,26690.18,Medium,Road
SHP007127,SUP001,PRD002,WH04,2024-07-18,2024-08-05,2024-08-06,344,339,8,76.05,26161.2,Low,Road
SHP007128,SUP006,PRD024,WH01,2024-09-11,2024-09-26,2024-09-24,735,723,9,54.78,40263.3,Medium,Rail
SHP007129,SUP019,PRD008,WH01,2024-06-27,2024-07-06,2024-07-09,273,269,9,126.34,34490.82,Low,Road
SHP007130,SUP020,PRD019,WH02,2025-06-30,2025-07-11,2025-07-15,293,292,13,75.62,22156.66,Low,Road
SHP007131,SUP001,PRD016,WH06,2025-08-16,2025-08-20,2025-08-18,44,44,0,140.98,6203.12,High,Road
SHP007132,SUP008,PRD014,WH01,2025-01-23,2025-01-27,2025-01-26,27,27,0,118.16,3190.32,Low,Sea
SHP007133,SUP017,PRD017,WH04,2025-02-01,2025-02-20,2025-02-22,680,676,20,11.37,7731.6,Medium,Road
SHP007134,SUP015,PRD016,WH03,2024-06-06,2024-06-22,2024-06-29,198,198,6,4.4,871.2,Medium,Road
SHP007135,SUP018,PRD001,WH05,2024-01-04,2024-01-08,2024-01-09,716,703,13,34.14,24444.24,High,Rail
SHP007136,SUP007,PRD025,WH02,2024-06-15,2024-06-26,2024-06-27,105,105,1,133.17,13982.85,Medium,Road
SHP007137,SUP016,PRD003,WH04,2025-04-12,2025-05-02,2025-05-05,73,73,1,130.7,9541.1,Low,Road
SHP007138,SUP007,PRD009,WH03,2025-02-12,2025-03-04,2025-03-06,261,259,0,54.11,14122.71,Medium,Rail
SHP007139,SUP017,PRD019,WH06,2025-02-15,2025-03-04,2025-03-07,934,923,9,54.26,50678.84,Medium,Air
SHP007140,SUP004,PRD022,WH06,2024-07-22,2024-08-11,2024-08-13,338,333,8,124.07,41935.66,Low,Sea
SHP007141,SUP012,PRD021,WH03,2024-07-12,2024-07-25,2024-07-27,502,497,11,57.87,29050.74,Low,Road
SHP007142,SUP013,PRD011,WH06,2024-08-22,2024-08-27,2024-08-29,579,575,18,79.74,46169.46,Low,Road
SHP007143,SUP004,PRD009,WH06,2024-05-29,2024-06-14,2024-06-15,380,378,11,134.07,50946.6,Medium,Road
SHP007144,SUP001,PRD025,WH06,2024-06-07,2024-06-25,2024-06-25,484,476,10,140.02,67769.68,Medium,Road
SHP007145,SUP001,PRD013,WH05,2024-10-05,2024-10-19,2024-10-19,505,505,0,100.13,50565.65,Medium,Air
SHP007146,SUP007,PRD020,WH06,2025-02-07,2025-02-17,2025-02-20,531,522,6,61.92,32879.52,High,Road
SHP007147,SUP009,PRD024,WH02,2025-11-08,2025-11-14,2025-11-14,412,408,7,103.25,42539.0,High,Road
SHP007148,SUP001,PRD021,WH02,2024-11-06,2024-11-19,2024-11-20,196,194,3,62.48,12246.08,Low,Road
SHP007149,SUP016,PRD024,WH03,2024-03-08,2024-03-25,2024-03-24,971,955,35,48.68,47268.28,High,Road
SHP007150,SUP018,PRD024,WH06,2025-04-07,2025-04-17,2025-04-17,737,726,13,32.43,23900.91,High,Rail
SHP007151,SUP015,PRD002,WH03,2024-03-28,2024-04-14,2024-04-16,616,616,19,42.74,26327.84,Medium,Road
SHP007152,SUP006,PRD017,WH02,2024-08-04,2024-08-10,2024-08-11,147,147,0,83.12,12218.64,Medium,Road
SHP007153,SUP002,PRD001,WH06,2024-01-01,2024-01-16,2024-01-14,325,321,9,10.53,3422.25,High,Road
SHP007154,SUP009,PRD021,WH04,2024-05-14,2024-05-31,2024-05-29,841,836,13,15.07,12673.87,High,Rail
SHP007155,SUP004,PRD017,WH01,2025-11-27,2025-12-09,2025-12-11,184,184,3,41.54,7643.36,Medium,Sea
SHP007156,SUP013,PRD022,WH02,2024-12-16,2025-01-01,2025-01-03,202,200,3,53.66,10839.32,Low,Road
SHP007157,SUP011,PRD024,WH03,2024-05-19,2024-06-03,2024-06-02,206,204,7,73.98,15239.88,Medium,Sea
SHP007158,SUP013,PRD018,WH03,2025-09-09,2025-09-19,2025-09-24,588,587,10,65.57,38555.16,Medium,Road
SHP007159,SUP011,PRD001,WH04,2024-05-12,2024-05-24,2024-05-26,697,692,7,127.71,89013.87,Medium,Road
SHP007160,SUP019,PRD018,WH05,2025-09-11,2025-09-27,2025-10-03,561,552,17,93.11,52234.71,Medium,Sea
SHP007161,SUP008,PRD008,WH04,2024-06-26,2024-06-29,2024-06-27,994,994,8,54.77,54441.38,Medium,Road
SHP007162,SUP007,PRD001,WH01,2024-12-23,2025-01-06,2025-01-06,444,444,7,105.02,46628.88,Low,Road
SHP007163,SUP016,PRD014,WH06,2025-01-14,2025-02-01,2025-02-01,707,707,19,37.27,26349.89,Low,Sea
SHP007164,SUP003,PRD003,WH05,2025-10-19,2025-10-30,2025-10-31,434,434,7,93.06,40388.04,Medium,Road
SHP007165,SUP017,PRD018,WH05,2025-03-25,2025-04-01,2025-04-03,770,768,27,52.7,40579.0,High,Rail
SHP007166,SUP018,PRD013,WH06,2025-08-08,2025-08-19,2025-08-17,669,659,16,7.13,4769.97,Medium,Rail
SHP007167,SUP015,PRD016,WH05,2025-04-07,2025-04-27,2025-05-03,694,687,26,52.62,36518.28,Medium,Road
SHP007168,SUP017,PRD010,WH06,2024-04-17,2024-04-24,2024-04-22,456,450,11,56.74,25873.44,Medium,Sea
SHP007169,SUP011,PRD008,WH04,2024-05-01,2024-05-16,2024-05-14,17,17,0,114.99,1954.83,Medium,Road
SHP007170,SUP005,PRD009,WH05,2024-01-17,2024-01-31,2024-01-30,87,87,0,28.24,2456.88,Medium,Rail
SHP007171,SUP016,PRD020,WH04,2024-07-14,2024-07-22,2024-07-20,692,686,8,61.91,42841.72,Medium,Sea
SHP007172,SUP015,PRD013,WH06,2024-11-22,2024-11-30,2024-11-30,166,166,5,106.46,17672.36,Medium,Rail
SHP007173,SUP010,PRD004,WH02,2024-11-13,2024-11-27,2024-11-30,223,223,0,138.18,30814.14,High,Sea
SHP007174,SUP014,PRD002,WH05,2025-04-23,2025-04-27,2025-04-27,785,778,16,93.0,73005.0,Medium,Rail
SHP007175,SUP002,PRD022,WH04,2024-09-08,2024-09-20,2024-09-20,803,800,22,3.95,3171.85,Medium,Rail
SHP007176,SUP016,PRD001,WH01,2025-05-17,2025-06-06,2025-06-04,718,711,14,35.43,25438.74,High,Road
SHP007177,SUP019,PRD004,WH01,2024-04-28,2024-05-05,2024-05-08,763,760,25,83.14,63435.82,Medium,Road
SHP007178,SUP008,PRD001,WH03,2025-11-04,2025-11-24,2025-11-24,398,395,8,86.84,34562.32,High,Rail
SHP007179,SUP015,PRD016,WH06,2025-05-12,2025-05-19,2025-05-19,801,793,18,82.25,65882.25,Low,Rail
SHP007180,SUP010,PRD017,WH03,2025-04-30,2025-05-13,2025-05-11,99,99,0,14.32,1417.68,Low,Road
SHP007181,SUP005,PRD016,WH01,2024-02-14,2024-03-05,2024-03-06,328,324,1,13.73,4503.44,High,Road
SHP007182,SUP020,PRD025,WH03,2024-11-09,2024-11-26,2024-11-29,986,981,16,48.18,47505.48,Medium,Road
SHP007183,SUP016,PRD023,WH01,2024-06-27,2024-07-07,2024-07-06,803,802,6,94.96,76252.88,Medium,Road
SHP007184,SUP012,PRD001,WH04,2025-02-21,2025-03-05,2025-03-07,828,827,22,38.69,32035.32,High,Air
SHP007185,SUP013,PRD015,WH04,2025-07-09,2025-07-16,2025-07-20,362,357,14,134.75,48779.5,Medium,Road
SHP007186,SUP009,PRD005,WH06,2024-03-18,2024-03-28,2024-03-26,563,556,13,144.09,81122.67,High,Rail
SHP007187,SUP017,PRD023,WH04,2024-11-21,2024-11-24,2024-11-27,660,654,12,106.16,70065.6,Low,Sea
SHP007188,SUP020,PRD008,WH04,2025-11-20,2025-12-06,2025-12-09,573,572,17,114.03,65339.19,High,Road
SHP007189,SUP012,PRD012,WH01,2024-12-22,2024-12-29,2024-12-31,870,864,15,133.74,116353.8,High,Rail
SHP007190,SUP005,PRD020,WH03,2025-02-19,2025-02-27,2025-02-28,699,693,20,132.93,92918.07,Low,Road
SHP007191,SUP012,PRD017,WH04,2025-05-29,2025-06-11,2025-06-11,23,23,0,9.45,217.35,High,Road
SHP007192,SUP001,PRD018,WH01,2024-08-01,2024-08-13,2024-08-17,927,920,12,46.43,43040.61,Medium,Road
SHP007193,SUP020,PRD007,WH05,2024-03-14,2024-03-30,2024-04-02,776,762,21,24.76,19213.76,Low,Road
SHP007194,SUP016,PRD009,WH01,2025-07-16,2025-08-05,2025-08-05,36,36,0,47.0,1692.0,Low,Road
SHP007195,SUP012,PRD022,WH01,2025-08-01,2025-08-05,2025-08-04,115,115,3,57.82,6649.3,Low,Road
SHP007196,SUP009,PRD004,WH06,2025-05-23,2025-06-04,2025-06-02,47,47,0,33.24,1562.28,Medium,Rail
SHP007197,SUP013,PRD024,WH04,2024-11-27,2024-12-11,2024-12-10,85,85,1,104.07,8845.95,Low,Road
SHP007198,SUP017,PRD025,WH04,2024-04-02,2024-04-06,2024-04-05,22,22,0,113.87,2505.14,Medium,Sea
SHP007199,SUP017,PRD004,WH01,2025-11-18,2025-12-06,2025-12-09,597,588,11,44.72,26697.84,Medium,Rail
SHP007200,SUP004,PRD011,WH03,2025-10-18,2025-11-05,2025-11-06,590,590,10,83.71,49388.9,Medium,Road
SHP007201,SUP014,PRD009,WH04,2025-06-02,2025-06-14,2025-06-14,369,366,5,112.34,41453.46,High,Rail
SHP007202,SUP019,PRD019,WH01,2024-09-25,2024-10-08,2024-10-14,191,191,7,64.07,12237.37,Medium,Road
SHP007203,SUP007,PRD005,WH04,2025-01-10,2025-01-17,2025-01-20,37,37,0,14.74,545.38,Low,Sea
SHP007204,SUP003,PRD021,WH05,2024-01-04,2024-01-18,2024-01-19,985,982,10,86.64,85340.4,Low,Rail
SHP007205,SUP001,PRD001,WH05,2024-05-17,2024-05-22,2024-05-21,270,269,1,142.88,38577.6,Medium,Road
SHP007206,SUP012,PRD020,WH02,2024-08-18,2024-08-27,2024-08-25,183,183,5,92.09,16852.47,Low,Sea
SHP007207,SUP015,PRD003,WH01,2025-08-22,2025-09-04,2025-09-05,785,780,24,69.15,54282.75,Low,Road
SHP007208,SUP011,PRD012,WH04,2025-06-12,2025-06-19,2025-06-17,290,287,0,57.75,16747.5,Medium,Rail
SHP007209,SUP010,PRD012,WH01,2024-02-21,2024-02-28,2024-02-29,610,609,0,132.87,81050.7,Medium,Road
SHP007210,SUP002,PRD001,WH02,2025-10-07,2025-10-10,2025-10-13,978,975,21,134.81,131844.18,Low,Rail
SHP007211,SUP004,PRD010,WH01,2024-11-20,2024-12-10,2024-12-08,891,879,25,38.56,34356.96,Low,Road
SHP007212,SUP017,PRD012,WH05,2024-10-03,2024-10-14,2024-10-15,890,879,17,146.73,130589.7,Medium,Road
SHP007213,SUP017,PRD001,WH04,2025-06-19,2025-07-02,2025-07-07,999,998,14,130.36,130229.64,Medium,Road
SHP007214,SUP008,PRD002,WH02,2025-04-30,2025-05-15,2025-05-16,340,337,3,8.79,2988.6,Low,Road
SHP007215,SUP014,PRD016,WH06,2025-05-30,2025-06-14,2025-06-13,792,778,23,130.21,103126.32,High,Rail
SHP007216,SUP004,PRD010,WH06,2024-05-31,2024-06-14,2024-06-15,34,34,0,83.02,2822.68,Medium,Road
SHP007217,SUP006,PRD008,WH01,2025-04-27,2025-05-04,2025-05-02,600,590,0,28.05,16830.0,Low,Sea
SHP007218,SUP019,PRD002,WH03,2024-09-15,2024-09-25,2024-10-01,115,114,3,54.32,6246.8,Medium,Road
SHP007219,SUP004,PRD007,WH05,2024-11-19,2024-11-23,2024-11-25,958,950,20,124.13,118916.54,Medium,Road
SHP007220,SUP003,PRD014,WH02,2024-06-16,2024-06-28,2024-06-28,354,351,9,3.56,1260.24,High,Rail
SHP007221,SUP020,PRD024,WH06,2025-11-18,2025-11-25,2025-11-25,614,613,18,3.55,2179.7,High,Road
SHP007222,SUP006,PRD003,WH06,2024-11-05,2024-11-09,2024-11-08,452,446,1,97.36,44006.72,Medium,Road
SHP007223,SUP007,PRD022,WH04,2025-04-23,2025-05-02,2025-04-30,812,805,9,121.97,99039.64,Medium,Road
SHP007224,SUP014,PRD013,WH01,2024-02-25,2024-03-01,2024-02-28,941,932,37,8.96,8431.36,Medium,Road
SHP007225,SUP012,PRD010,WH02,2025-09-11,2025-09-25,2025-09-28,835,824,29,98.57,82305.95,High,Road
SHP007226,SUP016,PRD022,WH06,2025-04-17,2025-04-22,2025-04-21,976,965,15,16.91,16504.16,High,Rail
SHP007227,SUP020,PRD007,WH05,2024-10-22,2024-10-26,2024-10-30,964,959,31,107.33,103466.12,Low,Sea
SHP007228,SUP008,PRD009,WH06,2025-04-05,2025-04-08,2025-04-10,97,97,3,96.4,9350.8,Medium,Road
SHP007229,SUP002,PRD002,WH02,2024-11-19,2024-12-03,2024-12-04,700,696,30,134.9,94430.0,High,Road
SHP007230,SUP013,PRD019,WH02,2024-05-20,2024-05-24,2024-05-28,864,852,35,105.12,90823.68,Medium,Sea
SHP007231,SUP008,PRD012,WH05,2025-10-28,2025-11-14,2025-11-12,596,592,2,136.88,81580.48,Medium,Road
SHP007232,SUP020,PRD017,WH02,2024-09-18,2024-09-22,2024-09-26,196,196,2,81.07,15889.72,Low,Road
SHP007233,SUP016,PRD004,WH03,2025-02-23,2025-02-26,2025-02-28,638,635,23,89.11,56852.18,Medium,Road
SHP007234,SUP004,PRD016,WH05,2024-08-28,2024-09-05,2024-09-04,847,842,13,72.66,61543.02,Low,Road
SHP007235,SUP016,PRD025,WH05,2024-12-20,2025-01-09,2025-01-10,969,952,21,78.86,76415.34,Low,Road
SHP007236,SUP020,PRD016,WH04,2025-08-11,2025-08-18,2025-08-17,71,71,3,109.79,7795.09,Medium,Air
SHP007237,SUP006,PRD014,WH06,2024-06-28,2024-07-04,2024-07-05,556,547,0,66.06,36729.36,Medium,Road
SHP007238,SUP004,PRD016,WH06,2024-03-06,2024-03-26,2024-03-28,982,971,15,56.75,55728.5,Medium,Rail
SHP007239,SUP016,PRD018,WH03,2024-12-13,2025-01-02,2025-01-02,392,388,1,36.85,14445.2,Medium,Road
SHP007240,SUP013,PRD004,WH06,2024-06-19,2024-06-25,2024-06-29,804,795,9,76.84,61779.36,Medium,Rail
SHP007241,SUP005,PRD019,WH06,2025-04-18,2025-05-07,2025-05-07,375,373,0,11.11,4166.25,Low,Road
SHP007242,SUP015,PRD014,WH06,2025-06-17,2025-07-03,2025-07-05,305,301,17,54.95,16759.75,Low,Road
SHP007243,SUP008,PRD019,WH01,2025-01-01,2025-01-19,2025-01-18,679,673,6,116.47,79083.13,Low,Road
SHP007244,SUP007,PRD011,WH05,2024-04-16,2024-05-03,2024-05-05,32,32,0,95.47,3055.04,High,Rail
SHP007245,SUP014,PRD015,WH01,2025-03-14,2025-04-01,2025-04-04,653,650,19,136.66,89238.98,Medium,Rail
SHP007246,SUP007,PRD011,WH03,2024-08-14,2024-08-28,2024-08-27,547,545,5,126.51,69200.97,Medium,Sea
SHP007247,SUP007,PRD005,WH05,2025-03-19,2025-03-24,2025-03-28,883,869,20,89.46,78993.18,Medium,Road
SHP007248,SUP018,PRD010,WH05,2025-03-17,2025-03-20,2025-03-19,428,427,10,73.64,31517.92,Low,Rail
SHP007249,SUP010,PRD015,WH03,2025-01-30,2025-02-05,2025-02-05,919,916,0,121.95,112072.05,Low,Sea
SHP007250,SUP018,PRD024,WH05,2025-08-03,2025-08-11,2025-08-17,690,684,8,41.82,28855.8,Medium,Sea
SHP007251,SUP014,PRD009,WH02,2024-03-24,2024-04-05,2024-04-06,255,254,4,119.67,30515.85,Low,Road
SHP007252,SUP010,PRD022,WH05,2025-09-06,2025-09-26,2025-09-26,103,102,0,63.75,6566.25,Medium,Road
SHP007253,SUP007,PRD012,WH06,2025-07-04,2025-07-23,2025-07-23,959,957,0,13.09,12553.31,Medium,Road
SHP007254,SUP007,PRD011,WH02,2024-01-13,2024-01-28,2024-01-29,869,853,0,43.84,38096.96,Medium,Rail
SHP007255,SUP007,PRD021,WH03,2025-11-23,2025-12-08,2025-12-06,612,605,8,2.69,1646.28,Medium,Rail
SHP007256,SUP005,PRD002,WH03,2025-05-07,2025-05-27,2025-05-27,838,834,0,40.45,33897.1,Medium,Road
SHP007257,SUP001,PRD025,WH02,2024-09-24,2024-10-09,2024-10-09,895,884,6,74.05,66274.75,Low,Road
SHP007258,SUP014,PRD007,WH02,2025-06-08,2025-06-28,2025-07-01,797,794,29,117.86,93934.42,Medium,Road
SHP007259,SUP018,PRD017,WH04,2024-04-29,2024-05-07,2024-05-07,37,37,0,93.83,3471.71,Medium,Road
SHP007260,SUP013,PRD011,WH05,2024-12-18,2024-12-30,2024-12-30,20,20,0,143.3,2866.0,Low,Sea
SHP007261,SUP008,PRD025,WH04,2024-02-26,2024-03-10,2024-03-10,725,723,4,121.02,87739.5,High,Sea
SHP007262,SUP008,PRD021,WH06,2024-02-09,2024-02-17,2024-02-18,686,677,23,118.28,81140.08,High,Sea
SHP007263,SUP010,PRD007,WH05,2024-12-01,2024-12-05,2024-12-03,747,738,4,132.58,99037.26,High,Road
SHP007264,SUP017,PRD023,WH02,2025-10-01,2025-10-11,2025-10-15,858,854,9,82.59,70862.22,Low,Sea
SHP007265,SUP006,PRD001,WH01,2024-06-21,2024-07-06,2024-07-08,623,615,0,57.07,35554.61,Medium,Rail
SHP007266,SUP015,PRD007,WH05,2025-06-30,2025-07-16,2025-07-14,894,882,47,58.02,51869.88,High,Sea
SHP007267,SUP015,PRD013,WH06,2024-09-15,2024-10-01,2024-10-10,174,173,2,28.08,4885.92,Medium,Road
SHP007268,SUP016,PRD003,WH05,2025-05-31,2025-06-14,2025-06-15,265,261,2,142.01,37632.65,Medium,Rail
SHP007269,SUP008,PRD005,WH05,2025-06-06,2025-06-24,2025-06-23,730,729,7,107.49,78467.7,Medium,Sea
SHP007270,SUP019,PRD019,WH05,2024-04-26,2024-05-13,2024-05-11,15,15,0,89.44,1341.6,High,Sea
SHP007271,SUP020,PRD020,WH06,2024-07-02,2024-07-05,2024-07-12,209,207,7,8.83,1845.47,Medium,Rail
SHP007272,SUP015,PRD003,WH04,2024-04-25,2024-04-28,2024-05-02,207,207,7,106.34,22012.38,Medium,Road
SHP007273,SUP003,PRD021,WH03,2024-06-10,2024-06-20,2024-06-20,592,590,20,17.36,10277.12,Medium,Air
SHP007274,SUP006,PRD010,WH01,2025-08-01,2025-08-17,2025-08-15,753,743,0,69.19,52100.07,High,Road
SHP007275,SUP008,PRD009,WH06,2025-06-26,2025-07-02,2025-07-07,408,408,0,141.98,57927.84,Low,Rail
SHP007276,SUP016,PRD005,WH05,2025-08-09,2025-08-22,2025-08-23,40,40,0,74.5,2980.0,Medium,Rail
SHP007277,SUP015,PRD021,WH01,2024-08-24,2024-09-09,2024-09-11,602,593,26,133.72,80499.44,Medium,Sea
SHP007278,SUP013,PRD020,WH06,2024-03-06,2024-03-20,2024-03-25,306,303,9,144.36,44174.16,Medium,Road
SHP007279,SUP020,PRD024,WH06,2024-03-10,2024-03-22,2024-03-22,555,551,21,29.07,16133.85,Medium,Sea
SHP007280,SUP015,PRD006,WH05,2025-03-22,2025-04-10,2025-04-10,710,710,39,89.34,63431.4,Low,Road
SHP007281,SUP018,PRD016,WH03,2025-02-19,2025-02-23,2025-02-22,355,351,5,117.81,41822.55,Low,Road
SHP007282,SUP013,PRD025,WH06,2025-06-15,2025-07-03,2025-07-02,788,780,19,81.06,63875.28,High,Road
SHP007283,SUP008,PRD005,WH05,2025-03-16,2025-03-30,2025-03-28,490,485,12,5.91,2895.9,Medium,Road
SHP007284,SUP014,PRD001,WH01,2025-04-08,2025-04-26,2025-04-28,426,422,6,86.43,36819.18,Medium,Road
SHP007285,SUP011,PRD002,WH02,2025-01-30,2025-02-13,2025-02-11,536,534,16,147.72,79177.92,Low,Road
SHP007286,SUP006,PRD017,WH02,2025-07-04,2025-07-09,2025-07-11,370,368,2,126.32,46738.4,Medium,Road
SHP007287,SUP001,PRD004,WH06,2025-10-18,2025-10-22,2025-10-20,697,693,11,89.71,62527.87,Low,Road
SHP007288,SUP002,PRD002,WH01,2025-07-10,2025-07-15,2025-07-16,413,413,7,52.01,21480.13,Medium,Sea
SHP007289,SUP013,PRD001,WH05,2025-01-29,2025-02-04,2025-02-05,628,624,16,46.94,29478.32,Low,Road
SHP007290,SUP001,PRD003,WH05,2024-11-21,2024-11-30,2024-12-02,664,664,4,118.2,78484.8,Medium,Rail
SHP007291,SUP004,PRD025,WH06,2024-03-31,2024-04-12,2024-04-13,881,868,30,113.77,100231.37,Medium,Road
SHP007292,SUP002,PRD008,WH03,2024-03-10,2024-03-30,2024-03-28,570,568,22,74.19,42288.3,Medium,Rail
SHP007293,SUP020,PRD002,WH06,2024-06-14,2024-06-23,2024-06-24,263,261,1,145.61,38295.43,High,Road
SHP007294,SUP016,PRD022,WH04,2025-10-03,2025-10-17,2025-10-18,906,896,23,138.6,125571.6,Medium,Rail
SHP007295,SUP003,PRD014,WH05,2024-08-01,2024-08-16,2024-08-14,570,565,7,83.81,47771.7,Low,Road
SHP007296,SUP017,PRD003,WH03,2025-08-23,2025-09-05,2025-09-04,764,750,29,130.56,99747.84,High,Road
SHP007297,SUP005,PRD015,WH01,2024-11-30,2024-12-03,2024-12-02,380,374,2,16.26,6178.8,Low,Road
SHP007298,SUP008,PRD024,WH01,2025-01-03,2025-01-19,2025-01-18,222,220,4,135.99,30189.78,Low,Road
SHP007299,SUP012,PRD025,WH06,2025-08-06,2025-08-14,2025-08-16,759,748,26,17.12,12994.08,High,Road
SHP007300,SUP012,PRD021,WH02,2025-11-07,2025-11-10,2025-11-14,568,563,16,97.97,55646.96,Low,Sea
SHP007301,SUP001,PRD012,WH04,2024-02-18,2024-02-29,2024-03-03,823,816,6,105.55,86867.65,Medium,Road
SHP007302,SUP001,PRD025,WH03,2024-02-21,2024-03-04,2024-03-06,263,259,0,145.76,38334.88,Low,Road
SHP007303,SUP015,PRD005,WH04,2024-10-15,2024-11-04,2024-11-11,48,48,1,3.23,155.04,Medium,Road
SHP007304,SUP017,PRD001,WH06,2025-09-17,2025-10-02,2025-10-03,308,306,9,124.8,38438.4,Medium,Road
SHP007305,SUP002,PRD003,WH01,2024-08-26,2024-08-31,2024-08-31,407,405,10,8.28,3369.96,Medium,Rail
SHP007306,SUP017,PRD019,WH04,2024-05-12,2024-05-20,2024-05-22,929,917,28,146.9,136470.1,High,Road
SHP007307,SUP020,PRD023,WH05,2024-06-14,2024-06-26,2024-06-29,875,867,37,71.68,62720.0,High,Road
SHP007308,SUP009,PRD004,WH05,2025-01-08,2025-01-26,2025-01-26,396,392,4,17.19,6807.24,High,Road
SHP007309,SUP012,PRD002,WH03,2025-01-07,2025-01-15,2025-01-17,478,477,18,89.37,42718.86,Medium,Sea
SHP007310,SUP004,PRD012,WH02,2025-04-22,2025-04-25,2025-04-27,343,339,8,4.43,1519.49,Medium,Sea
SHP007311,SUP013,PRD007,WH06,2025-04-23,2025-05-09,2025-05-09,130,129,2,41.13,5346.9,Low,Road
SHP007312,SUP004,PRD017,WH03,2025-10-11,2025-10-14,2025-10-15,620,612,11,100.46,62285.2,Medium,Rail
SHP007313,SUP007,PRD004,WH05,2025-08-13,2025-08-28,2025-08-27,77,77,0,128.83,9919.91,Medium,Road
SHP007314,SUP014,PRD001,WH05,2025-11-12,2025-11-19,2025-11-23,144,144,6,124.12,17873.28,Medium,Rail
SHP007315,SUP009,PRD018,WH02,2025-09-26,2025-10-15,2025-10-15,870,862,10,21.84,19000.8,Medium,Rail
SHP007316,SUP001,PRD002,WH02,2025-11-18,2025-11-24,2025-11-24,149,148,3,59.71,8896.79,Low,Road
SHP007317,SUP001,PRD016,WH03,2024-10-26,2024-11-04,2024-11-08,522,519,0,49.34,25755.48,High,Road
SHP007318,SUP020,PRD020,WH06,2024-03-22,2024-04-07,2024-04-13,551,543,13,74.95,41297.45,Low,Road
SHP007319,SUP004,PRD011,WH05,2024-03-27,2024-04-05,2024-04-08,839,838,20,136.55,114565.45,Medium,Road
SHP007320,SUP001,PRD006,WH01,2024-08-12,2024-08-22,2024-08-22,156,154,0,130.91,20421.96,Low,Road
SHP007321,SUP010,PRD019,WH05,2024-01-16,2024-01-22,2024-01-20,420,413,2,25.19,10579.8,Low,Road
SHP007322,SUP002,PRD013,WH01,2024-12-23,2025-01-01,2025-01-02,48,48,1,47.94,2301.12,High,Road
SHP007323,SUP015,PRD009,WH05,2024-06-11,2024-06-18,2024-06-19,919,916,48,17.09,15705.71,Low,Road
SHP007324,SUP003,PRD011,WH05,2025-09-01,2025-09-20,2025-09-20,160,160,4,111.6,17856.0,Medium,Rail
SHP007325,SUP009,PRD014,WH06,2025-10-29,2025-11-16,2025-11-14,432,429,0,119.28,51528.96,Medium,Sea
SHP007326,SUP017,PRD007,WH02,2025-05-28,2025-06-07,2025-06-10,786,772,20,52.74,41453.64,High,Rail
SHP007327,SUP013,PRD019,WH04,2024-12-15,2024-12-18,2024-12-20,432,425,16,37.39,16152.48,Medium,Road
SHP007328,SUP003,PRD017,WH03,2025-11-11,2025-11-24,2025-11-22,584,575,7,98.73,57658.32,Medium,Road
SHP007329,SUP004,PRD007,WH06,2025-04-08,2025-04-22,2025-04-26,13,13,0,32.05,416.65,Medium,Rail
SHP007330,SUP004,PRD014,WH06,2025-01-09,2025-01-26,2025-01-27,708,703,7,64.11,45389.88,Low,Rail
SHP007331,SUP011,PRD004,WH04,2024-04-01,2024-04-07,2024-04-07,748,736,17,126.61,94704.28,Medium,Road
SHP007332,SUP007,PRD012,WH04,2024-06-29,2024-07-15,2024-07-14,325,321,4,134.56,43732.0,Medium,Road
SHP007333,SUP011,PRD025,WH03,2024-10-27,2024-11-10,2024-11-10,207,207,0,64.76,13405.32,Medium,Sea
SHP007334,SUP011,PRD012,WH01,2025-10-21,2025-10-27,2025-10-25,594,587,7,135.12,80261.28,Low,Road
SHP007335,SUP010,PRD011,WH03,2024-07-07,2024-07-10,2024-07-08,968,958,4,132.0,127776.0,High,Road
SHP007336,SUP005,PRD025,WH06,2024-11-09,2024-11-12,2024-11-14,356,353,5,94.06,33485.36,Medium,Road
SHP007337,SUP013,PRD016,WH02,2025-05-07,2025-05-27,2025-05-27,641,632,20,49.79,31915.39,Medium,Road
SHP007338,SUP012,PRD014,WH01,2024-05-07,2024-05-14,2024-05-14,46,46,0,48.59,2235.14,Low,Rail
SHP007339,SUP010,PRD022,WH02,2025-06-02,2025-06-18,2025-06-22,433,426,7,110.57,47876.81,High,Rail
SHP007340,SUP007,PRD004,WH05,2025-03-01,2025-03-19,2025-03-17,641,633,5,110.61,70901.01,Medium,Rail
SHP007341,SUP019,PRD003,WH05,2025-07-12,2025-07-23,2025-07-27,102,102,3,4.01,409.02,Medium,Road
SHP007342,SUP019,PRD013,WH02,2025-07-18,2025-07-21,2025-07-19,153,151,5,117.04,17907.12,Low,Road
SHP007343,SUP019,PRD008,WH05,2024-07-05,2024-07-13,2024-07-13,319,316,13,51.16,16320.04,Low,Road
SHP007344,SUP012,PRD012,WH05,2025-07-03,2025-07-10,2025-07-11,412,409,7,85.93,35403.16,High,Sea
SHP007345,SUP020,PRD020,WH02,2025-03-28,2025-04-17,2025-04-21,764,763,34,144.96,110749.44,Medium,Road
SHP007346,SUP015,PRD012,WH04,2025-04-15,2025-04-28,2025-05-01,924,916,30,10.08,9313.92,Medium,Road
SHP007347,SUP005,PRD024,WH01,2025-07-18,2025-08-05,2025-08-09,10,10,0,77.93,779.3,High,Sea
SHP007348,SUP014,PRD005,WH01,2024-08-11,2024-08-22,2024-08-24,831,816,24,105.63,87778.53,Medium,Road
SHP007349,SUP012,PRD008,WH03,2024-06-02,2024-06-11,2024-06-12,961,951,22,31.03,29819.83,Low,Road
SHP007350,SUP011,PRD016,WH01,2025-07-13,2025-07-26,2025-07-25,787,784,4,86.91,68398.17,High,Road
SHP007351,SUP005,PRD010,WH03,2024-12-16,2024-12-28,2024-12-30,430,425,0,101.52,43653.6,Low,Sea
SHP007352,SUP016,PRD014,WH04,2024-05-26,2024-06-05,2024-06-05,579,579,8,85.11,49278.69,Medium,Air
SHP007353,SUP018,PRD006,WH03,2025-07-29,2025-08-10,2025-08-09,763,761,0,124.57,95046.91,High,Air
SHP007354,SUP012,PRD019,WH04,2024-12-14,2024-12-18,2024-12-16,102,102,2,134.64,13733.28,Medium,Road
SHP007355,SUP005,PRD024,WH06,2024-06-30,2024-07-08,2024-07-08,593,586,0,58.77,34850.61,High,Road
SHP007356,SUP016,PRD025,WH04,2025-09-28,2025-10-13,2025-10-15,259,258,8,41.76,10815.84,Low,Air
SHP007357,SUP012,PRD022,WH03,2024-06-27,2024-07-03,2024-07-03,472,464,11,8.96,4229.12,Medium,Rail
SHP007358,SUP002,PRD001,WH01,2024-02-08,2024-02-21,2024-02-27,622,620,10,91.17,56707.74,Medium,Road
SHP007359,SUP006,PRD017,WH06,2024-01-03,2024-01-15,2024-01-14,590,588,0,59.79,35276.1,Low,Rail
SHP007360,SUP004,PRD009,WH01,2024-03-04,2024-03-07,2024-03-07,634,634,1,121.44,76992.96,High,Road
SHP007361,SUP013,PRD012,WH02,2024-01-29,2024-02-01,2024-02-04,923,912,31,87.91,81140.93,High,Road
SHP007362,SUP010,PRD003,WH04,2025-01-06,2025-01-23,2025-01-21,908,900,0,23.8,21610.4,Medium,Road
SHP007363,SUP017,PRD013,WH05,2025-06-06,2025-06-17,2025-06-17,264,262,2,104.36,27551.04,Medium,Road
SHP007364,SUP014,PRD014,WH06,2024-04-06,2024-04-15,2024-04-16,158,158,5,144.03,22756.74,Low,Road
SHP007365,SUP015,PRD005,WH06,2025-03-17,2025-03-22,2025-03-29,116,115,5,58.4,6774.4,Medium,Rail
SHP007366,SUP008,PRD010,WH02,2024-07-21,2024-07-24,2024-07-25,752,740,13,137.25,103212.0,Low,Road
SHP007367,SUP018,PRD011,WH04,2025-02-14,2025-03-01,2025-03-03,736,726,19,61.31,45124.16,Medium,Sea
SHP007368,SUP003,PRD013,WH06,2024-01-21,2024-01-26,2024-01-27,548,541,0,84.13,46103.24,High,Road
SHP007369,SUP017,PRD015,WH02,2025-07-04,2025-07-18,2025-07-18,300,296,10,123.72,37116.0,High,Rail
SHP007370,SUP007,PRD022,WH02,2024-04-11,2024-04-18,2024-04-21,905,895,6,16.95,15339.75,Medium,Sea
SHP007371,SUP013,PRD005,WH03,2024-02-15,2024-02-29,2024-03-04,986,977,31,46.99,46332.14,Low,Road
SHP007372,SUP016,PRD002,WH06,2024-03-06,2024-03-12,2024-03-13,210,207,5,148.89,31266.9,Medium,Road
SHP007373,SUP005,PRD016,WH06,2025-08-25,2025-09-12,2025-09-10,934,922,5,112.71,105271.14,Medium,Road
SHP007374,SUP004,PRD003,WH03,2024-06-12,2024-06-22,2024-06-20,298,298,1,10.9,3248.2,Low,Road
SHP007375,SUP010,PRD023,WH06,2024-04-20,2024-05-04,2024-05-03,591,586,2,65.69,38822.79,High,Air
SHP007376,SUP013,PRD002,WH03,2024-12-03,2024-12-10,2024-12-12,77,77,4,133.69,10294.13,Low,Road
SHP007377,SUP010,PRD021,WH06,2024-05-02,2024-05-12,2024-05-13,546,544,0,109.22,59634.12,Medium,Road
SHP007378,SUP014,PRD011,WH01,2025-03-22,2025-04-05,2025-04-06,628,625,20,53.55,33629.4,Low,Sea
SHP007379,SUP012,PRD018,WH01,2025-09-02,2025-09-06,2025-09-08,867,862,29,57.26,49644.42,Medium,Road
SHP007380,SUP001,PRD021,WH01,2024-10-17,2024-11-03,2024-11-09,275,273,7,41.99,11547.25,Low,Sea
SHP007381,SUP020,PRD025,WH05,2025-11-01,2025-11-13,2025-11-13,144,143,3,33.36,4803.84,Low,Road
SHP007382,SUP020,PRD020,WH03,2025-02-15,2025-02-24,2025-02-28,398,393,8,114.21,45455.58,Medium,Road
SHP007383,SUP007,PRD011,WH03,2025-09-06,2025-09-15,2025-09-16,674,666,0,43.4,29251.6,Medium,Rail
SHP007384,SUP009,PRD018,WH04,2024-10-07,2024-10-17,2024-10-16,596,594,9,79.76,47536.96,Medium,Road
SHP007385,SUP008,PRD014,WH05,2024-02-12,2024-02-21,2024-02-23,634,631,8,89.58,56793.72,High,Road
SHP007386,SUP013,PRD021,WH03,2025-04-30,2025-05-09,2025-05-15,869,859,17,43.05,37410.45,Medium,Road
SHP007387,SUP014,PRD011,WH05,2025-08-18,2025-09-07,2025-09-11,456,454,18,114.56,52239.36,Medium,Road
SHP007388,SUP012,PRD015,WH01,2024-02-20,2024-02-26,2024-02-28,50,50,0,94.62,4731.0,Low,Air
SHP007389,SUP008,PRD015,WH02,2024-07-28,2024-08-07,2024-08-10,718,705,20,81.68,58646.24,Low,Road
SHP007390,SUP018,PRD003,WH04,2024-05-05,2024-05-08,2024-05-09,236,233,7,7.09,1673.24,Low,Road
SHP007391,SUP016,PRD003,WH02,2025-05-06,2025-05-19,2025-05-18,26,26,0,63.96,1662.96,Low,Road
SHP007392,SUP011,PRD017,WH01,2025-05-23,2025-06-02,2025-06-03,458,450,10,118.72,54373.76,Medium,Rail
SHP007393,SUP016,PRD010,WH06,2025-08-03,2025-08-11,2025-08-11,49,49,1,57.17,2801.33,Medium,Rail
SHP007394,SUP014,PRD003,WH06,2024-09-14,2024-09-26,2024-09-24,418,413,9,73.57,30752.26,Medium,Road
SHP007395,SUP003,PRD003,WH03,2024-07-06,2024-07-15,2024-07-15,50,50,1,87.32,4366.0,Medium,Rail
SHP007396,SUP002,PRD016,WH06,2024-08-17,2024-08-25,2024-08-25,127,126,6,38.36,4871.72,Medium,Air
SHP007397,SUP003,PRD007,WH04,2024-07-07,2024-07-20,2024-07-20,40,40,0,2.12,84.8,High,Road
SHP007398,SUP004,PRD017,WH05,2025-02-18,2025-03-04,2025-03-06,840,827,22,73.54,61773.6,Medium,Road
SHP007399,SUP005,PRD004,WH03,2024-01-10,2024-01-18,2024-01-19,139,139,0,77.12,10719.68,Medium,Sea
SHP007400,SUP010,PRD002,WH05,2024-04-23,2024-04-28,2024-04-26,346,345,0,75.45,26105.7,High,Rail
SHP007401,SUP020,PRD005,WH04,2024-03-16,2024-03-22,2024-03-25,996,978,39,94.93,94550.28,Medium,Road
SHP007402,SUP002,PRD018,WH02,2025-11-06,2025-11-14,2025-11-15,631,624,19,25.06,15812.86,Medium,Air
SHP007403,SUP012,PRD017,WH04,2025-05-16,2025-05-26,2025-05-28,556,547,10,40.36,22440.16,Low,Road
SHP007404,SUP005,PRD008,WH02,2024-03-25,2024-03-30,2024-03-28,584,582,0,82.85,48384.4,Medium,Road
SHP007405,SUP005,PRD020,WH04,2024-02-18,2024-03-03,2024-03-03,320,320,2,94.33,30185.6,Medium,Rail
SHP007406,SUP001,PRD012,WH05,2025-05-09,2025-05-18,2025-05-17,883,881,12,107.28,94728.24,High,Road
SHP007407,SUP004,PRD002,WH06,2025-11-19,2025-11-26,2025-11-25,437,436,4,128.25,56045.25,Medium,Road
SHP007408,SUP012,PRD013,WH05,2025-01-21,2025-02-07,2025-02-09,134,134,6,52.56,7043.04,Medium,Road
SHP007409,SUP012,PRD012,WH02,2025-01-23,2025-01-31,2025-01-29,388,386,13,62.68,24319.84,Low,Road
SHP007410,SUP016,PRD012,WH03,2024-08-05,2024-08-25,2024-08-26,333,332,4,75.19,25038.27,Medium,Sea
SHP007411,SUP017,PRD004,WH02,2025-12-01,2025-12-18,2025-12-18,828,815,20,138.24,114462.72,High,Sea
SHP007412,SUP010,PRD011,WH05,2024-12-11,2024-12-14,2024-12-14,780,774,0,38.27,29850.6,Medium,Air
SHP007413,SUP017,PRD021,WH01,2024-08-17,2024-08-28,2024-08-31,18,18,0,119.4,2149.2,Medium,Sea
SHP007414,SUP017,PRD016,WH03,2024-09-11,2024-09-27,2024-09-29,869,869,22,3.95,3432.55,High,Road
SHP007415,SUP018,PRD004,WH04,2024-08-23,2024-09-11,2024-09-10,117,116,2,114.22,13363.74,Medium,Sea
SHP007416,SUP002,PRD007,WH06,2024-01-26,2024-01-31,2024-01-31,587,580,16,6.73,3950.51,High,Rail
SHP007417,SUP004,PRD018,WH03,2025-08-06,2025-08-23,2025-08-22,837,830,17,105.38,88203.06,Low,Road
SHP007418,SUP019,PRD005,WH01,2024-09-17,2024-10-02,2024-10-06,649,639,28,91.62,59461.38,Low,Road
SHP007419,SUP011,PRD008,WH04,2024-09-27,2024-10-16,2024-10-15,965,948,22,45.53,43936.45,Low,Sea
SHP007420,SUP017,PRD014,WH02,2024-05-02,2024-05-07,2024-05-06,926,918,24,7.94,7352.44,Medium,Rail
SHP007421,SUP012,PRD012,WH01,2025-10-17,2025-11-06,2025-11-04,464,459,12,94.06,43643.84,Medium,Road
SHP007422,SUP002,PRD016,WH04,2024-09-13,2024-09-23,2024-09-24,542,541,13,130.0,70460.0,Low,Rail
SHP007423,SUP006,PRD023,WH01,2025-10-17,2025-10-28,2025-10-29,399,397,0,43.18,17228.82,Medium,Road
SHP007424,SUP009,PRD018,WH02,2025-02-24,2025-03-15,2025-03-15,385,383,7,93.08,35835.8,High,Sea
SHP007425,SUP005,PRD005,WH01,2024-09-15,2024-09-23,2024-09-21,684,680,8,90.98,62230.32,Low,Air
SHP007426,SUP020,PRD010,WH02,2024-02-16,2024-02-25,2024-02-27,589,584,29,7.72,4547.08,High,Road
SHP007427,SUP009,PRD004,WH03,2025-06-08,2025-06-23,2025-06-22,414,414,6,144.4,59781.6,Medium,Road
SHP007428,SUP008,PRD021,WH03,2024-07-26,2024-08-04,2024-08-04,350,345,2,47.05,16467.5,High,Road
SHP007429,SUP020,PRD018,WH04,2024-11-06,2024-11-09,2024-11-14,205,204,5,31.36,6428.8,Medium,Sea
SHP007430,SUP008,PRD011,WH01,2024-05-28,2024-06-09,2024-06-10,597,597,23,134.09,80051.73,Medium,Sea
SHP007431,SUP006,PRD017,WH02,2025-03-13,2025-03-27,2025-03-27,599,599,2,83.92,50268.08,Medium,Road
SHP007432,SUP003,PRD020,WH01,2024-06-03,2024-06-22,2024-06-21,894,880,16,14.54,12998.76,Low,Air
SHP007433,SUP005,PRD024,WH01,2025-11-08,2025-11-23,2025-11-22,981,971,0,25.68,25192.08,Medium,Rail
SHP007434,SUP009,PRD010,WH04,2024-03-30,2024-04-03,2024-04-02,92,92,0,22.37,2058.04,Medium,Air
SHP007435,SUP007,PRD019,WH02,2025-11-28,2025-12-01,2025-11-30,244,244,0,119.49,29155.56,Medium,Road
SHP007436,SUP004,PRD021,WH05,2024-12-23,2025-01-02,2025-01-01,54,54,0,77.06,4161.24,High,Sea
SHP007437,SUP007,PRD008,WH06,2024-06-22,2024-07-09,2024-07-10,61,61,0,54.09,3299.49,Low,Road
SHP007438,SUP005,PRD008,WH02,2024-08-04,2024-08-22,2024-08-21,133,132,0,28.96,3851.68,Low,Sea
SHP007439,SUP011,PRD008,WH02,2025-03-31,2025-04-17,2025-04-18,200,198,5,126.7,25340.0,Medium,Road
SHP007440,SUP015,PRD010,WH06,2025-08-31,2025-09-06,2025-09-08,207,205,7,38.44,7957.08,Low,Rail
SHP007441,SUP002,PRD022,WH05,2025-09-20,2025-10-08,2025-10-10,395,393,6,62.19,24565.05,Low,Sea
SHP007442,SUP013,PRD015,WH01,2024-07-17,2024-07-28,2024-08-02,616,605,16,86.28,53148.48,Medium,Rail
SHP007443,SUP016,PRD009,WH06,2025-04-30,2025-05-14,2025-05-13,112,111,0,100.59,11266.08,Medium,Rail
SHP007444,SUP007,PRD009,WH04,2025-06-16,2025-06-28,2025-06-27,202,201,0,141.03,28488.06,High,Sea
SHP007445,SUP008,PRD005,WH03,2024-07-18,2024-07-24,2024-07-23,648,646,8,148.77,96402.96,High,Sea
SHP007446,SUP006,PRD010,WH04,2025-01-05,2025-01-14,2025-01-16,544,539,0,13.15,7153.6,High,Rail
SHP007447,SUP007,PRD007,WH02,2025-03-23,2025-04-12,2025-04-10,208,205,1,64.24,13361.92,Medium,Road
SHP007448,SUP018,PRD010,WH02,2024-09-04,2024-09-13,2024-09-16,288,287,9,107.85,31060.8,Low,Road
SHP007449,SUP020,PRD017,WH02,2024-09-20,2024-09-30,2024-09-29,645,644,23,98.17,63319.65,High,Road
SHP007450,SUP007,PRD011,WH05,2024-02-27,2024-03-14,2024-03-17,768,755,0,125.13,96099.84,Low,Sea
SHP007451,SUP003,PRD005,WH04,2024-10-28,2024-11-06,2024-11-05,186,184,2,31.45,5849.7,High,Road
SHP007452,SUP005,PRD013,WH01,2024-01-31,2024-02-12,2024-02-11,191,190,0,72.09,13769.19,Medium,Road
SHP007453,SUP001,PRD016,WH06,2025-05-12,2025-05-18,2025-05-19,848,844,8,16.45,13949.6,Low,Road
SHP007454,SUP015,PRD014,WH02,2024-09-05,2024-09-12,2024-09-16,311,306,9,27.18,8452.98,Medium,Sea
SHP007455,SUP003,PRD018,WH06,2025-08-27,2025-09-02,2025-09-02,936,931,4,81.9,76658.4,Medium,Rail
SHP007456,SUP008,PRD003,WH02,2024-09-27,2024-10-17,2024-10-17,986,978,9,52.09,51360.74,Low,Road
SHP007457,SUP009,PRD005,WH06,2025-08-28,2025-09-02,2025-09-01,575,568,12,86.46,49714.5,Medium,Rail
SHP007458,SUP015,PRD004,WH06,2025-10-27,2025-11-04,2025-11-04,368,368,9,93.46,34393.28,Medium,Rail
SHP007459,SUP010,PRD024,WH01,2025-01-28,2025-02-10,2025-02-11,196,195,1,22.88,4484.48,Medium,Road
SHP007460,SUP002,PRD023,WH03,2025-05-16,2025-05-20,2025-05-22,502,493,6,25.71,12906.42,Medium,Road
SHP007461,SUP020,PRD025,WH04,2025-08-14,2025-08-26,2025-08-31,749,742,23,105.35,78907.15,High,Rail
SHP007462,SUP005,PRD019,WH01,2024-03-24,2024-03-28,2024-03-30,146,145,0,66.39,9692.94,Low,Road
SHP007463,SUP019,PRD024,WH04,2024-12-30,2025-01-15,2025-01-20,792,780,27,5.96,4720.32,Medium,Road
SHP007464,SUP013,PRD019,WH01,2025-07-02,2025-07-13,2025-07-15,764,752,30,57.39,43845.96,Low,Road
SHP007465,SUP011,PRD004,WH02,2024-12-07,2024-12-18,2024-12-16,777,770,18,4.01,3115.77,Low,Road
SHP007466,SUP001,PRD023,WH01,2025-02-10,2025-02-26,2025-02-26,909,907,9,4.13,3754.17,Low,Sea
SHP007467,SUP015,PRD015,WH06,2025-02-28,2025-03-14,2025-03-18,85,85,1,5.95,505.75,Medium,Road
SHP007468,SUP018,PRD001,WH06,2024-04-02,2024-04-11,2024-04-17,32,32,1,115.72,3703.04,Low,Road
SHP007469,SUP016,PRD007,WH02,2025-09-05,2025-09-23,2025-09-24,964,947,40,93.23,89873.72,Medium,Rail
SHP007470,SUP009,PRD023,WH05,2025-02-15,2025-03-07,2025-03-05,164,162,2,57.57,9441.48,Low,Sea
SHP007471,SUP001,PRD013,WH05,2025-03-07,2025-03-17,2025-03-16,323,322,3,133.25,43039.75,High,Rail
SHP007472,SUP011,PRD005,WH03,2025-11-08,2025-11-18,2025-11-17,796,793,17,13.14,10459.44,Medium,Road
SHP007473,SUP009,PRD012,WH01,2024-06-07,2024-06-11,2024-06-13,465,458,9,87.36,40622.4,Medium,Air
SHP007474,SUP011,PRD002,WH01,2024-01-14,2024-01-23,2024-01-22,595,594,17,7.98,4748.1,Low,Road
SHP007475,SUP013,PRD022,WH06,2025-01-07,2025-01-12,2025-01-12,620,610,22,103.9,64418.0,High,Air
SHP007476,SUP002,PRD017,WH04,2024-08-12,2024-08-24,2024-08-27,575,566,11,98.46,56614.5,Medium,Sea
SHP007477,SUP014,PRD016,WH06,2025-05-19,2025-05-24,2025-05-24,268,266,4,126.45,33888.6,High,Sea
SHP007478,SUP006,PRD005,WH03,2024-03-13,2024-03-25,2024-03-23,175,175,0,149.19,26108.25,Low,Road
SHP007479,SUP008,PRD002,WH06,2024-09-05,2024-09-10,2024-09-12,242,241,8,64.71,15659.82,Medium,Rail
SHP007480,SUP018,PRD005,WH01,2025-05-25,2025-06-09,2025-06-10,766,765,22,12.9,9881.4,High,Road
SHP007481,SUP016,PRD023,WH03,2025-08-25,2025-09-12,2025-09-13,194,194,3,124.05,24065.7,Medium,Road
SHP007482,SUP012,PRD023,WH02,2024-08-03,2024-08-08,2024-08-09,230,228,5,143.46,32995.8,Low,Road
SHP007483,SUP011,PRD019,WH02,2025-08-24,2025-09-09,2025-09-10,420,419,16,138.51,58174.2,Low,Sea
SHP007484,SUP006,PRD013,WH01,2025-06-24,2025-06-28,2025-06-28,147,147,0,18.95,2785.65,Low,Road
SHP007485,SUP003,PRD006,WH05,2024-08-07,2024-08-14,2024-08-14,944,944,18,139.2,131404.8,Low,Road
SHP007486,SUP014,PRD015,WH04,2024-08-08,2024-08-27,2024-08-26,911,903,27,79.89,72779.79,Low,Air
SHP007487,SUP002,PRD012,WH03,2025-01-23,2025-02-11,2025-02-10,85,85,2,15.56,1322.6,Low,Sea
SHP007488,SUP011,PRD003,WH01,2025-07-07,2025-07-27,2025-07-26,901,900,6,132.73,119589.73,Medium,Road
SHP007489,SUP003,PRD020,WH01,2025-10-08,2025-10-14,2025-10-15,527,524,0,80.04,42181.08,Low,Rail
SHP007490,SUP018,PRD006,WH03,2024-02-11,2024-02-25,2024-02-29,476,475,14,91.07,43349.32,Medium,Sea
SHP007491,SUP001,PRD020,WH03,2025-11-06,2025-11-24,2025-11-26,380,376,1,34.13,12969.4,Low,Road
SHP007492,SUP001,PRD004,WH05,2024-10-09,2024-10-22,2024-10-24,313,312,2,43.75,13693.75,Medium,Rail
SHP007493,SUP012,PRD002,WH04,2024-02-27,2024-03-04,2024-03-05,129,129,2,22.24,2868.96,Low,Road
SHP007494,SUP015,PRD015,WH03,2025-06-20,2025-07-05,2025-07-12,915,910,35,149.21,136527.15,Medium,Rail
SHP007495,SUP005,PRD023,WH04,2024-03-13,2024-03-20,2024-03-20,344,339,0,63.75,21930.0,Medium,Road
SHP007496,SUP006,PRD011,WH03,2024-05-08,2024-05-12,2024-05-12,173,173,0,23.99,4150.27,Medium,Sea
SHP007497,SUP016,PRD022,WH01,2025-08-21,2025-08-31,2025-09-03,132,131,2,33.54,4427.28,Medium,Road
SHP007498,SUP012,PRD003,WH05,2025-03-01,2025-03-06,2025-03-08,320,316,7,107.04,34252.8,Medium,Sea
SHP007499,SUP012,PRD003,WH06,2025-10-26,2025-10-30,2025-11-03,917,913,10,63.13,57890.21,Medium,Road
SHP007500,SUP003,PRD009,WH02,2025-11-24,2025-11-29,2025-11-28,340,338,1,72.48,24643.2,Medium,Rail
SHP007501,SUP002,PRD017,WH03,2024-05-04,2024-05-22,2024-05-21,588,586,20,129.48,76134.24,Medium,Sea
SHP007502,SUP007,PRD016,WH04,2024-03-07,2024-03-16,2024-03-14,744,732,15,86.69,64497.36,Low,Rail
SHP007503,SUP002,PRD018,WH06,2024-01-06,2024-01-26,2024-01-24,62,62,1,67.57,4189.34,Low,Road
SHP007504,SUP007,PRD004,WH05,2025-09-28,2025-10-02,2025-09-30,972,970,20,114.32,111119.04,Low,Air
SHP007505,SUP011,PRD016,WH05,2024-11-09,2024-11-19,2024-11-19,89,89,1,69.57,6191.73,Low,Road
SHP007506,SUP011,PRD025,WH06,2024-11-21,2024-12-11,2024-12-10,586,585,9,29.89,17515.54,High,Rail
SHP007507,SUP014,PRD010,WH06,2025-07-18,2025-07-30,2025-07-31,235,234,6,101.73,23906.55,Medium,Air
SHP007508,SUP003,PRD016,WH06,2025-07-31,2025-08-14,2025-08-12,957,944,23,13.21,12641.97,Low,Sea
SHP007509,SUP014,PRD008,WH01,2025-05-20,2025-05-31,2025-06-01,332,328,8,33.73,11198.36,Medium,Road
SHP007510,SUP011,PRD016,WH03,2024-03-22,2024-04-09,2024-04-08,443,443,12,138.34,61284.62,Medium,Road
SHP007511,SUP004,PRD023,WH04,2025-08-21,2025-08-26,2025-08-30,574,569,12,139.66,80164.84,Medium,Sea
SHP007512,SUP017,PRD020,WH06,2024-01-02,2024-01-13,2024-01-15,595,594,14,40.57,24139.15,Medium,Rail
SHP007513,SUP016,PRD006,WH06,2024-07-22,2024-08-11,2024-08-13,653,652,11,44.21,28869.13,High,Air
SHP007514,SUP003,PRD025,WH06,2025-10-23,2025-11-01,2025-10-31,928,913,23,41.13,38168.64,Low,Road
SHP007515,SUP010,PRD014,WH03,2025-02-07,2025-02-18,2025-02-16,541,541,6,139.26,75339.66,High,Rail
SHP007516,SUP015,PRD016,WH06,2024-04-12,2024-04-20,2024-04-18,905,890,38,127.76,115622.8,Low,Sea
SHP007517,SUP008,PRD001,WH06,2025-06-19,2025-06-28,2025-06-27,179,178,1,44.63,7988.77,Medium,Rail
SHP007518,SUP018,PRD011,WH06,2025-01-02,2025-01-21,2025-01-27,352,347,9,102.32,36016.64,Medium,Sea
SHP007519,SUP003,PRD020,WH06,2024-07-30,2024-08-09,2024-08-10,433,428,5,70.27,30426.91,Medium,Road
SHP007520,SUP007,PRD008,WH04,2025-07-30,2025-08-05,2025-08-06,453,446,7,82.3,37281.9,Medium,Road
SHP007521,SUP010,PRD004,WH05,2024-07-27,2024-08-09,2024-08-09,972,960,11,122.14,118720.08,High,Sea
SHP007522,SUP020,PRD011,WH05,2024-04-26,2024-05-05,2024-05-07,18,18,0,37.53,675.54,High,Rail
SHP007523,SUP009,PRD020,WH06,2025-09-19,2025-10-09,2025-10-08,582,577,5,84.54,49202.28,Low,Road
SHP007524,SUP014,PRD016,WH06,2025-04-22,2025-05-08,2025-05-15,558,554,22,131.32,73276.56,Medium,Road
SHP007525,SUP014,PRD012,WH01,2024-04-14,2024-04-21,2024-04-26,983,969,33,23.48,23080.84,Medium,Sea
SHP007526,SUP011,PRD001,WH01,2025-05-09,2025-05-27,2025-05-30,955,953,2,63.49,60632.95,Low,Rail
SHP007527,SUP001,PRD005,WH02,2024-02-15,2024-03-04,2024-03-04,740,729,8,119.47,88407.8,Medium,Rail
SHP007528,SUP004,PRD012,WH06,2024-11-26,2024-12-16,2024-12-16,150,150,4,59.82,8973.0,High,Sea
SHP007529,SUP006,PRD008,WH04,2024-08-03,2024-08-21,2024-08-21,11,11,0,108.07,1188.77,Low,Road
SHP007530,SUP005,PRD017,WH05,2025-05-06,2025-05-16,2025-05-15,421,416,6,149.78,63057.38,Low,Sea
SHP007531,SUP003,PRD011,WH05,2025-03-24,2025-03-31,2025-03-30,460,454,0,41.2,18952.0,Low,Rail
SHP007532,SUP002,PRD005,WH02,2025-06-19,2025-06-28,2025-07-02,445,443,12,78.39,34883.55,Low,Road
SHP007533,SUP003,PRD020,WH03,2025-05-25,2025-05-29,2025-05-28,870,870,27,12.78,11118.6,High,Sea
SHP007534,SUP009,PRD001,WH03,2025-04-02,2025-04-17,2025-04-18,428,424,1,101.61,43489.08,Low,Rail
SHP007535,SUP019,PRD005,WH01,2025-06-30,2025-07-12,2025-07-17,33,33,0,6.83,225.39,Medium,Road
SHP007536,SUP019,PRD011,WH05,2025-06-19,2025-07-09,2025-07-14,646,641,15,86.48,55866.08,Low,Road
SHP007537,SUP017,PRD016,WH01,2025-06-23,2025-07-10,2025-07-10,900,889,13,25.76,23184.0,Medium,Rail
SHP007538,SUP018,PRD025,WH05,2025-04-28,2025-05-12,2025-05-14,403,400,6,23.64,9526.92,High,Sea
SHP007539,SUP011,PRD014,WH04,2024-01-16,2024-01-20,2024-01-18,566,561,11,46.12,26103.92,High,Rail
SHP007540,SUP012,PRD004,WH03,2025-07-24,2025-08-13,2025-08-14,189,187,5,116.27,21975.03,Low,Rail
SHP007541,SUP003,PRD011,WH04,2024-08-30,2024-09-09,2024-09-08,549,549,12,10.69,5868.81,Medium,Sea
SHP007542,SUP018,PRD019,WH06,2024-07-25,2024-08-07,2024-08-09,49,49,0,10.86,532.14,High,Road
SHP007543,SUP006,PRD019,WH05,2024-09-27,2024-10-09,2024-10-08,238,236,1,142.2,33843.6,High,Rail
SHP007544,SUP007,PRD017,WH06,2024-04-24,2024-05-09,2024-05-12,296,292,4,8.08,2391.68,Low,Sea
SHP007545,SUP001,PRD025,WH02,2025-08-02,2025-08-16,2025-08-16,654,654,10,85.78,56100.12,Medium,Air
SHP007546,SUP006,PRD020,WH05,2024-10-25,2024-11-11,2024-11-12,451,448,0,57.44,25905.44,High,Road
SHP007547,SUP018,PRD008,WH02,2025-04-27,2025-05-10,2025-05-15,386,381,6,132.27,51056.22,High,Air
SHP007548,SUP013,PRD010,WH06,2025-01-31,2025-02-05,2025-02-06,594,584,20,127.32,75628.08,Low,Rail
SHP007549,SUP019,PRD013,WH01,2025-01-28,2025-02-16,2025-02-21,823,818,31,73.92,60836.16,Medium,Rail
SHP007550,SUP007,PRD010,WH03,2024-03-15,2024-04-04,2024-04-02,325,323,2,59.89,19464.25,Low,Sea
SHP007551,SUP019,PRD022,WH01,2025-04-26,2025-04-30,2025-05-01,101,101,4,79.58,8037.58,Low,Sea
SHP007552,SUP009,PRD010,WH06,2024-04-12,2024-04-17,2024-04-16,915,899,9,3.2,2928.0,Medium,Sea
SHP007553,SUP003,PRD011,WH04,2024-10-23,2024-11-02,2024-11-02,523,523,11,47.19,24680.37,Medium,Rail
SHP007554,SUP012,PRD004,WH01,2024-06-26,2024-07-13,2024-07-13,154,154,5,56.11,8640.94,Medium,Road
SHP007555,SUP020,PRD014,WH04,2024-08-02,2024-08-12,2024-08-15,585,581,19,14.63,8558.55,Medium,Road
SHP007556,SUP018,PRD005,WH03,2024-11-10,2024-11-16,2024-11-18,781,771,13,11.3,8825.3,High,Road
SHP007557,SUP008,PRD023,WH05,2024-02-08,2024-02-17,2024-02-17,39,39,0,5.19,202.41,Medium,Rail
SHP007558,SUP009,PRD023,WH06,2024-09-15,2024-10-05,2024-10-09,382,382,5,119.69,45721.58,Low,Sea
SHP007559,SUP013,PRD014,WH02,2024-01-07,2024-01-14,2024-01-18,389,389,8,84.03,32687.67,Medium,Road
SHP007560,SUP008,PRD009,WH06,2024-02-18,2024-03-05,2024-03-04,939,939,23,138.67,130211.13,Low,Sea
SHP007561,SUP010,PRD009,WH05,2025-06-21,2025-06-25,2025-06-27,314,310,0,82.47,25895.58,Medium,Rail
SHP007562,SUP017,PRD020,WH05,2024-06-09,2024-06-14,2024-06-14,869,858,20,146.73,127508.37,Low,Road
SHP007563,SUP007,PRD014,WH06,2024-06-24,2024-07-03,2024-07-03,789,786,0,107.2,84580.8,Medium,Road
SHP007564,SUP017,PRD023,WH04,2025-08-13,2025-08-21,2025-08-24,664,663,17,27.29,18120.56,Medium,Road
SHP007565,SUP018,PRD004,WH01,2024-01-02,2024-01-08,2024-01-14,261,258,8,65.53,17103.33,Low,Road
SHP007566,SUP002,PRD017,WH03,2025-03-30,2025-04-08,2025-04-06,456,454,15,82.9,37802.4,Low,Road
SHP007567,SUP003,PRD016,WH04,2025-10-05,2025-10-15,2025-10-13,531,530,7,106.02,56296.62,Low,Road
SHP007568,SUP019,PRD013,WH03,2024-10-02,2024-10-15,2024-10-16,93,93,2,46.99,4370.07,Medium,Rail
SHP007569,SUP001,PRD016,WH05,2025-05-12,2025-05-16,2025-05-14,458,453,5,98.37,45053.46,Low,Sea
SHP007570,SUP010,PRD007,WH01,2025-09-20,2025-10-07,2025-10-06,245,242,2,92.01,22542.45,Low,Road
SHP007571,SUP014,PRD022,WH05,2025-11-06,2025-11-26,2025-11-29,428,421,16,127.95,54762.6,Medium,Sea
SHP007572,SUP013,PRD010,WH06,2024-01-28,2024-02-05,2024-02-07,861,848,26,55.65,47914.65,Medium,Sea
SHP007573,SUP009,PRD009,WH01,2024-11-28,2024-12-07,2024-12-07,81,81,0,105.63,8556.03,Low,Sea
SHP007574,SUP006,PRD006,WH06,2024-01-01,2024-01-07,2024-01-10,579,571,3,35.72,20681.88,Medium,Sea
SHP007575,SUP006,PRD010,WH01,2024-07-06,2024-07-11,2024-07-13,233,233,3,133.6,31128.8,Low,Rail
SHP007576,SUP019,PRD012,WH01,2024-02-25,2024-03-07,2024-03-08,886,874,40,107.53,95271.58,Medium,Road
SHP007577,SUP010,PRD006,WH04,2025-06-30,2025-07-04,2025-07-06,692,690,15,76.44,52896.48,High,Sea
SHP007578,SUP003,PRD018,WH02,2024-04-21,2024-04-26,2024-04-27,906,905,23,134.91,122228.46,Medium,Road
SHP007579,SUP018,PRD015,WH05,2024-11-05,2024-11-13,2024-11-13,658,658,23,64.45,42408.1,Medium,Road
SHP007580,SUP019,PRD006,WH04,2024-02-05,2024-02-09,2024-02-09,72,72,1,146.15,10522.8,Medium,Road
SHP007581,SUP005,PRD008,WH02,2025-03-14,2025-03-22,2025-03-22,74,74,0,73.85,5464.9,Low,Road
SHP007582,SUP011,PRD014,WH02,2025-08-14,2025-09-02,2025-09-01,252,249,5,74.99,18897.48,Medium,Sea
SHP007583,SUP010,PRD006,WH06,2025-08-17,2025-08-31,2025-09-03,563,553,0,16.04,9030.52,Low,Road
SHP007584,SUP017,PRD017,WH03,2025-07-30,2025-08-02,2025-08-03,776,764,7,24.39,18926.64,Low,Road
SHP007585,SUP004,PRD013,WH04,2024-11-20,2024-12-09,2024-12-10,258,254,7,137.76,35542.08,Low,Road
SHP007586,SUP018,PRD021,WH01,2025-10-01,2025-10-05,2025-10-04,220,219,5,92.11,20264.2,High,Rail
SHP007587,SUP018,PRD024,WH01,2024-11-02,2024-11-20,2024-11-20,846,837,21,114.56,96917.76,Low,Sea
SHP007588,SUP001,PRD023,WH04,2025-06-17,2025-06-23,2025-06-21,536,528,0,139.8,74932.8,High,Road
SHP007589,SUP014,PRD021,WH06,2025-09-10,2025-09-20,2025-09-18,192,191,5,115.19,22116.48,Medium,Road
SHP007590,SUP008,PRD018,WH01,2024-04-18,2024-04-30,2024-04-29,256,252,5,35.57,9105.92,Medium,Road
SHP007591,SUP002,PRD015,WH01,2025-01-06,2025-01-09,2025-01-13,527,523,14,65.53,34534.31,Medium,Road
SHP007592,SUP019,PRD021,WH05,2024-12-22,2025-01-07,2025-01-08,729,728,34,138.07,100653.03,Medium,Road
SHP007593,SUP015,PRD009,WH06,2024-06-29,2024-07-07,2024-07-08,323,318,13,126.31,40798.13,Low,Rail
SHP007594,SUP002,PRD004,WH06,2024-12-21,2025-01-08,2025-01-13,776,776,14,79.31,61544.56,Low,Road
SHP007595,SUP004,PRD001,WH03,2025-11-06,2025-11-20,2025-11-25,365,359,0,21.06,7686.9,Low,Road
SHP007596,SUP001,PRD021,WH05,2024-03-08,2024-03-20,2024-03-20,81,81,2,129.96,10526.76,Medium,Sea
SHP007597,SUP019,PRD005,WH03,2024-10-18,2024-11-02,2024-11-07,264,264,8,38.03,10039.92,High,Air
SHP007598,SUP010,PRD013,WH05,2025-11-22,2025-12-04,2025-12-03,838,827,1,147.29,123429.02,High,Road
SHP007599,SUP001,PRD010,WH04,2024-06-29,2024-07-09,2024-07-07,67,67,0,41.67,2791.89,Medium,Road
SHP007600,SUP020,PRD006,WH06,2025-04-10,2025-04-30,2025-05-01,817,811,27,121.55,99306.35,Low,Rail
SHP007601,SUP015,PRD007,WH05,2025-03-09,2025-03-19,2025-03-20,126,126,4,11.4,1436.4,High,Road
SHP007602,SUP004,PRD014,WH01,2025-04-08,2025-04-23,2025-04-26,777,764,6,47.71,37070.67,High,Rail
SHP007603,SUP007,PRD004,WH06,2025-11-11,2025-11-29,2025-11-28,908,905,18,143.7,130479.6,Medium,Road
SHP007604,SUP007,PRD015,WH06,2025-06-17,2025-06-21,2025-06-19,600,596,7,5.41,3246.0,Medium,Rail
SHP007605,SUP018,PRD019,WH05,2024-03-06,2024-03-16,2024-03-17,879,878,32,130.28,114516.12,Low,Sea
SHP007606,SUP013,PRD014,WH06,2024-01-21,2024-01-24,2024-01-23,57,57,0,127.29,7255.53,High,Road
SHP007607,SUP010,PRD022,WH06,2025-09-03,2025-09-13,2025-09-15,200,198,4,145.75,29150.0,Medium,Sea
SHP007608,SUP008,PRD019,WH03,2025-01-18,2025-01-27,2025-01-30,394,392,2,7.35,2895.9,Low,Sea
SHP007609,SUP010,PRD025,WH04,2025-09-06,2025-09-21,2025-09-19,421,421,0,37.75,15892.75,Low,Road
SHP007610,SUP014,PRD020,WH03,2025-07-12,2025-07-27,2025-07-29,720,717,24,55.85,40212.0,Medium,Rail
SHP007611,SUP014,PRD015,WH05,2024-02-08,2024-02-12,2024-02-12,984,967,38,15.25,15006.0,Medium,Road
SHP007612,SUP020,PRD009,WH02,2024-10-11,2024-10-31,2024-10-29,854,847,25,16.28,13903.12,Medium,Road
SHP007613,SUP011,PRD002,WH06,2025-08-24,2025-09-05,2025-09-04,155,154,4,92.0,14260.0,Medium,Road
SHP007614,SUP006,PRD001,WH03,2025-08-19,2025-09-01,2025-09-02,755,747,0,45.86,34624.3,Medium,Road
SHP007615,SUP001,PRD011,WH01,2024-12-01,2024-12-04,2024-12-04,461,460,10,132.78,61211.58,Low,Sea
SHP007616,SUP019,PRD010,WH06,2024-07-06,2024-07-17,2024-07-18,671,668,17,22.72,15245.12,High,Road
SHP007617,SUP007,PRD024,WH05,2025-11-01,2025-11-04,2025-11-05,50,50,1,35.23,1761.5,Medium,Rail
SHP007618,SUP018,PRD012,WH06,2024-08-30,2024-09-19,2024-09-22,152,151,3,113.89,17311.28,Low,Road
SHP007619,SUP003,PRD017,WH04,2024-03-13,2024-03-29,2024-03-28,125,125,2,146.87,18358.75,Low,Rail
SHP007620,SUP020,PRD025,WH02,2025-04-23,2025-04-27,2025-04-28,554,545,17,133.42,73914.68,High,Sea
SHP007621,SUP011,PRD006,WH02,2025-07-14,2025-07-23,2025-07-24,445,442,0,131.23,58397.35,Low,Road
SHP007622,SUP005,PRD007,WH01,2024-04-10,2024-04-14,2024-04-13,16,16,0,47.65,762.4,High,Sea
SHP007623,SUP019,PRD002,WH04,2025-05-28,2025-06-07,2025-06-11,28,28,1,40.73,1140.44,Medium,Road
SHP007624,SUP002,PRD021,WH05,2024-06-24,2024-07-08,2024-07-08,604,595,14,137.08,82796.32,Medium,Rail
SHP007625,SUP004,PRD020,WH01,2024-08-25,2024-09-04,2024-09-02,220,217,2,53.42,11752.4,Low,Rail
SHP007626,SUP010,PRD022,WH04,2024-02-28,2024-03-11,2024-03-10,778,764,0,54.99,42782.22,Medium,Rail
SHP007627,SUP002,PRD009,WH05,2024-04-08,2024-04-23,2024-04-24,528,519,10,85.78,45291.84,High,Road
SHP007628,SUP008,PRD005,WH03,2025-05-09,2025-05-23,2025-05-25,764,764,14,91.44,69860.16,Low,Road
SHP007629,SUP001,PRD024,WH01,2025-05-28,2025-06-03,2025-06-03,824,820,8,122.09,100602.16,Low,Rail
SHP007630,SUP006,PRD020,WH04,2024-10-23,2024-10-29,2024-10-28,474,471,3,131.34,62255.16,Medium,Sea
SHP007631,SUP011,PRD024,WH03,2024-07-29,2024-08-07,2024-08-05,810,805,27,30.35,24583.5,Low,Rail
SHP007632,SUP010,PRD025,WH05,2024-05-02,2024-05-19,2024-05-17,856,853,3,33.14,28367.84,High,Road
SHP007633,SUP013,PRD006,WH03,2024-08-16,2024-09-01,2024-09-02,378,374,11,59.51,22494.78,Medium,Rail
SHP007634,SUP001,PRD003,WH03,2025-08-16,2025-08-25,2025-08-24,818,815,31,87.05,71206.9,Medium,Road
SHP007635,SUP002,PRD024,WH05,2025-10-17,2025-10-23,2025-10-22,366,366,9,50.22,18380.52,Low,Road
SHP007636,SUP003,PRD023,WH02,2025-01-22,2025-01-25,2025-01-26,378,373,6,12.93,4887.54,Medium,Road
SHP007637,SUP009,PRD007,WH05,2024-05-19,2024-05-31,2024-05-29,785,779,1,16.74,13140.9,Medium,Road
SHP007638,SUP005,PRD023,WH02,2025-06-24,2025-07-02,2025-06-30,852,849,2,133.07,113375.64,High,Rail
SHP007639,SUP010,PRD019,WH03,2025-01-25,2025-02-13,2025-02-11,692,689,14,45.56,31527.52,Low,Rail
SHP007640,SUP010,PRD025,WH03,2024-09-26,2024-10-12,2024-10-13,181,181,0,85.29,15437.49,Medium,Road
SHP007641,SUP012,PRD005,WH05,2024-01-12,2024-01-26,2024-01-28,521,516,10,2.81,1464.01,High,Rail
SHP007642,SUP018,PRD005,WH05,2025-01-23,2025-02-11,2025-02-12,807,806,16,58.8,47451.6,Low,Road
SHP007643,SUP001,PRD023,WH03,2024-12-02,2024-12-13,2024-12-13,764,761,10,120.36,91955.04,Low,Road
SHP007644,SUP003,PRD019,WH02,2025-05-20,2025-06-02,2025-06-01,369,366,0,93.71,34578.99,Medium,Road
SHP007645,SUP005,PRD002,WH02,2024-04-15,2024-05-04,2024-05-02,979,974,0,43.31,42400.49,Medium,Rail
SHP007646,SUP017,PRD003,WH02,2024-02-01,2024-02-04,2024-02-02,828,816,12,98.31,81400.68,High,Road
SHP007647,SUP008,PRD003,WH03,2024-03-14,2024-04-03,2024-04-03,95,95,1,81.6,7752.0,Medium,Air
SHP007648,SUP017,PRD010,WH03,2024-06-19,2024-06-28,2024-07-04,483,481,9,88.18,42590.94,Medium,Road
SHP007649,SUP009,PRD020,WH03,2024-03-09,2024-03-25,2024-03-25,185,183,2,57.69,10672.65,High,Road
SHP007650,SUP006,PRD022,WH03,2024-12-27,2024-12-31,2024-12-29,789,787,0,19.66,15511.74,High,Road
SHP007651,SUP017,PRD017,WH04,2025-10-10,2025-10-28,2025-10-30,724,714,12,108.91,78850.84,High,Sea
SHP007652,SUP008,PRD002,WH06,2025-03-08,2025-03-11,2025-03-10,718,715,28,89.89,64541.02,Low,Sea
SHP007653,SUP007,PRD002,WH01,2024-04-09,2024-04-26,2024-04-24,753,752,17,103.02,77574.06,Medium,Road
SHP007654,SUP007,PRD025,WH03,2025-10-19,2025-10-23,2025-10-24,494,494,3,95.94,47394.36,Medium,Road
SHP007655,SUP015,PRD016,WH06,2024-01-09,2024-01-14,2024-01-18,292,291,8,126.43,36917.56,Low,Rail
SHP007656,SUP007,PRD011,WH04,2025-07-27,2025-08-15,2025-08-17,268,264,5,119.6,32052.8,Medium,Sea
SHP007657,SUP008,PRD003,WH04,2025-11-27,2025-12-09,2025-12-11,664,658,5,66.5,44156.0,Medium,Sea
SHP007658,SUP009,PRD004,WH03,2024-01-29,2024-02-09,2024-02-10,674,664,6,145.18,97851.32,Medium,Road
SHP007659,SUP015,PRD009,WH02,2024-04-23,2024-05-01,2024-05-04,51,51,2,110.9,5655.9,Medium,Rail
SHP007660,SUP002,PRD011,WH06,2025-04-06,2025-04-13,2025-04-14,513,504,14,10.04,5150.52,Medium,Rail
SHP007661,SUP007,PRD004,WH04,2024-05-22,2024-06-07,2024-06-08,823,821,24,103.54,85213.42,Medium,Sea
SHP007662,SUP015,PRD019,WH02,2025-01-24,2025-02-05,2025-02-09,529,522,14,82.16,43462.64,Medium,Rail
SHP007663,SUP018,PRD012,WH02,2025-09-23,2025-10-11,2025-10-12,931,921,19,95.09,88528.79,Medium,Sea
SHP007664,SUP018,PRD021,WH03,2025-11-12,2025-11-29,2025-12-02,806,799,24,18.12,14604.72,Medium,Rail
SHP007665,SUP010,PRD008,WH06,2024-06-05,2024-06-24,2024-06-24,67,67,0,139.56,9350.52,Low,Rail
SHP007666,SUP018,PRD017,WH01,2024-11-30,2024-12-20,2024-12-20,467,461,8,139.56,65174.52,Medium,Road
SHP007667,SUP001,PRD016,WH02,2024-09-16,2024-09-27,2024-09-28,933,916,5,99.14,92497.62,Low,Road
SHP007668,SUP007,PRD025,WH03,2024-03-22,2024-04-02,2024-03-31,346,346,4,71.14,24614.44,High,Road
SHP007669,SUP003,PRD015,WH06,2025-03-16,2025-04-05,2025-04-04,828,814,16,7.18,5945.04,High,Rail
SHP007670,SUP014,PRD011,WH03,2024-06-20,2024-06-27,2024-06-28,777,770,2,133.88,104024.76,High,Road
SHP007671,SUP012,PRD020,WH06,2024-08-18,2024-08-30,2024-09-01,149,148,3,76.81,11444.69,Low,Rail
SHP007672,SUP014,PRD010,WH03,2024-03-15,2024-04-01,2024-04-04,591,586,23,81.64,48249.24,Medium,Rail
SHP007673,SUP004,PRD007,WH05,2024-09-26,2024-09-30,2024-10-01,848,839,0,114.12,96773.76,Medium,Rail
SHP007674,SUP013,PRD025,WH04,2025-09-17,2025-09-29,2025-10-02,849,842,20,43.15,36634.35,Medium,Road
SHP007675,SUP016,PRD014,WH02,2024-03-02,2024-03-18,2024-03-21,740,733,13,103.37,76493.8,Low,Road
SHP007676,SUP016,PRD011,WH06,2024-11-15,2024-12-05,2024-12-05,520,517,10,19.87,10332.4,Medium,Rail
SHP007677,SUP005,PRD002,WH06,2024-04-11,2024-04-29,2024-04-27,838,827,9,94.91,79534.58,Medium,Air
SHP007678,SUP020,PRD014,WH05,2025-03-04,2025-03-12,2025-03-19,109,108,2,31.37,3419.33,Low,Rail
SHP007679,SUP006,PRD005,WH01,2024-09-11,2024-09-23,2024-09-21,213,211,1,89.57,19078.41,High,Road
SHP007680,SUP006,PRD010,WH04,2025-06-15,2025-07-01,2025-06-29,522,515,0,24.01,12533.22,Low,Air
SHP007681,SUP018,PRD004,WH01,2025-07-23,2025-08-11,2025-08-11,85,85,2,69.25,5886.25,Medium,Air
SHP007682,SUP006,PRD009,WH04,2024-04-21,2024-05-05,2024-05-03,687,676,3,57.88,39763.56,Medium,Road
SHP007683,SUP007,PRD023,WH02,2024-11-08,2024-11-21,2024-11-22,959,946,22,44.1,42291.9,Low,Road
SHP007684,SUP016,PRD014,WH05,2025-04-05,2025-04-10,2025-04-10,375,373,12,15.72,5895.0,Medium,Air
SHP007685,SUP009,PRD016,WH02,2025-04-06,2025-04-22,2025-04-21,477,476,6,57.31,27336.87,Medium,Sea
SHP007686,SUP013,PRD001,WH02,2024-04-01,2024-04-17,2024-04-22,743,736,10,82.68,61431.24,Low,Sea
SHP007687,SUP012,PRD014,WH03,2024-02-21,2024-03-08,2024-03-09,372,366,11,129.49,48170.28,Medium,Road
SHP007688,SUP019,PRD006,WH03,2025-06-03,2025-06-13,2025-06-23,744,732,19,60.37,44915.28,High,Rail
SHP007689,SUP001,PRD024,WH06,2024-04-07,2024-04-16,2024-04-16,154,153,2,128.94,19856.76,High,Rail
SHP007690,SUP008,PRD021,WH06,2024-08-23,2024-09-02,2024-08-31,918,914,14,145.78,133826.04,Low,Road
SHP007691,SUP004,PRD022,WH04,2025-01-08,2025-01-12,2025-01-14,329,327,11,65.16,21437.64,Medium,Road
SHP007692,SUP019,PRD001,WH05,2025-08-03,2025-08-06,2025-08-07,479,477,17,149.61,71663.19,Low,Road
SHP007693,SUP005,PRD020,WH01,2025-07-10,2025-07-23,2025-07-28,229,228,4,9.9,2267.1,High,Rail
SHP007694,SUP017,PRD014,WH02,2025-10-10,2025-10-13,2025-10-18,847,835,25,73.3,62085.1,Low,Road
SHP007695,SUP003,PRD001,WH05,2024-08-21,2024-09-09,2024-09-09,238,237,1,121.24,28855.12,Low,Road
SHP007696,SUP019,PRD021,WH03,2024-02-01,2024-02-18,2024-02-24,431,429,17,53.4,23015.4,Medium,Rail
SHP007697,SUP001,PRD020,WH02,2024-10-15,2024-10-31,2024-10-31,681,675,0,2.64,1797.84,Medium,Road
SHP007698,SUP001,PRD011,WH02,2025-09-29,2025-10-03,2025-10-05,474,470,10,69.98,33170.52,Medium,Road
SHP007699,SUP020,PRD019,WH04,2025-08-01,2025-08-13,2025-08-13,313,308,3,71.57,22401.41,Medium,Air
SHP007700,SUP009,PRD012,WH06,2025-06-25,2025-07-14,2025-07-17,365,362,3,36.34,13264.1,Medium,Road
SHP007701,SUP005,PRD023,WH01,2024-04-23,2024-05-09,2024-05-12,219,217,1,27.47,6015.93,Medium,Rail
SHP007702,SUP007,PRD008,WH01,2024-07-22,2024-08-09,2024-08-08,462,457,0,66.64,30787.68,High,Road
SHP007703,SUP006,PRD004,WH03,2024-01-29,2024-02-11,2024-02-10,428,422,0,89.08,38126.24,Medium,Sea
SHP007704,SUP017,PRD003,WH01,2025-10-04,2025-10-10,2025-10-12,599,592,10,33.18,19874.82,Medium,Sea
SHP007705,SUP017,PRD006,WH03,2025-04-18,2025-05-08,2025-05-09,850,847,13,109.16,92786.0,Low,Road
SHP007706,SUP013,PRD015,WH06,2025-11-27,2025-12-03,2025-12-03,813,800,18,23.31,18951.03,Medium,Road
SHP007707,SUP012,PRD003,WH01,2024-09-09,2024-09-20,2024-09-24,157,156,4,45.97,7217.29,Medium,Sea
SHP007708,SUP004,PRD011,WH04,2025-01-20,2025-02-07,2025-02-07,999,991,28,76.22,76143.78,Low,Road
SHP007709,SUP008,PRD005,WH02,2024-03-02,2024-03-09,2024-03-09,945,944,15,131.3,124078.5,Medium,Road
SHP007710,SUP005,PRD008,WH01,2025-05-29,2025-06-12,2025-06-13,407,405,0,64.89,26410.23,Medium,Rail
SHP007711,SUP005,PRD015,WH05,2025-03-05,2025-03-22,2025-03-23,27,27,0,148.73,4015.71,Low,Road
SHP007712,SUP013,PRD011,WH01,2025-08-02,2025-08-16,2025-08-17,197,195,7,90.72,17871.84,Low,Rail
SHP007713,SUP011,PRD004,WH02,2025-06-20,2025-07-02,2025-07-03,347,347,5,23.46,8140.62,Medium,Rail
SHP007714,SUP008,PRD017,WH06,2025-11-21,2025-11-28,2025-11-29,749,742,19,20.16,15099.84,Medium,Sea
SHP007715,SUP008,PRD006,WH06,2024-05-20,2024-05-29,2024-05-30,927,911,0,6.44,5969.88,Medium,Road
SHP007716,SUP001,PRD008,WH02,2024-10-26,2024-11-13,2024-11-11,938,924,6,35.52,33317.76,Low,Road
SHP007717,SUP013,PRD013,WH04,2025-11-05,2025-11-16,2025-11-20,980,967,14,8.99,8810.2,Medium,Rail
SHP007718,SUP005,PRD016,WH01,2024-11-06,2024-11-24,2024-11-23,262,260,0,36.52,9568.24,Medium,Road
SHP007719,SUP008,PRD013,WH02,2025-04-15,2025-05-03,2025-05-06,169,169,4,17.0,2873.0,Low,Rail
SHP007720,SUP017,PRD013,WH06,2025-01-27,2025-02-07,2025-02-10,475,472,7,38.9,18477.5,High,Road
SHP007721,SUP013,PRD013,WH06,2025-10-03,2025-10-08,2025-10-08,218,218,3,47.99,10461.82,Medium,Rail
SHP007722,SUP009,PRD010,WH06,2025-03-20,2025-03-29,2025-03-29,80,80,2,3.44,275.2,High,Rail
SHP007723,SUP002,PRD023,WH04,2024-06-20,2024-06-26,2024-06-25,38,38,0,145.23,5518.74,High,Rail
SHP007724,SUP019,PRD019,WH05,2025-07-29,2025-08-13,2025-08-15,788,776,34,14.66,11552.08,Low,Road
SHP007725,SUP020,PRD023,WH04,2024-01-31,2024-02-18,2024-02-20,388,386,11,35.87,13917.56,Low,Air
SHP007726,SUP017,PRD025,WH06,2024-02-16,2024-02-25,2024-02-26,948,941,22,141.89,134511.72,Low,Road
SHP007727,SUP007,PRD017,WH02,2024-05-09,2024-05-16,2024-05-21,540,537,0,79.78,43081.2,Medium,Rail
SHP007728,SUP003,PRD015,WH01,2024-12-17,2024-12-23,2024-12-23,251,248,2,119.81,30072.31,Low,Road
SHP007729,SUP019,PRD010,WH04,2025-09-13,2025-09-26,2025-09-30,227,224,11,73.46,16675.42,Low,Road
SHP007730,SUP019,PRD013,WH06,2025-08-03,2025-08-10,2025-08-12,475,472,21,84.4,40090.0,Low,Road
SHP007731,SUP009,PRD016,WH02,2024-02-27,2024-03-12,2024-03-13,90,90,0,58.13,5231.7,Medium,Air
SHP007732,SUP010,PRD002,WH06,2024-04-15,2024-04-25,2024-04-26,91,91,0,22.09,2010.19,Low,Road
SHP007733,SUP014,PRD018,WH04,2024-11-25,2024-11-30,2024-12-01,944,931,22,16.47,15547.68,Medium,Sea
SHP007734,SUP018,PRD016,WH04,2025-11-13,2025-11-17,2025-11-17,742,737,9,30.92,22942.64,High,Road
SHP007735,SUP015,PRD020,WH02,2025-01-17,2025-01-24,2025-01-23,979,973,42,44.54,43604.66,Medium,Road
SHP007736,SUP001,PRD009,WH04,2024-06-10,2024-06-13,2024-06-13,600,596,6,141.24,84744.0,Low,Rail
SHP007737,SUP006,PRD001,WH01,2024-10-12,2024-10-29,2024-10-28,818,804,0,55.03,45014.54,High,Road
SHP007738,SUP015,PRD016,WH06,2024-03-11,2024-03-14,2024-03-16,353,347,9,22.46,7928.38,Medium,Rail
SHP007739,SUP006,PRD001,WH02,2025-03-29,2025-04-13,2025-04-13,554,550,0,73.7,40829.8,Low,Road
SHP007740,SUP018,PRD023,WH03,2025-07-20,2025-07-29,2025-07-31,574,569,15,91.31,52411.94,Medium,Road
SHP007741,SUP001,PRD021,WH06,2025-01-31,2025-02-09,2025-02-10,682,676,4,88.05,60050.1,Medium,Road
SHP007742,SUP003,PRD018,WH06,2025-05-29,2025-06-14,2025-06-17,590,580,10,147.06,86765.4,Low,Sea
SHP007743,SUP017,PRD022,WH05,2024-01-26,2024-02-15,2024-02-14,412,410,9,96.83,39893.96,Low,Rail
SHP007744,SUP016,PRD011,WH03,2024-11-08,2024-11-27,2024-11-25,424,418,12,112.83,47839.92,Low,Road
SHP007745,SUP008,PRD001,WH04,2024-05-05,2024-05-25,2024-05-26,506,503,0,79.29,40120.74,Medium,Rail
SHP007746,SUP017,PRD015,WH02,2025-02-11,2025-02-15,2025-02-21,197,197,6,73.48,14475.56,Low,Road
SHP007747,SUP008,PRD007,WH04,2025-07-18,2025-07-26,2025-07-25,649,641,5,142.52,92495.48,Low,Rail
SHP007748,SUP017,PRD021,WH04,2024-07-16,2024-08-03,2024-08-05,490,484,4,3.81,1866.9,Medium,Road
SHP007749,SUP009,PRD009,WH06,2024-07-06,2024-07-09,2024-07-07,638,629,16,14.45,9219.1,High,Road
SHP007750,SUP012,PRD009,WH06,2025-11-28,2025-12-01,2025-12-06,537,529,15,124.23,66711.51,Medium,Rail
SHP007751,SUP019,PRD016,WH05,2025-04-28,2025-05-09,2025-05-14,574,573,18,139.14,79866.36,Low,Air
SHP007752,SUP004,PRD020,WH01,2025-03-25,2025-03-29,2025-03-31,725,725,2,66.15,47958.75,Medium,Rail
SHP007753,SUP011,PRD023,WH01,2025-06-06,2025-06-09,2025-06-09,476,471,16,35.23,16769.48,Low,Road
SHP007754,SUP004,PRD024,WH05,2024-12-19,2024-12-24,2024-12-25,30,30,0,20.88,626.4,Medium,Road
SHP007755,SUP014,PRD018,WH03,2025-10-19,2025-11-08,2025-11-11,718,706,9,110.62,79425.16,Medium,Road
SHP007756,SUP014,PRD011,WH04,2025-08-19,2025-09-03,2025-09-05,593,584,33,36.64,21727.52,High,Road
SHP007757,SUP006,PRD021,WH04,2024-04-09,2024-04-29,2024-04-29,875,859,20,7.49,6553.75,Medium,Rail
SHP007758,SUP017,PRD005,WH05,2025-09-07,2025-09-15,2025-09-15,56,56,2,138.9,7778.4,Medium,Rail
SHP007759,SUP002,PRD013,WH04,2025-07-11,2025-07-28,2025-08-01,772,766,20,91.67,70769.24,Medium,Road
SHP007760,SUP008,PRD023,WH05,2025-07-09,2025-07-26,2025-07-29,594,586,14,27.99,16626.06,High,Road
SHP007761,SUP004,PRD008,WH04,2024-10-04,2024-10-07,2024-10-05,28,28,0,89.3,2500.4,Medium,Road
SHP007762,SUP010,PRD002,WH06,2025-11-23,2025-12-11,2025-12-10,644,634,8,3.87,2492.28,Low,Road
SHP007763,SUP007,PRD017,WH04,2025-11-29,2025-12-12,2025-12-11,859,848,0,77.42,66503.78,Medium,Road
SHP007764,SUP004,PRD003,WH04,2025-09-17,2025-10-05,2025-10-09,801,796,10,41.52,33257.52,Medium,Road
SHP007765,SUP016,PRD014,WH02,2025-05-05,2025-05-16,2025-05-18,865,854,25,98.67,85349.55,Medium,Road
SHP007766,SUP014,PRD024,WH04,2024-09-11,2024-09-22,2024-09-23,318,317,6,142.59,45343.62,Low,Sea
SHP007767,SUP016,PRD022,WH02,2025-01-15,2025-01-25,2025-01-27,686,686,13,102.19,70102.34,Low,Air
SHP007768,SUP009,PRD013,WH01,2025-06-25,2025-07-09,2025-07-09,662,651,14,91.12,60321.44,Medium,Road
SHP007769,SUP004,PRD005,WH06,2024-09-20,2024-09-28,2024-09-28,858,843,26,50.09,42977.22,Low,Road
SHP007770,SUP006,PRD023,WH05,2025-09-01,2025-09-06,2025-09-04,722,716,10,121.67,87845.74,Medium,Rail
SHP007771,SUP001,PRD021,WH02,2024-11-24,2024-12-12,2024-12-13,774,774,14,28.44,22012.56,Medium,Rail
SHP007772,SUP007,PRD013,WH05,2024-04-24,2024-05-09,2024-05-08,341,338,3,7.12,2427.92,Low,Rail
SHP007773,SUP001,PRD018,WH01,2024-10-02,2024-10-08,2024-10-12,984,966,0,73.2,72028.8,Medium,Road
SHP007774,SUP019,PRD012,WH03,2025-05-02,2025-05-10,2025-05-16,190,188,7,70.91,13472.9,Medium,Rail
SHP007775,SUP008,PRD020,WH03,2024-10-07,2024-10-19,2024-10-19,602,602,8,117.01,70440.02,Medium,Road
SHP007776,SUP003,PRD023,WH02,2024-10-01,2024-10-20,2024-10-20,548,547,6,73.02,40014.96,High,Road
SHP007777,SUP001,PRD024,WH04,2024-11-23,2024-12-12,2024-12-10,30,30,0,28.26,847.8,Low,Road
SHP007778,SUP001,PRD019,WH03,2024-07-29,2024-08-04,2024-08-05,15,15,0,4.47,67.05,Medium,Sea
SHP007779,SUP007,PRD020,WH01,2025-07-05,2025-07-15,2025-07-13,46,46,0,42.33,1947.18,Low,Road
SHP007780,SUP013,PRD016,WH02,2024-01-26,2024-02-04,2024-02-06,445,443,11,38.83,17279.35,Low,Road
SHP007781,SUP001,PRD004,WH01,2024-01-27,2024-01-31,2024-02-02,42,42,0,28.06,1178.52,Medium,Road
SHP007782,SUP016,PRD014,WH03,2024-03-23,2024-04-03,2024-04-05,587,582,16,43.73,25669.51,Medium,Road
SHP007783,SUP014,PRD005,WH06,2025-11-12,2025-11-18,2025-11-18,936,936,26,77.37,72418.32,Low,Rail
SHP007784,SUP004,PRD011,WH03,2025-02-16,2025-03-05,2025-03-05,717,705,16,24.6,17638.2,High,Road
SHP007785,SUP012,PRD001,WH05,2024-06-15,2024-06-27,2024-06-29,151,150,4,120.38,18177.38,High,Rail
SHP007786,SUP012,PRD023,WH06,2025-11-30,2025-12-15,2025-12-14,997,985,23,9.55,9521.35,High,Rail
SHP007787,SUP017,PRD020,WH05,2024-06-17,2024-06-25,2024-06-23,298,295,8,20.75,6183.5,Medium,Sea
SHP007788,SUP015,PRD008,WH05,2024-08-16,2024-08-28,2024-08-28,306,306,14,28.63,8760.78,Medium,Road
SHP007789,SUP010,PRD005,WH05,2025-08-31,2025-09-12,2025-09-13,774,772,12,145.38,112524.12,Low,Road
SHP007790,SUP003,PRD005,WH01,2025-01-01,2025-01-19,2025-01-20,54,54,0,61.67,3330.18,Medium,Road
SHP007791,SUP020,PRD003,WH03,2025-06-11,2025-06-25,2025-06-30,192,191,2,84.12,16151.04,Low,Road
SHP007792,SUP020,PRD020,WH04,2025-10-08,2025-10-18,2025-10-20,229,228,6,137.77,31549.33,Low,Road
SHP007793,SUP012,PRD023,WH01,2025-06-21,2025-07-02,2025-07-01,718,715,8,146.03,104849.54,Medium,Road
SHP007794,SUP001,PRD010,WH01,2025-06-07,2025-06-14,2025-06-15,279,277,2,102.82,28686.78,High,Rail
SHP007795,SUP001,PRD025,WH02,2024-03-12,2024-03-28,2024-03-30,579,573,2,98.42,56985.18,Low,Rail
SHP007796,SUP010,PRD011,WH03,2025-10-06,2025-10-09,2025-10-12,100,100,1,113.63,11363.0,Medium,Sea
SHP007797,SUP018,PRD007,WH05,2024-04-15,2024-04-25,2024-04-27,362,359,18,143.17,51827.54,High,Road
SHP007798,SUP015,PRD016,WH06,2025-11-19,2025-11-23,2025-11-24,860,852,54,52.76,45373.6,Medium,Sea
SHP007799,SUP002,PRD009,WH02,2024-10-08,2024-10-24,2024-10-23,984,972,40,9.89,9731.76,Medium,Road
SHP007800,SUP017,PRD012,WH06,2024-05-12,2024-05-17,2024-05-15,620,612,17,123.04,76284.8,Medium,Rail
SHP007801,SUP008,PRD007,WH06,2025-06-17,2025-06-20,2025-06-24,86,86,1,73.4,6312.4,Low,Road
SHP007802,SUP009,PRD008,WH06,2024-09-25,2024-10-09,2024-10-07,760,747,8,30.93,23506.8,Low,Road
SHP007803,SUP020,PRD019,WH05,2025-02-15,2025-02-21,2025-02-25,201,200,3,14.52,2918.52,Low,Road
SHP007804,SUP011,PRD015,WH04,2025-11-03,2025-11-09,2025-11-08,170,170,3,77.02,13093.4,Low,Road
SHP007805,SUP006,PRD002,WH01,2025-09-10,2025-09-30,2025-10-01,571,569,10,40.13,22914.23,Low,Road
SHP007806,SUP014,PRD013,WH04,2024-01-18,2024-01-28,2024-01-27,144,144,6,40.35,5810.4,Low,Road
SHP007807,SUP001,PRD015,WH03,2024-04-26,2024-05-13,2024-05-12,445,442,6,102.6,45657.0,Low,Sea
SHP007808,SUP007,PRD011,WH05,2024-05-23,2024-06-09,2024-06-08,646,637,8,69.33,44787.18,Medium,Air
SHP007809,SUP009,PRD018,WH06,2025-07-04,2025-07-23,2025-07-26,571,568,1,72.71,41517.41,Low,Road
SHP007810,SUP011,PRD003,WH02,2025-10-27,2025-11-10,2025-11-10,944,939,9,127.01,119897.44,Medium,Sea
SHP007811,SUP016,PRD018,WH06,2025-11-18,2025-11-30,2025-12-02,798,791,19,53.67,42828.66,Low,Road
SHP007812,SUP019,PRD024,WH05,2025-02-25,2025-03-08,2025-03-11,32,32,1,140.24,4487.68,High,Road
SHP007813,SUP002,PRD023,WH05,2025-01-03,2025-01-21,2025-01-23,651,639,21,68.87,44834.37,Medium,Road
SHP007814,SUP015,PRD021,WH04,2025-10-07,2025-10-20,2025-10-20,657,656,31,69.14,45424.98,Medium,Road
SHP007815,SUP003,PRD014,WH05,2025-07-11,2025-07-19,2025-07-18,394,393,5,118.98,46878.12,Low,Sea
SHP007816,SUP004,PRD008,WH06,2024-02-19,2024-02-23,2024-02-25,902,891,9,111.08,100194.16,Medium,Rail
SHP007817,SUP020,PRD025,WH05,2025-11-08,2025-11-22,2025-11-24,856,853,29,51.97,44486.32,Low,Sea
SHP007818,SUP007,PRD018,WH03,2024-04-15,2024-04-23,2024-04-24,476,471,6,5.11,2432.36,High,Road
SHP007819,SUP012,PRD023,WH03,2024-08-03,2024-08-21,2024-08-21,368,368,7,39.17,14414.56,Medium,Rail
SHP007820,SUP004,PRD025,WH05,2025-10-19,2025-10-26,2025-10-25,326,321,3,59.71,19465.46,Medium,Road
SHP007821,SUP010,PRD016,WH04,2025-02-28,2025-03-03,2025-03-04,116,115,1,113.97,13220.52,Low,Rail
SHP007822,SUP006,PRD005,WH03,2024-03-12,2024-03-24,2024-03-28,966,950,10,54.74,52878.84,Medium,Rail
SHP007823,SUP014,PRD007,WH02,2025-03-21,2025-04-09,2025-04-12,973,967,34,50.31,48951.63,Medium,Road
SHP007824,SUP003,PRD025,WH06,2024-07-04,2024-07-23,2024-07-24,923,916,19,13.11,12100.53,Medium,Road
SHP007825,SUP017,PRD022,WH03,2024-03-10,2024-03-15,2024-03-16,632,625,13,69.41,43867.12,Medium,Road
SHP007826,SUP011,PRD009,WH06,2024-05-29,2024-06-05,2024-06-06,288,285,4,91.95,26481.6,Medium,Road
SHP007827,SUP010,PRD013,WH04,2024-09-02,2024-09-14,2024-09-15,337,337,2,60.67,20445.79,Low,Road
SHP007828,SUP010,PRD004,WH06,2025-06-21,2025-07-10,2025-07-13,428,425,0,9.5,4066.0,Medium,Sea
SHP007829,SUP010,PRD024,WH05,2025-10-13,2025-10-25,2025-10-24,78,78,0,134.31,10476.18,High,Road
SHP007830,SUP003,PRD007,WH05,2024-04-08,2024-04-20,2024-04-18,157,157,4,125.38,19684.66,Medium,Rail
SHP007831,SUP015,PRD014,WH01,2024-10-04,2024-10-14,2024-10-14,449,445,17,100.48,45115.52,Low,Rail
SHP007832,SUP017,PRD018,WH05,2025-07-16,2025-07-24,2025-07-27,469,468,5,65.57,30752.33,High,Road
SHP007833,SUP018,PRD023,WH01,2025-10-24,2025-10-30,2025-11-05,217,215,6,143.98,31243.66,High,Air
SHP007834,SUP019,PRD010,WH03,2025-03-30,2025-04-18,2025-04-20,293,289,9,26.62,7799.66,Low,Rail
SHP007835,SUP019,PRD024,WH06,2024-04-13,2024-04-20,2024-04-27,604,602,18,2.98,1799.92,Low,Road
SHP007836,SUP012,PRD021,WH02,2025-08-23,2025-09-02,2025-09-04,966,950,36,86.33,83394.78,Low,Sea
SHP007837,SUP005,PRD014,WH04,2025-10-14,2025-10-31,2025-11-02,847,835,0,88.15,74663.05,Medium,Road
SHP007838,SUP016,PRD019,WH06,2024-08-20,2024-09-06,2024-09-06,125,124,1,3.22,402.5,High,Air
SHP007839,SUP015,PRD005,WH06,2025-01-28,2025-02-05,2025-02-08,250,247,9,49.54,12385.0,Low,Sea
SHP007840,SUP015,PRD019,WH04,2025-05-15,2025-05-30,2025-06-02,567,560,31,102.75,58259.25,Medium,Rail
SHP007841,SUP006,PRD019,WH03,2025-11-25,2025-12-08,2025-12-08,504,497,3,137.34,69219.36,Low,Road
SHP007842,SUP012,PRD021,WH06,2024-09-07,2024-09-27,2024-09-28,906,896,37,47.46,42998.76,Medium,Rail
SHP007843,SUP002,PRD016,WH05,2025-06-04,2025-06-21,2025-06-25,389,384,4,27.45,10678.05,High,Road
SHP007844,SUP020,PRD003,WH02,2024-03-19,2024-03-24,2024-03-23,144,144,5,133.93,19285.92,Medium,Road
SHP007845,SUP009,PRD004,WH01,2024-02-21,2024-03-04,2024-03-02,87,87,0,105.86,9209.82,High,Sea
SHP007846,SUP004,PRD021,WH03,2024-08-13,2024-09-02,2024-09-01,194,192,4,48.34,9377.96,Low,Sea
SHP007847,SUP005,PRD006,WH04,2024-02-20,2024-02-28,2024-02-26,912,901,0,138.57,126375.84,Low,Sea
SHP007848,SUP008,PRD020,WH04,2024-07-04,2024-07-22,2024-07-24,959,952,28,110.2,105681.8,Medium,Road
SHP007849,SUP010,PRD021,WH02,2024-02-03,2024-02-20,2024-02-20,708,698,5,134.71,95374.68,Medium,Road
SHP007850,SUP007,PRD014,WH02,2024-05-10,2024-05-16,2024-05-17,138,138,1,15.54,2144.52,Low,Road
SHP007851,SUP014,PRD020,WH06,2025-09-23,2025-10-12,2025-10-13,120,119,3,57.39,6886.8,Low,Rail
SHP007852,SUP005,PRD021,WH04,2025-03-18,2025-03-26,2025-03-27,341,339,0,10.19,3474.79,Medium,Sea
SHP007853,SUP016,PRD012,WH02,2025-03-07,2025-03-11,2025-03-13,329,327,5,8.67,2852.43,Low,Road
SHP007854,SUP015,PRD003,WH03,2025-05-11,2025-05-24,2025-05-29,231,230,7,4.0,924.0,High,Road
SHP007855,SUP005,PRD016,WH03,2025-02-06,2025-02-21,2025-02-19,811,798,4,17.29,14022.19,Low,Sea
SHP007856,SUP003,PRD018,WH01,2024-11-18,2024-11-30,2024-11-30,47,47,1,16.2,761.4,Low,Rail
SHP007857,SUP010,PRD008,WH02,2024-07-28,2024-08-09,2024-08-09,870,860,3,52.9,46023.0,High,Sea
SHP007858,SUP005,PRD020,WH04,2025-09-06,2025-09-09,2025-09-07,375,371,11,9.42,3532.5,Medium,Road
SHP007859,SUP015,PRD007,WH04,2024-11-24,2024-12-10,2024-12-13,327,323,14,69.71,22795.17,Medium,Road
SHP007860,SUP018,PRD017,WH06,2025-01-06,2025-01-14,2025-01-16,799,798,8,27.61,22060.39,High,Air
SHP007861,SUP008,PRD020,WH04,2025-04-04,2025-04-17,2025-04-19,667,655,14,6.94,4628.98,Low,Road
SHP007862,SUP002,PRD004,WH06,2024-05-12,2024-05-20,2024-05-19,37,37,0,4.08,150.96,Medium,Sea
SHP007863,SUP008,PRD013,WH01,2025-10-12,2025-10-21,2025-10-21,278,278,4,51.86,14417.08,High,Sea
SHP007864,SUP008,PRD007,WH03,2024-04-30,2024-05-18,2024-05-21,49,49,0,73.63,3607.87,Medium,Rail
SHP007865,SUP004,PRD004,WH04,2025-08-28,2025-09-14,2025-09-15,900,899,14,96.39,86751.0,Low,Road
SHP007866,SUP019,PRD009,WH02,2025-03-27,2025-04-12,2025-04-17,586,579,27,23.27,13636.22,Low,Sea
SHP007867,SUP018,PRD010,WH01,2024-05-08,2024-05-28,2024-05-28,885,873,15,96.0,84960.0,Low,Sea
SHP007868,SUP001,PRD015,WH06,2024-03-31,2024-04-06,2024-04-08,331,328,5,2.68,887.08,Low,Sea
SHP007869,SUP020,PRD024,WH04,2025-08-26,2025-09-03,2025-09-02,638,638,22,69.98,44647.24,Medium,Road
SHP007870,SUP015,PRD001,WH03,2025-07-28,2025-08-11,2025-08-17,922,918,27,71.3,65738.6,High,Sea
SHP007871,SUP018,PRD022,WH03,2024-01-29,2024-02-01,2024-02-02,407,403,7,40.8,16605.6,Medium,Rail
SHP007872,SUP012,PRD003,WH04,2025-06-07,2025-06-19,2025-06-20,568,564,16,137.22,77940.96,Low,Road
SHP007873,SUP001,PRD024,WH01,2024-11-28,2024-12-05,2024-12-03,972,968,5,67.62,65726.64,Medium,Air
SHP007874,SUP007,PRD007,WH06,2024-10-23,2024-11-03,2024-11-06,439,432,5,89.36,39229.04,Medium,Air
SHP007875,SUP019,PRD023,WH01,2024-05-09,2024-05-16,2024-05-20,822,817,33,109.56,90058.32,Low,Road
SHP007876,SUP001,PRD010,WH01,2024-10-19,2024-10-30,2024-11-01,979,970,15,50.13,49077.27,High,Road
SHP007877,SUP007,PRD005,WH05,2024-06-21,2024-06-28,2024-06-29,277,274,2,45.38,12570.26,Medium,Sea
SHP007878,SUP002,PRD017,WH01,2024-01-24,2024-02-08,2024-02-06,636,631,9,97.61,62079.96,High,Road
SHP007879,SUP007,PRD008,WH05,2024-04-08,2024-04-24,2024-04-22,304,299,2,45.16,13728.64,Low,Road
SHP007880,SUP019,PRD022,WH04,2025-02-09,2025-02-19,2025-02-21,476,473,24,33.85,16112.6,Medium,Road
SHP007881,SUP013,PRD025,WH01,2024-12-21,2024-12-29,2025-01-01,809,807,22,108.19,87525.71,Medium,Rail
SHP007882,SUP005,PRD009,WH01,2024-05-18,2024-05-25,2024-05-25,86,86,0,87.1,7490.6,Medium,Road
SHP007883,SUP019,PRD014,WH03,2025-05-17,2025-05-31,2025-06-02,193,191,7,54.58,10533.94,Low,Road
SHP007884,SUP001,PRD009,WH06,2024-06-22,2024-06-25,2024-06-27,298,295,2,124.97,37241.06,Low,Rail
SHP007885,SUP001,PRD010,WH03,2024-01-29,2024-02-13,2024-02-15,686,675,16,12.57,8623.02,Medium,Sea
SHP007886,SUP018,PRD005,WH05,2025-05-10,2025-05-15,2025-05-18,513,510,10,97.24,49884.12,Low,Road
SHP007887,SUP001,PRD011,WH06,2025-10-16,2025-10-21,2025-10-20,942,938,2,69.06,65054.52,Medium,Sea
SHP007888,SUP005,PRD019,WH06,2024-12-16,2025-01-01,2024-12-31,789,788,4,82.73,65273.97,High,Road
SHP007889,SUP009,PRD012,WH02,2025-07-07,2025-07-14,2025-07-13,933,918,10,82.84,77289.72,Low,Road
SHP007890,SUP012,PRD001,WH04,2024-10-25,2024-11-08,2024-11-09,778,767,15,51.11,39763.58,Medium,Road
SHP007891,SUP009,PRD010,WH05,2024-07-10,2024-07-20,2024-07-20,16,16,0,79.39,1270.24,Medium,Rail
SHP007892,SUP018,PRD009,WH06,2025-11-02,2025-11-05,2025-11-06,614,613,16,140.0,85960.0,Medium,Sea
SHP007893,SUP011,PRD015,WH05,2024-03-04,2024-03-20,2024-03-20,190,190,0,48.96,9302.4,Low,Road
SHP007894,SUP001,PRD020,WH02,2025-10-25,2025-11-05,2025-11-03,805,800,12,49.99,40241.95,Low,Road
SHP007895,SUP019,PRD005,WH04,2024-08-02,2024-08-16,2024-08-19,325,321,11,113.66,36939.5,Low,Road
SHP007896,SUP010,PRD022,WH02,2024-06-14,2024-07-03,2024-07-01,655,652,8,97.47,63842.85,Medium,Road
SHP007897,SUP002,PRD024,WH05,2025-06-26,2025-06-29,2025-06-27,271,270,4,113.86,30856.06,Medium,Rail
SHP007898,SUP007,PRD025,WH04,2024-08-19,2024-08-28,2024-08-29,63,63,1,11.59,730.17,Medium,Road
SHP007899,SUP020,PRD005,WH04,2025-06-24,2025-07-03,2025-07-03,979,977,21,107.61,105350.19,High,Road
SHP007900,SUP002,PRD017,WH03,2024-07-13,2024-07-19,2024-07-21,466,464,14,133.07,62010.62,Medium,Road
SHP007901,SUP019,PRD018,WH02,2025-05-20,2025-06-03,2025-06-03,897,885,30,112.99,101352.03,Medium,Sea
SHP007902,SUP006,PRD008,WH02,2024-11-29,2024-12-07,2024-12-06,669,662,6,45.07,30151.83,Medium,Road
SHP007903,SUP010,PRD010,WH02,2024-10-30,2024-11-04,2024-11-04,52,52,0,11.67,606.84,Medium,Road
SHP007904,SUP009,PRD019,WH06,2025-03-12,2025-03-17,2025-03-16,744,733,12,2.85,2120.4,High,Road
SHP007905,SUP008,PRD011,WH04,2024-11-18,2024-12-03,2024-12-04,993,992,24,22.66,22501.38,High,Road
SHP007906,SUP011,PRD022,WH01,2025-05-16,2025-06-03,2025-06-01,705,705,21,57.67,40657.35,Medium,Rail
SHP007907,SUP009,PRD011,WH02,2025-01-27,2025-01-30,2025-01-31,770,767,14,98.17,75590.9,Medium,Rail
SHP007908,SUP020,PRD001,WH06,2025-08-21,2025-08-29,2025-08-31,111,111,3,104.88,11641.68,Low,Rail
SHP007909,SUP020,PRD009,WH01,2024-05-28,2024-06-14,2024-06-22,119,119,3,66.28,7887.32,Medium,Road
SHP007910,SUP009,PRD003,WH03,2025-02-08,2025-02-11,2025-02-12,500,495,4,111.32,55660.0,Low,Rail
SHP007911,SUP008,PRD015,WH03,2024-10-09,2024-10-18,2024-10-16,95,95,1,14.63,1389.85,Low,Air
SHP007912,SUP015,PRD020,WH05,2024-12-27,2025-01-02,2025-01-02,800,797,37,14.89,11912.0,Low,Road
SHP007913,SUP002,PRD025,WH02,2025-01-13,2025-01-19,2025-01-19,130,130,3,48.16,6260.8,Medium,Road
SHP007914,SUP001,PRD004,WH04,2024-07-16,2024-08-05,2024-08-06,61,61,0,146.43,8932.23,Medium,Road
SHP007915,SUP009,PRD021,WH01,2025-07-09,2025-07-15,2025-07-19,545,541,3,133.19,72588.55,Low,Road
SHP007916,SUP009,PRD015,WH02,2024-12-21,2025-01-07,2025-01-05,821,808,9,32.07,26329.47,Medium,Road
SHP007917,SUP013,PRD025,WH04,2025-06-23,2025-07-13,2025-07-11,965,957,25,36.68,35396.2,Medium,Road
SHP007918,SUP008,PRD002,WH01,2025-03-04,2025-03-07,2025-03-08,479,472,6,135.87,65081.73,Medium,Sea
SHP007919,SUP005,PRD006,WH05,2024-01-17,2024-02-01,2024-01-30,748,736,7,28.69,21460.12,Low,Road
SHP007920,SUP003,PRD015,WH04,2025-09-30,2025-10-17,2025-10-18,940,929,11,76.71,72107.4,High,Sea
SHP007921,SUP004,PRD015,WH05,2025-01-13,2025-01-25,2025-02-02,852,851,13,123.29,105043.08,Low,Sea
SHP007922,SUP017,PRD001,WH03,2025-11-10,2025-11-22,2025-11-26,849,840,22,148.39,125983.11,Medium,Sea
SHP007923,SUP016,PRD011,WH02,2025-05-20,2025-06-02,2025-06-03,418,413,20,114.95,48049.1,Low,Road
SHP007924,SUP016,PRD020,WH03,2024-03-16,2024-03-28,2024-03-26,565,558,8,23.99,13554.35,Low,Road
SHP007925,SUP020,PRD002,WH04,2024-08-18,2024-09-01,2024-09-05,676,675,19,42.47,28709.72,Medium,Road
SHP007926,SUP003,PRD018,WH01,2024-09-04,2024-09-20,2024-09-23,557,549,15,119.66,66650.62,Medium,Sea
SHP007927,SUP006,PRD010,WH05,2024-10-28,2024-11-16,2024-11-16,664,664,5,84.67,56220.88,High,Road
SHP007928,SUP001,PRD024,WH04,2024-08-02,2024-08-18,2024-08-18,424,418,0,32.37,13724.88,Low,Road
SHP007929,SUP016,PRD018,WH02,2024-06-06,2024-06-18,2024-06-18,847,844,22,68.11,57689.17,Medium,Road
SHP007930,SUP015,PRD015,WH02,2024-03-09,2024-03-12,2024-03-16,402,402,12,30.95,12441.9,Medium,Road
SHP007931,SUP007,PRD013,WH04,2025-01-27,2025-02-12,2025-02-18,689,678,6,125.97,86793.33,High,Sea
SHP007932,SUP002,PRD020,WH05,2024-03-25,2024-04-03,2024-04-06,821,806,26,6.56,5385.76,Low,Road
SHP007933,SUP010,PRD013,WH05,2024-09-23,2024-10-04,2024-10-07,398,397,0,115.22,45857.56,High,Sea
SHP007934,SUP015,PRD012,WH03,2024-03-09,2024-03-26,2024-03-30,661,656,26,117.28,77522.08,Medium,Road
SHP007935,SUP006,PRD015,WH02,2025-09-02,2025-09-11,2025-09-11,434,434,3,88.57,38439.38,High,Road
SHP007936,SUP002,PRD003,WH01,2024-12-12,2024-12-18,2024-12-21,465,458,13,60.86,28299.9,Low,Road
SHP007937,SUP017,PRD012,WH01,2025-11-03,2025-11-23,2025-11-24,835,821,20,23.92,19973.2,Low,Road
SHP007938,SUP001,PRD001,WH04,2025-02-26,2025-03-15,2025-03-16,723,715,2,129.21,93418.83,Low,Road
SHP007939,SUP001,PRD002,WH04,2025-08-28,2025-09-13,2025-09-12,185,183,0,22.48,4158.8,Low,Sea
SHP007940,SUP004,PRD015,WH03,2024-06-22,2024-07-08,2024-07-07,184,182,0,15.91,2927.44,Medium,Road
SHP007941,SUP020,PRD004,WH05,2025-11-07,2025-11-19,2025-11-22,994,981,33,120.95,120224.3,Medium,Sea
SHP007942,SUP016,PRD012,WH02,2024-04-24,2024-05-01,2024-05-03,504,501,6,131.49,66270.96,Low,Road
SHP007943,SUP008,PRD003,WH02,2024-08-07,2024-08-13,2024-08-12,337,336,1,129.86,43762.82,Medium,Road
SHP007944,SUP001,PRD016,WH05,2024-01-31,2024-02-12,2024-02-12,794,794,17,10.39,8249.66,Medium,Road
SHP007945,SUP019,PRD011,WH01,2025-06-06,2025-06-09,2025-06-12,605,604,33,85.47,51709.35,Medium,Rail
SHP007946,SUP011,PRD024,WH06,2024-12-08,2024-12-25,2024-12-26,647,646,8,96.92,62707.24,Low,Road
SHP007947,SUP017,PRD018,WH03,2025-01-11,2025-01-26,2025-01-24,923,915,29,77.49,71523.27,Low,Rail
SHP007948,SUP010,PRD008,WH06,2024-05-09,2024-05-12,2024-05-12,354,351,5,24.21,8570.34,Medium,Road
SHP007949,SUP012,PRD011,WH06,2025-09-08,2025-09-19,2025-09-21,583,579,10,36.71,21401.93,Medium,Rail
SHP007950,SUP009,PRD025,WH06,2025-06-22,2025-06-25,2025-06-25,472,471,13,65.06,30708.32,Medium,Sea
SHP007951,SUP007,PRD016,WH02,2024-01-02,2024-01-09,2024-01-09,84,84,0,121.74,10226.16,Low,Road
SHP007952,SUP012,PRD023,WH06,2024-04-10,2024-04-21,2024-04-23,638,634,24,122.22,77976.36,High,Road
SHP007953,SUP015,PRD019,WH06,2025-06-16,2025-06-21,2025-06-21,555,554,28,77.95,43262.25,High,Sea
SHP007954,SUP008,PRD008,WH03,2024-02-27,2024-03-18,2024-03-19,549,545,8,81.28,44622.72,Medium,Road
SHP007955,SUP017,PRD024,WH01,2025-01-23,2025-02-03,2025-02-05,349,348,9,57.39,20029.11,High,Rail
SHP007956,SUP005,PRD021,WH04,2025-11-22,2025-12-05,2025-12-06,369,364,0,51.3,18929.7,Low,Road
SHP007957,SUP014,PRD018,WH05,2024-12-06,2024-12-16,2024-12-17,188,188,6,96.15,18076.2,Medium,Road
SHP007958,SUP002,PRD010,WH06,2024-01-20,2024-01-30,2024-01-31,628,622,10,114.48,71893.44,High,Road
SHP007959,SUP016,PRD011,WH05,2024-09-11,2024-09-24,2024-09-23,496,492,6,102.8,50988.8,Medium,Road
SHP007960,SUP017,PRD018,WH04,2024-11-12,2024-11-30,2024-12-01,321,316,12,68.38,21949.98,Medium,Rail
SHP007961,SUP003,PRD008,WH04,2024-02-07,2024-02-25,2024-02-26,12,12,0,15.52,186.24,Medium,Road
SHP007962,SUP001,PRD006,WH03,2025-10-21,2025-11-08,2025-11-07,234,234,6,127.22,29769.48,Medium,Road
SHP007963,SUP018,PRD006,WH04,2025-06-20,2025-07-06,2025-07-04,137,136,5,56.07,7681.59,Medium,Road
SHP007964,SUP018,PRD019,WH05,2025-01-20,2025-02-06,2025-02-13,263,263,5,141.12,37114.56,Medium,Road
SHP007965,SUP004,PRD006,WH06,2025-09-24,2025-10-04,2025-10-05,925,922,0,104.89,97023.25,High,Road
SHP007966,SUP015,PRD022,WH06,2024-01-26,2024-02-12,2024-02-17,236,233,7,128.9,30420.4,High,Road
SHP007967,SUP019,PRD008,WH04,2025-03-29,2025-04-11,2025-04-14,333,330,14,26.72,8897.76,Medium,Road
SHP007968,SUP019,PRD002,WH06,2025-11-11,2025-11-20,2025-11-20,690,687,26,119.19,82241.1,Low,Road
SHP007969,SUP010,PRD024,WH06,2024-11-18,2024-11-30,2024-12-01,543,535,3,125.08,67918.44,Low,Road
SHP007970,SUP005,PRD022,WH01,2025-05-27,2025-06-08,2025-06-08,664,662,0,7.79,5172.56,High,Road
SHP007971,SUP019,PRD011,WH02,2024-01-13,2024-01-31,2024-02-01,33,33,1,138.26,4562.58,Medium,Air
SHP007972,SUP011,PRD010,WH01,2025-07-13,2025-07-22,2025-07-20,724,719,27,27.34,19794.16,Low,Road
SHP007973,SUP007,PRD005,WH03,2025-01-05,2025-01-11,2025-01-09,860,859,5,41.84,35982.4,Low,Road
SHP007974,SUP005,PRD004,WH05,2024-10-17,2024-10-29,2024-11-04,438,432,3,51.42,22521.96,Medium,Sea
SHP007975,SUP020,PRD019,WH04,2024-11-27,2024-12-16,2024-12-17,912,912,31,111.93,102080.16,Medium,Sea
SHP007976,SUP012,PRD009,WH04,2025-08-28,2025-08-31,2025-09-04,621,613,22,50.66,31459.86,Medium,Sea
SHP007977,SUP019,PRD002,WH04,2024-09-17,2024-10-03,2024-10-02,841,829,34,116.26,97774.66,Medium,Road
SHP007978,SUP015,PRD007,WH04,2024-07-23,2024-08-10,2024-08-16,473,471,14,6.77,3202.21,Low,Air
SHP007979,SUP012,PRD020,WH05,2025-11-27,2025-11-30,2025-12-01,893,892,15,39.11,34925.23,Low,Road
SHP007980,SUP004,PRD022,WH05,2025-11-17,2025-11-23,2025-11-23,585,580,6,73.67,43096.95,Medium,Sea
SHP007981,SUP012,PRD005,WH04,2025-01-21,2025-01-24,2025-01-26,940,924,12,136.58,128385.2,High,Rail
SHP007982,SUP018,PRD025,WH04,2025-04-12,2025-04-19,2025-04-18,675,664,10,81.7,55147.5,Low,Sea
SHP007983,SUP017,PRD008,WH01,2025-02-18,2025-03-07,2025-03-10,714,710,16,64.44,46010.16,Low,Rail
SHP007984,SUP019,PRD016,WH03,2024-03-09,2024-03-14,2024-03-18,62,62,2,64.67,4009.54,Medium,Road
SHP007985,SUP016,PRD018,WH04,2025-04-16,2025-05-03,2025-05-05,131,131,0,134.54,17624.74,High,Sea
SHP007986,SUP011,PRD017,WH06,2024-04-13,2024-04-25,2024-04-27,438,434,1,95.35,41763.3,Low,Road
SHP007987,SUP002,PRD007,WH05,2024-06-09,2024-06-27,2024-06-29,245,245,5,11.9,2915.5,Medium,Sea
SHP007988,SUP016,PRD024,WH03,2024-07-18,2024-07-30,2024-07-31,965,962,41,62.12,59945.8,Medium,Sea
SHP007989,SUP001,PRD021,WH05,2024-08-03,2024-08-11,2024-08-15,640,629,7,43.89,28089.6,High,Rail
SHP007990,SUP017,PRD015,WH03,2024-07-30,2024-08-15,2024-08-18,159,159,4,142.9,22721.1,Medium,Sea
SHP007991,SUP018,PRD006,WH01,2025-05-22,2025-05-25,2025-05-28,182,180,2,141.21,25700.22,Medium,Road
SHP007992,SUP013,PRD010,WH03,2024-01-16,2024-02-05,2024-02-09,348,343,9,149.5,52026.0,Low,Rail
SHP007993,SUP005,PRD004,WH02,2025-05-12,2025-05-30,2025-05-28,885,874,12,73.39,64950.15,Medium,Sea
SHP007994,SUP006,PRD011,WH02,2024-11-27,2024-12-06,2024-12-07,705,694,16,113.26,79848.3,Low,Rail
SHP007995,SUP001,PRD013,WH03,2025-07-04,2025-07-21,2025-07-22,51,51,2,2.57,131.07,Low,Road
SHP007996,SUP010,PRD024,WH01,2025-08-23,2025-09-07,2025-09-10,702,690,0,50.1,35170.2,High,Sea
SHP007997,SUP005,PRD011,WH01,2024-09-12,2024-09-28,2024-09-28,492,486,0,120.12,59099.04,Medium,Sea
SHP007998,SUP001,PRD010,WH05,2024-06-20,2024-07-03,2024-07-03,111,111,0,18.51,2054.61,Low,Sea
SHP007999,SUP011,PRD020,WH05,2025-10-10,2025-10-28,2025-10-26,979,971,13,46.95,45964.05,Medium,Sea
SHP008000,SUP007,PRD014,WH06,2025-05-12,2025-05-20,2025-05-22,872,866,1,99.88,87095.36,Low,Road
